codon_1,codon_2,amino_acid_1,amino_acid_2,pair_count,amino_acid_pair_count,conditional_pair_frequency
AAA,AAA,K,K,35,963,0.036344755970924195
AAA,AAC,K,N,81,575,0.1408695652173913
AAA,AAG,K,K,133,963,0.13811007268951195
AAA,AAT,K,N,53,575,0.09217391304347826
AAA,ACA,K,T,33,1252,0.026357827476038338
AAA,ACC,K,T,131,1252,0.10463258785942492
AAA,ACG,K,T,56,1252,0.04472843450479233
AAA,ACT,K,T,58,1252,0.0463258785942492
AAA,AGA,K,R,11,1378,0.007982583454281567
AAA,AGC,K,S,28,1205,0.023236514522821577
AAA,AGG,K,R,31,1378,0.022496371552975326
AAA,AGT,K,S,24,1205,0.01991701244813278
AAA,ATA,K,I,21,1140,0.018421052631578946
AAA,ATC,K,I,133,1140,0.11666666666666667
AAA,ATG,K,M,70,376,0.18617021276595744
AAA,ATT,K,I,57,1140,0.05
AAA,CAA,K,Q,35,630,0.05555555555555555
AAA,CAC,K,H,77,438,0.17579908675799086
AAA,CAG,K,Q,129,630,0.20476190476190476
AAA,CAT,K,H,47,438,0.10730593607305935
AAA,CCA,K,P,59,1255,0.04701195219123506
AAA,CCC,K,P,121,1255,0.09641434262948208
AAA,CCG,K,P,148,1255,0.11792828685258964
AAA,CCT,K,P,69,1255,0.0549800796812749
AAA,CGA,K,R,48,1378,0.03483309143686502
AAA,CGC,K,R,132,1378,0.09579100145137881
AAA,CGG,K,R,83,1378,0.0602322206095791
AAA,CGT,K,R,111,1378,0.08055152394775036
AAA,CTA,K,L,33,1877,0.017581246670218435
AAA,CTC,K,L,230,1877,0.12253596164091636
AAA,CTG,K,L,156,1877,0.08311134789557804
AAA,CTT,K,L,101,1877,0.053809270111880664
AAA,GAA,K,E,93,1073,0.08667287977632805
AAA,GAC,K,D,182,1175,0.1548936170212766
AAA,GAG,K,E,185,1073,0.1724137931034483
AAA,GAT,K,D,107,1175,0.09106382978723404
AAA,GCA,K,A,85,2761,0.030785947120608476
AAA,GCC,K,A,334,2761,0.12097066280333213
AAA,GCG,K,A,133,2761,0.04817095255342267
AAA,GCT,K,A,185,2761,0.06700470843897138
AAA,GGA,K,G,75,1591,0.04714016341923319
AAA,GGC,K,G,145,1591,0.09113764927718417
AAA,GGG,K,G,106,1591,0.0666247642991829
AAA,GGT,K,G,99,1591,0.06222501571338781
AAA,GTA,K,V,54,2091,0.02582496413199426
AAA,GTC,K,V,162,2091,0.07747489239598278
AAA,GTG,K,V,121,2091,0.05786704925872788
AAA,GTT,K,V,79,2091,0.03778096604495457
AAA,TAC,K,Y,110,475,0.23157894736842105
AAA,TAT,K,Y,41,475,0.0863157894736842
AAA,TCA,K,S,40,1205,0.03319502074688797
AAA,TCC,K,S,122,1205,0.1012448132780083
AAA,TCG,K,S,81,1205,0.06721991701244813
AAA,TCT,K,S,44,1205,0.036514522821576766
AAA,TGC,K,C,31,132,0.23484848484848486
AAA,TGG,K,W,70,251,0.2788844621513944
AAA,TGT,K,C,10,132,0.07575757575757576
AAA,TTA,K,L,16,1877,0.008524240809802876
AAA,TTC,K,F,103,513,0.20077972709551656
AAA,TTG,K,L,66,1877,0.03516249334043687
AAA,TTT,K,F,30,513,0.05847953216374269
AAC,AAA,N,K,72,535,0.13457943925233645
AAC,AAC,N,N,270,512,0.52734375
AAC,AAG,N,K,334,535,0.6242990654205608
AAC,AAT,N,N,93,512,0.181640625
AAC,ACA,N,T,43,1067,0.04029990627928772
AAC,ACC,N,T,479,1067,0.44892221180880976
AAC,ACG,N,T,128,1067,0.11996251171508904
AAC,ACT,N,T,121,1067,0.1134020618556701
AAC,AGA,N,R,15,1181,0.012701100762066046
AAC,AGC,N,S,97,1020,0.09509803921568627
AAC,AGG,N,R,35,1181,0.029635901778154106
AAC,AGT,N,S,43,1020,0.04215686274509804
AAC,ATA,N,I,14,817,0.017135862913096694
AAC,ATC,N,I,397,817,0.48592411260709917
AAC,ATG,N,M,169,298,0.5671140939597316
AAC,ATT,N,I,131,817,0.16034271725826194
AAC,CAA,N,Q,77,623,0.12359550561797752
AAC,CAC,N,H,268,550,0.48727272727272725
AAC,CAG,N,Q,368,623,0.5906902086677368
AAC,CAT,N,H,130,550,0.23636363636363636
AAC,CCA,N,P,118,1450,0.08137931034482758
AAC,CCC,N,P,242,1450,0.16689655172413792
AAC,CCG,N,P,440,1450,0.30344827586206896
AAC,CCT,N,P,113,1450,0.07793103448275862
AAC,CGA,N,R,102,1181,0.0863674851820491
AAC,CGC,N,R,273,1181,0.23116003386960204
AAC,CGG,N,R,163,1181,0.1380186282811177
AAC,CGT,N,R,214,1181,0.18120237087214225
AAC,CTA,N,L,58,1790,0.03240223463687151
AAC,CTC,N,L,484,1790,0.27039106145251396
AAC,CTG,N,L,363,1790,0.20279329608938548
AAC,CTT,N,L,209,1790,0.11675977653631285
AAC,GAA,N,E,139,910,0.15274725274725276
AAC,GAC,N,D,517,1148,0.45034843205574915
AAC,GAG,N,E,469,910,0.5153846153846153
AAC,GAT,N,D,209,1148,0.18205574912891986
AAC,GCA,N,A,107,1926,0.05555555555555555
AAC,GCC,N,A,598,1926,0.31048805815160957
AAC,GCG,N,A,205,1926,0.10643821391484942
AAC,GCT,N,A,205,1926,0.10643821391484942
AAC,GGA,N,G,156,1668,0.09352517985611511
AAC,GGC,N,G,460,1668,0.27577937649880097
AAC,GGG,N,G,200,1668,0.11990407673860912
AAC,GGT,N,G,302,1668,0.18105515587529977
AAC,GTA,N,V,31,1375,0.022545454545454546
AAC,GTC,N,V,527,1375,0.38327272727272726
AAC,GTG,N,V,205,1375,0.14909090909090908
AAC,GTT,N,V,144,1375,0.10472727272727272
AAC,TAC,N,Y,241,456,0.5285087719298246
AAC,TAT,N,Y,82,456,0.17982456140350878
AAC,TCA,N,S,53,1020,0.05196078431372549
AAC,TCC,N,S,212,1020,0.20784313725490197
AAC,TCG,N,S,172,1020,0.16862745098039217
AAC,TCT,N,S,98,1020,0.09607843137254903
AAC,TGC,N,C,80,184,0.43478260869565216
AAC,TGG,N,W,193,251,0.7689243027888446
AAC,TGT,N,C,56,184,0.30434782608695654
AAC,TTA,N,L,14,1790,0.00782122905027933
AAC,TTC,N,F,302,557,0.5421903052064632
AAC,TTG,N,L,122,1790,0.06815642458100558
AAC,TTT,N,F,76,557,0.13644524236983843
AAG,AAA,K,K,189,963,0.19626168224299065
AAG,AAC,K,N,319,575,0.5547826086956522
AAG,AAG,K,K,606,963,0.6292834890965732
AAG,AAT,K,N,122,575,0.21217391304347827
AAG,ACA,K,T,88,1252,0.07028753993610223
AAG,ACC,K,T,430,1252,0.34345047923322686
AAG,ACG,K,T,292,1252,0.23322683706070288
AAG,ACT,K,T,164,1252,0.13099041533546327
AAG,AGA,K,R,44,1378,0.03193033381712627
AAG,AGC,K,S,117,1205,0.0970954356846473
AAG,AGG,K,R,87,1378,0.06313497822931785
AAG,AGT,K,S,48,1205,0.03983402489626556
AAG,ATA,K,I,26,1140,0.02280701754385965
AAG,ATC,K,I,653,1140,0.5728070175438597
AAG,ATG,K,M,306,376,0.8138297872340425
AAG,ATT,K,I,250,1140,0.21929824561403508
AAG,CAA,K,Q,88,630,0.13968253968253969
AAG,CAC,K,H,216,438,0.4931506849315068
AAG,CAG,K,Q,378,630,0.6
AAG,CAT,K,H,98,438,0.2237442922374429
AAG,CCA,K,P,117,1255,0.09322709163346614
AAG,CCC,K,P,249,1255,0.19840637450199203
AAG,CCG,K,P,357,1255,0.2844621513944223
AAG,CCT,K,P,135,1255,0.10756972111553785
AAG,CGA,K,R,93,1378,0.06748911465892599
AAG,CGC,K,R,316,1378,0.22931785195936139
AAG,CGG,K,R,179,1378,0.12989840348330914
AAG,CGT,K,R,243,1378,0.17634252539912917
AAG,CTA,K,L,70,1877,0.03729355354288759
AAG,CTC,K,L,460,1877,0.24507192328183272
AAG,CTG,K,L,389,1877,0.20724560468833245
AAG,CTT,K,L,187,1877,0.09962706446457112
AAG,GAA,K,E,249,1073,0.2320596458527493
AAG,GAC,K,D,562,1175,0.47829787234042553
AAG,GAG,K,E,546,1073,0.5088536812674743
AAG,GAT,K,D,324,1175,0.27574468085106385
AAG,GCA,K,A,201,2761,0.07279971024990946
AAG,GCC,K,A,851,2761,0.3082216588192684
AAG,GCG,K,A,414,2761,0.14994567185802246
AAG,GCT,K,A,558,2761,0.20210068815646504
AAG,GGA,K,G,218,1591,0.13702074167190445
AAG,GGC,K,G,463,1591,0.29101194217473286
AAG,GGG,K,G,229,1591,0.14393463230672532
AAG,GGT,K,G,256,1591,0.16090509113764928
AAG,GTA,K,V,92,2091,0.04399808703969393
AAG,GTC,K,V,720,2091,0.34433285509325684
AAG,GTG,K,V,508,2091,0.24294595887135342
AAG,GTT,K,V,355,2091,0.16977522716403634
AAG,TAC,K,Y,262,475,0.5515789473684211
AAG,TAT,K,Y,62,475,0.13052631578947368
AAG,TCA,K,S,86,1205,0.07136929460580912
AAG,TCC,K,S,275,1205,0.22821576763485477
AAG,TCG,K,S,232,1205,0.19253112033195022
AAG,TCT,K,S,108,1205,0.08962655601659751
AAG,TGC,K,C,69,132,0.5227272727272727
AAG,TGG,K,W,181,251,0.7211155378486056
AAG,TGT,K,C,22,132,0.16666666666666666
AAG,TTA,K,L,20,1877,0.010655301012253596
AAG,TTC,K,F,319,513,0.621832358674464
AAG,TTG,K,L,149,1877,0.07938199254128929
AAG,TTT,K,F,61,513,0.1189083820662768
AAT,AAA,N,K,30,535,0.056074766355140186
AAT,AAC,N,N,105,512,0.205078125
AAT,AAG,N,K,99,535,0.18504672897196262
AAT,AAT,N,N,44,512,0.0859375
AAT,ACA,N,T,12,1067,0.011246485473289597
AAT,ACC,N,T,182,1067,0.17057169634489222
AAT,ACG,N,T,41,1067,0.038425492033739454
AAT,ACT,N,T,61,1067,0.05716963448922212
AAT,AGA,N,R,11,1181,0.009314140558848433
AAT,AGC,N,S,35,1020,0.03431372549019608
AAT,AGG,N,R,22,1181,0.018628281117696866
AAT,AGT,N,S,23,1020,0.022549019607843137
AAT,ATA,N,I,5,817,0.006119951040391677
AAT,ATC,N,I,182,817,0.22276621787025705
AAT,ATG,N,M,129,298,0.43288590604026844
AAT,ATT,N,I,88,817,0.10771113831089352
AAT,CAA,N,Q,38,623,0.060995184590690206
AAT,CAC,N,H,95,550,0.17272727272727273
AAT,CAG,N,Q,140,623,0.2247191011235955
AAT,CAT,N,H,57,550,0.10363636363636364
AAT,CCA,N,P,63,1450,0.043448275862068966
AAT,CCC,N,P,165,1450,0.11379310344827587
AAT,CCG,N,P,229,1450,0.1579310344827586
AAT,CCT,N,P,80,1450,0.05517241379310345
AAT,CGA,N,R,49,1181,0.04149026248941575
AAT,CGC,N,R,130,1181,0.1100762066045724
AAT,CGG,N,R,77,1181,0.06519898391193904
AAT,CGT,N,R,90,1181,0.07620660457239628
AAT,CTA,N,L,24,1790,0.013407821229050279
AAT,CTC,N,L,185,1790,0.10335195530726257
AAT,CTG,N,L,181,1790,0.1011173184357542
AAT,CTT,N,L,92,1790,0.05139664804469274
AAT,GAA,N,E,79,910,0.08681318681318681
AAT,GAC,N,D,300,1148,0.2613240418118467
AAT,GAG,N,E,223,910,0.24505494505494504
AAT,GAT,N,D,122,1148,0.10627177700348432
AAT,GCA,N,A,48,1926,0.024922118380062305
AAT,GCC,N,A,412,1926,0.21391484942886813
AAT,GCG,N,A,153,1926,0.0794392523364486
AAT,GCT,N,A,198,1926,0.102803738317757
AAT,GGA,N,G,64,1668,0.03836930455635491
AAT,GGC,N,G,231,1668,0.13848920863309352
AAT,GGG,N,G,106,1668,0.06354916067146282
AAT,GGT,N,G,149,1668,0.08932853717026379
AAT,GTA,N,V,18,1375,0.01309090909090909
AAT,GTC,N,V,212,1375,0.15418181818181817
AAT,GTG,N,V,140,1375,0.10181818181818182
AAT,GTT,N,V,98,1375,0.07127272727272728
AAT,TAC,N,Y,98,456,0.2149122807017544
AAT,TAT,N,Y,35,456,0.07675438596491228
AAT,TCA,N,S,46,1020,0.045098039215686274
AAT,TCC,N,S,115,1020,0.11274509803921569
AAT,TCG,N,S,72,1020,0.07058823529411765
AAT,TCT,N,S,54,1020,0.052941176470588235
AAT,TGC,N,C,33,184,0.1793478260869565
AAT,TGG,N,W,58,251,0.23107569721115537
AAT,TGT,N,C,15,184,0.08152173913043478
AAT,TTA,N,L,10,1790,0.00558659217877095
AAT,TTC,N,F,150,557,0.26929982046678635
AAT,TTG,N,L,48,1790,0.026815642458100558
AAT,TTT,N,F,29,557,0.05206463195691203
ACA,AAA,T,K,20,1323,0.015117157974300832
ACA,AAC,T,N,43,1158,0.037132987910189985
ACA,AAG,T,K,70,1323,0.05291005291005291
ACA,AAT,T,N,24,1158,0.02072538860103627
ACA,ACA,T,T,53,3253,0.016292652935751613
ACA,ACC,T,T,153,3253,0.04703350753150937
ACA,ACG,T,T,100,3253,0.03074085459575776
ACA,ACT,T,T,51,3253,0.01567783584383646
ACA,AGA,T,R,13,2767,0.0046982291290206
ACA,AGC,T,S,42,2909,0.014437951185974561
ACA,AGG,T,R,36,2767,0.013010480664980123
ACA,AGT,T,S,26,2909,0.0089377793056033
ACA,ATA,T,I,10,2470,0.004048582995951417
ACA,ATC,T,I,110,2470,0.044534412955465584
ACA,ATG,T,M,103,1135,0.0907488986784141
ACA,ATT,T,I,56,2470,0.022672064777327937
ACA,CAA,T,Q,16,1157,0.013828867761452032
ACA,CAC,T,H,35,1029,0.034013605442176874
ACA,CAG,T,Q,49,1157,0.04235090751944685
ACA,CAT,T,H,29,1029,0.028182701652089408
ACA,CCA,T,P,78,2699,0.028899592441645052
ACA,CCC,T,P,72,2699,0.02667654686921082
ACA,CCG,T,P,116,2699,0.04297888106706187
ACA,CCT,T,P,38,2699,0.014079288625416821
ACA,CGA,T,R,41,2767,0.014817491868449585
ACA,CGC,T,R,62,2767,0.022406938923021324
ACA,CGG,T,R,48,2767,0.01734730755330683
ACA,CGT,T,R,53,2767,0.01915431875677629
ACA,CTA,T,L,18,3931,0.004578987534978377
ACA,CTC,T,L,69,3931,0.017552785550750447
ACA,CTG,T,L,78,3931,0.019842279318239633
ACA,CTT,T,L,27,3931,0.006868481302467566
ACA,GAA,T,E,41,2116,0.019376181474480152
ACA,GAC,T,D,83,2718,0.030537159676232523
ACA,GAG,T,E,73,2116,0.03449905482041588
ACA,GAT,T,D,74,2718,0.027225901398086828
ACA,GCA,T,A,99,4828,0.020505385252692625
ACA,GCC,T,A,216,4828,0.04473902236951118
ACA,GCG,T,A,156,4828,0.03231151615575808
ACA,GCT,T,A,126,4828,0.026097763048881523
ACA,GGA,T,G,62,3992,0.015531062124248497
ACA,GGC,T,G,69,3992,0.017284569138276553
ACA,GGG,T,G,65,3992,0.01628256513026052
ACA,GGT,T,G,98,3992,0.024549098196392786
ACA,GTA,T,V,31,4320,0.007175925925925926
ACA,GTC,T,V,133,4320,0.030787037037037036
ACA,GTG,T,V,154,4320,0.03564814814814815
ACA,GTT,T,V,63,4320,0.014583333333333334
ACA,TAC,T,Y,36,886,0.040632054176072234
ACA,TAT,T,Y,25,886,0.028216704288939052
ACA,TCA,T,S,47,2909,0.01615675489859058
ACA,TCC,T,S,70,2909,0.02406325197662427
ACA,TCG,T,S,92,2909,0.031625988312134756
ACA,TCT,T,S,51,2909,0.017531797868683398
ACA,TGC,T,C,22,474,0.046413502109704644
ACA,TGG,T,W,101,860,0.11744186046511627
ACA,TGT,T,C,15,474,0.03164556962025317
ACA,TTA,T,L,10,3931,0.0025438819638768763
ACA,TTC,T,F,72,1408,0.05113636363636364
ACA,TTG,T,L,63,3931,0.01602645637242432
ACA,TTT,T,F,28,1408,0.019886363636363636
ACC,AAA,T,K,156,1323,0.11791383219954649
ACC,AAC,T,N,416,1158,0.3592400690846287
ACC,AAG,T,K,542,1323,0.40967498110355255
ACC,AAT,T,N,210,1158,0.18134715025906736
ACC,ACA,T,T,117,3253,0.03596679987703658
ACC,ACC,T,T,723,3253,0.22225637872732862
ACC,ACG,T,T,292,3253,0.08976329541961267
ACC,ACT,T,T,217,3253,0.06670765447279435
ACC,AGA,T,R,44,2767,0.01590169859053126
ACC,AGC,T,S,309,2909,0.10622206943966998
ACC,AGG,T,R,88,2767,0.03180339718106252
ACC,AGT,T,S,116,2909,0.039876246132691646
ACC,ATA,T,I,18,2470,0.0072874493927125505
ACC,ATC,T,I,801,2470,0.3242914979757085
ACC,ATG,T,M,380,1135,0.33480176211453744
ACC,ATT,T,I,246,2470,0.09959514170040486
ACC,CAA,T,Q,151,1157,0.13050993949870354
ACC,CAC,T,H,381,1029,0.37026239067055394
ACC,CAG,T,Q,531,1157,0.4589455488331893
ACC,CAT,T,H,246,1029,0.239067055393586
ACC,CCA,T,P,231,2699,0.08558725453871804
ACC,CCC,T,P,311,2699,0.1152278621711745
ACC,CCG,T,P,586,2699,0.21711745090774362
ACC,CCT,T,P,184,2699,0.06817339755464986
ACC,CGA,T,R,187,2767,0.06758221900975786
ACC,CGC,T,R,474,2767,0.17130466208890496
ACC,CGG,T,R,253,2767,0.09143476689555476
ACC,CGT,T,R,353,2767,0.12757499096494399
ACC,CTA,T,L,86,3931,0.021877384889341135
ACC,CTC,T,L,754,3931,0.19180870007631645
ACC,CTG,T,L,681,3931,0.17323836174001525
ACC,CTT,T,L,285,3931,0.07250063597049097
ACC,GAA,T,E,374,2116,0.1767485822306238
ACC,GAC,T,D,1035,2718,0.38079470198675497
ACC,GAG,T,E,957,2116,0.45226843100189035
ACC,GAT,T,D,528,2718,0.19426048565121412
ACC,GCA,T,A,311,4828,0.06441590720795361
ACC,GCC,T,A,862,4828,0.17854183927091963
ACC,GCG,T,A,403,4828,0.08347141673570836
ACC,GCT,T,A,470,4828,0.09734879867439934
ACC,GGA,T,G,453,3992,0.11347695390781563
ACC,GGC,T,G,756,3992,0.18937875751503006
ACC,GGG,T,G,426,3992,0.10671342685370741
ACC,GGT,T,G,581,3992,0.14554108216432865
ACC,GTA,T,V,93,4320,0.021527777777777778
ACC,GTC,T,V,1111,4320,0.2571759259259259
ACC,GTG,T,V,450,4320,0.10416666666666667
ACC,GTT,T,V,341,4320,0.07893518518518519
ACC,TAC,T,Y,370,886,0.417607223476298
ACC,TAT,T,Y,183,886,0.20654627539503387
ACC,TCA,T,S,169,2909,0.058095565486421454
ACC,TCC,T,S,329,2909,0.11309728429013406
ACC,TCG,T,S,383,2909,0.13166036438638706
ACC,TCT,T,S,156,2909,0.053626675833619804
ACC,TGC,T,C,169,474,0.35654008438818563
ACC,TGG,T,W,431,860,0.5011627906976744
ACC,TGT,T,C,107,474,0.22573839662447256
ACC,TTA,T,L,49,3931,0.012465021622996692
ACC,TTC,T,F,710,1408,0.5042613636363636
ACC,TTG,T,L,396,3931,0.10073772576952429
ACC,TTT,T,F,156,1408,0.11079545454545454
ACG,AAA,T,K,97,1323,0.07331821617535904
ACG,AAC,T,N,190,1158,0.16407599309153714
ACG,AAG,T,K,275,1323,0.20786092214663643
ACG,AAT,T,N,140,1158,0.12089810017271158
ACG,ACA,T,T,151,3253,0.04641869043959422
ACG,ACC,T,T,450,3253,0.13833384568090992
ACG,ACG,T,T,470,3253,0.1444820166000615
ACG,ACT,T,T,172,3253,0.05287426990470335
ACG,AGA,T,R,32,2767,0.011564871702204554
ACG,AGC,T,S,149,2909,0.051220350635957375
ACG,AGG,T,R,92,2767,0.03324900614383809
ACG,AGT,T,S,87,2909,0.029907184599518737
ACG,ATA,T,I,48,2470,0.019433198380566803
ACG,ATC,T,I,601,2470,0.24331983805668017
ACG,ATG,T,M,544,1135,0.479295154185022
ACG,ATT,T,I,249,2470,0.10080971659919029
ACG,CAA,T,Q,42,1157,0.036300777873811585
ACG,CAC,T,H,71,1029,0.06899902818270165
ACG,CAG,T,Q,106,1157,0.09161624891961971
ACG,CAT,T,H,42,1029,0.04081632653061224
ACG,CCA,T,P,78,2699,0.028899592441645052
ACG,CCC,T,P,119,2699,0.04409040385327899
ACG,CCG,T,P,216,2699,0.08002964060763246
ACG,CCT,T,P,61,2699,0.022600963319748056
ACG,CGA,T,R,66,2767,0.023852547885796892
ACG,CGC,T,R,127,2767,0.045898084568124324
ACG,CGG,T,R,95,2767,0.03433321286591977
ACG,CGT,T,R,84,2767,0.030357788218286955
ACG,CTA,T,L,41,3931,0.010429916051895192
ACG,CTC,T,L,130,3931,0.03307046553039939
ACG,CTG,T,L,234,3931,0.0595268379547189
ACG,CTT,T,L,56,3931,0.014245738997710507
ACG,GAA,T,E,70,2116,0.0330812854442344
ACG,GAC,T,D,146,2718,0.05371596762325239
ACG,GAG,T,E,143,2116,0.06758034026465029
ACG,GAT,T,D,128,2718,0.047093451066961
ACG,GCA,T,A,216,4828,0.04473902236951118
ACG,GCC,T,A,375,4828,0.07767191383595692
ACG,GCG,T,A,321,4828,0.06648715824357912
ACG,GCT,T,A,272,4828,0.056338028169014086
ACG,GGA,T,G,140,3992,0.03507014028056112
ACG,GGC,T,G,169,3992,0.042334669338677355
ACG,GGG,T,G,146,3992,0.03657314629258517
ACG,GGT,T,G,160,3992,0.04008016032064128
ACG,GTA,T,V,104,4320,0.024074074074074074
ACG,GTC,T,V,416,4320,0.0962962962962963
ACG,GTG,T,V,567,4320,0.13125
ACG,GTT,T,V,199,4320,0.046064814814814815
ACG,TAC,T,Y,103,886,0.1162528216704289
ACG,TAT,T,Y,69,886,0.07787810383747178
ACG,TCA,T,S,91,2909,0.03128222756961155
ACG,TCC,T,S,119,2909,0.04090752836026126
ACG,TCG,T,S,207,2909,0.0711584737023032
ACG,TCT,T,S,70,2909,0.02406325197662427
ACG,TGC,T,C,66,474,0.13924050632911392
ACG,TGG,T,W,255,860,0.29651162790697677
ACG,TGT,T,C,32,474,0.06751054852320675
ACG,TTA,T,L,35,3931,0.008903586873569066
ACG,TTC,T,F,154,1408,0.109375
ACG,TTG,T,L,157,3931,0.03993894683286695
ACG,TTT,T,F,45,1408,0.03196022727272727
ACT,AAA,T,K,38,1323,0.02872260015117158
ACT,AAC,T,N,84,1158,0.07253886010362694
ACT,AAG,T,K,125,1323,0.0944822373393802
ACT,AAT,T,N,51,1158,0.04404145077720207
ACT,ACA,T,T,21,3253,0.00645557946510913
ACT,ACC,T,T,162,3253,0.04980018444512758
ACT,ACG,T,T,63,3253,0.01936673839532739
ACT,ACT,T,T,58,3253,0.0178296956655395
ACT,AGA,T,R,5,2767,0.0018070112034694614
ACT,AGC,T,S,73,2909,0.025094534204193882
ACT,AGG,T,R,17,2767,0.006143838091796169
ACT,AGT,T,S,35,2909,0.012031625988312134
ACT,ATA,T,I,4,2470,0.0016194331983805667
ACT,ATC,T,I,214,2470,0.08663967611336032
ACT,ATG,T,M,108,1135,0.09515418502202644
ACT,ATT,T,I,113,2470,0.045748987854251015
ACT,CAA,T,Q,69,1157,0.059636992221261884
ACT,CAC,T,H,143,1029,0.13896987366375121
ACT,CAG,T,Q,193,1157,0.16681071737251513
ACT,CAT,T,H,82,1029,0.07968901846452867
ACT,CCA,T,P,101,2699,0.03742126713597629
ACT,CCC,T,P,163,2699,0.060392738051130046
ACT,CCG,T,P,226,2699,0.08373471656168952
ACT,CCT,T,P,119,2699,0.04409040385327899
ACT,CGA,T,R,82,2767,0.02963498373689917
ACT,CGC,T,R,209,2767,0.07553306830502349
ACT,CGG,T,R,123,2767,0.044452475605348755
ACT,CGT,T,R,183,2767,0.06613661004698229
ACT,CTA,T,L,27,3931,0.006868481302467566
ACT,CTC,T,L,238,3931,0.060544390740269655
ACT,CTG,T,L,257,3931,0.06537776647163572
ACT,CTT,T,L,103,3931,0.026201984227931824
ACT,GAA,T,E,117,2116,0.055293005671077505
ACT,GAC,T,D,463,2718,0.170345842531273
ACT,GAG,T,E,341,2116,0.1611531190926276
ACT,GAT,T,D,261,2718,0.09602649006622517
ACT,GCA,T,A,112,4828,0.0231980115990058
ACT,GCC,T,A,402,4828,0.08326429163214581
ACT,GCG,T,A,253,4828,0.052402651201325604
ACT,GCT,T,A,234,4828,0.048467274233637114
ACT,GGA,T,G,127,3992,0.031813627254509015
ACT,GGC,T,G,334,3992,0.08366733466933868
ACT,GGG,T,G,171,3992,0.04283567134268537
ACT,GGT,T,G,235,3992,0.05886773547094189
ACT,GTA,T,V,27,4320,0.00625
ACT,GTC,T,V,326,4320,0.07546296296296297
ACT,GTG,T,V,161,4320,0.03726851851851852
ACT,GTT,T,V,144,4320,0.03333333333333333
ACT,TAC,T,Y,62,886,0.06997742663656885
ACT,TAT,T,Y,38,886,0.04288939051918736
ACT,TCA,T,S,39,2909,0.013406668958404951
ACT,TCC,T,S,96,2909,0.03300103128222757
ACT,TCG,T,S,97,2909,0.033344792024750776
ACT,TCT,T,S,56,2909,0.019250601581299414
ACT,TGC,T,C,30,474,0.06329113924050633
ACT,TGG,T,W,73,860,0.08488372093023255
ACT,TGT,T,C,33,474,0.06962025316455696
ACT,TTA,T,L,14,3931,0.0035614347494276268
ACT,TTC,T,F,172,1408,0.12215909090909091
ACT,TTG,T,L,123,3931,0.031289748155685575
ACT,TTT,T,F,71,1408,0.05042613636363636
AGA,AAA,R,K,20,1450,0.013793103448275862
AGA,AAC,R,N,9,1278,0.007042253521126761
AGA,AAG,R,K,19,1450,0.01310344827586207
AGA,AAT,R,N,17,1278,0.013302034428794992
AGA,ACA,R,T,13,2973,0.004372687521022536
AGA,ACC,R,T,47,2973,0.01580894719138917
AGA,ACG,R,T,24,2973,0.008072653884964682
AGA,ACT,R,T,16,2973,0.0053817692566431215
AGA,AGA,R,R,10,4638,0.0021561017680034496
AGA,AGC,R,S,12,2884,0.004160887656033287
AGA,AGG,R,R,8,4638,0.0017248814144027599
AGA,AGT,R,S,8,2884,0.0027739251040221915
AGA,ATA,R,I,9,2755,0.003266787658802178
AGA,ATC,R,I,69,2755,0.025045372050816698
AGA,ATG,R,M,33,1098,0.030054644808743168
AGA,ATT,R,I,32,2755,0.01161524500907441
AGA,CAA,R,Q,17,1767,0.009620826259196379
AGA,CAC,R,H,24,1520,0.015789473684210527
AGA,CAG,R,Q,24,1767,0.013582342954159592
AGA,CAT,R,H,14,1520,0.009210526315789473
AGA,CCA,R,P,17,2475,0.006868686868686869
AGA,CCC,R,P,18,2475,0.007272727272727273
AGA,CCG,R,P,33,2475,0.013333333333333334
AGA,CCT,R,P,9,2475,0.0036363636363636364
AGA,CGA,R,R,42,4638,0.009055627425614488
AGA,CGC,R,R,53,4638,0.011427339370418284
AGA,CGG,R,R,29,4638,0.006252695127210005
AGA,CGT,R,R,28,4638,0.00603708495040966
AGA,CTA,R,L,7,4517,0.0015497011290679654
AGA,CTC,R,L,57,4517,0.012618994908124861
AGA,CTG,R,L,51,4517,0.011290679654638034
AGA,CTT,R,L,30,4517,0.006641576267434138
AGA,GAA,R,E,24,2628,0.0091324200913242
AGA,GAC,R,D,29,2799,0.010360843158270811
AGA,GAG,R,E,32,2628,0.0121765601217656
AGA,GAT,R,D,21,2799,0.007502679528403001
AGA,GCA,R,A,33,4768,0.006921140939597316
AGA,GCC,R,A,62,4768,0.013003355704697987
AGA,GCG,R,A,28,4768,0.00587248322147651
AGA,GCT,R,A,55,4768,0.01153523489932886
AGA,GGA,R,G,19,3578,0.005310229178311906
AGA,GGC,R,G,19,3578,0.005310229178311906
AGA,GGG,R,G,23,3578,0.006428172163219676
AGA,GGT,R,G,27,3578,0.007546115148127445
AGA,GTA,R,V,11,3768,0.00291932059447983
AGA,GTC,R,V,32,3768,0.008492569002123142
AGA,GTG,R,V,48,3768,0.012738853503184714
AGA,GTT,R,V,30,3768,0.007961783439490446
AGA,TAC,R,Y,18,1073,0.016775396085740912
AGA,TAT,R,Y,5,1073,0.004659832246039142
AGA,TCA,R,S,19,2884,0.006588072122052704
AGA,TCC,R,S,25,2884,0.008668515950069348
AGA,TCG,R,S,28,2884,0.009708737864077669
AGA,TCT,R,S,14,2884,0.0048543689320388345
AGA,TGC,R,C,11,557,0.019748653500897665
AGA,TGG,R,W,41,899,0.04560622914349277
AGA,TGT,R,C,11,557,0.019748653500897665
AGA,TTA,R,L,14,4517,0.003099402258135931
AGA,TTC,R,F,61,1420,0.04295774647887324
AGA,TTG,R,L,44,4517,0.00974097852557007
AGA,TTT,R,F,28,1420,0.01971830985915493
AGC,AAA,S,K,71,1266,0.05608214849921011
AGC,AAC,S,N,134,1050,0.12761904761904763
AGC,AAG,S,K,161,1266,0.12717219589257503
AGC,AAT,S,N,72,1050,0.06857142857142857
AGC,ACA,S,T,44,2847,0.015454864769933263
AGC,ACC,S,T,188,2847,0.06603442219880576
AGC,ACG,S,T,79,2847,0.027748507200561996
AGC,ACT,S,T,89,2847,0.03126097646645592
AGC,AGA,S,R,26,3176,0.00818639798488665
AGC,AGC,S,S,81,3006,0.02694610778443114
AGC,AGG,S,R,43,3176,0.01353904282115869
AGC,AGT,S,S,41,3006,0.013639387890884896
AGC,ATA,S,I,10,1898,0.005268703898840885
AGC,ATC,S,I,202,1898,0.10642781875658588
AGC,ATG,S,M,89,991,0.08980827447023208
AGC,ATT,S,I,77,1898,0.04056902002107481
AGC,CAA,S,Q,66,1605,0.041121495327102804
AGC,CAC,S,H,173,1193,0.14501257334450965
AGC,CAG,S,Q,229,1605,0.1426791277258567
AGC,CAT,S,H,79,1193,0.06621961441743504
AGC,CCA,S,P,69,2348,0.02938671209540034
AGC,CCC,S,P,143,2348,0.06090289608177172
AGC,CCG,S,P,163,2348,0.06942078364565588
AGC,CCT,S,P,84,2348,0.03577512776831346
AGC,CGA,S,R,65,3176,0.020465994962216624
AGC,CGC,S,R,143,3176,0.045025188916876575
AGC,CGG,S,R,88,3176,0.027707808564231738
AGC,CGT,S,R,118,3176,0.0371536523929471
AGC,CTA,S,L,36,3990,0.009022556390977444
AGC,CTC,S,L,212,3990,0.053132832080200504
AGC,CTG,S,L,250,3990,0.06265664160401002
AGC,CTT,S,L,103,3990,0.02581453634085213
AGC,GAA,S,E,114,2106,0.05413105413105413
AGC,GAC,S,D,269,2507,0.10729956122856003
AGC,GAG,S,E,297,2106,0.14102564102564102
AGC,GAT,S,D,142,2507,0.056641404068607897
AGC,GCA,S,A,76,4605,0.016503800217155265
AGC,GCC,S,A,328,4605,0.07122692725298589
AGC,GCG,S,A,118,4605,0.025624321389793703
AGC,GCT,S,A,144,4605,0.031270358306188926
AGC,GGA,S,G,119,4291,0.02773246329526917
AGC,GGC,S,G,211,4291,0.04917268701934281
AGC,GGG,S,G,133,4291,0.03099510603588907
AGC,GGT,S,G,134,4291,0.031228151945933348
AGC,GTA,S,V,28,3581,0.007819044959508517
AGC,GTC,S,V,280,3581,0.07819044959508517
AGC,GTG,S,V,144,3581,0.04021223122032952
AGC,GTT,S,V,97,3581,0.027087405752583078
AGC,TAC,S,Y,135,915,0.14754098360655737
AGC,TAT,S,Y,59,915,0.06448087431693988
AGC,TCA,S,S,42,3006,0.013972055888223553
AGC,TCC,S,S,87,3006,0.028942115768463075
AGC,TCG,S,S,75,3006,0.0249500998003992
AGC,TCT,S,S,33,3006,0.010978043912175649
AGC,TGC,S,C,40,425,0.09411764705882353
AGC,TGG,S,W,130,908,0.14317180616740088
AGC,TGT,S,C,26,425,0.0611764705882353
AGC,TTA,S,L,20,3990,0.005012531328320802
AGC,TTC,S,F,159,1358,0.1170839469808542
AGC,TTG,S,L,123,3990,0.030827067669172932
AGC,TTT,S,F,48,1358,0.035346097201767304
AGG,AAA,R,K,30,1450,0.020689655172413793
AGG,AAC,R,N,34,1278,0.026604068857589983
AGG,AAG,R,K,66,1450,0.04551724137931035
AGG,AAT,R,N,27,1278,0.02112676056338028
AGG,ACA,R,T,23,2973,0.007736293306424487
AGG,ACC,R,T,57,2973,0.01917255297679112
AGG,ACG,R,T,49,2973,0.01648166834846956
AGG,ACT,R,T,29,2973,0.009754456777665657
AGG,AGA,R,R,22,4638,0.004743423889607589
AGG,AGC,R,S,21,2884,0.007281553398058253
AGG,AGG,R,R,32,4638,0.0068995256576110395
AGG,AGT,R,S,14,2884,0.0048543689320388345
AGG,ATA,R,I,10,2755,0.003629764065335753
AGG,ATC,R,I,140,2755,0.050816696914700546
AGG,ATG,R,M,83,1098,0.075591985428051
AGG,ATT,R,I,59,2755,0.021415607985480943
AGG,CAA,R,Q,27,1767,0.015280135823429542
AGG,CAC,R,H,49,1520,0.03223684210526316
AGG,CAG,R,Q,60,1767,0.03395585738539898
AGG,CAT,R,H,18,1520,0.011842105263157895
AGG,CCA,R,P,28,2475,0.011313131313131313
AGG,CCC,R,P,34,2475,0.013737373737373737
AGG,CCG,R,P,58,2475,0.023434343434343436
AGG,CCT,R,P,26,2475,0.010505050505050505
AGG,CGA,R,R,43,4638,0.009271237602414833
AGG,CGC,R,R,65,4638,0.014014661492022424
AGG,CGG,R,R,45,4638,0.009702457956015523
AGG,CGT,R,R,52,4638,0.01121172919361794
AGG,CTA,R,L,16,4517,0.0035421740092982067
AGG,CTC,R,L,103,4517,0.022802745184857205
AGG,CTG,R,L,124,4517,0.0274518485720611
AGG,CTT,R,L,45,4517,0.009962364401151207
AGG,GAA,R,E,50,2628,0.01902587519025875
AGG,GAC,R,D,58,2799,0.020721686316541622
AGG,GAG,R,E,65,2628,0.024733637747336376
AGG,GAT,R,D,52,2799,0.018578063594140763
AGG,GCA,R,A,41,4768,0.008598993288590604
AGG,GCC,R,A,99,4768,0.020763422818791948
AGG,GCG,R,A,66,4768,0.013842281879194632
AGG,GCT,R,A,87,4768,0.018246644295302015
AGG,GGA,R,G,59,3578,0.016489659027389605
AGG,GGC,R,G,60,3578,0.016769144773616546
AGG,GGG,R,G,50,3578,0.013974287311347122
AGG,GGT,R,G,36,3578,0.010061486864169928
AGG,GTA,R,V,20,3768,0.005307855626326964
AGG,GTC,R,V,111,3768,0.02945859872611465
AGG,GTG,R,V,128,3768,0.03397027600849257
AGG,GTT,R,V,60,3768,0.01592356687898089
AGG,TAC,R,Y,45,1073,0.04193849021435228
AGG,TAT,R,Y,26,1073,0.024231127679403542
AGG,TCA,R,S,32,2884,0.011095700416088766
AGG,TCC,R,S,64,2884,0.022191400832177532
AGG,TCG,R,S,79,2884,0.027392510402219142
AGG,TCT,R,S,39,2884,0.013522884882108182
AGG,TGC,R,C,22,557,0.03949730700179533
AGG,TGG,R,W,74,899,0.08231368186874305
AGG,TGT,R,C,22,557,0.03949730700179533
AGG,TTA,R,L,15,4517,0.003320788133717069
AGG,TTC,R,F,124,1420,0.08732394366197183
AGG,TTG,R,L,75,4517,0.016603940668585344
AGG,TTT,R,F,42,1420,0.029577464788732393
AGT,AAA,S,K,19,1266,0.015007898894154818
AGT,AAC,S,N,43,1050,0.040952380952380955
AGT,AAG,S,K,50,1266,0.03949447077409163
AGT,AAT,S,N,18,1050,0.017142857142857144
AGT,ACA,S,T,12,2847,0.004214963119072708
AGT,ACC,S,T,64,2847,0.02247980330172111
AGT,ACG,S,T,30,2847,0.01053740779768177
AGT,ACT,S,T,22,2847,0.007727432384966632
AGT,AGA,S,R,5,3176,0.0015743073047858943
AGT,AGC,S,S,37,3006,0.012308715901530274
AGT,AGG,S,R,14,3176,0.004408060453400504
AGT,AGT,S,S,15,3006,0.00499001996007984
AGT,ATA,S,I,3,1898,0.0015806111696522655
AGT,ATC,S,I,60,1898,0.03161222339304531
AGT,ATG,S,M,30,991,0.030272452068617558
AGT,ATT,S,I,41,1898,0.02160168598524763
AGT,CAA,S,Q,34,1605,0.02118380062305296
AGT,CAC,S,H,74,1193,0.06202849958088852
AGT,CAG,S,Q,102,1605,0.06355140186915888
AGT,CAT,S,H,38,1193,0.03185247275775356
AGT,CCA,S,P,28,2348,0.01192504258943782
AGT,CCC,S,P,51,2348,0.0217206132879046
AGT,CCG,S,P,62,2348,0.026405451448040886
AGT,CCT,S,P,29,2348,0.012350936967632026
AGT,CGA,S,R,43,3176,0.01353904282115869
AGT,CGC,S,R,64,3176,0.020151133501259445
AGT,CGG,S,R,56,3176,0.017632241813602016
AGT,CGT,S,R,58,3176,0.018261964735516372
AGT,CTA,S,L,13,3990,0.003258145363408521
AGT,CTC,S,L,96,3990,0.02406015037593985
AGT,CTG,S,L,110,3990,0.02756892230576441
AGT,CTT,S,L,53,3990,0.013283208020050126
AGT,GAA,S,E,70,2106,0.03323836657169991
AGT,GAC,S,D,164,2507,0.06541683286796969
AGT,GAG,S,E,144,2106,0.06837606837606838
AGT,GAT,S,D,104,2507,0.04148384523334663
AGT,GCA,S,A,49,4605,0.010640608034744842
AGT,GCC,S,A,146,4605,0.031704668838219326
AGT,GCG,S,A,69,4605,0.01498371335504886
AGT,GCT,S,A,98,4605,0.021281216069489683
AGT,GGA,S,G,65,4291,0.015147984152878116
AGT,GGC,S,G,108,4291,0.025168958284782102
AGT,GGG,S,G,73,4291,0.017012351433232348
AGT,GGT,S,G,83,4291,0.019342810533675134
AGT,GTA,S,V,10,3581,0.0027925160569673277
AGT,GTC,S,V,117,3581,0.03267243786651773
AGT,GTG,S,V,81,3581,0.022619380061435355
AGT,GTT,S,V,65,3581,0.01815135437028763
AGT,TAC,S,Y,59,915,0.06448087431693988
AGT,TAT,S,Y,17,915,0.018579234972677595
AGT,TCA,S,S,32,3006,0.010645375914836993
AGT,TCC,S,S,82,3006,0.027278775781769793
AGT,TCG,S,S,55,3006,0.018296739853626082
AGT,TCT,S,S,50,3006,0.0166333998669328
AGT,TGC,S,C,27,425,0.06352941176470588
AGT,TGG,S,W,64,908,0.07048458149779736
AGT,TGT,S,C,21,425,0.04941176470588235
AGT,TTA,S,L,12,3990,0.0030075187969924814
AGT,TTC,S,F,118,1358,0.08689248895434462
AGT,TTG,S,L,57,3990,0.014285714285714285
AGT,TTT,S,F,32,1358,0.023564064801178203
ATA,AAA,I,K,14,972,0.01440329218106996
ATA,AAC,I,N,13,1015,0.012807881773399015
ATA,AAG,I,K,10,972,0.0102880658436214
ATA,AAT,I,N,18,1015,0.017733990147783252
ATA,ACA,I,T,13,2379,0.00546448087431694
ATA,ACC,I,T,42,2379,0.017654476670870115
ATA,ACG,I,T,21,2379,0.008827238335435058
ATA,ACT,I,T,23,2379,0.009667927700714587
ATA,AGA,I,R,7,2014,0.003475670307845084
ATA,AGC,I,S,13,2187,0.00594421582075903
ATA,AGG,I,R,12,2014,0.005958291956305859
ATA,AGT,I,S,7,2187,0.003200731595793324
ATA,ATA,I,I,6,1939,0.0030943785456420837
ATA,ATC,I,I,20,1939,0.010314595152140279
ATA,ATG,I,M,12,784,0.015306122448979591
ATA,ATT,I,I,15,1939,0.007735946364105209
ATA,CAA,I,Q,8,760,0.010526315789473684
ATA,CAC,I,H,22,775,0.02838709677419355
ATA,CAG,I,Q,27,760,0.035526315789473684
ATA,CAT,I,H,9,775,0.011612903225806452
ATA,CCA,I,P,21,1925,0.01090909090909091
ATA,CCC,I,P,46,1925,0.023896103896103898
ATA,CCG,I,P,46,1925,0.023896103896103898
ATA,CCT,I,P,24,1925,0.012467532467532468
ATA,CGA,I,R,16,2014,0.007944389275074478
ATA,CGC,I,R,38,2014,0.018867924528301886
ATA,CGG,I,R,23,2014,0.011420059582919563
ATA,CGT,I,R,24,2014,0.011916583912611719
ATA,CTA,I,L,6,3040,0.001973684210526316
ATA,CTC,I,L,62,3040,0.020394736842105264
ATA,CTG,I,L,53,3040,0.017434210526315788
ATA,CTT,I,L,41,3040,0.013486842105263158
ATA,GAA,I,E,22,1910,0.011518324607329843
ATA,GAC,I,D,43,2734,0.01572787125091441
ATA,GAG,I,E,39,1910,0.020418848167539267
ATA,GAT,I,D,30,2734,0.010972933430870519
ATA,GCA,I,A,30,4273,0.007020828457758015
ATA,GCC,I,A,82,4273,0.019190264451205242
ATA,GCG,I,A,74,4273,0.017318043529136438
ATA,GCT,I,A,45,4273,0.010531242686637023
ATA,GGA,I,G,22,3554,0.0061902082160945416
ATA,GGC,I,G,41,3554,0.011536297129994372
ATA,GGG,I,G,23,3554,0.006471581316826111
ATA,GGT,I,G,38,3554,0.010692177827799663
ATA,GTA,I,V,5,3502,0.0014277555682467161
ATA,GTC,I,V,39,3502,0.011136493432324385
ATA,GTG,I,V,33,3502,0.009423186750428327
ATA,GTT,I,V,22,3502,0.006282124500285551
ATA,TAC,I,Y,20,653,0.030627871362940276
ATA,TAT,I,Y,10,653,0.015313935681470138
ATA,TCA,I,S,11,2187,0.005029721079103796
ATA,TCC,I,S,33,2187,0.015089163237311385
ATA,TCG,I,S,48,2187,0.02194787379972565
ATA,TCT,I,S,27,2187,0.012345679012345678
ATA,TGC,I,C,22,464,0.04741379310344827
ATA,TGG,I,W,34,408,0.08333333333333333
ATA,TGT,I,C,17,464,0.036637931034482756
ATA,TTA,I,L,7,3040,0.002302631578947368
ATA,TTC,I,F,37,1045,0.0354066985645933
ATA,TTG,I,L,26,3040,0.008552631578947369
ATA,TTT,I,F,15,1045,0.014354066985645933
ATC,AAA,I,K,185,972,0.19032921810699588
ATC,AAC,I,N,544,1015,0.5359605911330049
ATC,AAG,I,K,575,972,0.5915637860082305
ATC,AAT,I,N,238,1015,0.23448275862068965
ATC,ACA,I,T,109,2379,0.04581757040773434
ATC,ACC,I,T,1123,2379,0.47204707860445566
ATC,ACG,I,T,285,2379,0.11979823455233292
ATC,ACT,I,T,309,2379,0.12988650693568726
ATC,AGA,I,R,22,2014,0.010923535253227408
ATC,AGC,I,S,299,2187,0.13671696387745771
ATC,AGG,I,R,80,2014,0.039721946375372394
ATC,AGT,I,S,117,2187,0.053497942386831275
ATC,ATA,I,I,16,1939,0.008251676121712223
ATC,ATC,I,I,1146,1939,0.591026302217638
ATC,ATG,I,M,649,784,0.8278061224489796
ATC,ATT,I,I,376,1939,0.19391438886023724
ATC,CAA,I,Q,126,760,0.16578947368421051
ATC,CAC,I,H,314,775,0.40516129032258064
ATC,CAG,I,Q,382,760,0.5026315789473684
ATC,CAT,I,H,185,775,0.23870967741935484
ATC,CCA,I,P,142,1925,0.07376623376623377
ATC,CCC,I,P,301,1925,0.15636363636363637
ATC,CCG,I,P,491,1925,0.25506493506493505
ATC,CCT,I,P,136,1925,0.07064935064935066
ATC,CGA,I,R,131,2014,0.0650446871896723
ATC,CGC,I,R,429,2014,0.21300893743793445
ATC,CGG,I,R,208,2014,0.10327706057596822
ATC,CGT,I,R,296,2014,0.14697120158887786
ATC,CTA,I,L,34,3040,0.01118421052631579
ATC,CTC,I,L,853,3040,0.2805921052631579
ATC,CTG,I,L,617,3040,0.20296052631578948
ATC,CTT,I,L,328,3040,0.10789473684210527
ATC,GAA,I,E,305,1910,0.15968586387434555
ATC,GAC,I,D,1219,2734,0.4458668617410388
ATC,GAG,I,E,964,1910,0.5047120418848168
ATC,GAT,I,D,515,2734,0.18836869056327724
ATC,GCA,I,A,269,4273,0.06295342850456354
ATC,GCC,I,A,1287,4273,0.30119354083781885
ATC,GCG,I,A,552,4273,0.1291832436227475
ATC,GCT,I,A,630,4273,0.14743739761291833
ATC,GGA,I,G,341,3554,0.09594822734946538
ATC,GGC,I,G,900,3554,0.25323579065841306
ATC,GGG,I,G,431,3554,0.1212718064153067
ATC,GGT,I,G,699,3554,0.19667979741136749
ATC,GTA,I,V,77,3502,0.02198743575099943
ATC,GTC,I,V,1576,3502,0.4500285551113649
ATC,GTG,I,V,575,3502,0.16419189034837237
ATC,GTT,I,V,444,3502,0.1267846944603084
ATC,TAC,I,Y,315,653,0.48238897396630936
ATC,TAT,I,Y,139,653,0.21286370597243492
ATC,TCA,I,S,110,2187,0.05029721079103795
ATC,TCC,I,S,384,2187,0.1755829903978052
ATC,TCG,I,S,343,2187,0.1568358481938729
ATC,TCT,I,S,171,2187,0.07818930041152264
ATC,TGC,I,C,212,464,0.45689655172413796
ATC,TGG,I,W,307,408,0.7524509803921569
ATC,TGT,I,C,123,464,0.2650862068965517
ATC,TTA,I,L,21,3040,0.006907894736842105
ATC,TTC,I,F,561,1045,0.5368421052631579
ATC,TTG,I,L,219,3040,0.07203947368421053
ATC,TTT,I,F,166,1045,0.15885167464114833
ATG,AAA,M,K,107,454,0.2356828193832599
ATG,AAC,M,N,275,407,0.6756756756756757
ATG,AAG,M,K,347,454,0.76431718061674
ATG,AAT,M,N,132,407,0.32432432432432434
ATG,ACA,M,T,113,1198,0.09432387312186978
ATG,ACC,M,T,471,1198,0.39315525876460766
ATG,ACG,M,T,435,1198,0.3631051752921536
ATG,ACT,M,T,179,1198,0.14941569282136896
ATG,AGA,M,R,60,995,0.06030150753768844
ATG,AGC,M,S,281,1139,0.2467076382791923
ATG,AGG,M,R,157,995,0.1577889447236181
ATG,AGT,M,S,146,1139,0.12818261633011413
ATG,ATA,M,I,14,809,0.0173053152039555
ATG,ATC,M,I,601,809,0.7428924598269468
ATG,ATG,M,M,365,365,1.0
ATG,ATT,M,I,194,809,0.23980222496909764
ATG,CAA,M,Q,70,383,0.18276762402088773
ATG,CAC,M,H,218,308,0.7077922077922078
ATG,CAG,M,Q,313,383,0.8172323759791122
ATG,CAT,M,H,90,308,0.2922077922077922
ATG,CCA,M,P,119,848,0.1403301886792453
ATG,CCC,M,P,247,848,0.29127358490566035
ATG,CCG,M,P,309,848,0.3643867924528302
ATG,CCT,M,P,173,848,0.20400943396226415
ATG,CGA,M,R,101,995,0.10150753768844221
ATG,CGC,M,R,315,995,0.3165829145728643
ATG,CGG,M,R,129,995,0.12964824120603016
ATG,CGT,M,R,233,995,0.23417085427135678
ATG,CTA,M,L,50,1391,0.035945363048166784
ATG,CTC,M,L,516,1391,0.3709561466570812
ATG,CTG,M,L,452,1391,0.32494608195542773
ATG,CTT,M,L,202,1391,0.14521926671459381
ATG,GAA,M,E,210,655,0.32061068702290074
ATG,GAC,M,D,496,784,0.6326530612244898
ATG,GAG,M,E,445,655,0.6793893129770993
ATG,GAT,M,D,288,784,0.3673469387755102
ATG,GCA,M,A,268,2157,0.12424663885025498
ATG,GCC,M,A,857,2157,0.39731108020398703
ATG,GCG,M,A,497,2157,0.23041261010662958
ATG,GCT,M,A,535,2157,0.2480296708391284
ATG,GGA,M,G,262,1393,0.18808327351040918
ATG,GGC,M,G,465,1393,0.3338119167264896
ATG,GGG,M,G,302,1393,0.21679827709978464
ATG,GGT,M,G,364,1393,0.2613065326633166
ATG,GTA,M,V,53,1458,0.03635116598079561
ATG,GTC,M,V,543,1458,0.3724279835390947
ATG,GTG,M,V,582,1458,0.3991769547325103
ATG,GTT,M,V,280,1458,0.19204389574759945
ATG,TAC,M,Y,186,268,0.6940298507462687
ATG,TAT,M,Y,82,268,0.30597014925373134
ATG,TCA,M,S,110,1139,0.09657594381035997
ATG,TCC,M,S,219,1139,0.1922739244951712
ATG,TCG,M,S,280,1139,0.24582967515364354
ATG,TCT,M,S,103,1139,0.09043020193151888
ATG,TGC,M,C,119,179,0.664804469273743
ATG,TGG,M,W,260,260,1.0
ATG,TGT,M,C,60,179,0.33519553072625696
ATG,TTA,M,L,10,1391,0.007189072609633357
ATG,TTC,M,F,351,454,0.7731277533039648
ATG,TTG,M,L,161,1391,0.11574406901509705
ATG,TTT,M,F,103,454,0.22687224669603523
ATT,AAA,I,K,40,972,0.0411522633744856
ATT,AAC,I,N,126,1015,0.12413793103448276
ATT,AAG,I,K,148,972,0.1522633744855967
ATT,AAT,I,N,76,1015,0.0748768472906404
ATT,ACA,I,T,32,2379,0.013451029844472467
ATT,ACC,I,T,238,2379,0.10004203446826397
ATT,ACG,I,T,89,2379,0.03741067675493905
ATT,ACT,I,T,95,2379,0.039932744850777635
ATT,AGA,I,R,8,2014,0.003972194637537239
ATT,AGC,I,S,93,2187,0.04252400548696845
ATT,AGG,I,R,21,2014,0.010427010923535254
ATT,AGT,I,S,45,2187,0.0205761316872428
ATT,ATA,I,I,9,1939,0.0046415678184631255
ATT,ATC,I,I,207,1939,0.10675605982465189
ATT,ATG,I,M,123,784,0.1568877551020408
ATT,ATT,I,I,144,1939,0.07426508509541001
ATT,CAA,I,Q,51,760,0.06710526315789474
ATT,CAC,I,H,167,775,0.21548387096774194
ATT,CAG,I,Q,166,760,0.21842105263157896
ATT,CAT,I,H,78,775,0.10064516129032258
ATT,CCA,I,P,83,1925,0.043116883116883116
ATT,CCC,I,P,185,1925,0.09610389610389611
ATT,CCG,I,P,317,1925,0.16467532467532467
ATT,CCT,I,P,133,1925,0.06909090909090909
ATT,CGA,I,R,73,2014,0.03624627606752731
ATT,CGC,I,R,271,2014,0.13455809334657398
ATT,CGG,I,R,132,2014,0.06554121151936444
ATT,CGT,I,R,223,2014,0.11072492552135055
ATT,CTA,I,L,9,3040,0.0029605263157894738
ATT,CTC,I,L,273,3040,0.08980263157894737
ATT,CTG,I,L,199,3040,0.06546052631578947
ATT,CTT,I,L,165,3040,0.054276315789473686
ATT,GAA,I,E,128,1910,0.06701570680628273
ATT,GAC,I,D,646,2734,0.23628383321141186
ATT,GAG,I,E,452,1910,0.23664921465968586
ATT,GAT,I,D,281,2734,0.1027798098024872
ATT,GCA,I,A,110,4273,0.025743037678446056
ATT,GCC,I,A,619,4273,0.14486309384507373
ATT,GCG,I,A,267,4273,0.06248537327404634
ATT,GCT,I,A,308,4273,0.07208050549964896
ATT,GGA,I,G,130,3554,0.03657850309510411
ATT,GGC,I,G,411,3554,0.1156443444006753
ATT,GGG,I,G,184,3554,0.05177265053460889
ATT,GGT,I,G,334,3554,0.0939786156443444
ATT,GTA,I,V,15,3502,0.004283266704740148
ATT,GTC,I,V,347,3502,0.0990862364363221
ATT,GTG,I,V,194,3502,0.05539691604797259
ATT,GTT,I,V,175,3502,0.049971444888635065
ATT,TAC,I,Y,120,653,0.18376722817764166
ATT,TAT,I,Y,49,653,0.07503828483920368
ATT,TCA,I,S,37,2187,0.016918152720621856
ATT,TCC,I,S,193,2187,0.08824874256973023
ATT,TCG,I,S,148,2187,0.06767261088248742
ATT,TCT,I,S,108,2187,0.04938271604938271
ATT,TGC,I,C,58,464,0.125
ATT,TGG,I,W,67,408,0.1642156862745098
ATT,TGT,I,C,32,464,0.06896551724137931
ATT,TTA,I,L,15,3040,0.004934210526315789
ATT,TTC,I,F,181,1045,0.17320574162679425
ATT,TTG,I,L,112,3040,0.03684210526315789
ATT,TTT,I,F,85,1045,0.08133971291866028
CAA,AAA,Q,K,48,563,0.0852575488454707
CAA,AAC,Q,N,92,542,0.16974169741697417
CAA,AAG,Q,K,71,563,0.1261101243339254
CAA,AAT,Q,N,27,542,0.04981549815498155
CAA,ACA,Q,T,29,1272,0.02279874213836478
CAA,ACC,Q,T,149,1272,0.11713836477987422
CAA,ACG,Q,T,67,1272,0.05267295597484277
CAA,ACT,Q,T,49,1272,0.03852201257861635
CAA,AGA,Q,R,11,1742,0.006314580941446613
CAA,AGC,Q,S,43,1113,0.03863432165318958
CAA,AGG,Q,R,25,1742,0.014351320321469576
CAA,AGT,Q,S,22,1113,0.019766397124887692
CAA,ATA,Q,I,18,1296,0.013888888888888888
CAA,ATC,Q,I,138,1296,0.10648148148148148
CAA,ATG,Q,M,73,530,0.13773584905660377
CAA,ATT,Q,I,53,1296,0.04089506172839506
CAA,CAA,Q,Q,43,838,0.0513126491646778
CAA,CAC,Q,H,83,480,0.17291666666666666
CAA,CAG,Q,Q,155,838,0.18496420047732698
CAA,CAT,Q,H,47,480,0.09791666666666667
CAA,CCA,Q,P,59,1134,0.05202821869488536
CAA,CCC,Q,P,102,1134,0.08994708994708994
CAA,CCG,Q,P,112,1134,0.09876543209876543
CAA,CCT,Q,P,56,1134,0.04938271604938271
CAA,CGA,Q,R,72,1742,0.04133180252583238
CAA,CGC,Q,R,157,1742,0.09012629161882893
CAA,CGG,Q,R,94,1742,0.0539609644087256
CAA,CGT,Q,R,113,1742,0.06486796785304248
CAA,CTA,Q,L,32,2255,0.014190687361419069
CAA,CTC,Q,L,193,2255,0.08558758314855876
CAA,CTG,Q,L,144,2255,0.06385809312638581
CAA,CTT,Q,L,89,2255,0.039467849223946784
CAA,GAA,Q,E,96,1021,0.0940254652301665
CAA,GAC,Q,D,151,972,0.15534979423868311
CAA,GAG,Q,E,160,1021,0.15670910871694418
CAA,GAT,Q,D,92,972,0.09465020576131687
CAA,GCA,Q,A,76,2766,0.0274765003615329
CAA,GCC,Q,A,280,2766,0.1012292118582791
CAA,GCG,Q,A,99,2766,0.03579175704989154
CAA,GCT,Q,A,180,2766,0.0650759219088937
CAA,GGA,Q,G,113,1648,0.06856796116504854
CAA,GGC,Q,G,189,1648,0.11468446601941748
CAA,GGG,Q,G,105,1648,0.06371359223300971
CAA,GGT,Q,G,122,1648,0.07402912621359223
CAA,GTA,Q,V,51,2136,0.023876404494382022
CAA,GTC,Q,V,162,2136,0.07584269662921349
CAA,GTG,Q,V,129,2136,0.060393258426966294
CAA,GTT,Q,V,78,2136,0.03651685393258427
CAA,TAC,Q,Y,84,481,0.17463617463617465
CAA,TAT,Q,Y,38,481,0.079002079002079
CAA,TCA,Q,S,21,1113,0.018867924528301886
CAA,TCC,Q,S,67,1113,0.06019766397124888
CAA,TCG,Q,S,64,1113,0.05750224618149147
CAA,TCT,Q,S,46,1113,0.04132973944294699
CAA,TGC,Q,C,32,191,0.16753926701570682
CAA,TGG,Q,W,108,422,0.2559241706161137
CAA,TGT,Q,C,20,191,0.10471204188481675
CAA,TTA,Q,L,15,2255,0.0066518847006651885
CAA,TTC,Q,F,117,597,0.19597989949748743
CAA,TTG,Q,L,71,2255,0.03148558758314856
CAA,TTT,Q,F,30,597,0.05025125628140704
CAC,AAA,H,K,70,417,0.16786570743405277
CAC,AAC,H,N,264,470,0.5617021276595745
CAC,AAG,H,K,252,417,0.60431654676259
CAC,AAT,H,N,107,470,0.2276595744680851
CAC,ACA,H,T,30,997,0.03009027081243731
CAC,ACC,H,T,509,997,0.5105315947843531
CAC,ACG,H,T,91,997,0.09127382146439318
CAC,ACT,H,T,131,997,0.13139418254764293
CAC,AGA,H,R,16,1430,0.011188811188811189
CAC,AGC,H,S,135,977,0.13817809621289662
CAC,AGG,H,R,34,1430,0.023776223776223775
CAC,AGT,H,S,45,977,0.04605936540429888
CAC,ATA,H,I,15,833,0.01800720288115246
CAC,ATC,H,I,445,833,0.5342136854741897
CAC,ATG,H,M,225,316,0.7120253164556962
CAC,ATT,H,I,144,833,0.17286914765906364
CAC,CAA,H,Q,97,622,0.15594855305466238
CAC,CAC,H,H,257,630,0.40793650793650793
CAC,CAG,H,Q,296,622,0.4758842443729904
CAC,CAT,H,H,116,630,0.18412698412698414
CAC,CCA,H,P,98,1307,0.07498087222647284
CAC,CCC,H,P,268,1307,0.20504973221117062
CAC,CCG,H,P,251,1307,0.19204284621270085
CAC,CCT,H,P,109,1307,0.08339709257842387
CAC,CGA,H,R,96,1430,0.06713286713286713
CAC,CGC,H,R,336,1430,0.23496503496503496
CAC,CGG,H,R,158,1430,0.11048951048951049
CAC,CGT,H,R,194,1430,0.13566433566433567
CAC,CTA,H,L,78,1690,0.046153846153846156
CAC,CTC,H,L,391,1690,0.23136094674556212
CAC,CTG,H,L,356,1690,0.2106508875739645
CAC,CTT,H,L,135,1690,0.07988165680473373
CAC,GAA,H,E,194,977,0.1985670419651996
CAC,GAC,H,D,593,1309,0.4530175706646295
CAC,GAG,H,E,442,977,0.4524053224155578
CAC,GAT,H,D,239,1309,0.18258212375859434
CAC,GCA,H,A,82,1698,0.048292108362779744
CAC,GCC,H,A,521,1698,0.30683156654888105
CAC,GCG,H,A,136,1698,0.0800942285041225
CAC,GCT,H,A,226,1698,0.1330977620730271
CAC,GGA,H,G,143,1629,0.08778391651319828
CAC,GGC,H,G,455,1629,0.27931246163290363
CAC,GGG,H,G,170,1629,0.1043585021485574
CAC,GGT,H,G,291,1629,0.17863720073664824
CAC,GTA,H,V,47,1484,0.03167115902964959
CAC,GTC,H,V,607,1484,0.40902964959568733
CAC,GTG,H,V,221,1484,0.14892183288409702
CAC,GTT,H,V,160,1484,0.1078167115902965
CAC,TAC,H,Y,214,391,0.5473145780051151
CAC,TAT,H,Y,56,391,0.1432225063938619
CAC,TCA,H,S,40,977,0.04094165813715456
CAC,TCC,H,S,221,977,0.2262026612077789
CAC,TCG,H,S,117,977,0.11975435005117707
CAC,TCT,H,S,72,977,0.0736949846468782
CAC,TGC,H,C,93,192,0.484375
CAC,TGG,H,W,171,245,0.6979591836734694
CAC,TGT,H,C,45,192,0.234375
CAC,TTA,H,L,22,1690,0.01301775147928994
CAC,TTC,H,F,266,477,0.5576519916142557
CAC,TTG,H,L,108,1690,0.06390532544378698
CAC,TTT,H,F,57,477,0.11949685534591195
CAG,AAA,Q,K,131,563,0.23268206039076378
CAG,AAC,Q,N,302,542,0.5571955719557196
CAG,AAG,Q,K,313,563,0.5559502664298401
CAG,AAT,Q,N,121,542,0.22324723247232472
CAG,ACA,Q,T,74,1272,0.05817610062893082
CAG,ACC,Q,T,500,1272,0.39308176100628933
CAG,ACG,Q,T,253,1272,0.1988993710691824
CAG,ACT,Q,T,151,1272,0.11871069182389937
CAG,AGA,Q,R,26,1742,0.014925373134328358
CAG,AGC,Q,S,114,1113,0.10242587601078167
CAG,AGG,Q,R,48,1742,0.027554535017221583
CAG,AGT,Q,S,50,1113,0.044923629829290206
CAG,ATA,Q,I,53,1296,0.04089506172839506
CAG,ATC,Q,I,770,1296,0.5941358024691358
CAG,ATG,Q,M,457,530,0.8622641509433963
CAG,ATT,Q,I,264,1296,0.2037037037037037
CAG,CAA,Q,Q,140,838,0.16706443914081145
CAG,CAC,Q,H,232,480,0.48333333333333334
CAG,CAG,Q,Q,500,838,0.5966587112171837
CAG,CAT,Q,H,118,480,0.24583333333333332
CAG,CCA,Q,P,113,1134,0.09964726631393298
CAG,CCC,Q,P,269,1134,0.23721340388007053
CAG,CCG,Q,P,266,1134,0.2345679012345679
CAG,CCT,Q,P,157,1134,0.1384479717813051
CAG,CGA,Q,R,145,1742,0.08323765786452354
CAG,CGC,Q,R,448,1742,0.2571756601607348
CAG,CGG,Q,R,249,1742,0.14293915040183697
CAG,CGT,Q,R,354,1742,0.20321469575200918
CAG,CTA,Q,L,109,2255,0.048337028824833705
CAG,CTC,Q,L,541,2255,0.23991130820399112
CAG,CTG,Q,L,458,2255,0.2031042128603104
CAG,CTT,Q,L,234,2255,0.10376940133037695
CAG,GAA,Q,E,249,1021,0.24387855044074436
CAG,GAC,Q,D,480,972,0.49382716049382713
CAG,GAG,Q,E,516,1021,0.5053868756121449
CAG,GAT,Q,D,249,972,0.25617283950617287
CAG,GCA,Q,A,257,2766,0.09291395516992046
CAG,GCC,Q,A,949,2766,0.34309472161966736
CAG,GCG,Q,A,404,2766,0.146059291395517
CAG,GCT,Q,A,521,2766,0.1883586406362979
CAG,GGA,Q,G,236,1648,0.14320388349514562
CAG,GGC,Q,G,397,1648,0.2408980582524272
CAG,GGG,Q,G,270,1648,0.1638349514563107
CAG,GGT,Q,G,216,1648,0.13106796116504854
CAG,GTA,Q,V,170,2136,0.07958801498127341
CAG,GTC,Q,V,626,2136,0.29307116104868913
CAG,GTG,Q,V,628,2136,0.2940074906367041
CAG,GTT,Q,V,292,2136,0.13670411985018727
CAG,TAC,Q,Y,276,481,0.5738045738045738
CAG,TAT,Q,Y,83,481,0.17255717255717257
CAG,TCA,Q,S,97,1113,0.08715184186882301
CAG,TCC,Q,S,279,1113,0.25067385444743934
CAG,TCG,Q,S,208,1113,0.18688230008984727
CAG,TCT,Q,S,102,1113,0.09164420485175202
CAG,TGC,Q,C,101,191,0.5287958115183246
CAG,TGG,Q,W,314,422,0.7440758293838863
CAG,TGT,Q,C,38,191,0.19895287958115182
CAG,TTA,Q,L,57,2255,0.025277161862527715
CAG,TTC,Q,F,357,597,0.5979899497487438
CAG,TTG,Q,L,312,2255,0.13835920177383593
CAG,TTT,Q,F,93,597,0.15577889447236182
CAT,AAA,H,K,21,417,0.050359712230215826
CAT,AAC,H,N,71,470,0.15106382978723404
CAT,AAG,H,K,74,417,0.1774580335731415
CAT,AAT,H,N,28,470,0.059574468085106386
CAT,ACA,H,T,13,997,0.013039117352056168
CAT,ACC,H,T,151,997,0.1514543630892678
CAT,ACG,H,T,30,997,0.03009027081243731
CAT,ACT,H,T,42,997,0.04212637913741224
CAT,AGA,H,R,9,1430,0.006293706293706294
CAT,AGC,H,S,35,977,0.03582395087001024
CAT,AGG,H,R,13,1430,0.00909090909090909
CAT,AGT,H,S,18,977,0.01842374616171955
CAT,ATA,H,I,12,833,0.014405762304921969
CAT,ATC,H,I,145,833,0.17406962785114047
CAT,ATG,H,M,91,316,0.2879746835443038
CAT,ATT,H,I,72,833,0.08643457382953182
CAT,CAA,H,Q,74,622,0.1189710610932476
CAT,CAC,H,H,168,630,0.26666666666666666
CAT,CAG,H,Q,155,622,0.2491961414790997
CAT,CAT,H,H,89,630,0.14126984126984127
CAT,CCA,H,P,72,1307,0.05508798775822494
CAT,CCC,H,P,196,1307,0.1499617444529457
CAT,CCG,H,P,217,1307,0.1660290742157613
CAT,CCT,H,P,96,1307,0.07345065034429993
CAT,CGA,H,R,71,1430,0.04965034965034965
CAT,CGC,H,R,230,1430,0.16083916083916083
CAT,CGG,H,R,99,1430,0.06923076923076923
CAT,CGT,H,R,174,1430,0.12167832167832168
CAT,CTA,H,L,44,1690,0.02603550295857988
CAT,CTC,H,L,178,1690,0.10532544378698225
CAT,CTG,H,L,211,1690,0.12485207100591716
CAT,CTT,H,L,83,1690,0.049112426035502955
CAT,GAA,H,E,101,977,0.10337768679631525
CAT,GAC,H,D,339,1309,0.2589763177998472
CAT,GAG,H,E,240,977,0.24564994882292732
CAT,GAT,H,D,138,1309,0.10542398777692895
CAT,GCA,H,A,53,1698,0.03121319199057715
CAT,GCC,H,A,375,1698,0.22084805653710246
CAT,GCG,H,A,134,1698,0.07891637220259129
CAT,GCT,H,A,171,1698,0.10070671378091872
CAT,GGA,H,G,66,1629,0.040515653775322284
CAT,GGC,H,G,269,1629,0.16513198281154082
CAT,GGG,H,G,106,1629,0.06507059545733579
CAT,GGT,H,G,129,1629,0.07918968692449356
CAT,GTA,H,V,22,1484,0.014824797843665768
CAT,GTC,H,V,207,1484,0.13948787061994608
CAT,GTG,H,V,134,1484,0.09029649595687332
CAT,GTT,H,V,86,1484,0.057951482479784364
CAT,TAC,H,Y,94,391,0.24040920716112532
CAT,TAT,H,Y,27,391,0.06905370843989769
CAT,TCA,H,S,33,977,0.033776867963152504
CAT,TCC,H,S,141,977,0.14431934493346982
CAT,TCG,H,S,72,977,0.0736949846468782
CAT,TCT,H,S,48,977,0.04912998976458546
CAT,TGC,H,C,41,192,0.21354166666666666
CAT,TGG,H,W,74,245,0.3020408163265306
CAT,TGT,H,C,13,192,0.06770833333333333
CAT,TTA,H,L,18,1690,0.010650887573964497
CAT,TTC,H,F,109,477,0.22851153039832284
CAT,TTG,H,L,66,1690,0.03905325443786982
CAT,TTT,H,F,45,477,0.09433962264150944
CCA,AAA,P,K,31,1085,0.02857142857142857
CCA,AAC,P,N,58,1002,0.05788423153692615
CCA,AAG,P,K,63,1085,0.05806451612903226
CCA,AAT,P,N,35,1002,0.03493013972055888
CCA,ACA,P,T,46,2604,0.017665130568356373
CCA,ACC,P,T,160,2604,0.06144393241167435
CCA,ACG,P,T,72,2604,0.027649769585253458
CCA,ACT,P,T,75,2604,0.02880184331797235
CCA,AGA,P,R,9,2297,0.00391815411406182
CCA,AGC,P,S,58,2433,0.02383888203863543
CCA,AGG,P,R,23,2297,0.01001306051371354
CCA,AGT,P,S,26,2433,0.010686395396629675
CCA,ATA,P,I,14,1604,0.008728179551122194
CCA,ATC,P,I,92,1604,0.057356608478802994
CCA,ATG,P,M,67,780,0.0858974358974359
CCA,ATT,P,I,52,1604,0.032418952618453865
CCA,CAA,P,Q,74,1330,0.055639097744360905
CCA,CAC,P,H,89,1013,0.087857847976308
CCA,CAG,P,Q,163,1330,0.12255639097744361
CCA,CAT,P,H,61,1013,0.060217176702862786
CCA,CCA,P,P,70,1355,0.05166051660516605
CCA,CCC,P,P,69,1355,0.05092250922509225
CCA,CCG,P,P,110,1355,0.08118081180811808
CCA,CCT,P,P,57,1355,0.04206642066420664
CCA,CGA,P,R,60,2297,0.026121027427078797
CCA,CGC,P,R,140,2297,0.06094906399651719
CCA,CGG,P,R,65,2297,0.028297779712668697
CCA,CGT,P,R,103,2297,0.04484109708315194
CCA,CTA,P,L,53,3108,0.01705276705276705
CCA,CTC,P,L,112,3108,0.036036036036036036
CCA,CTG,P,L,197,3108,0.06338481338481339
CCA,CTT,P,L,38,3108,0.012226512226512226
CCA,GAA,P,E,109,2530,0.04308300395256917
CCA,GAC,P,D,188,2899,0.06484994825802001
CCA,GAG,P,E,195,2530,0.07707509881422925
CCA,GAT,P,D,125,2899,0.04311831666091756
CCA,GCA,P,A,121,3943,0.03068729393862541
CCA,GCC,P,A,300,3943,0.0760841998478316
CCA,GCG,P,A,150,3943,0.0380420999239158
CCA,GCT,P,A,177,3943,0.044889677910220645
CCA,GGA,P,G,124,3481,0.03562194771617351
CCA,GGC,P,G,150,3481,0.043091065785693765
CCA,GGG,P,G,97,3481,0.027865555874748635
CCA,GGT,P,G,117,3481,0.033611031312841134
CCA,GTA,P,V,75,3366,0.022281639928698752
CCA,GTC,P,V,151,3366,0.04486036838978016
CCA,GTG,P,V,203,3366,0.060308972073677955
CCA,GTT,P,V,97,3366,0.028817587641117054
CCA,TAC,P,Y,52,784,0.0663265306122449
CCA,TAT,P,Y,28,784,0.03571428571428571
CCA,TCA,P,S,49,2433,0.02013974517057131
CCA,TCC,P,S,96,2433,0.03945745992601726
CCA,TCG,P,S,109,2433,0.0448006576243321
CCA,TCT,P,S,55,2433,0.02260583641594739
CCA,TGC,P,C,43,342,0.12573099415204678
CCA,TGG,P,W,131,691,0.18958031837916064
CCA,TGT,P,C,19,342,0.05555555555555555
CCA,TTA,P,L,30,3108,0.009652509652509652
CCA,TTC,P,F,126,1074,0.11731843575418995
CCA,TTG,P,L,103,3108,0.03314028314028314
CCA,TTT,P,F,35,1074,0.032588454376163874
CCC,AAA,P,K,103,1085,0.09493087557603687
CCC,AAC,P,N,273,1002,0.27245508982035926
CCC,AAG,P,K,298,1085,0.2746543778801843
CCC,AAT,P,N,142,1002,0.14171656686626746
CCC,ACA,P,T,78,2604,0.029953917050691243
CCC,ACC,P,T,469,2604,0.18010752688172044
CCC,ACG,P,T,128,2604,0.04915514592933948
CCC,ACT,P,T,179,2604,0.06874039938556067
CCC,AGA,P,R,30,2297,0.013060513713539399
CCC,AGC,P,S,204,2433,0.08384710234278668
CCC,AGG,P,R,48,2297,0.02089682194166304
CCC,AGT,P,S,64,2433,0.026304973284011508
CCC,ATA,P,I,29,1604,0.01807980049875312
CCC,ATC,P,I,341,1604,0.2125935162094763
CCC,ATG,P,M,195,780,0.25
CCC,ATT,P,I,123,1604,0.07668329177057356
CCC,CAA,P,Q,76,1330,0.05714285714285714
CCC,CAC,P,H,170,1013,0.16781836130306022
CCC,CAG,P,Q,235,1330,0.17669172932330826
CCC,CAT,P,H,124,1013,0.12240868706811452
CCC,CCA,P,P,30,1355,0.02214022140221402
CCC,CCC,P,P,33,1355,0.024354243542435424
CCC,CCG,P,P,92,1355,0.06789667896678966
CCC,CCT,P,P,29,1355,0.021402214022140223
CCC,CGA,P,R,87,2297,0.037875489769264255
CCC,CGC,P,R,161,2297,0.07009142359599478
CCC,CGG,P,R,84,2297,0.03656943839791032
CCC,CGT,P,R,90,2297,0.0391815411406182
CCC,CTA,P,L,32,3108,0.010296010296010296
CCC,CTC,P,L,214,3108,0.06885456885456885
CCC,CTG,P,L,153,3108,0.04922779922779923
CCC,CTT,P,L,74,3108,0.023809523809523808
CCC,GAA,P,E,304,2530,0.12015810276679842
CCC,GAC,P,D,803,2899,0.2769920662297344
CCC,GAG,P,E,642,2530,0.25375494071146243
CCC,GAT,P,D,381,2899,0.13142462918247672
CCC,GCA,P,A,149,3943,0.03778848592442303
CCC,GCC,P,A,399,3943,0.10119198579761603
CCC,GCG,P,A,149,3943,0.03778848592442303
CCC,GCT,P,A,215,3943,0.05452700989094598
CCC,GGA,P,G,267,3481,0.0767020970985349
CCC,GGC,P,G,455,3481,0.13070956621660443
CCC,GGG,P,G,223,3481,0.0640620511347314
CCC,GGT,P,G,335,3481,0.09623671358804942
CCC,GTA,P,V,47,3366,0.013963161021984551
CCC,GTC,P,V,386,3366,0.11467617349970291
CCC,GTG,P,V,162,3366,0.0481283422459893
CCC,GTT,P,V,131,3366,0.03891859774212715
CCC,TAC,P,Y,240,784,0.30612244897959184
CCC,TAT,P,Y,97,784,0.12372448979591837
CCC,TCA,P,S,81,2433,0.03329223181257707
CCC,TCC,P,S,184,2433,0.07562679819153309
CCC,TCG,P,S,153,2433,0.06288532675709001
CCC,TCT,P,S,71,2433,0.029182079736950268
CCC,TGC,P,C,83,342,0.24269005847953215
CCC,TGG,P,W,126,691,0.18234442836468887
CCC,TGT,P,C,34,342,0.09941520467836257
CCC,TTA,P,L,32,3108,0.010296010296010296
CCC,TTC,P,F,301,1074,0.2802607076350093
CCC,TTG,P,L,86,3108,0.027670527670527672
CCC,TTT,P,F,97,1074,0.09031657355679702
CCG,AAA,P,K,130,1085,0.11981566820276497
CCG,AAC,P,N,241,1002,0.2405189620758483
CCG,AAG,P,K,333,1085,0.3069124423963134
CCG,AAT,P,N,136,1002,0.13572854291417166
CCG,ACA,P,T,134,2604,0.05145929339477726
CCG,ACC,P,T,410,2604,0.15745007680491552
CCG,ACG,P,T,376,2604,0.1443932411674347
CCG,ACT,P,T,200,2604,0.07680491551459294
CCG,AGA,P,R,42,2297,0.01828471919895516
CCG,AGC,P,S,132,2433,0.05425400739827373
CCG,AGG,P,R,82,2297,0.03569873748367436
CCG,AGT,P,S,88,2433,0.03616933826551583
CCG,ATA,P,I,55,1604,0.03428927680798005
CCG,ATC,P,I,531,1604,0.33104738154613467
CCG,ATG,P,M,455,780,0.5833333333333334
CCG,ATT,P,I,219,1604,0.13653366583541146
CCG,CAA,P,Q,133,1330,0.1
CCG,CAC,P,H,259,1013,0.25567620927936824
CCG,CAG,P,Q,434,1330,0.3263157894736842
CCG,CAT,P,H,114,1013,0.1125370187561698
CCG,CCA,P,P,112,1355,0.08265682656826569
CCG,CCC,P,P,131,1355,0.09667896678966789
CCG,CCG,P,P,270,1355,0.1992619926199262
CCG,CCT,P,P,91,1355,0.06715867158671587
CCG,CGA,P,R,107,2297,0.04658249891162386
CCG,CGC,P,R,350,2297,0.15237265999129299
CCG,CGG,P,R,112,2297,0.048759251197213756
CCG,CGT,P,R,278,2297,0.12102742707879843
CCG,CTA,P,L,153,3108,0.04922779922779923
CCG,CTC,P,L,282,3108,0.09073359073359073
CCG,CTG,P,L,657,3108,0.21138996138996138
CCG,CTT,P,L,135,3108,0.04343629343629344
CCG,GAA,P,E,250,2530,0.09881422924901186
CCG,GAC,P,D,379,2899,0.13073473611590203
CCG,GAG,P,E,462,2530,0.1826086956521739
CCG,GAT,P,D,265,2899,0.09141083132114522
CCG,GCA,P,A,233,3943,0.05909206188181588
CCG,GCC,P,A,601,3943,0.15242201369515598
CCG,GCG,P,A,326,3943,0.08267816383464367
CCG,GCT,P,A,387,3943,0.09814861780370276
CCG,GGA,P,G,229,3481,0.06578569376615916
CCG,GGC,P,G,312,3481,0.08962941683424304
CCG,GGG,P,G,227,3481,0.0652111462223499
CCG,GGT,P,G,206,3481,0.05917839701235277
CCG,GTA,P,V,226,3366,0.06714200831847891
CCG,GTC,P,V,565,3366,0.16785502079619727
CCG,GTG,P,V,683,3366,0.20291146761734996
CCG,GTT,P,V,287,3366,0.08526440879382056
CCG,TAC,P,Y,155,784,0.19770408163265307
CCG,TAT,P,Y,79,784,0.10076530612244898
CCG,TCA,P,S,126,2433,0.051787916152897656
CCG,TCC,P,S,198,2433,0.08138101109741061
CCG,TCG,P,S,274,2433,0.11261816687217427
CCG,TCT,P,S,100,2433,0.04110152075626798
CCG,TGC,P,C,83,342,0.24269005847953215
CCG,TGG,P,W,368,691,0.532561505065123
CCG,TGT,P,C,32,342,0.0935672514619883
CCG,TTA,P,L,62,3108,0.019948519948519948
CCG,TTC,P,F,256,1074,0.2383612662942272
CCG,TTG,P,L,333,3108,0.10714285714285714
CCG,TTT,P,F,71,1074,0.06610800744878957
CCT,AAA,P,K,35,1085,0.03225806451612903
CCT,AAC,P,N,67,1002,0.06686626746506986
CCT,AAG,P,K,92,1085,0.0847926267281106
CCT,AAT,P,N,50,1002,0.0499001996007984
CCT,ACA,P,T,25,2604,0.009600614439324117
CCT,ACC,P,T,132,2604,0.05069124423963134
CCT,ACG,P,T,51,2604,0.019585253456221197
CCT,ACT,P,T,69,2604,0.026497695852534562
CCT,AGA,P,R,8,2297,0.0034828036569438396
CCT,AGC,P,S,60,2433,0.02466091245376079
CCT,AGG,P,R,15,2297,0.006530256856769699
CCT,AGT,P,S,34,2433,0.013974517057131115
CCT,ATA,P,I,15,1604,0.009351620947630923
CCT,ATC,P,I,86,1604,0.05361596009975062
CCT,ATG,P,M,63,780,0.08076923076923077
CCT,ATT,P,I,47,1604,0.029301745635910224
CCT,CAA,P,Q,59,1330,0.0443609022556391
CCT,CAC,P,H,126,1013,0.12438302073050346
CCT,CAG,P,Q,156,1330,0.11729323308270677
CCT,CAT,P,H,70,1013,0.06910167818361303
CCT,CCA,P,P,38,1355,0.028044280442804426
CCT,CCC,P,P,84,1355,0.06199261992619926
CCT,CCG,P,P,91,1355,0.06715867158671587
CCT,CCT,P,P,48,1355,0.035424354243542434
CCT,CGA,P,R,71,2297,0.03090988245537658
CCT,CGC,P,R,157,2297,0.06835002176752286
CCT,CGG,P,R,67,2297,0.029168480626904657
CCT,CGT,P,R,108,2297,0.047017849368741836
CCT,CTA,P,L,31,3108,0.009974259974259974
CCT,CTC,P,L,127,3108,0.04086229086229086
CCT,CTG,P,L,85,3108,0.02734877734877735
CCT,CTT,P,L,57,3108,0.01833976833976834
CCT,GAA,P,E,178,2530,0.07035573122529644
CCT,GAC,P,D,532,2899,0.18351155570886513
CCT,GAG,P,E,390,2530,0.1541501976284585
CCT,GAT,P,D,226,2899,0.07795791652293894
CCT,GCA,P,A,73,3943,0.018513821962972354
CCT,GCC,P,A,348,3943,0.08825767182348465
CCT,GCG,P,A,140,3943,0.03550595992898808
CCT,GCT,P,A,175,3943,0.0443824499112351
CCT,GGA,P,G,127,3481,0.03648376903188739
CCT,GGC,P,G,288,3481,0.08273484630853203
CCT,GGG,P,G,140,3481,0.04021832806664752
CCT,GGT,P,G,184,3481,0.05285837403045102
CCT,GTA,P,V,25,3366,0.0074272133095662505
CCT,GTC,P,V,159,3366,0.04723707664884135
CCT,GTG,P,V,94,3366,0.027926322043969103
CCT,GTT,P,V,75,3366,0.022281639928698752
CCT,TAC,P,Y,85,784,0.10841836734693877
CCT,TAT,P,Y,48,784,0.061224489795918366
CCT,TCA,P,S,43,2433,0.017673653925195234
CCT,TCC,P,S,118,2433,0.04849979449239622
CCT,TCG,P,S,69,2433,0.02836004932182491
CCT,TCT,P,S,41,2433,0.01685162351006987
CCT,TGC,P,C,30,342,0.08771929824561403
CCT,TGG,P,W,66,691,0.0955137481910275
CCT,TGT,P,C,18,342,0.05263157894736842
CCT,TTA,P,L,16,3108,0.005148005148005148
CCT,TTC,P,F,151,1074,0.14059590316573556
CCT,TTG,P,L,46,3108,0.014800514800514801
CCT,TTT,P,F,37,1074,0.03445065176908752
CGA,AAA,R,K,37,1450,0.025517241379310347
CGA,AAC,R,N,77,1278,0.06025039123630673
CGA,AAG,R,K,68,1450,0.04689655172413793
CGA,AAT,R,N,48,1278,0.03755868544600939
CGA,ACA,R,T,34,2973,0.011436259670366633
CGA,ACC,R,T,121,2973,0.04069963000336361
CGA,ACG,R,T,53,2973,0.01782711066263034
CGA,ACT,R,T,71,2973,0.023881601076353853
CGA,AGA,R,R,15,4638,0.003234152652005175
CGA,AGC,R,S,45,2884,0.015603328710124827
CGA,AGG,R,R,26,4638,0.00560586459680897
CGA,AGT,R,S,27,2884,0.009361997226074895
CGA,ATA,R,I,20,2755,0.007259528130671506
CGA,ATC,R,I,167,2755,0.06061705989110708
CGA,ATG,R,M,158,1098,0.14389799635701275
CGA,ATT,R,I,65,2755,0.023593466424682397
CGA,CAA,R,Q,51,1767,0.028862478777589132
CGA,CAC,R,H,85,1520,0.05592105263157895
CGA,CAG,R,Q,98,1767,0.055461233729485006
CGA,CAT,R,H,55,1520,0.03618421052631579
CGA,CCA,R,P,39,2475,0.01575757575757576
CGA,CCC,R,P,92,2475,0.037171717171717175
CGA,CCG,R,P,85,2475,0.03434343434343434
CGA,CCT,R,P,65,2475,0.026262626262626262
CGA,CGA,R,R,117,4638,0.025226390685640362
CGA,CGC,R,R,320,4638,0.06899525657611039
CGA,CGG,R,R,105,4638,0.022639068564036222
CGA,CGT,R,R,198,4638,0.042690815006468305
CGA,CTA,R,L,57,4517,0.012618994908124861
CGA,CTC,R,L,176,4517,0.03896391410228028
CGA,CTG,R,L,184,4517,0.040735001106929375
CGA,CTT,R,L,103,4517,0.022802745184857205
CGA,GAA,R,E,109,2628,0.04147640791476408
CGA,GAC,R,D,152,2799,0.054305108967488386
CGA,GAG,R,E,134,2628,0.05098934550989345
CGA,GAT,R,D,114,2799,0.04072883172561629
CGA,GCA,R,A,101,4768,0.02118288590604027
CGA,GCC,R,A,337,4768,0.07067953020134228
CGA,GCG,R,A,123,4768,0.025796979865771813
CGA,GCT,R,A,202,4768,0.04236577181208054
CGA,GGA,R,G,105,3578,0.029346003353828955
CGA,GGC,R,G,157,3578,0.04387926215762996
CGA,GGG,R,G,103,3578,0.02878703186137507
CGA,GGT,R,G,107,3578,0.02990497484628284
CGA,GTA,R,V,77,3768,0.02043524416135881
CGA,GTC,R,V,223,3768,0.05918259023354565
CGA,GTG,R,V,195,3768,0.0517515923566879
CGA,GTT,R,V,109,3768,0.028927813163481954
CGA,TAC,R,Y,76,1073,0.07082945013979497
CGA,TAT,R,Y,32,1073,0.02982292637465051
CGA,TCA,R,S,38,2884,0.013176144244105409
CGA,TCC,R,S,103,2884,0.03571428571428571
CGA,TCG,R,S,65,2884,0.022538141470180306
CGA,TCT,R,S,59,2884,0.020457697642163663
CGA,TGC,R,C,44,557,0.07899461400359066
CGA,TGG,R,W,105,899,0.1167964404894327
CGA,TGT,R,C,28,557,0.05026929982046679
CGA,TTA,R,L,33,4517,0.0073057338941775515
CGA,TTC,R,F,181,1420,0.12746478873239436
CGA,TTG,R,L,88,4517,0.01948195705114014
CGA,TTT,R,F,47,1420,0.03309859154929577
CGC,AAA,R,K,200,1450,0.13793103448275862
CGC,AAC,R,N,492,1278,0.38497652582159625
CGC,AAG,R,K,623,1450,0.4296551724137931
CGC,AAT,R,N,253,1278,0.19796557120500782
CGC,ACA,R,T,84,2973,0.028254288597376387
CGC,ACC,R,T,878,2973,0.2953245879582913
CGC,ACG,R,T,183,2973,0.0615539858728557
CGC,ACT,R,T,318,2973,0.10696266397578204
CGC,AGA,R,R,60,4638,0.0129366106080207
CGC,AGC,R,S,269,2884,0.09327323162274619
CGC,AGG,R,R,87,4638,0.018758085381630013
CGC,AGT,R,S,144,2884,0.049930651872399444
CGC,ATA,R,I,32,2755,0.01161524500907441
CGC,ATC,R,I,788,2755,0.28602540834845736
CGC,ATG,R,M,289,1098,0.26320582877959925
CGC,ATT,R,I,290,2755,0.10526315789473684
CGC,CAA,R,Q,111,1767,0.06281833616298811
CGC,CAC,R,H,328,1520,0.21578947368421053
CGC,CAG,R,Q,331,1767,0.1873231465761177
CGC,CAT,R,H,157,1520,0.10328947368421053
CGC,CCA,R,P,113,2475,0.04565656565656566
CGC,CCC,R,P,266,2475,0.10747474747474747
CGC,CCG,R,P,251,2475,0.10141414141414141
CGC,CCT,R,P,105,2475,0.04242424242424243
CGC,CGA,R,R,127,4638,0.02738249245364381
CGC,CGC,R,R,439,4638,0.09465286761535144
CGC,CGG,R,R,149,4638,0.032125916343251404
CGC,CGT,R,R,318,4638,0.0685640362225097
CGC,CTA,R,L,75,4517,0.016603940668585344
CGC,CTC,R,L,371,4517,0.08213415984060217
CGC,CTG,R,L,288,4517,0.06375913216736773
CGC,CTT,R,L,157,4517,0.034757582466238654
CGC,GAA,R,E,324,2628,0.1232876712328767
CGC,GAC,R,D,740,2799,0.2643801357627724
CGC,GAG,R,E,724,2628,0.2754946727549467
CGC,GAT,R,D,386,2799,0.13790639514112182
CGC,GCA,R,A,138,4768,0.028942953020134228
CGC,GCC,R,A,731,4768,0.15331375838926176
CGC,GCG,R,A,217,4768,0.04551174496644295
CGC,GCT,R,A,353,4768,0.07403523489932885
CGC,GGA,R,G,193,3578,0.05394074902179989
CGC,GGC,R,G,555,3578,0.15511458915595305
CGC,GGG,R,G,224,3578,0.0626048071548351
CGC,GGT,R,G,371,3578,0.10368921185019564
CGC,GTA,R,V,50,3768,0.01326963906581741
CGC,GTC,R,V,614,3768,0.16295116772823778
CGC,GTG,R,V,189,3768,0.05015923566878981
CGC,GTT,R,V,196,3768,0.05201698513800425
CGC,TAC,R,Y,301,1073,0.2805219012115564
CGC,TAT,R,Y,120,1073,0.11183597390493942
CGC,TCA,R,S,82,2884,0.028432732316227463
CGC,TCC,R,S,283,2884,0.09812760055478502
CGC,TCG,R,S,171,2884,0.05929264909847434
CGC,TCT,R,S,109,2884,0.037794729542302355
CGC,TGC,R,C,127,557,0.22800718132854578
CGC,TGG,R,W,338,899,0.3759733036707453
CGC,TGT,R,C,73,557,0.1310592459605027
CGC,TTA,R,L,40,4517,0.008855435023245517
CGC,TTC,R,F,242,1420,0.1704225352112676
CGC,TTG,R,L,94,4517,0.020810272304626964
CGC,TTT,R,F,69,1420,0.048591549295774646
CGG,AAA,R,K,45,1450,0.03103448275862069
CGG,AAC,R,N,63,1278,0.04929577464788732
CGG,AAG,R,K,77,1450,0.05310344827586207
CGG,AAT,R,N,23,1278,0.017996870109546165
CGG,ACA,R,T,46,2973,0.015472586612848975
CGG,ACC,R,T,156,2973,0.05247225025227043
CGG,ACG,R,T,96,2973,0.03229061553985873
CGG,ACT,R,T,81,2973,0.027245206861755803
CGG,AGA,R,R,18,4638,0.0038809831824062097
CGG,AGC,R,S,49,2884,0.01699029126213592
CGG,AGG,R,R,29,4638,0.006252695127210005
CGG,AGT,R,S,28,2884,0.009708737864077669
CGG,ATA,R,I,44,2755,0.015970961887477313
CGG,ATC,R,I,410,2755,0.14882032667876588
CGG,ATG,R,M,413,1098,0.3761384335154827
CGG,ATT,R,I,165,2755,0.05989110707803993
CGG,CAA,R,Q,73,1767,0.041312959818902095
CGG,CAC,R,H,114,1520,0.075
CGG,CAG,R,Q,174,1767,0.09847198641765705
CGG,CAT,R,H,70,1520,0.046052631578947366
CGG,CCA,R,P,58,2475,0.023434343434343436
CGG,CCC,R,P,109,2475,0.04404040404040404
CGG,CCG,R,P,105,2475,0.04242424242424243
CGG,CCT,R,P,62,2475,0.025050505050505052
CGG,CGA,R,R,77,4638,0.016601983613626563
CGG,CGC,R,R,185,4638,0.03988788270806382
CGG,CGG,R,R,118,4638,0.02544200086244071
CGG,CGT,R,R,183,4638,0.03945666235446313
CGG,CTA,R,L,113,4517,0.025016603940668587
CGG,CTC,R,L,210,4517,0.04649103387203896
CGG,CTG,R,L,371,4517,0.08213415984060217
CGG,CTT,R,L,117,4517,0.025902147442993136
CGG,GAA,R,E,172,2628,0.0654490106544901
CGG,GAC,R,D,176,2799,0.06287959985709182
CGG,GAG,R,E,310,2628,0.11796042617960426
CGG,GAT,R,D,123,2799,0.04394426580921758
CGG,GCA,R,A,134,4768,0.028104026845637585
CGG,GCC,R,A,370,4768,0.0776006711409396
CGG,GCG,R,A,221,4768,0.046350671140939596
CGG,GCT,R,A,279,4768,0.05851510067114094
CGG,GGA,R,G,102,3578,0.02850754611514813
CGG,GGC,R,G,155,3578,0.04332029066517608
CGG,GGG,R,G,95,3578,0.02655114589155953
CGG,GGT,R,G,76,3578,0.021240916713247623
CGG,GTA,R,V,135,3768,0.035828025477707005
CGG,GTC,R,V,367,3768,0.0973991507430998
CGG,GTG,R,V,475,3768,0.1260615711252654
CGG,GTT,R,V,193,3768,0.051220806794055204
CGG,TAC,R,Y,123,1073,0.11463187325256291
CGG,TAT,R,Y,68,1073,0.06337371854613234
CGG,TCA,R,S,56,2884,0.019417475728155338
CGG,TCC,R,S,116,2884,0.04022191400832178
CGG,TCG,R,S,137,2884,0.04750346740638003
CGG,TCT,R,S,78,2884,0.027045769764216365
CGG,TGC,R,C,67,557,0.12028725314183124
CGG,TGG,R,W,196,899,0.21802002224694106
CGG,TGT,R,C,47,557,0.0843806104129264
CGG,TTA,R,L,53,4517,0.01173345140580031
CGG,TTC,R,F,247,1420,0.17394366197183098
CGG,TTG,R,L,233,4517,0.05158290901040514
CGG,TTT,R,F,103,1420,0.07253521126760563
CGT,AAA,R,K,69,1450,0.04758620689655172
CGT,AAC,R,N,170,1278,0.13302034428794993
CGT,AAG,R,K,196,1450,0.13517241379310344
CGT,AAT,R,N,65,1278,0.05086071987480438
CGT,ACA,R,T,20,2973,0.006727211570803902
CGT,ACC,R,T,377,2973,0.12680793810965355
CGT,ACG,R,T,56,2973,0.018836192398250923
CGT,ACT,R,T,141,2973,0.04742684157416751
CGT,AGA,R,R,18,4638,0.0038809831824062097
CGT,AGC,R,S,94,2884,0.03259361997226075
CGT,AGG,R,R,32,4638,0.0068995256576110395
CGT,AGT,R,S,41,2884,0.014216366158113732
CGT,ATA,R,I,18,2755,0.006533575317604356
CGT,ATC,R,I,287,2755,0.10417422867513612
CGT,ATG,R,M,122,1098,0.1111111111111111
CGT,ATT,R,I,150,2755,0.0544464609800363
CGT,CAA,R,Q,212,1767,0.11997736276174306
CGT,CAC,R,H,399,1520,0.2625
CGT,CAG,R,Q,589,1767,0.3333333333333333
CGT,CAT,R,H,207,1520,0.1361842105263158
CGT,CCA,R,P,137,2475,0.055353535353535356
CGT,CCC,R,P,300,2475,0.12121212121212122
CGT,CCG,R,P,283,2475,0.11434343434343434
CGT,CCT,R,P,182,2475,0.07353535353535354
CGT,CGA,R,R,186,4638,0.040103492884864166
CGT,CGC,R,R,604,4638,0.13022854678740836
CGT,CGG,R,R,260,4638,0.056058645968089696
CGT,CGT,R,R,538,4638,0.1159982751185856
CGT,CTA,R,L,99,4517,0.021917201682532656
CGT,CTC,R,L,357,4517,0.07903475758246624
CGT,CTG,R,L,422,4517,0.0934248394952402
CGT,CTT,R,L,166,4517,0.03675005534646889
CGT,GAA,R,E,188,2628,0.0715372907153729
CGT,GAC,R,D,671,2799,0.23972847445516257
CGT,GAG,R,E,496,2628,0.1887366818873668
CGT,GAT,R,D,277,2799,0.09896391568417291
CGT,GCA,R,A,91,4768,0.019085570469798658
CGT,GCC,R,A,594,4768,0.12458053691275167
CGT,GCG,R,A,157,4768,0.032927852348993286
CGT,GCT,R,A,249,4768,0.052223154362416105
CGT,GGA,R,G,135,3578,0.03773057574063723
CGT,GGC,R,G,460,3578,0.1285634432643935
CGT,GGG,R,G,145,3578,0.04052543320290665
CGT,GGT,R,G,302,3578,0.08440469536053662
CGT,GTA,R,V,33,3768,0.00875796178343949
CGT,GTC,R,V,245,3768,0.06502123142250531
CGT,GTG,R,V,125,3768,0.033174097664543524
CGT,GTT,R,V,102,3768,0.027070063694267517
CGT,TAC,R,Y,195,1073,0.18173345759552656
CGT,TAT,R,Y,64,1073,0.05964585274930102
CGT,TCA,R,S,44,2884,0.015256588072122053
CGT,TCC,R,S,250,2884,0.08668515950069348
CGT,TCG,R,S,136,2884,0.047156726768377254
CGT,TCT,R,S,105,2884,0.03640776699029126
CGT,TGC,R,C,66,557,0.118491921005386
CGT,TGG,R,W,145,899,0.16129032258064516
CGT,TGT,R,C,39,557,0.07001795332136446
CGT,TTA,R,L,25,4517,0.005534646889528448
CGT,TTC,R,F,205,1420,0.1443661971830986
CGT,TTG,R,L,104,4517,0.023024131060438345
CGT,TTT,R,F,71,1420,0.05
CTA,AAA,L,K,11,1718,0.006402793946449359
CTA,AAC,L,N,21,1643,0.01278149726110773
CTA,AAG,L,K,23,1718,0.01338766006984866
CTA,AAT,L,N,7,1643,0.00426049908703591
CTA,ACA,L,T,19,4576,0.004152097902097902
CTA,ACC,L,T,85,4576,0.018575174825174824
CTA,ACG,L,T,53,4576,0.011582167832167832
CTA,ACT,L,T,32,4576,0.006993006993006993
CTA,AGA,L,R,11,4343,0.0025328114206769514
CTA,AGC,L,S,26,4415,0.005889014722536806
CTA,AGG,L,R,14,4343,0.0032235781717706653
CTA,AGT,L,S,18,4415,0.0040770101925254815
CTA,ATA,L,I,4,3132,0.001277139208173691
CTA,ATC,L,I,19,3132,0.006066411238825032
CTA,ATG,L,M,18,1386,0.012987012987012988
CTA,ATT,L,I,8,3132,0.002554278416347382
CTA,CAA,L,Q,38,1534,0.024771838331160364
CTA,CAC,L,H,53,1466,0.03615279672578445
CTA,CAG,L,Q,71,1534,0.046284224250325946
CTA,CAT,L,H,58,1466,0.03956343792633015
CTA,CCA,L,P,47,3688,0.01274403470715835
CTA,CCC,L,P,139,3688,0.03768980477223427
CTA,CCG,L,P,118,3688,0.031995661605206074
CTA,CCT,L,P,75,3688,0.020336225596529284
CTA,CGA,L,R,62,4343,0.01427584618927009
CTA,CGC,L,R,153,4343,0.03522910430577941
CTA,CGG,L,R,59,4343,0.013585079438176375
CTA,CGT,L,R,93,4343,0.021413769283905135
CTA,CTA,L,L,44,6234,0.007058068655758742
CTA,CTC,L,L,166,6234,0.02662816811036253
CTA,CTG,L,L,153,6234,0.024542829643888354
CTA,CTT,L,L,69,6234,0.011068334937439845
CTA,GAA,L,E,78,3252,0.023985239852398525
CTA,GAC,L,D,98,4619,0.021216713574366747
CTA,GAG,L,E,138,3252,0.042435424354243544
CTA,GAT,L,D,75,4619,0.016237280796709243
CTA,GCA,L,A,92,8622,0.010670378102528416
CTA,GCC,L,A,342,8622,0.03966597077244259
CTA,GCG,L,A,136,8622,0.01577360241243331
CTA,GCT,L,A,178,8622,0.020644861980978892
CTA,GGA,L,G,97,6008,0.016145139813581892
CTA,GGC,L,G,121,6008,0.020139813581890813
CTA,GGG,L,G,100,6008,0.016644474034620507
CTA,GGT,L,G,94,6008,0.015645805592543277
CTA,GTA,L,V,25,6639,0.003765627353517096
CTA,GTC,L,V,103,6639,0.015514384696490436
CTA,GTG,L,V,127,6639,0.019129386955866846
CTA,GTT,L,V,64,6639,0.009640006025003766
CTA,TAC,L,Y,36,1089,0.03305785123966942
CTA,TAT,L,Y,15,1089,0.013774104683195593
CTA,TCA,L,S,43,4415,0.009739524348810872
CTA,TCC,L,S,97,4415,0.021970554926387317
CTA,TCG,L,S,101,4415,0.02287655719139298
CTA,TCT,L,S,57,4415,0.012910532276330692
CTA,TGC,L,C,51,731,0.06976744186046512
CTA,TGG,L,W,86,866,0.09930715935334873
CTA,TGT,L,C,21,731,0.028727770177838577
CTA,TTA,L,L,21,6234,0.003368623676612127
CTA,TTC,L,F,100,1859,0.05379236148466918
CTA,TTG,L,L,76,6234,0.012191209496310555
CTA,TTT,L,F,43,1859,0.023130715438407747
CTC,AAA,L,K,284,1718,0.16530849825378346
CTC,AAC,L,N,728,1643,0.4430919050517346
CTC,AAG,L,K,743,1718,0.43247962747380675
CTC,AAT,L,N,321,1643,0.19537431527693244
CTC,ACA,L,T,111,4576,0.024256993006993008
CTC,ACC,L,T,1061,4576,0.2318618881118881
CTC,ACG,L,T,218,4576,0.047639860139860137
CTC,ACT,L,T,307,4576,0.06708916083916083
CTC,AGA,L,R,32,4343,0.007368178678332949
CTC,AGC,L,S,228,4415,0.051642129105322766
CTC,AGG,L,R,59,4343,0.013585079438176375
CTC,AGT,L,S,89,4415,0.020158550396375992
CTC,ATA,L,I,64,3132,0.020434227330779056
CTC,ATC,L,I,1480,3132,0.4725415070242657
CTC,ATG,L,M,826,1386,0.5959595959595959
CTC,ATT,L,I,520,3132,0.16602809706257982
CTC,CAA,L,Q,82,1534,0.05345501955671447
CTC,CAC,L,H,180,1466,0.12278308321964529
CTC,CAG,L,Q,179,1534,0.1166883963494133
CTC,CAT,L,H,113,1466,0.07708049113233288
CTC,CCA,L,P,49,3688,0.013286334056399132
CTC,CCC,L,P,167,3688,0.04528199566160521
CTC,CCG,L,P,122,3688,0.03308026030368764
CTC,CCT,L,P,45,3688,0.01220173535791757
CTC,CGA,L,R,27,4343,0.006216900759843426
CTC,CGC,L,R,84,4343,0.019341469030623993
CTC,CGG,L,R,50,4343,0.011512779184895234
CTC,CGT,L,R,59,4343,0.013585079438176375
CTC,CTA,L,L,43,6234,0.006897658004491498
CTC,CTC,L,L,398,6234,0.06384343920436317
CTC,CTG,L,L,234,6234,0.03753609239653513
CTC,CTT,L,L,140,6234,0.02245749117741418
CTC,GAA,L,E,312,3252,0.0959409594095941
CTC,GAC,L,D,1485,4619,0.32149815977484303
CTC,GAG,L,E,645,3252,0.19833948339483395
CTC,GAT,L,D,581,4619,0.12578480190517427
CTC,GCA,L,A,173,8622,0.020064950127580607
CTC,GCC,L,A,872,8622,0.10113662723266063
CTC,GCG,L,A,284,8622,0.0329389932730225
CTC,GCT,L,A,377,8622,0.04372535374623057
CTC,GGA,L,G,271,6008,0.045106524633821574
CTC,GGC,L,G,795,6008,0.13232356857523303
CTC,GGG,L,G,298,6008,0.04960053262316911
CTC,GGT,L,G,514,6008,0.0855525965379494
CTC,GTA,L,V,129,6639,0.019430637144148215
CTC,GTC,L,V,1455,6639,0.219159511974695
CTC,GTG,L,V,435,6639,0.06552191595119747
CTC,GTT,L,V,444,6639,0.06687754179846363
CTC,TAC,L,Y,307,1089,0.28191000918273645
CTC,TAT,L,Y,100,1089,0.09182736455463728
CTC,TCA,L,S,62,4415,0.01404303510758777
CTC,TCC,L,S,230,4415,0.052095130237825596
CTC,TCG,L,S,226,4415,0.05118912797281993
CTC,TCT,L,S,82,4415,0.01857304643261608
CTC,TGC,L,C,49,731,0.06703146374829001
CTC,TGG,L,W,81,866,0.09353348729792148
CTC,TGT,L,C,15,731,0.02051983584131327
CTC,TTA,L,L,32,6234,0.005133140840551813
CTC,TTC,L,F,407,1859,0.21893491124260356
CTC,TTG,L,L,100,6234,0.016041065126724416
CTC,TTT,L,F,144,1859,0.07746100053792361
CTG,AAA,L,K,78,1718,0.04540162980209546
CTG,AAC,L,N,153,1643,0.0931223371880706
CTG,AAG,L,K,201,1718,0.1169965075669383
CTG,AAT,L,N,65,1643,0.03956177723676202
CTG,ACA,L,T,170,4576,0.03715034965034965
CTG,ACC,L,T,605,4576,0.13221153846153846
CTG,ACG,L,T,514,4576,0.11232517482517483
CTG,ACT,L,T,229,4576,0.050043706293706296
CTG,AGA,L,R,77,4343,0.01772967994473866
CTG,AGC,L,S,206,4415,0.04665911664779162
CTG,AGG,L,R,113,4343,0.026018880957863227
CTG,AGT,L,S,97,4415,0.021970554926387317
CTG,ATA,L,I,57,3132,0.018199233716475097
CTG,ATC,L,I,229,3132,0.07311621966794381
CTG,ATG,L,M,238,1386,0.1717171717171717
CTG,ATT,L,I,80,3132,0.02554278416347382
CTG,CAA,L,Q,192,1534,0.12516297262059975
CTG,CAC,L,H,410,1466,0.27967257844474763
CTG,CAG,L,Q,387,1534,0.2522816166883963
CTG,CAT,L,H,166,1466,0.11323328785811733
CTG,CCA,L,P,223,3688,0.06046637744034707
CTG,CCC,L,P,472,3688,0.1279826464208243
CTG,CCG,L,P,532,3688,0.1442516268980477
CTG,CCT,L,P,246,3688,0.06670281995661605
CTG,CGA,L,R,222,4343,0.051116739580934836
CTG,CGC,L,R,824,4343,0.18973060096707345
CTG,CGG,L,R,249,4343,0.057333640340778265
CTG,CGT,L,R,604,4343,0.13907437255353441
CTG,CTA,L,L,216,6234,0.03464870067372473
CTG,CTC,L,L,805,6234,0.12913057427013153
CTG,CTG,L,L,960,6234,0.15399422521655437
CTG,CTT,L,L,305,6234,0.04892524863650946
CTG,GAA,L,E,348,3252,0.1070110701107011
CTG,GAC,L,D,500,4619,0.10824853864472829
CTG,GAG,L,E,567,3252,0.17435424354243542
CTG,GAT,L,D,310,4619,0.06711409395973154
CTG,GCA,L,A,426,8622,0.049408489909533754
CTG,GCC,L,A,1357,8622,0.15738807701229413
CTG,GCG,L,A,610,8622,0.07074924611459059
CTG,GCT,L,A,774,8622,0.08977035490605428
CTG,GGA,L,G,422,6008,0.07023968042609853
CTG,GGC,L,G,518,6008,0.08621837549933423
CTG,GGG,L,G,358,6008,0.05958721704394141
CTG,GGT,L,G,356,6008,0.059254327563249
CTG,GTA,L,V,228,6639,0.03434252146407592
CTG,GTC,L,V,611,6639,0.09203193251995782
CTG,GTG,L,V,790,6639,0.11899382437114023
CTG,GTT,L,V,294,6639,0.044283777677361046
CTG,TAC,L,Y,266,1089,0.24426078971533516
CTG,TAT,L,Y,82,1089,0.07529843893480258
CTG,TCA,L,S,199,4415,0.04507361268403171
CTG,TCC,L,S,486,4415,0.110079275198188
CTG,TCG,L,S,487,4415,0.11030577576443941
CTG,TCT,L,S,236,4415,0.05345413363533409
CTG,TGC,L,C,248,731,0.3392612859097127
CTG,TGG,L,W,425,866,0.4907621247113164
CTG,TGT,L,C,118,731,0.16142270861833105
CTG,TTA,L,L,77,6234,0.0123516201475778
CTG,TTC,L,F,483,1859,0.25981710597095214
CTG,TTG,L,L,385,6234,0.061758100737888996
CTG,TTT,L,F,163,1859,0.08768154922001076
CTT,AAA,L,K,70,1718,0.04074505238649592
CTT,AAC,L,N,154,1643,0.09373097991479001
CTT,AAG,L,K,148,1718,0.08614668218859138
CTT,AAT,L,N,79,1643,0.04808277541083384
CTT,ACA,L,T,23,4576,0.005026223776223776
CTT,ACC,L,T,218,4576,0.047639860139860137
CTT,ACG,L,T,52,4576,0.011363636363636364
CTT,ACT,L,T,98,4576,0.021416083916083916
CTT,AGA,L,R,6,4343,0.001381533502187428
CTT,AGC,L,S,47,4415,0.010645526613816535
CTT,AGG,L,R,8,4343,0.0018420446695832373
CTT,AGT,L,S,19,4415,0.004303510758776897
CTT,ATA,L,I,14,3132,0.004469987228607918
CTT,ATC,L,I,291,3132,0.09291187739463602
CTT,ATG,L,M,174,1386,0.12554112554112554
CTT,ATT,L,I,165,3132,0.05268199233716475
CTT,CAA,L,Q,51,1534,0.033246414602346806
CTT,CAC,L,H,128,1466,0.08731241473396999
CTT,CAG,L,Q,130,1534,0.0847457627118644
CTT,CAT,L,H,86,1466,0.058663028649386086
CTT,CCA,L,P,82,3688,0.022234273318872018
CTT,CCC,L,P,215,3688,0.058297180043383946
CTT,CCG,L,P,206,3688,0.055856832971800434
CTT,CCT,L,P,163,3688,0.04419739696312364
CTT,CGA,L,R,45,4343,0.01036150126640571
CTT,CGC,L,R,141,4343,0.03246603730140456
CTT,CGG,L,R,56,4343,0.012894312687082661
CTT,CGT,L,R,120,4343,0.02763067004374856
CTT,CTA,L,L,27,6234,0.004331087584215592
CTT,CTC,L,L,204,6234,0.032723772858517804
CTT,CTG,L,L,101,6234,0.016201475777991657
CTT,CTT,L,L,101,6234,0.016201475777991657
CTT,GAA,L,E,153,3252,0.0470479704797048
CTT,GAC,L,D,758,4619,0.1641047845854081
CTT,GAG,L,E,404,3252,0.12423124231242312
CTT,GAT,L,D,333,4619,0.07209352673738904
CTT,GCA,L,A,87,8622,0.010090466249130133
CTT,GCC,L,A,577,8622,0.06692182788216192
CTT,GCG,L,A,178,8622,0.020644861980978892
CTT,GCT,L,A,307,8622,0.0356065877986546
CTT,GGA,L,G,126,6008,0.020972037283621837
CTT,GGC,L,G,417,6008,0.06940745672436752
CTT,GGG,L,G,166,6008,0.02762982689747004
CTT,GGT,L,G,245,6008,0.04077896138482024
CTT,GTA,L,V,44,6639,0.006627504142190089
CTT,GTC,L,V,444,6639,0.06687754179846363
CTT,GTG,L,V,161,6639,0.0242506401566501
CTT,GTT,L,V,191,6639,0.02876939298087061
CTT,TAC,L,Y,97,1089,0.08907254361799816
CTT,TAT,L,Y,49,1089,0.04499540863177227
CTT,TCA,L,S,45,4415,0.010192525481313703
CTT,TCC,L,S,132,4415,0.029898074745186864
CTT,TCG,L,S,108,4415,0.024462061155152887
CTT,TCT,L,S,80,4415,0.01812004530011325
CTT,TGC,L,C,21,731,0.028727770177838577
CTT,TGG,L,W,18,866,0.020785219399538105
CTT,TGT,L,C,10,731,0.013679890560875513
CTT,TTA,L,L,15,6234,0.002406159769008662
CTT,TTC,L,F,166,1859,0.08929532006455083
CTT,TTG,L,L,62,6234,0.009945460378569138
CTT,TTT,L,F,63,1859,0.03388918773534158
GAA,AAA,E,K,115,1356,0.08480825958702065
GAA,AAC,E,N,185,941,0.19659936238044634
GAA,AAG,E,K,222,1356,0.16371681415929204
GAA,AAT,E,N,83,941,0.08820403825717323
GAA,ACA,E,T,58,2014,0.028798411122144985
GAA,ACC,E,T,308,2014,0.1529294935451837
GAA,ACG,E,T,122,2014,0.0605759682224429
GAA,ACT,E,T,120,2014,0.05958291956305859
GAA,AGA,E,R,40,2671,0.01497566454511419
GAA,AGC,E,S,69,2103,0.03281027104136947
GAA,AGG,E,R,57,2671,0.02134032197678772
GAA,AGT,E,S,35,2103,0.016642891107941038
GAA,ATA,E,I,33,2027,0.016280217069560926
GAA,ATC,E,I,322,2027,0.15885545140601876
GAA,ATG,E,M,177,868,0.20391705069124424
GAA,ATT,E,I,126,2027,0.06216082881105081
GAA,CAA,E,Q,95,1379,0.06889050036258158
GAA,CAC,E,H,209,1017,0.2055063913470993
GAA,CAG,E,Q,288,1379,0.2088469905728789
GAA,CAT,E,H,88,1017,0.08652900688298919
GAA,CCA,E,P,127,2007,0.06327852516193323
GAA,CCC,E,P,212,2007,0.10563029397110114
GAA,CCG,E,P,239,2007,0.11908320876930742
GAA,CCT,E,P,124,2007,0.06178375685102142
GAA,CGA,E,R,104,2671,0.038936727817296894
GAA,CGC,E,R,280,2671,0.10482965181579933
GAA,CGG,E,R,159,2671,0.0595282665668289
GAA,CGT,E,R,190,2671,0.0711344065892924
GAA,CTA,E,L,119,3935,0.030241423125794156
GAA,CTC,E,L,443,3935,0.11257941550190598
GAA,CTG,E,L,385,3935,0.09783989834815757
GAA,CTT,E,L,196,3935,0.049809402795425665
GAA,GAA,E,E,226,2292,0.09860383944153578
GAA,GAC,E,D,312,2038,0.15309126594700687
GAA,GAG,E,E,409,2292,0.17844677137870854
GAA,GAT,E,D,184,2038,0.09028459273797841
GAA,GCA,E,A,140,4464,0.03136200716845878
GAA,GCC,E,A,517,4464,0.11581541218637993
GAA,GCG,E,A,217,4464,0.04861111111111111
GAA,GCT,E,A,302,4464,0.06765232974910394
GAA,GGA,E,G,179,2845,0.06291739894551845
GAA,GGC,E,G,326,2845,0.11458699472759226
GAA,GGG,E,G,203,2845,0.07135325131810194
GAA,GGT,E,G,208,2845,0.07311072056239015
GAA,GTA,E,V,66,3561,0.018534119629317607
GAA,GTC,E,V,323,3561,0.09070485818590283
GAA,GTG,E,V,221,3561,0.06206121875877563
GAA,GTT,E,V,139,3561,0.03903397921932041
GAA,TAC,E,Y,201,793,0.25346784363177804
GAA,TAT,E,Y,65,793,0.08196721311475409
GAA,TCA,E,S,87,2103,0.04136947218259629
GAA,TCC,E,S,244,2103,0.11602472658107466
GAA,TCG,E,S,191,2103,0.09082263433190679
GAA,TCT,E,S,109,2103,0.051830718021873515
GAA,TGC,E,C,72,310,0.23225806451612904
GAA,TGG,E,W,213,564,0.3776595744680851
GAA,TGT,E,C,30,310,0.0967741935483871
GAA,TTA,E,L,68,3935,0.017280813214739517
GAA,TTC,E,F,226,1161,0.19465977605512488
GAA,TTG,E,L,226,3935,0.057433290978398985
GAA,TTT,E,F,97,1161,0.08354866494401378
GAC,AAA,D,K,192,1243,0.15446500402252614
GAC,AAC,D,N,529,995,0.5316582914572864
GAC,AAG,D,K,793,1243,0.6379726468222043
GAC,AAT,D,N,224,995,0.22512562814070353
GAC,ACA,D,T,104,2153,0.048304691128657685
GAC,ACC,D,T,989,2153,0.45935903390617744
GAC,ACG,D,T,214,2153,0.09939619136089178
GAC,ACT,D,T,299,2153,0.13887598699489084
GAC,AGA,D,R,37,2976,0.01243279569892473
GAC,AGC,D,S,184,2287,0.0804547442063839
GAC,AGG,D,R,92,2976,0.030913978494623656
GAC,AGT,D,S,78,2287,0.034105815478793176
GAC,ATA,D,I,39,2027,0.019240256536753823
GAC,ATC,D,I,1104,2027,0.5446472619634929
GAC,ATG,D,M,601,801,0.7503121098626716
GAC,ATT,D,I,378,2027,0.18648248643315243
GAC,CAA,D,Q,180,1344,0.13392857142857142
GAC,CAC,D,H,517,1271,0.4067663257277734
GAC,CAG,D,Q,658,1344,0.4895833333333333
GAC,CAT,D,H,251,1271,0.1974822974036192
GAC,CCA,D,P,213,3018,0.0705765407554672
GAC,CCC,D,P,475,3018,0.1573889993373095
GAC,CCG,D,P,566,3018,0.18754141815772035
GAC,CCT,D,P,221,3018,0.07322730284956926
GAC,CGA,D,R,175,2976,0.05880376344086022
GAC,CGC,D,R,626,2976,0.2103494623655914
GAC,CGG,D,R,352,2976,0.11827956989247312
GAC,CGT,D,R,435,2976,0.1461693548387097
GAC,CTA,D,L,165,4620,0.03571428571428571
GAC,CTC,D,L,1088,4620,0.2354978354978355
GAC,CTG,D,L,776,4620,0.16796536796536796
GAC,CTT,D,L,473,4620,0.10238095238095238
GAC,GAA,D,E,540,3174,0.17013232514177692
GAC,GAC,D,D,1552,3315,0.46817496229260935
GAC,GAG,D,E,1726,3174,0.5437933207309389
GAC,GAT,D,D,774,3315,0.2334841628959276
GAC,GCA,D,A,225,4846,0.04643004539826661
GAC,GCC,D,A,1675,4846,0.34564589352042924
GAC,GCG,D,A,494,4846,0.10193974411886092
GAC,GCT,D,A,739,4846,0.1524969046636401
GAC,GGA,D,G,363,3938,0.09217877094972067
GAC,GGC,D,G,1129,3938,0.2866937531742001
GAC,GGG,D,G,520,3938,0.13204672422549518
GAC,GGT,D,G,723,3938,0.18359573387506348
GAC,GTA,D,V,104,4014,0.025909317389138018
GAC,GTC,D,V,1678,4014,0.41803687095166914
GAC,GTG,D,V,491,4014,0.12232187344294967
GAC,GTT,D,V,524,4014,0.13054309915296464
GAC,TAC,D,Y,484,930,0.5204301075268817
GAC,TAT,D,Y,156,930,0.16774193548387098
GAC,TCA,D,S,106,2287,0.04634892872759073
GAC,TCC,D,S,450,2287,0.19676432006996064
GAC,TCG,D,S,317,2287,0.1386095321381723
GAC,TCT,D,S,200,2287,0.08745080891998251
GAC,TGC,D,C,162,348,0.46551724137931033
GAC,TGG,D,W,441,604,0.7301324503311258
GAC,TGT,D,C,73,348,0.20977011494252873
GAC,TTA,D,L,61,4620,0.013203463203463203
GAC,TTC,D,F,582,1161,0.5012919896640827
GAC,TTG,D,L,231,4620,0.05
GAC,TTT,D,F,174,1161,0.14987080103359174
GAG,AAA,E,K,278,1356,0.20501474926253688
GAG,AAC,E,N,464,941,0.49309245483528164
GAG,AAG,E,K,741,1356,0.5464601769911505
GAG,AAT,E,N,209,941,0.22210414452709884
GAG,ACA,E,T,114,2014,0.05660377358490566
GAG,ACC,E,T,668,2014,0.3316782522343595
GAG,ACG,E,T,367,2014,0.18222442899702085
GAG,ACT,E,T,257,2014,0.12760675273088382
GAG,AGA,E,R,86,2671,0.03219767877199551
GAG,AGC,E,S,136,2103,0.06466951973371374
GAG,AGG,E,R,188,2671,0.07038562336203669
GAG,AGT,E,S,60,2103,0.028530670470756064
GAG,ATA,E,I,60,2027,0.02960039467192896
GAG,ATC,E,I,1081,2027,0.53330044400592
GAG,ATG,E,M,691,868,0.7960829493087558
GAG,ATT,E,I,405,2027,0.19980266403552047
GAG,CAA,E,Q,209,1379,0.15155910079767948
GAG,CAC,E,H,464,1017,0.45624385447394294
GAG,CAG,E,Q,787,1379,0.5707034082668601
GAG,CAT,E,H,256,1017,0.25172074729596855
GAG,CCA,E,P,201,2007,0.10014947683109118
GAG,CCC,E,P,379,2007,0.18883906327852515
GAG,CCG,E,P,496,2007,0.2471350274040857
GAG,CCT,E,P,229,2007,0.11410064773293473
GAG,CGA,E,R,175,2671,0.06551853238487458
GAG,CGC,E,R,592,2671,0.22163983526769002
GAG,CGG,E,R,325,2671,0.1216772744290528
GAG,CGT,E,R,475,2671,0.177836016473231
GAG,CTA,E,L,163,3935,0.04142312579415502
GAG,CTC,E,L,658,3935,0.16721728081321474
GAG,CTG,E,L,741,3935,0.18831003811944091
GAG,CTT,E,L,343,3935,0.08716645489199491
GAG,GAA,E,E,509,2292,0.22207678883071552
GAG,GAC,E,D,990,2038,0.4857703631010795
GAG,GAG,E,E,1148,2292,0.5008726003490401
GAG,GAT,E,D,552,2038,0.27085377821393525
GAG,GCA,E,A,343,4464,0.07683691756272401
GAG,GCC,E,A,1428,4464,0.31989247311827956
GAG,GCG,E,A,647,4464,0.14493727598566308
GAG,GCT,E,A,870,4464,0.19489247311827956
GAG,GGA,E,G,379,2845,0.13321616871704745
GAG,GGC,E,G,682,2845,0.23971880492091388
GAG,GGG,E,G,498,2845,0.1750439367311072
GAG,GGT,E,G,370,2845,0.13005272407732865
GAG,GTA,E,V,213,3561,0.05981465880370682
GAG,GTC,E,V,1167,3561,0.32771693344566133
GAG,GTG,E,V,895,3561,0.2513338949733221
GAG,GTT,E,V,537,3561,0.15080033698399326
GAG,TAC,E,Y,398,793,0.501891551071879
GAG,TAT,E,Y,129,793,0.1626733921815889
GAG,TCA,E,S,135,2103,0.06419400855920114
GAG,TCC,E,S,458,2103,0.21778411792677127
GAG,TCG,E,S,392,2103,0.1864003804089396
GAG,TCT,E,S,187,2103,0.08892058963385639
GAG,TGC,E,C,137,310,0.44193548387096776
GAG,TGG,E,W,351,564,0.6223404255319149
GAG,TGT,E,C,71,310,0.22903225806451613
GAG,TTA,E,L,86,3935,0.02185514612452351
GAG,TTC,E,F,644,1161,0.5546942291128337
GAG,TTG,E,L,507,3935,0.12884371029224906
GAG,TTT,E,F,194,1161,0.16709732988802756
GAT,AAA,D,K,64,1243,0.05148833467417538
GAT,AAC,D,N,165,995,0.1658291457286432
GAT,AAG,D,K,194,1243,0.15607401448109412
GAT,AAT,D,N,77,995,0.07738693467336684
GAT,ACA,D,T,30,2153,0.013934045517882025
GAT,ACC,D,T,319,2153,0.14816535067347886
GAT,ACG,D,T,81,2153,0.037621922898281465
GAT,ACT,D,T,117,2153,0.0543427775197399
GAT,AGA,D,R,15,2976,0.005040322580645161
GAT,AGC,D,S,73,2287,0.031919545255793616
GAT,AGG,D,R,42,2976,0.014112903225806451
GAT,AGT,D,S,28,2287,0.012243113248797552
GAT,ATA,D,I,25,2027,0.0123334977799704
GAT,ATC,D,I,297,2027,0.14652195362604833
GAT,ATG,D,M,200,801,0.24968789013732834
GAT,ATT,D,I,184,2027,0.09077454366058214
GAT,CAA,D,Q,111,1344,0.08258928571428571
GAT,CAC,D,H,329,1271,0.25885129819040126
GAT,CAG,D,Q,395,1344,0.29389880952380953
GAT,CAT,D,H,174,1271,0.13690007867820614
GAT,CCA,D,P,174,3018,0.05765407554671968
GAT,CCC,D,P,448,3018,0.14844267726971505
GAT,CCG,D,P,638,3018,0.21139827700463884
GAT,CCT,D,P,283,3018,0.09377070907886018
GAT,CGA,D,R,142,2976,0.04771505376344086
GAT,CGC,D,R,463,2976,0.1555779569892473
GAT,CGG,D,R,238,2976,0.07997311827956989
GAT,CGT,D,R,359,2976,0.12063172043010753
GAT,CTA,D,L,131,4620,0.028354978354978355
GAT,CTC,D,L,567,4620,0.12272727272727273
GAT,CTG,D,L,612,4620,0.13246753246753246
GAT,CTT,D,L,297,4620,0.06428571428571428
GAT,GAA,D,E,226,3174,0.07120352867044738
GAT,GAC,D,D,680,3315,0.20512820512820512
GAT,GAG,D,E,682,3174,0.2148708254568368
GAT,GAT,D,D,309,3315,0.09321266968325792
GAT,GCA,D,A,122,4846,0.025175402393726783
GAT,GCC,D,A,874,4846,0.18035493190260007
GAT,GCG,D,A,306,4846,0.06314486174164259
GAT,GCT,D,A,411,4846,0.08481221626083368
GAT,GGA,D,G,181,3938,0.04596241747079736
GAT,GGC,D,G,476,3938,0.12087353986795328
GAT,GGG,D,G,236,3938,0.05992889791772473
GAT,GGT,D,G,310,3938,0.0787201625190452
GAT,GTA,D,V,63,4014,0.01569506726457399
GAT,GTC,D,V,594,4014,0.14798206278026907
GAT,GTG,D,V,307,4014,0.07648231190832087
GAT,GTT,D,V,253,4014,0.0630293971101146
GAT,TAC,D,Y,203,930,0.21827956989247313
GAT,TAT,D,Y,87,930,0.0935483870967742
GAT,TCA,D,S,73,2287,0.031919545255793616
GAT,TCC,D,S,411,2287,0.17971141233056406
GAT,TCG,D,S,219,2287,0.09575863576738085
GAT,TCT,D,S,148,2287,0.06471359860078706
GAT,TGC,D,C,74,348,0.21264367816091953
GAT,TGG,D,W,163,604,0.26986754966887416
GAT,TGT,D,C,39,348,0.11206896551724138
GAT,TTA,D,L,47,4620,0.010173160173160173
GAT,TTC,D,F,301,1161,0.25925925925925924
GAT,TTG,D,L,172,4620,0.03722943722943723
GAT,TTT,D,F,104,1161,0.08957795004306632
GCA,AAA,A,K,46,2541,0.01810310901219992
GCA,AAC,A,N,91,1893,0.04807184363444268
GCA,AAG,A,K,112,2541,0.0440771349862259
GCA,AAT,A,N,58,1893,0.0306391970417327
GCA,ACA,A,T,85,4889,0.017385968500715894
GCA,ACC,A,T,271,4889,0.055430558396400084
GCA,ACG,A,T,149,4889,0.030476580077725506
GCA,ACT,A,T,105,4889,0.0214767846185314
GCA,AGA,A,R,31,5336,0.005809595202398801
GCA,AGC,A,S,92,4797,0.01917865332499479
GCA,AGG,A,R,60,5336,0.011244377811094454
GCA,AGT,A,S,56,4797,0.011673962893475089
GCA,ATA,A,I,37,4102,0.00901999024865919
GCA,ATC,A,I,194,4102,0.04729400292540224
GCA,ATG,A,M,189,2027,0.09324124321657622
GCA,ATT,A,I,106,4102,0.025841053144807412
GCA,CAA,A,Q,72,2600,0.027692307692307693
GCA,CAC,A,H,115,1937,0.05937016004130098
GCA,CAG,A,Q,195,2600,0.075
GCA,CAT,A,H,74,1937,0.03820340733092411
GCA,CCA,A,P,98,3441,0.028480092996222027
GCA,CCC,A,P,144,3441,0.041848299912816043
GCA,CCG,A,P,229,3441,0.06655042138913107
GCA,CCT,A,P,89,3441,0.025864574251671026
GCA,CGA,A,R,122,5336,0.022863568215892055
GCA,CGC,A,R,185,5336,0.03467016491754123
GCA,CGG,A,R,147,5336,0.027548725637181408
GCA,CGT,A,R,147,5336,0.027548725637181408
GCA,CTA,A,L,67,7557,0.008865952097393145
GCA,CTC,A,L,165,7557,0.021834061135371178
GCA,CTG,A,L,290,7557,0.0383750165409554
GCA,CTT,A,L,75,7557,0.009924573243350537
GCA,GAA,A,E,151,4601,0.032818952401651814
GCA,GAC,A,D,264,4934,0.053506282934738546
GCA,GAG,A,E,258,4601,0.056074766355140186
GCA,GAT,A,D,188,4934,0.03810295905958654
GCA,GCA,A,A,261,9649,0.027049435174629495
GCA,GCC,A,A,634,9649,0.06570629080733754
GCA,GCG,A,A,333,9649,0.034511348326251426
GCA,GCT,A,A,394,9649,0.04083324696859778
GCA,GGA,A,G,203,7208,0.02816315205327414
GCA,GGC,A,G,244,7208,0.033851276359600446
GCA,GGG,A,G,186,7208,0.025804661487236404
GCA,GGT,A,G,205,7208,0.02844062153163152
GCA,GTA,A,V,99,6931,0.014283653152503246
GCA,GTC,A,V,279,6931,0.040253931611600055
GCA,GTG,A,V,349,6931,0.05035348434569326
GCA,GTT,A,V,120,6931,0.017313518972731208
GCA,TAC,A,Y,73,1393,0.0524048815506102
GCA,TAT,A,Y,59,1393,0.04235463029432879
GCA,TCA,A,S,110,4797,0.02293099854075464
GCA,TCC,A,S,249,4797,0.05190744215134459
GCA,TCG,A,S,185,4797,0.038565770273087344
GCA,TCT,A,S,122,4797,0.025432562017927873
GCA,TGC,A,C,77,922,0.08351409978308026
GCA,TGG,A,W,278,1251,0.2222222222222222
GCA,TGT,A,C,62,922,0.06724511930585683
GCA,TTA,A,L,59,7557,0.007807330951435755
GCA,TTC,A,F,163,2150,0.0758139534883721
GCA,TTG,A,L,173,7557,0.02289268228132857
GCA,TTT,A,F,68,2150,0.03162790697674418
GCC,AAA,A,K,338,2541,0.1330184966548603
GCC,AAC,A,N,681,1893,0.35974643423137875
GCC,AAG,A,K,1116,2541,0.43919716646989376
GCC,AAT,A,N,374,1893,0.19756999471737982
GCC,ACA,A,T,190,4889,0.03886275311924729
GCC,ACC,A,T,1297,4889,0.26528942524033544
GCC,ACG,A,T,380,4889,0.07772550623849458
GCC,ACT,A,T,385,4889,0.07874821026794845
GCC,AGA,A,R,91,5336,0.01705397301349325
GCC,AGC,A,S,445,4797,0.0927663122785074
GCC,AGG,A,R,183,5336,0.03429535232383808
GCC,AGT,A,S,226,4797,0.047112778820095895
GCC,ATA,A,I,78,4102,0.01901511457825451
GCC,ATC,A,I,1370,4102,0.3339834227206241
GCC,ATG,A,M,867,2027,0.42772570300937346
GCC,ATT,A,I,497,4102,0.12116040955631399
GCC,CAA,A,Q,279,2600,0.10730769230769231
GCC,CAC,A,H,591,1937,0.3051109963861642
GCC,CAG,A,Q,960,2600,0.36923076923076925
GCC,CAT,A,H,374,1937,0.19308208569953536
GCC,CCA,A,P,204,3441,0.05928509154315606
GCC,CCC,A,P,385,3441,0.11188607962801511
GCC,CCG,A,P,568,3441,0.16506829410055215
GCC,CCT,A,P,189,3441,0.05492589363557106
GCC,CGA,A,R,276,5336,0.05172413793103448
GCC,CGC,A,R,760,5336,0.1424287856071964
GCC,CGG,A,R,424,5336,0.07946026986506746
GCC,CGT,A,R,514,5336,0.09632683658170915
GCC,CTA,A,L,215,7557,0.02845044329760487
GCC,CTC,A,L,1008,7557,0.1333862643906312
GCC,CTG,A,L,1025,7557,0.13563583432579066
GCC,CTT,A,L,407,7557,0.053857350800582245
GCC,GAA,A,E,617,4601,0.13410128232992827
GCC,GAC,A,D,1540,4934,0.3121199837859749
GCC,GAG,A,E,1627,4601,0.35361877852640733
GCC,GAT,A,D,826,4934,0.1674098094852047
GCC,GCA,A,A,527,9649,0.05461705876256607
GCC,GCC,A,A,1407,9649,0.14581821950461188
GCC,GCG,A,A,536,9649,0.05554979790651881
GCC,GCT,A,A,745,9649,0.0772100735827547
GCC,GGA,A,G,730,7208,0.10127635960044395
GCC,GGC,A,G,804,7208,0.11154273029966703
GCC,GGG,A,G,772,7208,0.10710321864594895
GCC,GGT,A,G,848,7208,0.11764705882352941
GCC,GTA,A,V,168,6931,0.02423892656182369
GCC,GTC,A,V,1531,6931,0.22089164622709564
GCC,GTG,A,V,588,6931,0.08483624296638291
GCC,GTT,A,V,461,6931,0.0665127687202424
GCC,TAC,A,Y,528,1393,0.37903804737975594
GCC,TAT,A,Y,262,1393,0.18808327351040918
GCC,TCA,A,S,176,4797,0.03668959766520742
GCC,TCC,A,S,516,4797,0.10756722951844903
GCC,TCG,A,S,448,4797,0.09339170314780071
GCC,TCT,A,S,206,4797,0.0429435063581405
GCC,TGC,A,C,291,922,0.3156182212581345
GCC,TGG,A,W,431,1251,0.3445243804956035
GCC,TGT,A,C,146,922,0.15835140997830802
GCC,TTA,A,L,131,7557,0.017334921265052268
GCC,TTC,A,F,857,2150,0.3986046511627907
GCC,TTG,A,L,551,7557,0.07291253142781527
GCC,TTT,A,F,252,2150,0.1172093023255814
GCG,AAA,A,K,151,2541,0.0594254230617867
GCG,AAC,A,N,221,1893,0.1167459059693608
GCG,AAG,A,K,355,2541,0.13970877607241244
GCG,AAT,A,N,144,1893,0.07606973058637084
GCG,ACA,A,T,126,4889,0.025772141542237677
GCG,ACC,A,T,489,4889,0.10002045408058907
GCG,ACG,A,T,442,4889,0.09040703620372265
GCG,ACT,A,T,200,4889,0.040908161178155045
GCG,AGA,A,R,41,5336,0.007683658170914542
GCG,AGC,A,S,150,4797,0.031269543464665414
GCG,AGG,A,R,110,5336,0.020614692653673165
GCG,AGT,A,S,92,4797,0.01917865332499479
GCG,ATA,A,I,70,4102,0.017064846416382253
GCG,ATC,A,I,732,4102,0.17844953681131157
GCG,ATG,A,M,703,2027,0.3468179575727676
GCG,ATT,A,I,288,4102,0.07020965382740127
GCG,CAA,A,Q,96,2600,0.036923076923076927
GCG,CAC,A,H,161,1937,0.08311822405782138
GCG,CAG,A,Q,311,2600,0.11961538461538461
GCG,CAT,A,H,89,1937,0.04594734124935467
GCG,CCA,A,P,115,3441,0.033420517291485034
GCG,CCC,A,P,139,3441,0.04039523394362104
GCG,CCG,A,P,255,3441,0.07410636442894507
GCG,CCT,A,P,107,3441,0.031095611740773032
GCG,CGA,A,R,149,5336,0.02792353823088456
GCG,CGC,A,R,273,5336,0.05116191904047976
GCG,CGG,A,R,207,5336,0.03879310344827586
GCG,CGT,A,R,192,5336,0.035982008995502246
GCG,CTA,A,L,124,7557,0.01640862776233955
GCG,CTC,A,L,298,7557,0.0394336376869128
GCG,CTG,A,L,703,7557,0.09302633320100569
GCG,CTT,A,L,149,7557,0.0197168188434564
GCG,GAA,A,E,188,4601,0.04086068246033471
GCG,GAC,A,D,261,4934,0.05289825699229834
GCG,GAG,A,E,373,4601,0.08106933275374918
GCG,GAT,A,D,206,4934,0.04175111471422781
GCG,GCA,A,A,374,9649,0.03876049331536947
GCG,GCC,A,A,744,9649,0.07710643590009328
GCG,GCG,A,A,485,9649,0.05026427609078661
GCG,GCT,A,A,490,9649,0.05078246450409369
GCG,GGA,A,G,241,7208,0.03343507214206437
GCG,GGC,A,G,302,7208,0.04189789123196448
GCG,GGG,A,G,254,7208,0.035238623751387345
GCG,GGT,A,G,220,7208,0.030521642619311874
GCG,GTA,A,V,231,6931,0.03332852402250758
GCG,GTC,A,V,548,6931,0.07906506997547251
GCG,GTG,A,V,825,6931,0.11903044293752706
GCG,GTT,A,V,253,6931,0.03650266916750829
GCG,TAC,A,Y,137,1393,0.09834888729361091
GCG,TAT,A,Y,71,1393,0.050969131371141424
GCG,TCA,A,S,166,4797,0.034604961434229725
GCG,TCC,A,S,239,4797,0.0498228059203669
GCG,TCG,A,S,337,4797,0.0702522409839483
GCG,TCT,A,S,106,4797,0.022097144048363562
GCG,TGC,A,C,119,922,0.12906724511930587
GCG,TGG,A,W,389,1251,0.31095123900879296
GCG,TGT,A,C,74,922,0.08026030368763558
GCG,TTA,A,L,80,7557,0.010586211459573905
GCG,TTC,A,F,228,2150,0.10604651162790697
GCG,TTG,A,L,323,7557,0.04274182876802964
GCG,TTT,A,F,85,2150,0.03953488372093023
GCT,AAA,A,K,107,2541,0.04210940574576938
GCT,AAC,A,N,218,1893,0.11516111991547807
GCT,AAG,A,K,316,2541,0.12436048799685163
GCT,AAT,A,N,106,1893,0.055995773903856315
GCT,ACA,A,T,43,4889,0.008795254653303334
GCT,ACC,A,T,419,4889,0.0857025976682348
GCT,ACG,A,T,126,4889,0.025772141542237677
GCT,ACT,A,T,182,4889,0.03722642667212109
GCT,AGA,A,R,30,5336,0.005622188905547227
GCT,AGC,A,S,129,4797,0.02689180737961226
GCT,AGG,A,R,51,5336,0.009557721139430285
GCT,AGT,A,S,77,4797,0.016051698978528248
GCT,ATA,A,I,25,4102,0.006094588005850805
GCT,ATC,A,I,459,4102,0.11189663578742078
GCT,ATG,A,M,268,2027,0.1322150962012827
GCT,ATT,A,I,246,4102,0.05997074597757192
GCT,CAA,A,Q,161,2600,0.06192307692307692
GCT,CAC,A,H,341,1937,0.17604543107898812
GCT,CAG,A,Q,526,2600,0.2023076923076923
GCT,CAT,A,H,192,1937,0.0991223541559112
GCT,CCA,A,P,109,3441,0.03167683812845103
GCT,CCC,A,P,313,3441,0.09096192967160709
GCT,CCG,A,P,312,3441,0.09067131647776809
GCT,CCT,A,P,185,3441,0.053763440860215055
GCT,CGA,A,R,197,5336,0.03691904047976012
GCT,CGC,A,R,483,5336,0.09051724137931035
GCT,CGG,A,R,256,5336,0.047976011994003
GCT,CGT,A,R,407,5336,0.07627436281859071
GCT,CTA,A,L,107,7557,0.014159057827180098
GCT,CTC,A,L,428,7557,0.05663623130872039
GCT,CTG,A,L,560,7557,0.07410348021701733
GCT,CTT,A,L,231,7557,0.03056768558951965
GCT,GAA,A,E,358,4601,0.07780917191914802
GCT,GAC,A,D,1013,4934,0.2053100932306445
GCT,GAG,A,E,1029,4601,0.22364703325364052
GCT,GAT,A,D,636,4934,0.12890149979732468
GCT,GCA,A,A,253,9649,0.026220333713338168
GCT,GCC,A,A,1160,9649,0.1202197118872422
GCT,GCG,A,A,555,9649,0.05751891387708571
GCT,GCT,A,A,751,9649,0.07783189967872318
GCT,GGA,A,G,399,7208,0.05535516093229745
GCT,GGC,A,G,736,7208,0.10210876803551609
GCT,GGG,A,G,462,7208,0.06409544950055494
GCT,GGT,A,G,602,7208,0.0835183129855716
GCT,GTA,A,V,80,6931,0.011542345981820806
GCT,GTC,A,V,662,6931,0.09551291299956716
GCT,GTG,A,V,422,6931,0.06088587505410475
GCT,GTT,A,V,315,6931,0.04544798730341942
GCT,TAC,A,Y,174,1393,0.1249102656137832
GCT,TAT,A,Y,89,1393,0.06389088298636038
GCT,TCA,A,S,92,4797,0.01917865332499479
GCT,TCC,A,S,279,4797,0.058161350844277676
GCT,TCG,A,S,180,4797,0.0375234521575985
GCT,TCT,A,S,119,4797,0.024807171148634562
GCT,TGC,A,C,84,922,0.0911062906724512
GCT,TGG,A,W,153,1251,0.1223021582733813
GCT,TGT,A,C,69,922,0.07483731019522777
GCT,TTA,A,L,76,7557,0.01005690088659521
GCT,TTC,A,F,354,2150,0.16465116279069766
GCT,TTG,A,L,312,7557,0.04128622469233823
GCT,TTT,A,F,143,2150,0.06651162790697675
GGA,AAA,G,K,101,2155,0.04686774941995359
GGA,AAC,G,N,156,1550,0.10064516129032258
GGA,AAG,G,K,212,2155,0.09837587006960556
GGA,AAT,G,N,95,1550,0.06129032258064516
GGA,ACA,G,T,94,3752,0.025053304904051173
GGA,ACC,G,T,367,3752,0.09781449893390191
GGA,ACG,G,T,177,3752,0.04717484008528785
GGA,ACT,G,T,153,3752,0.04077825159914712
GGA,AGA,G,R,28,4363,0.006417602567041027
GGA,AGC,G,S,80,3895,0.02053915275994865
GGA,AGG,G,R,55,4363,0.012606005042402018
GGA,AGT,G,S,59,3895,0.015147625160462131
GGA,ATA,G,I,45,3417,0.013169446883230905
GGA,ATC,G,I,371,3417,0.10857477319285923
GGA,ATG,G,M,255,1545,0.1650485436893204
GGA,ATT,G,I,193,3417,0.056482294410301434
GGA,CAA,G,Q,81,2103,0.03851640513552068
GGA,CAC,G,H,190,1757,0.10813887307911212
GGA,CAG,G,Q,280,2103,0.1331431288635283
GGA,CAT,G,H,109,1757,0.062037564029595905
GGA,CCA,G,P,98,2727,0.03593692702603594
GGA,CCC,G,P,90,2727,0.033003300330033
GGA,CCG,G,P,185,2727,0.06784011734506784
GGA,CCT,G,P,65,2727,0.023835716905023837
GGA,CGA,G,R,195,4363,0.04469401787760715
GGA,CGC,G,R,426,4363,0.09763923905569562
GGA,CGG,G,R,194,4363,0.04446481778592711
GGA,CGT,G,R,273,4363,0.06257162502865
GGA,CTA,G,L,89,6175,0.014412955465587044
GGA,CTC,G,L,239,6175,0.03870445344129555
GGA,CTG,G,L,328,6175,0.05311740890688259
GGA,CTT,G,L,104,6175,0.016842105263157894
GGA,GAA,G,E,146,2998,0.04869913275517011
GGA,GAC,G,D,248,3270,0.07584097859327217
GGA,GAG,G,E,225,2998,0.07505003335557038
GGA,GAT,G,D,163,3270,0.04984709480122324
GGA,GCA,G,A,178,6105,0.029156429156429155
GGA,GCC,G,A,508,6105,0.08321048321048322
GGA,GCG,G,A,279,6105,0.0457002457002457
GGA,GCT,G,A,310,6105,0.050778050778050775
GGA,GGA,G,G,130,4747,0.02738571729513377
GGA,GGC,G,G,220,4747,0.04634506003791868
GGA,GGG,G,G,102,4747,0.021487255108489572
GGA,GGT,G,G,123,4747,0.02591110174847272
GGA,GTA,G,V,85,5518,0.015404131931859369
GGA,GTC,G,V,347,5518,0.06288510329829648
GGA,GTG,G,V,288,5518,0.05219282348677057
GGA,GTT,G,V,176,5518,0.03189561435302646
GGA,TAC,G,Y,215,1570,0.13694267515923567
GGA,TAT,G,Y,117,1570,0.07452229299363057
GGA,TCA,G,S,139,3895,0.035686777920410785
GGA,TCC,G,S,262,3895,0.06726572528883183
GGA,TCG,G,S,355,3895,0.09114249037227215
GGA,TCT,G,S,107,3895,0.027471116816431322
GGA,TGC,G,C,111,740,0.15
GGA,TGG,G,W,302,1321,0.22861468584405753
GGA,TGT,G,C,52,740,0.07027027027027027
GGA,TTA,G,L,52,6175,0.008421052631578947
GGA,TTC,G,F,486,2149,0.22615169846440206
GGA,TTG,G,L,213,6175,0.03449392712550607
GGA,TTT,G,F,166,2149,0.07724523033969288
GGC,AAA,G,K,258,2155,0.1197215777262181
GGC,AAC,G,N,522,1550,0.3367741935483871
GGC,AAG,G,K,934,2155,0.4334106728538283
GGC,AAT,G,N,282,1550,0.18193548387096775
GGC,ACA,G,T,129,3752,0.034381663113006396
GGC,ACC,G,T,940,3752,0.2505330490405117
GGC,ACG,G,T,336,3752,0.08955223880597014
GGC,ACT,G,T,329,3752,0.08768656716417911
GGC,AGA,G,R,54,4363,0.01237680495072198
GGC,AGC,G,S,209,3895,0.05365853658536585
GGC,AGG,G,R,123,4363,0.02819161127664451
GGC,AGT,G,S,107,3895,0.027471116816431322
GGC,ATA,G,I,54,3417,0.015803336259877086
GGC,ATC,G,I,1016,3417,0.29733684518583553
GGC,ATG,G,M,660,1545,0.42718446601941745
GGC,ATT,G,I,339,3417,0.09920983318700614
GGC,CAA,G,Q,164,2103,0.07798383262006657
GGC,CAC,G,H,400,1757,0.22766078542970974
GGC,CAG,G,Q,579,2103,0.275320970042796
GGC,CAT,G,H,246,1757,0.1400113830392715
GGC,CCA,G,P,139,2727,0.05097176384305097
GGC,CCC,G,P,311,2727,0.11404473780711405
GGC,CCG,G,P,443,2727,0.16244957829116244
GGC,CCT,G,P,150,2727,0.05500550055005501
GGC,CGA,G,R,153,4363,0.03506761402704561
GGC,CGC,G,R,361,4363,0.08274123309649324
GGC,CGG,G,R,208,4363,0.04767361906944763
GGC,CGT,G,R,291,4363,0.06669722667889068
GGC,CTA,G,L,141,6175,0.022834008097165993
GGC,CTC,G,L,416,6175,0.06736842105263158
GGC,CTG,G,L,717,6175,0.11611336032388664
GGC,CTT,G,L,194,6175,0.031417004048583
GGC,GAA,G,E,244,2998,0.08138759172781855
GGC,GAC,G,D,788,3270,0.24097859327217125
GGC,GAG,G,E,835,2998,0.27851901267511675
GGC,GAT,G,D,394,3270,0.12048929663608562
GGC,GCA,G,A,222,6105,0.03636363636363636
GGC,GCC,G,A,752,6105,0.12317772317772317
GGC,GCG,G,A,330,6105,0.05405405405405406
GGC,GCT,G,A,419,6105,0.06863226863226864
GGC,GGA,G,G,370,4747,0.07794396460922688
GGC,GGC,G,G,752,4747,0.15841584158415842
GGC,GGG,G,G,379,4747,0.07983989888350537
GGC,GGT,G,G,496,4747,0.10448704444912577
GGC,GTA,G,V,111,5518,0.020115984052192823
GGC,GTC,G,V,939,5518,0.17017035157665822
GGC,GTG,G,V,422,5518,0.07647698441464298
GGC,GTT,G,V,313,5518,0.056723450525552735
GGC,TAC,G,Y,415,1570,0.2643312101910828
GGC,TAT,G,Y,153,1570,0.09745222929936306
GGC,TCA,G,S,107,3895,0.027471116816431322
GGC,TCC,G,S,288,3895,0.07394094993581515
GGC,TCG,G,S,287,3895,0.07368421052631578
GGC,TCT,G,S,129,3895,0.0331193838254172
GGC,TGC,G,C,189,740,0.2554054054054054
GGC,TGG,G,W,503,1321,0.380772142316427
GGC,TGT,G,C,93,740,0.12567567567567567
GGC,TTA,G,L,64,6175,0.010364372469635627
GGC,TTC,G,F,345,2149,0.16053978594695206
GGC,TTG,G,L,290,6175,0.04696356275303644
GGC,TTT,G,F,107,2149,0.049790600279199626
GGG,AAA,G,K,92,2155,0.04269141531322506
GGG,AAC,G,N,117,1550,0.07548387096774194
GGG,AAG,G,K,153,2155,0.07099767981438515
GGG,AAT,G,N,77,1550,0.04967741935483871
GGG,ACA,G,T,85,3752,0.0226545842217484
GGG,ACC,G,T,210,3752,0.055970149253731345
GGG,ACG,G,T,211,3752,0.05623667377398721
GGG,ACT,G,T,104,3752,0.02771855010660981
GGG,AGA,G,R,43,4363,0.009855603942241577
GGG,AGC,G,S,56,3895,0.014377406931964057
GGG,AGG,G,R,64,4363,0.014668805867522347
GGG,AGT,G,S,38,3895,0.00975609756097561
GGG,ATA,G,I,45,3417,0.013169446883230905
GGG,ATC,G,I,435,3417,0.1273046532045654
GGG,ATG,G,M,363,1545,0.23495145631067962
GGG,ATT,G,I,198,3417,0.05794556628621598
GGG,CAA,G,Q,107,2103,0.050879695672848314
GGG,CAC,G,H,206,1757,0.11724530449630051
GGG,CAG,G,Q,308,2103,0.14645744174988112
GGG,CAT,G,H,131,1757,0.07455890722822994
GGG,CCA,G,P,131,2727,0.048038137147048035
GGG,CCC,G,P,112,2727,0.04107077374404107
GGG,CCG,G,P,317,2727,0.11624495782911624
GGG,CCT,G,P,121,2727,0.04437110377704437
GGG,CGA,G,R,136,4363,0.031171212468484987
GGG,CGC,G,R,284,4363,0.06509282603713042
GGG,CGG,G,R,170,4363,0.038964015585606235
GGG,CGT,G,R,257,4363,0.05890442356176943
GGG,CTA,G,L,134,6175,0.021700404858299594
GGG,CTC,G,L,342,6175,0.055384615384615386
GGG,CTG,G,L,644,6175,0.1042914979757085
GGG,CTT,G,L,180,6175,0.029149797570850202
GGG,GAA,G,E,190,2998,0.06337558372248166
GGG,GAC,G,D,287,3270,0.08776758409785933
GGG,GAG,G,E,409,2998,0.13642428285523683
GGG,GAT,G,D,241,3270,0.07370030581039755
GGG,GCA,G,A,240,6105,0.03931203931203931
GGG,GCC,G,A,457,6105,0.07485667485667485
GGG,GCG,G,A,354,6105,0.057985257985257985
GGG,GCT,G,A,301,6105,0.049303849303849304
GGG,GGA,G,G,155,4747,0.0326522013903518
GGG,GGC,G,G,128,4747,0.026964398567516326
GGG,GGG,G,G,36,4747,0.007583737097113966
GGG,GGT,G,G,88,4747,0.018538024015167475
GGG,GTA,G,V,158,5518,0.028633562885103298
GGG,GTC,G,V,495,5518,0.08970641536788691
GGG,GTG,G,V,555,5518,0.10057992026096411
GGG,GTT,G,V,266,5518,0.04820587169264226
GGG,TAC,G,Y,206,1570,0.13121019108280255
GGG,TAT,G,Y,130,1570,0.08280254777070063
GGG,TCA,G,S,141,3895,0.0362002567394095
GGG,TCC,G,S,195,3895,0.05006418485237484
GGG,TCG,G,S,271,3895,0.06957637997432606
GGG,TCT,G,S,133,3895,0.03414634146341464
GGG,TGC,G,C,110,740,0.14864864864864866
GGG,TGG,G,W,259,1321,0.19606358819076458
GGG,TGT,G,C,54,740,0.07297297297297298
GGG,TTA,G,L,83,6175,0.013441295546558705
GGG,TTC,G,F,436,2149,0.20288506281991625
GGG,TTG,G,L,304,6175,0.04923076923076923
GGG,TTT,G,F,155,2149,0.07212657049790601
GGT,AAA,G,K,118,2155,0.054756380510440836
GGT,AAC,G,N,201,1550,0.1296774193548387
GGT,AAG,G,K,287,2155,0.13317865429234338
GGT,AAT,G,N,100,1550,0.06451612903225806
GGT,ACA,G,T,35,3752,0.009328358208955223
GGT,ACC,G,T,289,3752,0.07702558635394456
GGT,ACG,G,T,115,3752,0.030650319829424306
GGT,ACT,G,T,178,3752,0.04744136460554371
GGT,AGA,G,R,21,4363,0.00481320192528077
GGT,AGC,G,S,105,3895,0.026957637997432605
GGT,AGG,G,R,49,4363,0.011230804492321797
GGT,AGT,G,S,45,3895,0.011553273427471117
GGT,ATA,G,I,18,3417,0.0052677787532923615
GGT,ATC,G,I,455,3417,0.1331577407082236
GGT,ATG,G,M,267,1545,0.17281553398058253
GGT,ATT,G,I,248,3417,0.07257828504536143
GGT,CAA,G,Q,114,2103,0.05420827389443652
GGT,CAC,G,H,290,1757,0.16505406943653955
GGT,CAG,G,Q,470,2103,0.2234902520209225
GGT,CAT,G,H,185,1757,0.10529311326124074
GGT,CCA,G,P,95,2727,0.034836817015034834
GGT,CCC,G,P,142,2727,0.05207187385405207
GGT,CCG,G,P,236,2727,0.08654198753208654
GGT,CCT,G,P,92,2727,0.033736707004033736
GGT,CGA,G,R,123,4363,0.02819161127664451
GGT,CGC,G,R,352,4363,0.0806784322713729
GGT,CGG,G,R,202,4363,0.04629841851936741
GGT,CGT,G,R,301,4363,0.06898922759569104
GGT,CTA,G,L,133,6175,0.021538461538461538
GGT,CTC,G,L,288,6175,0.046639676113360326
GGT,CTG,G,L,692,6175,0.11206477732793522
GGT,CTT,G,L,181,6175,0.02931174089068826
GGT,GAA,G,E,234,2998,0.0780520346897932
GGT,GAC,G,D,786,3270,0.24036697247706423
GGT,GAG,G,E,715,2998,0.23849232821881255
GGT,GAT,G,D,363,3270,0.11100917431192661
GGT,GCA,G,A,141,6105,0.023095823095823097
GGT,GCC,G,A,774,6105,0.12678132678132678
GGT,GCG,G,A,388,6105,0.06355446355446355
GGT,GCT,G,A,452,6105,0.07403767403767404
GGT,GGA,G,G,274,4747,0.057720665683589634
GGT,GGC,G,G,701,4747,0.14767221402991362
GGT,GGG,G,G,337,4747,0.07099220560353908
GGT,GGT,G,G,456,4747,0.09606066989677692
GGT,GTA,G,V,80,5518,0.014498006524102935
GGT,GTC,G,V,536,5518,0.09713664371148967
GGT,GTG,G,V,474,5518,0.08590068865530989
GGT,GTT,G,V,273,5518,0.04947444726350127
GGT,TAC,G,Y,236,1570,0.1503184713375796
GGT,TAT,G,Y,98,1570,0.062420382165605096
GGT,TCA,G,S,114,3895,0.02926829268292683
GGT,TCC,G,S,270,3895,0.0693196405648267
GGT,TCG,G,S,260,3895,0.06675224646983312
GGT,TCT,G,S,138,3895,0.03543003851091143
GGT,TGC,G,C,85,740,0.11486486486486487
GGT,TGG,G,W,257,1321,0.19454958364875094
GGT,TGT,G,C,46,740,0.062162162162162166
GGT,TTA,G,L,63,6175,0.010202429149797571
GGT,TTC,G,F,319,2149,0.14844113541181944
GGT,TTG,G,L,284,6175,0.0459919028340081
GGT,TTT,G,F,135,2149,0.06281991624011168
GTA,AAA,V,K,26,1826,0.014238773274917854
GTA,AAC,V,N,40,1763,0.022688598979013045
GTA,AAG,V,K,60,1826,0.03285870755750274
GTA,AAT,V,N,29,1763,0.016449234259784458
GTA,ACA,V,T,33,4564,0.007230499561787906
GTA,ACC,V,T,108,4564,0.02366345311130587
GTA,ACG,V,T,78,4564,0.017090271691498685
GTA,ACT,V,T,43,4564,0.009421560035056967
GTA,AGA,V,R,8,3963,0.0020186727226848347
GTA,AGC,V,S,45,3986,0.011289513296537882
GTA,AGG,V,R,20,3963,0.005046681806712087
GTA,AGT,V,S,19,3986,0.004766683391871551
GTA,ATA,V,I,11,3545,0.0031029619181946405
GTA,ATC,V,I,53,3545,0.014950634696755994
GTA,ATG,V,M,45,1554,0.02895752895752896
GTA,ATT,V,I,21,3545,0.005923836389280677
GTA,CAA,V,Q,32,1477,0.021665538253215978
GTA,CAC,V,H,71,1340,0.05298507462686567
GTA,CAG,V,Q,92,1477,0.06228842247799594
GTA,CAT,V,H,49,1340,0.03656716417910448
GTA,CCA,V,P,60,3248,0.01847290640394089
GTA,CCC,V,P,95,3248,0.029248768472906403
GTA,CCG,V,P,140,3248,0.04310344827586207
GTA,CCT,V,P,36,3248,0.011083743842364532
GTA,CGA,V,R,61,3963,0.015392379510471866
GTA,CGC,V,R,145,3963,0.03658844309866263
GTA,CGG,V,R,63,3963,0.015897047691143074
GTA,CGT,V,R,107,3963,0.026999747665909665
GTA,CTA,V,L,42,6113,0.006870603631604777
GTA,CTC,V,L,174,6113,0.028463929330934074
GTA,CTG,V,L,200,6113,0.032717160150498935
GTA,CTT,V,L,79,6113,0.01292327825944708
GTA,GAA,V,E,63,3686,0.01709169831795985
GTA,GAC,V,D,110,4281,0.02569493109086662
GTA,GAG,V,E,112,3686,0.030385241454150842
GTA,GAT,V,D,72,4281,0.016818500350385426
GTA,GCA,V,A,83,7256,0.011438809261300992
GTA,GCC,V,A,257,7256,0.03541896361631753
GTA,GCG,V,A,118,7256,0.016262403528114665
GTA,GCT,V,A,176,7256,0.024255788313120176
GTA,GGA,V,G,61,5206,0.01171724932769881
GTA,GGC,V,G,111,5206,0.021321552055320783
GTA,GGG,V,G,83,5206,0.015943142527852477
GTA,GGT,V,G,94,5206,0.018056089127929314
GTA,GTA,V,V,24,6555,0.0036613272311212816
GTA,GTC,V,V,116,6555,0.01769641495041953
GTA,GTG,V,V,134,6555,0.02044241037376049
GTA,GTT,V,V,42,6555,0.006407322654462242
GTA,TAC,V,Y,37,1021,0.03623898139079334
GTA,TAT,V,Y,25,1021,0.024485798237022526
GTA,TCA,V,S,29,3986,0.007275464124435524
GTA,TCC,V,S,99,3986,0.02483692925238334
GTA,TCG,V,S,90,3986,0.022579026593075764
GTA,TCT,V,S,52,3986,0.013045659809332665
GTA,TGC,V,C,59,786,0.07506361323155217
GTA,TGG,V,W,103,881,0.11691259931895573
GTA,TGT,V,C,28,786,0.035623409669211195
GTA,TTA,V,L,19,6113,0.003108130214297399
GTA,TTC,V,F,151,1842,0.08197611292073832
GTA,TTG,V,L,118,6113,0.01930312448879437
GTA,TTT,V,F,45,1842,0.024429967426710098
GTC,AAA,V,K,282,1826,0.15443592552026286
GTC,AAC,V,N,717,1763,0.40669313669880885
GTC,AAG,V,K,848,1826,0.4644030668127054
GTC,AAT,V,N,394,1763,0.2234826999432785
GTC,ACA,V,T,160,4564,0.035056967572304996
GTC,ACC,V,T,1298,4564,0.28439964943032425
GTC,ACG,V,T,342,4564,0.07493426818580193
GTC,ACT,V,T,409,4564,0.08961437335670465
GTC,AGA,V,R,55,3963,0.01387837496845824
GTC,AGC,V,S,370,3986,0.09282488710486704
GTC,AGG,V,R,128,3963,0.032298763562957356
GTC,AGT,V,S,202,3986,0.050677370797792276
GTC,ATA,V,I,84,3545,0.02369534555712271
GTC,ATC,V,I,1653,3545,0.46629055007052184
GTC,ATG,V,M,913,1554,0.5875160875160875
GTC,ATT,V,I,624,3545,0.17602256699576868
GTC,CAA,V,Q,116,1477,0.07853757616790792
GTC,CAC,V,H,323,1340,0.24104477611940298
GTC,CAG,V,Q,403,1477,0.2728503723764387
GTC,CAT,V,H,196,1340,0.14626865671641792
GTC,CCA,V,P,96,3248,0.029556650246305417
GTC,CCC,V,P,310,3248,0.09544334975369458
GTC,CCG,V,P,371,3248,0.11422413793103449
GTC,CCT,V,P,105,3248,0.032327586206896554
GTC,CGA,V,R,103,3963,0.025990411304567248
GTC,CGC,V,R,325,3963,0.08200857935907141
GTC,CGG,V,R,167,3963,0.04213979308604592
GTC,CGT,V,R,223,3963,0.056270502144839765
GTC,CTA,V,L,88,6113,0.014395550466219532
GTC,CTC,V,L,655,6113,0.10714869949288401
GTC,CTG,V,L,477,6113,0.07803042695893997
GTC,CTT,V,L,296,6113,0.04842139702273843
GTC,GAA,V,E,459,3686,0.1245252306022789
GTC,GAC,V,D,1507,4281,0.3520205559448727
GTC,GAG,V,E,1486,3686,0.40314704286489417
GTC,GAT,V,D,853,4281,0.19925251109553843
GTC,GCA,V,A,372,7256,0.051267916207276734
GTC,GCC,V,A,1309,7256,0.18040242557883132
GTC,GCG,V,A,502,7256,0.06918412348401323
GTC,GCT,V,A,620,7256,0.08544652701212789
GTC,GGA,V,G,457,5206,0.08778332693046485
GTC,GGC,V,G,831,5206,0.15962351133307723
GTC,GGG,V,G,596,5206,0.11448328851325394
GTC,GGT,V,G,745,5206,0.14310411064156742
GTC,GTA,V,V,155,6555,0.02364607170099161
GTC,GTC,V,V,2121,6555,0.32356979405034325
GTC,GTG,V,V,645,6555,0.09839816933638444
GTC,GTT,V,V,634,6555,0.09672006102212052
GTC,TAC,V,Y,401,1021,0.39275220372184133
GTC,TAT,V,Y,140,1021,0.13712047012732614
GTC,TCA,V,S,143,3986,0.035875564475664826
GTC,TCC,V,S,491,3986,0.12318113396889112
GTC,TCG,V,S,332,3986,0.08329152032112393
GTC,TCT,V,S,190,3986,0.047666833918715505
GTC,TGC,V,C,171,786,0.21755725190839695
GTC,TGG,V,W,217,881,0.246311010215664
GTC,TGT,V,C,105,786,0.13358778625954199
GTC,TTA,V,L,49,6113,0.008015704236872239
GTC,TTC,V,F,519,1842,0.28175895765472314
GTC,TTG,V,L,240,6113,0.03926059218059873
GTC,TTT,V,F,259,1842,0.14060803474484257
GTG,AAA,V,K,119,1826,0.0651697699890471
GTG,AAC,V,N,194,1763,0.11003970504821327
GTG,AAG,V,K,274,1826,0.15005476451259583
GTG,AAT,V,N,133,1763,0.07543959160521838
GTG,ACA,V,T,184,4564,0.040315512708150744
GTG,ACC,V,T,554,4564,0.12138475021910605
GTG,ACG,V,T,643,4564,0.1408851884312007
GTG,ACT,V,T,232,4564,0.05083260297984225
GTG,AGA,V,R,78,3963,0.01968205904617714
GTG,AGC,V,S,286,3986,0.07175112895132965
GTG,AGG,V,R,170,3963,0.042896795357052736
GTG,AGT,V,S,128,3986,0.032112393376818864
GTG,ATA,V,I,44,3545,0.012411847672778562
GTG,ATC,V,I,384,3545,0.10832157968970381
GTG,ATG,V,M,427,1554,0.2747747747747748
GTG,ATT,V,I,156,3545,0.04400564174894217
GTG,CAA,V,Q,126,1477,0.08530805687203792
GTG,CAC,V,H,234,1340,0.1746268656716418
GTG,CAG,V,Q,422,1477,0.2857142857142857
GTG,CAT,V,H,133,1340,0.09925373134328358
GTG,CCA,V,P,189,3248,0.05818965517241379
GTG,CCC,V,P,283,3248,0.08713054187192118
GTG,CCG,V,P,542,3248,0.16687192118226601
GTG,CCT,V,P,169,3248,0.052032019704433496
GTG,CGA,V,R,216,3963,0.05450416351249054
GTG,CGC,V,R,632,3963,0.15947514509210195
GTG,CGG,V,R,285,3963,0.07191521574564724
GTG,CGT,V,R,509,3963,0.12843805198082262
GTG,CTA,V,L,174,6113,0.028463929330934074
GTG,CTC,V,L,707,6113,0.11565516113201374
GTG,CTG,V,L,1052,6113,0.1720922623916244
GTG,CTT,V,L,285,6113,0.046621953214460984
GTG,GAA,V,E,243,3686,0.06592512208355941
GTG,GAC,V,D,348,4281,0.08128941836019622
GTG,GAG,V,E,526,3686,0.14270211611502984
GTG,GAT,V,D,237,4281,0.05536089698668535
GTG,GCA,V,A,364,7256,0.050165380374862185
GTG,GCC,V,A,888,7256,0.12238147739801543
GTG,GCG,V,A,596,7256,0.08213891951488424
GTG,GCT,V,A,498,7256,0.06863285556780595
GTG,GGA,V,G,266,5206,0.051094890510948905
GTG,GGC,V,G,350,5206,0.06723011909335382
GTG,GGG,V,G,295,5206,0.05666538609296965
GTG,GGT,V,G,277,5206,0.05320783711102574
GTG,GTA,V,V,135,6555,0.020594965675057208
GTG,GTC,V,V,498,6555,0.07597254004576659
GTG,GTG,V,V,706,6555,0.10770404271548437
GTG,GTT,V,V,249,6555,0.037986270022883295
GTG,TAC,V,Y,180,1021,0.1762977473065622
GTG,TAT,V,Y,71,1021,0.06953966699314397
GTG,TCA,V,S,113,3986,0.028349222277972905
GTG,TCC,V,S,286,3986,0.07175112895132965
GTG,TCG,V,S,323,3986,0.08103361766181635
GTG,TCT,V,S,142,3986,0.03562468640240843
GTG,TGC,V,C,232,786,0.2951653944020356
GTG,TGG,V,W,507,881,0.5754824063564131
GTG,TGT,V,C,116,786,0.1475826972010178
GTG,TTA,V,L,65,6113,0.010633077048912155
GTG,TTC,V,F,372,1842,0.20195439739413681
GTG,TTG,V,L,447,6113,0.07312285293636513
GTG,TTT,V,F,154,1842,0.08360477741585233
GTT,AAA,V,K,53,1826,0.029025191675794086
GTT,AAC,V,N,157,1763,0.0890527509926262
GTT,AAG,V,K,164,1826,0.08981380065717415
GTT,AAT,V,N,99,1763,0.05615428247305729
GTT,ACA,V,T,26,4564,0.0056967572304995615
GTT,ACC,V,T,264,4564,0.057843996494303246
GTT,ACG,V,T,76,4564,0.016652059596844872
GTT,ACT,V,T,114,4564,0.02497808939526731
GTT,AGA,V,R,9,3963,0.002271006813020439
GTT,AGC,V,S,49,3986,0.012293025589563472
GTT,AGG,V,R,20,3963,0.005046681806712087
GTT,AGT,V,S,44,3986,0.011038635223281485
GTT,ATA,V,I,13,3545,0.0036671368124118475
GTT,ATC,V,I,325,3545,0.09167842031029619
GTT,ATG,V,M,169,1554,0.10875160875160875
GTT,ATT,V,I,177,3545,0.04992947813822285
GTT,CAA,V,Q,64,1477,0.043331076506431955
GTT,CAC,V,H,203,1340,0.15149253731343285
GTT,CAG,V,Q,222,1477,0.15030467163168584
GTT,CAT,V,H,131,1340,0.09776119402985074
GTT,CCA,V,P,87,3248,0.026785714285714284
GTT,CCC,V,P,293,3248,0.09020935960591132
GTT,CCG,V,P,291,3248,0.0895935960591133
GTT,CCT,V,P,181,3248,0.055726600985221676
GTT,CGA,V,R,81,3963,0.02043906131718395
GTT,CGC,V,R,255,3963,0.0643451930355791
GTT,CGG,V,R,116,3963,0.029270754478930103
GTT,CGT,V,R,187,3963,0.04718647489275801
GTT,CTA,V,L,43,6113,0.007034189432357271
GTT,CTC,V,L,349,6113,0.05709144446262064
GTT,CTG,V,L,221,6113,0.03615246196630133
GTT,CTT,V,L,176,6113,0.028791100932439063
GTT,GAA,V,E,160,3686,0.04340748779164406
GTT,GAC,V,D,768,4281,0.17939733707077785
GTT,GAG,V,E,637,3686,0.17281606077048292
GTT,GAT,V,D,386,4281,0.09016584910067742
GTT,GCA,V,A,123,7256,0.01695148842337376
GTT,GCC,V,A,705,7256,0.09716097023153253
GTT,GCG,V,A,283,7256,0.03900220507166483
GTT,GCT,V,A,362,7256,0.04988974641675854
GTT,GGA,V,G,131,5206,0.025163273146369573
GTT,GGC,V,G,392,5206,0.07529773338455628
GTT,GGG,V,G,189,5206,0.03630426431041106
GTT,GGT,V,G,328,5206,0.06300422589320015
GTT,GTA,V,V,53,6555,0.008085430968726163
GTT,GTC,V,V,519,6555,0.07917620137299772
GTT,GTG,V,V,261,6555,0.039816933638443935
GTT,GTT,V,V,263,6555,0.04012204424103737
GTT,TAC,V,Y,109,1021,0.10675808031341821
GTT,TAT,V,Y,58,1021,0.05680705190989226
GTT,TCA,V,S,59,3986,0.014801806322127445
GTT,TCC,V,S,231,3986,0.057952834922227796
GTT,TCG,V,S,155,3986,0.038886101354741597
GTT,TCT,V,S,108,3986,0.027094831911690917
GTT,TGC,V,C,41,786,0.05216284987277354
GTT,TGG,V,W,54,881,0.06129398410896708
GTT,TGT,V,C,34,786,0.043256997455470736
GTT,TTA,V,L,28,6113,0.004580402421069851
GTT,TTC,V,F,250,1842,0.13572204125950055
GTT,TTG,V,L,129,6113,0.021102568297071814
GTT,TTT,V,F,92,1842,0.0499457111834962
TAC,AAA,Y,K,53,336,0.15773809523809523
TAC,AAC,Y,N,266,358,0.7430167597765364
TAC,AAG,Y,K,211,336,0.6279761904761905
TAC,AAT,Y,N,20,358,0.055865921787709494
TAC,ACA,Y,T,34,796,0.04271356783919598
TAC,ACC,Y,T,510,796,0.6407035175879398
TAC,ACG,Y,T,99,796,0.12437185929648241
TAC,ACT,Y,T,31,796,0.038944723618090454
TAC,AGA,Y,R,11,1174,0.009369676320272573
TAC,AGC,Y,S,88,876,0.1004566210045662
TAC,AGG,Y,R,14,1174,0.01192504258943782
TAC,AGT,Y,S,15,876,0.017123287671232876
TAC,ATA,Y,I,12,523,0.022944550669216062
TAC,ATC,Y,I,342,523,0.6539196940726577
TAC,ATG,Y,M,182,232,0.7844827586206896
TAC,ATT,Y,I,83,523,0.1586998087954111
TAC,CAA,Y,Q,94,532,0.17669172932330826
TAC,CAC,Y,H,212,356,0.5955056179775281
TAC,CAG,Y,Q,282,532,0.5300751879699248
TAC,CAT,Y,H,39,356,0.10955056179775281
TAC,CCA,Y,P,69,794,0.08690176322418136
TAC,CCC,Y,P,156,794,0.1964735516372796
TAC,CCG,Y,P,261,794,0.32871536523929473
TAC,CCT,Y,P,35,794,0.04408060453400504
TAC,CGA,Y,R,148,1174,0.1260647359454855
TAC,CGC,Y,R,348,1174,0.29642248722316866
TAC,CGG,Y,R,187,1174,0.15928449744463374
TAC,CGT,Y,R,143,1174,0.12180579216354344
TAC,CTA,Y,L,72,1594,0.0451693851944793
TAC,CTC,Y,L,400,1594,0.25094102885821834
TAC,CTG,Y,L,370,1594,0.23212045169385195
TAC,CTT,Y,L,101,1594,0.06336260978670012
TAC,GAA,Y,E,118,711,0.1659634317862166
TAC,GAC,Y,D,582,993,0.5861027190332326
TAC,GAG,Y,E,375,711,0.5274261603375527
TAC,GAT,Y,D,103,993,0.10372608257804633
TAC,GCA,Y,A,91,1357,0.06705969049373618
TAC,GCC,Y,A,523,1357,0.38540899042004423
TAC,GCG,Y,A,159,1357,0.11717022844509949
TAC,GCT,Y,A,130,1357,0.09579955784819455
TAC,GGA,Y,G,129,1296,0.09953703703703703
TAC,GGC,Y,G,390,1296,0.30092592592592593
TAC,GGG,Y,G,168,1296,0.12962962962962962
TAC,GGT,Y,G,189,1296,0.14583333333333334
TAC,GTA,Y,V,41,1187,0.03454085930918281
TAC,GTC,Y,V,465,1187,0.3917438921651222
TAC,GTG,Y,V,180,1187,0.15164279696714406
TAC,GTT,Y,V,104,1187,0.08761583824768324
TAC,TAC,Y,Y,207,341,0.6070381231671554
TAC,TAT,Y,Y,36,341,0.10557184750733138
TAC,TCA,Y,S,59,876,0.06735159817351598
TAC,TCC,Y,S,251,876,0.2865296803652968
TAC,TCG,Y,S,160,876,0.182648401826484
TAC,TCT,Y,S,44,876,0.0502283105022831
TAC,TGC,Y,C,97,164,0.5914634146341463
TAC,TGG,Y,W,179,255,0.7019607843137254
TAC,TGT,Y,C,24,164,0.14634146341463414
TAC,TTA,Y,L,27,1594,0.016938519447929738
TAC,TTC,Y,F,267,494,0.5404858299595142
TAC,TTG,Y,L,121,1594,0.07590966122961104
TAC,TTT,Y,F,69,494,0.1396761133603239
TAT,AAA,Y,K,18,336,0.05357142857142857
TAT,AAC,Y,N,58,358,0.16201117318435754
TAT,AAG,Y,K,54,336,0.16071428571428573
TAT,AAT,Y,N,14,358,0.03910614525139665
TAT,ACA,Y,T,5,796,0.00628140703517588
TAT,ACC,Y,T,88,796,0.11055276381909548
TAT,ACG,Y,T,21,796,0.026381909547738693
TAT,ACT,Y,T,8,796,0.010050251256281407
TAT,AGA,Y,R,5,1174,0.004258943781942078
TAT,AGC,Y,S,20,876,0.0228310502283105
TAT,AGG,Y,R,5,1174,0.004258943781942078
TAT,AGT,Y,S,3,876,0.003424657534246575
TAT,ATA,Y,I,4,523,0.0076481835564053535
TAT,ATC,Y,I,64,523,0.12237093690248566
TAT,ATG,Y,M,50,232,0.21551724137931033
TAT,ATT,Y,I,18,523,0.03441682600382409
TAT,CAA,Y,Q,40,532,0.07518796992481203
TAT,CAC,Y,H,94,356,0.2640449438202247
TAT,CAG,Y,Q,116,532,0.21804511278195488
TAT,CAT,Y,H,11,356,0.03089887640449438
TAT,CCA,Y,P,35,794,0.04408060453400504
TAT,CCC,Y,P,102,794,0.12846347607052896
TAT,CCG,Y,P,111,794,0.1397984886649874
TAT,CCT,Y,P,25,794,0.031486146095717885
TAT,CGA,Y,R,49,1174,0.041737649063032366
TAT,CGC,Y,R,134,1174,0.1141396933560477
TAT,CGG,Y,R,80,1174,0.06814310051107325
TAT,CGT,Y,R,50,1174,0.04258943781942078
TAT,CTA,Y,L,33,1594,0.02070263488080301
TAT,CTC,Y,L,133,1594,0.0834378920953576
TAT,CTG,Y,L,182,1594,0.11417816813048934
TAT,CTT,Y,L,73,1594,0.045796737766624844
TAT,GAA,Y,E,46,711,0.06469760900140648
TAT,GAC,Y,D,261,993,0.2628398791540785
TAT,GAG,Y,E,172,711,0.2419127988748242
TAT,GAT,Y,D,47,993,0.0473313192346425
TAT,GCA,Y,A,40,1357,0.029476787030213707
TAT,GCC,Y,A,270,1357,0.19896831245394253
TAT,GCG,Y,A,104,1357,0.07663964627855564
TAT,GCT,Y,A,40,1357,0.029476787030213707
TAT,GGA,Y,G,65,1296,0.05015432098765432
TAT,GGC,Y,G,205,1296,0.15817901234567902
TAT,GGG,Y,G,64,1296,0.04938271604938271
TAT,GGT,Y,G,86,1296,0.06635802469135803
TAT,GTA,Y,V,19,1187,0.016006739679865205
TAT,GTC,Y,V,195,1187,0.16427969671440606
TAT,GTG,Y,V,133,1187,0.11204717775905644
TAT,GTT,Y,V,50,1187,0.04212299915754002
TAT,TAC,Y,Y,90,341,0.26392961876832843
TAT,TAT,Y,Y,8,341,0.02346041055718475
TAT,TCA,Y,S,33,876,0.03767123287671233
TAT,TCC,Y,S,97,876,0.11073059360730593
TAT,TCG,Y,S,88,876,0.1004566210045662
TAT,TCT,Y,S,18,876,0.02054794520547945
TAT,TGC,Y,C,38,164,0.23170731707317074
TAT,TGG,Y,W,76,255,0.2980392156862745
TAT,TGT,Y,C,5,164,0.03048780487804878
TAT,TTA,Y,L,13,1594,0.008155583437892095
TAT,TTC,Y,F,129,494,0.2611336032388664
TAT,TTG,Y,L,69,1594,0.04328732747804266
TAT,TTT,Y,F,29,494,0.058704453441295545
TCA,AAA,S,K,29,1266,0.022906793048973143
TCA,AAC,S,N,60,1050,0.05714285714285714
TCA,AAG,S,K,74,1266,0.05845181674565561
TCA,AAT,S,N,32,1050,0.030476190476190476
TCA,ACA,S,T,55,2847,0.01931858096241658
TCA,ACC,S,T,137,2847,0.04812082894274675
TCA,ACG,S,T,94,2847,0.03301721109940288
TCA,ACT,S,T,54,2847,0.018967334035827187
TCA,AGA,S,R,19,3176,0.005982367758186398
TCA,AGC,S,S,40,3006,0.01330671989354624
TCA,AGG,S,R,17,3176,0.0053526448362720405
TCA,AGT,S,S,30,3006,0.00998003992015968
TCA,ATA,S,I,18,1898,0.009483667017913594
TCA,ATC,S,I,102,1898,0.05374077976817703
TCA,ATG,S,M,119,991,0.12008072653884964
TCA,ATT,S,I,53,1898,0.02792413066385669
TCA,CAA,S,Q,34,1605,0.02118380062305296
TCA,CAC,S,H,71,1193,0.05951383067896061
TCA,CAG,S,Q,97,1605,0.06043613707165109
TCA,CAT,S,H,27,1193,0.022632020117351215
TCA,CCA,S,P,51,2348,0.0217206132879046
TCA,CCC,S,P,71,2348,0.030238500851788756
TCA,CCG,S,P,106,2348,0.04514480408858603
TCA,CCT,S,P,44,2348,0.018739352640545145
TCA,CGA,S,R,72,3176,0.022670025188916875
TCA,CGC,S,R,91,3176,0.028652392947103273
TCA,CGG,S,R,96,3176,0.030226700251889168
TCA,CGT,S,R,75,3176,0.023614609571788413
TCA,CTA,S,L,27,3990,0.006766917293233083
TCA,CTC,S,L,41,3990,0.010275689223057645
TCA,CTG,S,L,131,3990,0.032832080200501254
TCA,CTT,S,L,35,3990,0.008771929824561403
TCA,GAA,S,E,63,2106,0.029914529914529916
TCA,GAC,S,D,93,2507,0.03709613083366574
TCA,GAG,S,E,79,2106,0.03751187084520418
TCA,GAT,S,D,75,2507,0.029916234543278818
TCA,GCA,S,A,134,4605,0.029098805646036917
TCA,GCC,S,A,249,4605,0.054071661237785014
TCA,GCG,S,A,175,4605,0.038002171552660155
TCA,GCT,S,A,159,4605,0.03452768729641694
TCA,GGA,S,G,127,4291,0.029596830575623397
TCA,GGC,S,G,131,4291,0.030529014215800513
TCA,GGG,S,G,89,4291,0.020741085993940808
TCA,GGT,S,G,108,4291,0.025168958284782102
TCA,GTA,S,V,64,3581,0.017872102764590895
TCA,GTC,S,V,118,3581,0.03295168947221447
TCA,GTG,S,V,209,3581,0.05836358559061715
TCA,GTT,S,V,58,3581,0.0161965931304105
TCA,TAC,S,Y,27,915,0.029508196721311476
TCA,TAT,S,Y,27,915,0.029508196721311476
TCA,TCA,S,S,32,3006,0.010645375914836993
TCA,TCC,S,S,60,3006,0.01996007984031936
TCA,TCG,S,S,99,3006,0.03293413173652695
TCA,TCT,S,S,45,3006,0.014970059880239521
TCA,TGC,S,C,27,425,0.06352941176470588
TCA,TGG,S,W,130,908,0.14317180616740088
TCA,TGT,S,C,21,425,0.04941176470588235
TCA,TTA,S,L,14,3990,0.0035087719298245615
TCA,TTC,S,F,58,1358,0.042709867452135494
TCA,TTG,S,L,69,3990,0.017293233082706767
TCA,TTT,S,F,25,1358,0.018409425625920472
TCC,AAA,S,K,102,1266,0.08056872037914692
TCC,AAC,S,N,225,1050,0.21428571428571427
TCC,AAG,S,K,298,1266,0.2353870458135861
TCC,AAT,S,N,97,1050,0.09238095238095238
TCC,ACA,S,T,63,2847,0.022128556375131718
TCC,ACC,S,T,429,2847,0.1506849315068493
TCC,ACG,S,T,147,2847,0.051633298208640675
TCC,ACT,S,T,143,2847,0.0502283105022831
TCC,AGA,S,R,31,3176,0.009760705289672544
TCC,AGC,S,S,164,3006,0.054557551563539586
TCC,AGG,S,R,48,3176,0.015113350125944584
TCC,AGT,S,S,71,3006,0.023619427811044577
TCC,ATA,S,I,31,1898,0.016332982086406742
TCC,ATC,S,I,362,1898,0.19072708113804004
TCC,ATG,S,M,247,991,0.24924318869828457
TCC,ATT,S,I,125,1898,0.06585879873551106
TCC,CAA,S,Q,127,1605,0.07912772585669782
TCC,CAC,S,H,257,1193,0.2154233025984912
TCC,CAG,S,Q,418,1605,0.2604361370716511
TCC,CAT,S,H,139,1193,0.1165129924559933
TCC,CCA,S,P,96,2348,0.04088586030664395
TCC,CCC,S,P,226,2348,0.09625212947189098
TCC,CCG,S,P,279,2348,0.11882453151618398
TCC,CCT,S,P,80,2348,0.034071550255536626
TCC,CGA,S,R,112,3176,0.03526448362720403
TCC,CGC,S,R,259,3176,0.08154911838790932
TCC,CGG,S,R,199,3176,0.0626574307304786
TCC,CGT,S,R,171,3176,0.05384130982367758
TCC,CTA,S,L,91,3990,0.02280701754385965
TCC,CTC,S,L,360,3990,0.09022556390977443
TCC,CTG,S,L,417,3990,0.10451127819548872
TCC,CTT,S,L,113,3990,0.02832080200501253
TCC,GAA,S,E,177,2106,0.08404558404558404
TCC,GAC,S,D,507,2507,0.20223374551256482
TCC,GAG,S,E,448,2106,0.2127255460588794
TCC,GAT,S,D,286,2507,0.11408057439170323
TCC,GCA,S,A,119,4605,0.025841476655808902
TCC,GCC,S,A,337,4605,0.0731813246471227
TCC,GCG,S,A,159,4605,0.03452768729641694
TCC,GCT,S,A,182,4605,0.03952225841476656
TCC,GGA,S,G,229,4291,0.05336751340013983
TCC,GGC,S,G,360,4291,0.08389652761594034
TCC,GGG,S,G,315,4291,0.0734094616639478
TCC,GGT,S,G,358,4291,0.08343043579585178
TCC,GTA,S,V,40,3581,0.01117006422786931
TCC,GTC,S,V,259,3581,0.07232616587545379
TCC,GTG,S,V,171,3581,0.0477520245741413
TCC,GTT,S,V,99,3581,0.02764590896397654
TCC,TAC,S,Y,223,915,0.24371584699453552
TCC,TAT,S,Y,110,915,0.12021857923497267
TCC,TCA,S,S,124,3006,0.04125083166999335
TCC,TCC,S,S,221,3006,0.07351962741184298
TCC,TCG,S,S,277,3006,0.09214903526280772
TCC,TCT,S,S,91,3006,0.030272787757817696
TCC,TGC,S,C,102,425,0.24
TCC,TGG,S,W,234,908,0.2577092511013216
TCC,TGT,S,C,50,425,0.11764705882352941
TCC,TTA,S,L,38,3990,0.009523809523809525
TCC,TTC,S,F,444,1358,0.3269513991163476
TCC,TTG,S,L,209,3990,0.05238095238095238
TCC,TTT,S,F,111,1358,0.0817378497790869
TCG,AAA,S,K,85,1266,0.06714060031595577
TCG,AAC,S,N,167,1050,0.15904761904761905
TCG,AAG,S,K,279,1266,0.22037914691943128
TCG,AAT,S,N,116,1050,0.11047619047619048
TCG,ACA,S,T,104,2847,0.0365296803652968
TCG,ACC,S,T,359,2847,0.12609764664559184
TCG,ACG,S,T,393,2847,0.1380400421496312
TCG,ACT,S,T,151,2847,0.05303828591499824
TCG,AGA,S,R,27,3176,0.00850125944584383
TCG,AGC,S,S,103,3006,0.034264803725881574
TCG,AGG,S,R,71,3176,0.022355163727959697
TCG,AGT,S,S,75,3006,0.0249500998003992
TCG,ATA,S,I,38,1898,0.020021074815595362
TCG,ATC,S,I,457,1898,0.24077976817702845
TCG,ATG,S,M,453,991,0.4571140262361251
TCG,ATT,S,I,157,1898,0.0827186512118019
TCG,CAA,S,Q,60,1605,0.037383177570093455
TCG,CAC,S,H,88,1193,0.07376362112321877
TCG,CAG,S,Q,207,1605,0.12897196261682242
TCG,CAT,S,H,57,1193,0.04777870913663034
TCG,CCA,S,P,68,2348,0.028960817717206135
TCG,CCC,S,P,93,2348,0.03960817717206133
TCG,CCG,S,P,179,2348,0.0762350936967632
TCG,CCT,S,P,59,2348,0.02512776831345826
TCG,CGA,S,R,102,3176,0.03211586901763224
TCG,CGC,S,R,220,3176,0.06926952141057935
TCG,CGG,S,R,199,3176,0.0626574307304786
TCG,CGT,S,R,184,3176,0.05793450881612091
TCG,CTA,S,L,74,3990,0.018546365914786967
TCG,CTC,S,L,127,3990,0.03182957393483709
TCG,CTG,S,L,367,3990,0.09197994987468672
TCG,CTT,S,L,64,3990,0.016040100250626566
TCG,GAA,S,E,125,2106,0.059354226020892686
TCG,GAC,S,D,205,2507,0.08177104108496211
TCG,GAG,S,E,239,2106,0.11348528015194682
TCG,GAT,S,D,145,2507,0.05783805345033905
TCG,GCA,S,A,247,4605,0.053637350705754615
TCG,GCC,S,A,556,4605,0.12073832790445169
TCG,GCG,S,A,349,4605,0.0757871878393051
TCG,GCT,S,A,316,4605,0.06862106406080347
TCG,GGA,S,G,217,4291,0.05057096247960848
TCG,GGC,S,G,263,4291,0.0612910743416453
TCG,GGG,S,G,240,4291,0.05593101841062689
TCG,GGT,S,G,231,4291,0.053833605220228384
TCG,GTA,S,V,161,3581,0.04495950851717397
TCG,GTC,S,V,352,3581,0.09829656520524993
TCG,GTG,S,V,695,3581,0.19407986595922927
TCG,GTT,S,V,208,3581,0.05808433398492041
TCG,TAC,S,Y,93,915,0.10163934426229508
TCG,TAT,S,Y,50,915,0.0546448087431694
TCG,TCA,S,S,122,3006,0.04058549567531603
TCG,TCC,S,S,134,3006,0.044577511643379905
TCG,TCG,S,S,254,3006,0.08449767132401863
TCG,TCT,S,S,86,3006,0.028609447771124417
TCG,TGC,S,C,49,425,0.11529411764705882
TCG,TGG,S,W,281,908,0.30947136563876654
TCG,TGT,S,C,29,425,0.06823529411764706
TCG,TTA,S,L,35,3990,0.008771929824561403
TCG,TTC,S,F,123,1358,0.09057437407952872
TCG,TTG,S,L,198,3990,0.04962406015037594
TCG,TTT,S,F,47,1358,0.03460972017673049
TCT,AAA,S,K,25,1266,0.019747235387045814
TCT,AAC,S,N,55,1050,0.05238095238095238
TCT,AAG,S,K,73,1266,0.05766192733017378
TCT,AAT,S,N,31,1050,0.029523809523809525
TCT,ACA,S,T,15,2847,0.005268703898840885
TCT,ACC,S,T,105,2847,0.0368809272918862
TCT,ACG,S,T,36,2847,0.012644889357218124
TCT,ACT,S,T,34,2847,0.01194239550403934
TCT,AGA,S,R,8,3176,0.0025188916876574307
TCT,AGC,S,S,44,3006,0.014637391882900865
TCT,AGG,S,R,11,3176,0.0034634760705289673
TCT,AGT,S,S,23,3006,0.007651363938789089
TCT,ATA,S,I,7,1898,0.0036880927291886197
TCT,ATC,S,I,108,1898,0.05690200210748156
TCT,ATG,S,M,53,991,0.05348133198789102
TCT,ATT,S,I,47,1898,0.02476290832455216
TCT,CAA,S,Q,52,1605,0.032398753894081
TCT,CAC,S,H,121,1193,0.10142497904442582
TCT,CAG,S,Q,179,1605,0.11152647975077881
TCT,CAT,S,H,69,1193,0.057837384744341996
TCT,CCA,S,P,43,2348,0.018313458262350937
TCT,CCC,S,P,120,2348,0.05110732538330494
TCT,CCG,S,P,143,2348,0.06090289608177172
TCT,CCT,S,P,61,2348,0.025979557069846677
TCT,CGA,S,R,78,3176,0.02455919395465995
TCT,CGC,S,R,127,3176,0.039987405541561716
TCT,CGG,S,R,104,3176,0.0327455919395466
TCT,CGT,S,R,132,3176,0.041561712846347604
TCT,CTA,S,L,27,3990,0.006766917293233083
TCT,CTC,S,L,113,3990,0.02832080200501253
TCT,CTG,S,L,142,3990,0.03558897243107769
TCT,CTT,S,L,68,3990,0.017042606516290727
TCT,GAA,S,E,99,2106,0.04700854700854701
TCT,GAC,S,D,356,2507,0.14200239329876346
TCT,GAG,S,E,251,2106,0.11918328584995251
TCT,GAT,S,D,161,2507,0.06422018348623854
TCT,GCA,S,A,68,4605,0.01476655808903366
TCT,GCC,S,A,246,4605,0.053420195439739415
TCT,GCG,S,A,124,4605,0.026927252985884907
TCT,GCT,S,A,157,4605,0.034093376764386535
TCT,GGA,S,G,121,4291,0.028198555115357727
TCT,GGC,S,G,220,4291,0.05127010020974132
TCT,GGG,S,G,179,4291,0.04171521789792589
TCT,GGT,S,G,177,4291,0.04124912607783733
TCT,GTA,S,V,37,3581,0.010332309410779112
TCT,GTC,S,V,121,3581,0.033789444289304665
TCT,GTG,S,V,104,3581,0.029042166992460205
TCT,GTT,S,V,63,3581,0.017592851158894165
TCT,TAC,S,Y,74,915,0.08087431693989071
TCT,TAT,S,Y,41,915,0.04480874316939891
TCT,TCA,S,S,32,3006,0.010645375914836993
TCT,TCC,S,S,95,3006,0.031603459747172324
TCT,TCG,S,S,111,3006,0.036926147704590816
TCT,TCT,S,S,43,3006,0.014304723885562209
TCT,TGC,S,C,22,425,0.05176470588235294
TCT,TGG,S,W,69,908,0.07599118942731277
TCT,TGT,S,C,11,425,0.02588235294117647
TCT,TTA,S,L,24,3990,0.006015037593984963
TCT,TTC,S,F,139,1358,0.10235640648011782
TCT,TTG,S,L,121,3990,0.030325814536340853
TCT,TTT,S,F,54,1358,0.039764359351988215
TGC,AAA,C,K,36,139,0.2589928057553957
TGC,AAC,C,N,85,161,0.5279503105590062
TGC,AAG,C,K,74,139,0.5323741007194245
TGC,AAT,C,N,40,161,0.2484472049689441
TGC,ACA,C,T,25,407,0.06142506142506143
TGC,ACC,C,T,180,407,0.44226044226044225
TGC,ACG,C,T,64,407,0.15724815724815724
TGC,ACT,C,T,58,407,0.14250614250614252
TGC,AGA,C,R,5,553,0.009041591320072333
TGC,AGC,C,S,46,493,0.09330628803245436
TGC,AGG,C,R,12,553,0.0216998191681736
TGC,AGT,C,S,22,493,0.04462474645030426
TGC,ATA,C,I,10,288,0.034722222222222224
TGC,ATC,C,I,163,288,0.5659722222222222
TGC,ATG,C,M,79,110,0.7181818181818181
TGC,ATT,C,I,53,288,0.1840277777777778
TGC,CAA,C,Q,46,289,0.15916955017301038
TGC,CAC,C,H,99,239,0.41422594142259417
TGC,CAG,C,Q,145,289,0.5017301038062284
TGC,CAT,C,H,38,239,0.1589958158995816
TGC,CCA,C,P,54,497,0.10865191146881288
TGC,CCC,C,P,74,497,0.1488933601609658
TGC,CCG,C,P,158,497,0.317907444668008
TGC,CCT,C,P,57,497,0.11468812877263582
TGC,CGA,C,R,51,553,0.0922242314647378
TGC,CGC,C,R,135,553,0.244122965641953
TGC,CGG,C,R,71,553,0.12839059674502712
TGC,CGT,C,R,94,553,0.16998191681735986
TGC,CTA,C,L,41,746,0.054959785522788206
TGC,CTC,C,L,101,746,0.1353887399463807
TGC,CTG,C,L,183,746,0.2453083109919571
TGC,CTT,C,L,64,746,0.08579088471849866
TGC,GAA,C,E,82,389,0.21079691516709512
TGC,GAC,C,D,183,500,0.366
TGC,GAG,C,E,156,389,0.40102827763496146
TGC,GAT,C,D,102,500,0.204
TGC,GCA,C,A,54,778,0.06940874035989718
TGC,GCC,C,A,220,778,0.2827763496143959
TGC,GCG,C,A,82,778,0.10539845758354756
TGC,GCT,C,A,102,778,0.13110539845758354
TGC,GGA,C,G,88,845,0.10414201183431952
TGC,GGC,C,G,178,845,0.2106508875739645
TGC,GGG,C,G,112,845,0.13254437869822486
TGC,GGT,C,G,136,845,0.16094674556213018
TGC,GTA,C,V,32,593,0.05396290050590219
TGC,GTC,C,V,195,593,0.3288364249578415
TGC,GTG,C,V,94,593,0.15851602023608768
TGC,GTT,C,V,63,593,0.10623946037099494
TGC,TAC,C,Y,89,171,0.52046783625731
TGC,TAT,C,Y,35,171,0.2046783625730994
TGC,TCA,C,S,37,493,0.07505070993914807
TGC,TCC,C,S,83,493,0.16835699797160245
TGC,TCG,C,S,100,493,0.2028397565922921
TGC,TCT,C,S,35,493,0.07099391480730223
TGC,TGC,C,C,61,123,0.4959349593495935
TGC,TGG,C,W,84,131,0.6412213740458015
TGC,TGT,C,C,21,123,0.17073170731707318
TGC,TTA,C,L,11,746,0.014745308310991957
TGC,TTC,C,F,106,222,0.4774774774774775
TGC,TTG,C,L,63,746,0.08445040214477212
TGC,TTT,C,F,29,222,0.13063063063063063
TGG,AAA,W,K,85,324,0.2623456790123457
TGG,AAC,W,N,200,333,0.6006006006006006
TGG,AAG,W,K,239,324,0.7376543209876543
TGG,AAT,W,N,133,333,0.3993993993993994
TGG,ACA,W,T,84,719,0.1168289290681502
TGG,ACC,W,T,286,719,0.39777468706536856
TGG,ACG,W,T,237,719,0.32962447844228093
TGG,ACT,W,T,112,719,0.15577190542420027
TGG,AGA,W,R,30,926,0.032397408207343416
TGG,AGC,W,S,119,781,0.1523687580025608
TGG,AGG,W,R,38,926,0.04103671706263499
TGG,AGT,W,S,70,781,0.08962868117797695
TGG,ATA,W,I,44,595,0.07394957983193277
TGG,ATC,W,I,384,595,0.6453781512605042
TGG,ATG,W,M,240,240,1.0
TGG,ATT,W,I,167,595,0.280672268907563
TGG,CAA,W,Q,116,505,0.2297029702970297
TGG,CAC,W,H,196,313,0.6261980830670927
TGG,CAG,W,Q,389,505,0.7702970297029703
TGG,CAT,W,H,117,313,0.3738019169329074
TGG,CCA,W,P,95,529,0.17958412098298676
TGG,CCC,W,P,134,529,0.2533081285444234
TGG,CCG,W,P,206,529,0.389413988657845
TGG,CCT,W,P,94,529,0.1776937618147448
TGG,CGA,W,R,125,926,0.13498920086393087
TGG,CGC,W,R,265,926,0.2861771058315335
TGG,CGG,W,R,201,926,0.21706263498920086
TGG,CGT,W,R,267,926,0.28833693304535635
TGG,CTA,W,L,119,1307,0.09104820198928845
TGG,CTC,W,L,308,1307,0.23565416985462892
TGG,CTG,W,L,422,1307,0.3228768171384851
TGG,CTT,W,L,144,1307,0.11017597551644988
TGG,GAA,W,E,144,433,0.3325635103926097
TGG,GAC,W,D,337,567,0.5943562610229277
TGG,GAG,W,E,289,433,0.6674364896073903
TGG,GAT,W,D,230,567,0.4056437389770723
TGG,GCA,W,A,158,1098,0.14389799635701275
TGG,GCC,W,A,402,1098,0.366120218579235
TGG,GCG,W,A,292,1098,0.2659380692167577
TGG,GCT,W,A,246,1098,0.22404371584699453
TGG,GGA,W,G,272,874,0.3112128146453089
TGG,GGC,W,G,272,874,0.3112128146453089
TGG,GGG,W,G,146,874,0.16704805491990846
TGG,GGT,W,G,184,874,0.21052631578947367
TGG,GTA,W,V,118,955,0.12356020942408377
TGG,GTC,W,V,279,955,0.29214659685863875
TGG,GTG,W,V,389,955,0.4073298429319372
TGG,GTT,W,V,169,955,0.1769633507853403
TGG,TAC,W,Y,171,252,0.6785714285714286
TGG,TAT,W,Y,81,252,0.32142857142857145
TGG,TCA,W,S,104,781,0.13316261203585147
TGG,TCC,W,S,143,781,0.18309859154929578
TGG,TCG,W,S,240,781,0.3072983354673495
TGG,TCT,W,S,105,781,0.13444302176696543
TGG,TGC,W,C,100,165,0.6060606060606061
TGG,TGG,W,W,302,302,1.0
TGG,TGT,W,C,65,165,0.3939393939393939
TGG,TTA,W,L,71,1307,0.05432287681713849
TGG,TTC,W,F,327,476,0.6869747899159664
TGG,TTG,W,L,243,1307,0.18592195868400918
TGG,TTT,W,F,149,476,0.3130252100840336
TGT,AAA,C,K,6,139,0.04316546762589928
TGT,AAC,C,N,20,161,0.12422360248447205
TGT,AAG,C,K,23,139,0.16546762589928057
TGT,AAT,C,N,16,161,0.09937888198757763
TGT,ACA,C,T,6,407,0.014742014742014743
TGT,ACC,C,T,47,407,0.11547911547911548
TGT,ACG,C,T,8,407,0.019656019656019656
TGT,ACT,C,T,19,407,0.04668304668304668
TGT,AGA,C,R,3,553,0.0054249547920434
TGT,AGC,C,S,10,493,0.02028397565922921
TGT,AGG,C,R,4,553,0.007233273056057866
TGT,AGT,C,S,5,493,0.010141987829614604
TGT,ATA,C,I,4,288,0.013888888888888888
TGT,ATC,C,I,35,288,0.12152777777777778
TGT,ATG,C,M,31,110,0.2818181818181818
TGT,ATT,C,I,23,288,0.0798611111111111
TGT,CAA,C,Q,22,289,0.07612456747404844
TGT,CAC,C,H,67,239,0.2803347280334728
TGT,CAG,C,Q,76,289,0.2629757785467128
TGT,CAT,C,H,35,239,0.14644351464435146
TGT,CCA,C,P,30,497,0.060362173038229376
TGT,CCC,C,P,55,497,0.11066398390342053
TGT,CCG,C,P,48,497,0.096579476861167
TGT,CCT,C,P,21,497,0.04225352112676056
TGT,CGA,C,R,26,553,0.04701627486437613
TGT,CGC,C,R,57,553,0.10307414104882459
TGT,CGG,C,R,44,553,0.07956600361663653
TGT,CGT,C,R,51,553,0.0922242314647378
TGT,CTA,C,L,29,746,0.0388739946380697
TGT,CTC,C,L,49,746,0.06568364611260054
TGT,CTG,C,L,115,746,0.15415549597855227
TGT,CTT,C,L,32,746,0.04289544235924933
TGT,GAA,C,E,36,389,0.09254498714652956
TGT,GAC,C,D,156,500,0.312
TGT,GAG,C,E,115,389,0.29562982005141386
TGT,GAT,C,D,59,500,0.118
TGT,GCA,C,A,37,778,0.04755784061696658
TGT,GCC,C,A,141,778,0.18123393316195371
TGT,GCG,C,A,74,778,0.09511568123393316
TGT,GCT,C,A,68,778,0.08740359897172237
TGT,GGA,C,G,45,845,0.05325443786982249
TGT,GGC,C,G,123,845,0.1455621301775148
TGT,GGG,C,G,74,845,0.08757396449704143
TGT,GGT,C,G,89,845,0.10532544378698225
TGT,GTA,C,V,20,593,0.03372681281618887
TGT,GTC,C,V,81,593,0.13659359190556492
TGT,GTG,C,V,67,593,0.11298482293423272
TGT,GTT,C,V,41,593,0.06913996627318718
TGT,TAC,C,Y,29,171,0.1695906432748538
TGT,TAT,C,Y,18,171,0.10526315789473684
TGT,TCA,C,S,25,493,0.05070993914807302
TGT,TCC,C,S,52,493,0.10547667342799188
TGT,TCG,C,S,55,493,0.11156186612576065
TGT,TCT,C,S,23,493,0.04665314401622718
TGT,TGC,C,C,25,123,0.2032520325203252
TGT,TGG,C,W,47,131,0.35877862595419846
TGT,TGT,C,C,16,123,0.13008130081300814
TGT,TTA,C,L,10,746,0.013404825737265416
TGT,TTC,C,F,59,222,0.26576576576576577
TGT,TTG,C,L,48,746,0.064343163538874
TGT,TTT,C,F,28,222,0.12612612612612611
TTA,AAA,L,K,2,1718,0.0011641443538998836
TTA,AAC,L,N,10,1643,0.006086427267194157
TTA,AAG,L,K,12,1718,0.006984866123399301
TTA,AAT,L,N,13,1643,0.007912355447352405
TTA,ACA,L,T,14,4576,0.0030594405594405595
TTA,ACC,L,T,44,4576,0.009615384615384616
TTA,ACG,L,T,27,4576,0.00590034965034965
TTA,ACT,L,T,15,4576,0.003277972027972028
TTA,AGA,L,R,8,4343,0.0018420446695832373
TTA,AGC,L,S,20,4415,0.004530011325028313
TTA,AGG,L,R,11,4343,0.0025328114206769514
TTA,AGT,L,S,13,4415,0.002944507361268403
TTA,ATA,L,I,3,3132,0.0009578544061302681
TTA,ATC,L,I,25,3132,0.007982120051085569
TTA,ATG,L,M,15,1386,0.010822510822510822
TTA,ATT,L,I,16,3132,0.005108556832694764
TTA,CAA,L,Q,16,1534,0.010430247718383311
TTA,CAC,L,H,33,1466,0.022510231923601638
TTA,CAG,L,Q,51,1534,0.033246414602346806
TTA,CAT,L,H,19,1466,0.01296043656207367
TTA,CCA,L,P,28,3688,0.007592190889370932
TTA,CCC,L,P,51,3688,0.013828633405639914
TTA,CCG,L,P,46,3688,0.012472885032537961
TTA,CCT,L,P,24,3688,0.006507592190889371
TTA,CGA,L,R,28,4343,0.006447156343541331
TTA,CGC,L,R,77,4343,0.01772967994473866
TTA,CGG,L,R,38,4343,0.008749712180520378
TTA,CGT,L,R,43,4343,0.009900990099009901
TTA,CTA,L,L,12,6234,0.0019249278152069298
TTA,CTC,L,L,69,6234,0.011068334937439845
TTA,CTG,L,L,78,6234,0.012512030798845043
TTA,CTT,L,L,29,6234,0.00465190888675008
TTA,GAA,L,E,50,3252,0.015375153751537515
TTA,GAC,L,D,66,4619,0.014288807101104134
TTA,GAG,L,E,63,3252,0.01937269372693727
TTA,GAT,L,D,37,4619,0.008010391859709894
TTA,GCA,L,A,46,8622,0.005335189051264208
TTA,GCC,L,A,144,8622,0.016701461377870562
TTA,GCG,L,A,77,8622,0.008930642542333566
TTA,GCT,L,A,79,8622,0.009162607283692878
TTA,GGA,L,G,49,6008,0.008155792276964047
TTA,GGC,L,G,66,6008,0.010985352862849533
TTA,GGG,L,G,46,6008,0.007656458055925432
TTA,GGT,L,G,46,6008,0.007656458055925432
TTA,GTA,L,V,21,6639,0.0031631269769543608
TTA,GTC,L,V,54,6639,0.008133755083596927
TTA,GTG,L,V,68,6639,0.0102425064015665
TTA,GTT,L,V,33,6639,0.004970628106642567
TTA,TAC,L,Y,11,1089,0.010101010101010102
TTA,TAT,L,Y,13,1089,0.011937557392102846
TTA,TCA,L,S,21,4415,0.0047565118912797286
TTA,TCC,L,S,44,4415,0.009966024915062289
TTA,TCG,L,S,40,4415,0.009060022650056626
TTA,TCT,L,S,35,4415,0.007927519818799546
TTA,TGC,L,C,19,731,0.025991792065663474
TTA,TGG,L,W,42,866,0.04849884526558892
TTA,TGT,L,C,20,731,0.027359781121751026
TTA,TTA,L,L,8,6234,0.0012832852101379532
TTA,TTC,L,F,34,1859,0.01828940290478752
TTA,TTG,L,L,50,6234,0.008020532563362208
TTA,TTT,L,F,15,1859,0.008068854222700376
TTC,AAA,F,K,90,491,0.18329938900203666
TTC,AAC,F,N,357,630,0.5666666666666667
TTC,AAG,F,K,300,491,0.6109979633401222
TTC,AAT,F,N,132,630,0.20952380952380953
TTC,ACA,F,T,82,1384,0.059248554913294796
TTC,ACC,F,T,687,1384,0.4963872832369942
TTC,ACG,F,T,153,1384,0.11054913294797687
TTC,ACT,F,T,182,1384,0.1315028901734104
TTC,AGA,F,R,19,1116,0.017025089605734768
TTC,AGC,F,S,206,1439,0.14315496872828354
TTC,AGG,F,R,34,1116,0.03046594982078853
TTC,AGT,F,S,91,1439,0.06323835997220292
TTC,ATA,F,I,34,1083,0.03139427516158818
TTC,ATC,F,I,630,1083,0.5817174515235457
TTC,ATG,F,M,360,452,0.7964601769911505
TTC,ATT,F,I,198,1083,0.18282548476454294
TTC,CAA,F,Q,117,574,0.2038327526132404
TTC,CAC,F,H,274,509,0.5383104125736738
TTC,CAG,F,Q,345,574,0.6010452961672473
TTC,CAT,F,H,127,509,0.24950884086444008
TTC,CCA,F,P,102,929,0.10979547900968784
TTC,CCC,F,P,194,929,0.20882669537136705
TTC,CCG,F,P,315,929,0.33907427341227125
TTC,CCT,F,P,98,929,0.1054897739504844
TTC,CGA,F,R,99,1116,0.08870967741935484
TTC,CGC,F,R,340,1116,0.3046594982078853
TTC,CGG,F,R,182,1116,0.16308243727598568
TTC,CGT,F,R,219,1116,0.19623655913978494
TTC,CTA,F,L,81,1972,0.04107505070993915
TTC,CTC,F,L,550,1972,0.2789046653144016
TTC,CTG,F,L,482,1972,0.24442190669371197
TTC,CTT,F,L,237,1972,0.12018255578093306
TTC,GAA,F,E,145,923,0.1570964247020585
TTC,GAC,F,D,795,1545,0.5145631067961165
TTC,GAG,F,E,468,923,0.5070422535211268
TTC,GAT,F,D,328,1545,0.21229773462783172
TTC,GCA,F,A,158,2283,0.0692071835304424
TTC,GCC,F,A,778,2283,0.3407796758650898
TTC,GCG,F,A,317,2283,0.13885238720981166
TTC,GCT,F,A,348,2283,0.15243101182654403
TTC,GGA,F,G,255,2141,0.11910322279308734
TTC,GGC,F,G,551,2141,0.25735637552545537
TTC,GGG,F,G,294,2141,0.1373190098085007
TTC,GGT,F,G,378,2141,0.17655301261092948
TTC,GTA,F,V,65,1862,0.03490870032223416
TTC,GTC,F,V,810,1862,0.43501611170784105
TTC,GTG,F,V,329,1862,0.17669172932330826
TTC,GTT,F,V,233,1862,0.1251342642320086
TTC,TAC,F,Y,234,436,0.536697247706422
TTC,TAT,F,Y,91,436,0.20871559633027523
TTC,TCA,F,S,61,1439,0.0423905489923558
TTC,TCC,F,S,340,1439,0.23627519110493397
TTC,TCG,F,S,236,1439,0.16400277970813065
TTC,TCT,F,S,129,1439,0.08964558721334259
TTC,TGC,F,C,146,277,0.5270758122743683
TTC,TGG,F,W,280,347,0.8069164265129684
TTC,TGT,F,C,74,277,0.26714801444043323
TTC,TTA,F,L,30,1972,0.015212981744421906
TTC,TTC,F,F,473,747,0.6331994645247657
TTC,TTG,F,L,171,1972,0.08671399594320486
TTC,TTT,F,F,130,747,0.17402945113788487
TTG,AAA,L,K,40,1718,0.023282887077997673
TTG,AAC,L,N,57,1643,0.03469263542300669
TTG,AAG,L,K,106,1718,0.06169965075669383
TTG,AAT,L,N,35,1643,0.02130249543517955
TTG,ACA,L,T,71,4576,0.015515734265734266
TTG,ACC,L,T,252,4576,0.05506993006993007
TTG,ACG,L,T,265,4576,0.05791083916083916
TTG,ACT,L,T,93,4576,0.020323426573426572
TTG,AGA,L,R,46,4343,0.010591756850103615
TTG,AGC,L,S,103,4415,0.02332955832389581
TTG,AGG,L,R,57,4343,0.013124568270780566
TTG,AGT,L,S,43,4415,0.009739524348810872
TTG,ATA,L,I,16,3132,0.005108556832694764
TTG,ATC,L,I,81,3132,0.02586206896551724
TTG,ATG,L,M,115,1386,0.08297258297258298
TTG,ATT,L,I,60,3132,0.019157088122605363
TTG,CAA,L,Q,78,1534,0.05084745762711865
TTG,CAC,L,H,153,1466,0.1043656207366985
TTG,CAG,L,Q,259,1534,0.16883963494132986
TTG,CAT,L,H,67,1466,0.045702592087312414
TTG,CCA,L,P,68,3688,0.01843817787418655
TTG,CCC,L,P,156,3688,0.04229934924078091
TTG,CCG,L,P,277,3688,0.07510845986984815
TTG,CCT,L,P,137,3688,0.03714750542299349
TTG,CGA,L,R,105,4343,0.02417683628827999
TTG,CGC,L,R,302,4343,0.06953718627676721
TTG,CGG,L,R,171,4343,0.039373704812341696
TTG,CGT,L,R,289,4343,0.06654386368869446
TTG,CTA,L,L,91,6234,0.014597369265319217
TTG,CTC,L,L,302,6234,0.04844401668270773
TTG,CTG,L,L,462,6234,0.0741097208854668
TTG,CTT,L,L,139,6234,0.022297080526146935
TTG,GAA,L,E,160,3252,0.04920049200492005
TTG,GAC,L,D,232,4619,0.05022732193115393
TTG,GAG,L,E,334,3252,0.1027060270602706
TTG,GAT,L,D,144,4619,0.03117557912968175
TTG,GCA,L,A,205,8622,0.023776385989329622
TTG,GCC,L,A,547,8622,0.0634423567617722
TTG,GCG,L,A,380,8622,0.04407330085826954
TTG,GCT,L,A,374,8622,0.0433774066341916
TTG,GGA,L,G,222,6008,0.03695073235685752
TTG,GGC,L,G,259,6008,0.04310918774966711
TTG,GGG,L,G,232,6008,0.03861517976031957
TTG,GGT,L,G,190,6008,0.03162450066577896
TTG,GTA,L,V,84,6639,0.012652507907817443
TTG,GTC,L,V,259,6639,0.03901189938243711
TTG,GTG,L,V,443,6639,0.06672691670432294
TTG,GTT,L,V,132,6639,0.019882512426570267
TTG,TAC,L,Y,78,1089,0.07162534435261708
TTG,TAT,L,Y,35,1089,0.03213957759412305
TTG,TCA,L,S,109,4415,0.024688561721404302
TTG,TCC,L,S,204,4415,0.04620611551528879
TTG,TCG,L,S,267,4415,0.060475651189127975
TTG,TCT,L,S,115,4415,0.026047565118912798
TTG,TGC,L,C,98,731,0.13406292749658003
TTG,TGG,L,W,214,866,0.2471131639722864
TTG,TGT,L,C,61,731,0.08344733242134063
TTG,TTA,L,L,31,6234,0.004972730189284569
TTG,TTC,L,F,181,1859,0.0973641742872512
TTG,TTG,L,L,229,6234,0.03673403914019891
TTG,TTT,L,F,60,1859,0.0322754168908015
TTT,AAA,F,K,27,491,0.054989816700611
TTT,AAC,F,N,99,630,0.15714285714285714
TTT,AAG,F,K,74,491,0.15071283095723015
TTT,AAT,F,N,42,630,0.06666666666666667
TTT,ACA,F,T,11,1384,0.007947976878612716
TTT,ACC,F,T,163,1384,0.11777456647398844
TTT,ACG,F,T,50,1384,0.036127167630057806
TTT,ACT,F,T,56,1384,0.04046242774566474
TTT,AGA,F,R,3,1116,0.002688172043010753
TTT,AGC,F,S,57,1439,0.03961084086170952
TTT,AGG,F,R,9,1116,0.008064516129032258
TTT,AGT,F,S,19,1439,0.01320361362056984
TTT,ATA,F,I,16,1083,0.014773776546629732
TTT,ATC,F,I,129,1083,0.11911357340720222
TTT,ATG,F,M,92,452,0.20353982300884957
TTT,ATT,F,I,76,1083,0.07017543859649122
TTT,CAA,F,Q,38,574,0.06620209059233449
TTT,CAC,F,H,83,509,0.16306483300589392
TTT,CAG,F,Q,74,574,0.1289198606271777
TTT,CAT,F,H,25,509,0.04911591355599214
TTT,CCA,F,P,26,929,0.02798708288482239
TTT,CCC,F,P,69,929,0.07427341227125941
TTT,CCG,F,P,83,929,0.08934337997847147
TTT,CCT,F,P,42,929,0.04520990312163617
TTT,CGA,F,R,25,1116,0.022401433691756272
TTT,CGC,F,R,78,1116,0.06989247311827956
TTT,CGG,F,R,49,1116,0.04390681003584229
TTT,CGT,F,R,59,1116,0.0528673835125448
TTT,CTA,F,L,22,1972,0.011156186612576065
TTT,CTC,F,L,115,1972,0.05831643002028398
TTT,CTG,F,L,122,1972,0.061866125760649086
TTT,CTT,F,L,75,1972,0.03803245436105477
TTT,GAA,F,E,90,923,0.09750812567713976
TTT,GAC,F,D,291,1545,0.1883495145631068
TTT,GAG,F,E,220,923,0.23835319609967498
TTT,GAT,F,D,131,1545,0.08478964401294499
TTT,GCA,F,A,61,2283,0.026719229084537888
TTT,GCC,F,A,305,2283,0.13359614542268944
TTT,GCG,F,A,154,2283,0.067455102934735
TTT,GCT,F,A,162,2283,0.07095926412614981
TTT,GGA,F,G,89,2141,0.04156936011209715
TTT,GGC,F,G,267,2141,0.12470808033629145
TTT,GGG,F,G,125,2141,0.058383932741709485
TTT,GGT,F,G,182,2141,0.085007006071929
TTT,GTA,F,V,21,1862,0.011278195488721804
TTT,GTC,F,V,179,1862,0.09613319011815252
TTT,GTG,F,V,139,1862,0.07465091299677766
TTT,GTT,F,V,86,1862,0.04618689581095596
TTT,TAC,F,Y,76,436,0.1743119266055046
TTT,TAT,F,Y,35,436,0.08027522935779817
TTT,TCA,F,S,37,1439,0.02571230020847811
TTT,TCC,F,S,128,1439,0.08895066018068103
TTT,TCG,F,S,72,1439,0.05003474635163308
TTT,TCT,F,S,63,1439,0.04378040305767894
TTT,TGC,F,C,33,277,0.11913357400722022
TTT,TGG,F,W,67,347,0.1930835734870317
TTT,TGT,F,C,24,277,0.08664259927797834
TTT,TTA,F,L,16,1972,0.008113590263691683
TTT,TTC,F,F,124,747,0.16599732262382866
TTT,TTG,F,L,71,1972,0.03600405679513185
TTT,TTT,F,F,20,747,0.02677376171352075
