switch_number,on_off,on_off_trunc,aug_index,p_open_off,p_open_on,dG_open_off,dG_open_on,separation,A_M_off,A_M_on,A_M_gain,A_M_ratio,ied_toehold12_off,k_analogue12,ied_toehold15_off,k_analogue15,ied_toehold18_off,k_analogue18,dG_rbs_linker,ied_rbs_linker_off,ied_rbs_linker_on,ied_rbs_linker_gain,mean_wrank_off,mean_wrank_on,mean_wrank_gain,aug_off,aug_on,aug_gain,narrow_sep,dG_OFF,d_OFF,switch_len
22,4.417931338478024,6.199310771676605,68,1.7166640060637269e-10,1.0640572220928439e-05,13.858261108398438,7.0573883056640625,6.800872802734375,0.1286506502121693,0.31207790588311585,0.18342725567094656,2.4257779138188598,0.45192805607125697,0.548071943928743,0.3763830345352197,0.6236169654647803,0.35975100621520706,0.6402489937847929,-4.699999809265137,0.5866871323535372,0.44251387372376205,0.14417325862977515,0.4505639173242094,0.5728190256124089,0.12225510828819952,0.6840831069453556,0.6502637008838706,-0.033819406061484925,2.3338260650634766,-32.900001525878906,0.12928253578514046,119
26,6.3166755271132375,6.799574694311537,68,4.588380552237769e-10,1.1716945501152215e-06,13.252328872680664,8.417129516601562,4.835199356079102,0.13042208318574275,0.3517856460091279,0.22136356282338512,2.6972858998742306,0.48959027126665133,0.5104097287333487,0.5681153908806065,0.4318846091193936,0.509434179600244,0.490565820399756,-9.800000190734863,0.5236232486215326,0.5297841936163273,-0.006160944994794693,0.4730824047193707,0.4794277481663585,0.006345343446987839,0.6824813202482819,0.21265675257202457,-0.46982456767625735,1.241424560546875,-31.399999618530273,0.18090180340915246,119
29,7.590252707581228,7.90072202166065,68,1.5254132700708947e-12,2.965178572486176e-07,16.76932144165039,9.264015197753906,7.505306243896484,0.13925698147089915,0.21623144355341492,0.07697446208251577,1.5527511889851016,0.35929415302029455,0.6407058469797055,0.38488599830327486,0.6151140016967251,0.4535738775848345,0.5464261224151655,-7.099999904632568,0.5127744840051796,0.5109308658244922,0.0018436181806873453,0.4781633128248392,0.5230202001305113,0.04485688730567211,0.6841604685920926,0.6527828731564324,-0.03137759543566021,-0.5856285095214844,-33.099998474121094,0.18469367668205944,119
32,7.272832639082058,7.061891515994436,68,1.375364349510275e-12,6.785939683481513e-07,16.833139419555664,8.753753662109375,8.079385757446289,0.13273071225470925,0.298621150452753,0.16589043819804375,2.2498270775470655,0.6115983663193874,0.3884016336806127,0.5262477202199514,0.4737522797800487,0.5403489604052768,0.4596510395947232,-7.5,0.5032806341669307,0.4447361384875006,0.0585444956794301,0.4728076434748729,0.5650354287726479,0.09222778529777498,0.6841546436329827,0.6752816805633723,-0.008872963069610385,2.367420196533203,-34.70000076293945,0.19626032600814583,119
36,4.0649188514357055,4.252184769038702,68,1.6841596350504184e-10,1.615924447742691e-06,13.87004280090332,8.219009399414062,5.651033401489258,0.14229253786908463,0.2953912122624756,0.15309867439339098,2.0759431006441704,0.8099045783455835,0.19009542165441648,0.6608573734580045,0.3391426265419955,0.5561098566899021,0.4438901433100979,-5.199999809265137,0.4485847752100782,0.4438120912478076,0.004772683962270596,0.47972546180915965,0.5631282138558802,0.08340275204672054,0.6841769522168865,0.6745641690915657,-0.009612783125320767,1.9947891235351562,-31.399999618530273,0.12480779919702936,119
40,4.143678161637931,6.617816092672414,68,1.3843404371906177e-12,1.4482230970445908e-08,16.829130172729492,11.124801635742186,5.7043285369873065,0.2036013854322212,0.23758761995194083,0.03398623451971963,1.1669253598032792,0.5423068349580349,0.4576931650419651,0.6252097707905708,0.3747902292094292,0.5281796376518519,0.47182036234814806,-7.800000190734863,0.4896459507722829,0.4927958056818643,-0.0031498549095814177,0.4645147147067608,0.5229901521616047,0.058475437454843904,0.6888720567603097,0.6777305621063734,-0.011141494653936324,-2.1226348876953134,-31.799999237060547,0.17376770441125908,119
43,11.671787708006732,14.607541896004532,68,3.720546286781991e-12,1.0404469700353155e-06,16.219806671142578,8.490348815917969,7.729457855224609,0.1286509436440074,0.2962841986185473,0.16763325497453993,2.303008359102295,0.7257504235229613,0.27424957647703874,0.7135006033792222,0.2864993966207778,0.7014316836789796,0.29856831632102043,-6.400000095367432,0.5236419767515598,0.4494774327106025,0.07416454404095729,0.45038900289002,0.5604877540794614,0.1100987511894414,0.6840732328286953,0.6780091080657269,-0.006064124762968359,3.9395713806152344,-34.0,0.2358813701669499,119
46,6.507322175156138,10.155753137012997,68,7.228937330856734e-11,4.4946788333811163e-07,14.391302108764648,9.007652282714844,5.383649826049805,0.12860761868460896,0.29487089446639253,0.16626327578178357,2.2927949174575692,0.5528874191304145,0.44711258086958555,0.5703220604141745,0.4296779395858254,0.5843736072891939,0.4156263927108061,-7.099999904632568,0.5335321862742141,0.4500908357572583,0.08344135051695578,0.4731911916386527,0.5567431586852373,0.08355196704658457,0.6841086486327471,0.6546570019730545,-0.029451646659692576,3.8355445861816406,-33.0,0.07602146547780232,119
50,24.4982078844086,60.71684588709677,68,3.578512590047602e-14,4.493493024751924e-09,19.08205795288086,11.846076965332031,7.235980987548828,0.13217860497993042,0.17227554266714531,0.040096937687214895,1.3033542205510724,0.8443244374990355,0.1556755625009645,0.7322223197838751,0.2677776802161249,0.6569505834528254,0.3430494165471746,-9.399999618530273,0.5063308474722266,0.5190379898476289,-0.01270714237540238,0.4569168252436186,0.49581338537209435,0.038896560128475755,0.6839778256790473,0.565169530463799,-0.11880829521524827,2.9446449279785156,-38.599998474121094,0.14546186134727496,119
53,4.555347090890179,13.804878048066627,68,8.214243785718371e-13,7.733598874351747e-07,17.15081214904785,8.673187255859375,8.477624893188477,0.12995704516776635,0.2537244643828344,0.12376741921506806,1.9523717552618416,0.6035056337117213,0.39649436628827867,0.6283625703206155,0.3716374296793845,0.597438981718473,0.402561018281527,-6.5,0.5244231452532903,0.4647696780358146,0.059653467217475664,0.4474040200698169,0.5393729350977337,0.09196891502791676,0.68407150612104,0.5085797575212094,-0.17549174859983052,3.6010208129882812,-36.900001525878906,0.3385007515802082,119
57,23.85344827294367,32.405172410999555,68,4.584090509854017e-12,1.6323709214490558e-09,16.091167449951172,12.470161437988281,3.6210060119628906,0.13237519157864958,0.23680964953081757,0.10443445795216799,1.7889277190591952,0.5046058627317074,0.4953941372682927,0.5163164711477701,0.4836835288522299,0.5589668676291553,0.4410331323708447,-9.199999809265137,0.5470433110948916,0.48977986639726323,0.05726344469762834,0.4452171366873188,0.5284257448306054,0.08320860814328662,0.6847234540642503,0.6761506452329046,-0.008572808831345702,2.172576904296874,-38.20000076293945,0.1844475874753938,119
60,2.5377468059233452,9.32636469337979,68,1.1499541162516967e-09,2.0472837665756146e-05,12.686065673828123,6.654052734375,6.032012939453123,0.14320279066513658,0.3331239293332755,0.18992113866813892,2.3262390892384763,0.7114004204100013,0.28859957958999877,0.5710531556886617,0.42894684431133834,0.5590759278453336,0.44092407215466645,-6.5,0.5530231799386558,0.44998616126832747,0.10303701867032833,0.47738966501809643,0.5814929092916757,0.10410324427357931,0.6840699046022497,0.6593030204840024,-0.024766884118247345,4.718233108520508,-37.29999923706055,0.07968223919193652,119
64,16.192737431897413,23.41061453195827,68,3.060449709926293e-12,6.759865066690556e-07,16.340179443359375,8.756126403808594,7.584053039550781,0.12871107747437646,0.2927450798194788,0.16403400234510232,2.274435779451523,0.6185218629346987,0.38147813706530126,0.661548005170558,0.33845199482944205,0.5768953736541229,0.42310462634587714,-7.599999904632568,0.5415311389845018,0.4503402775604455,0.0911908614240563,0.4709669443412479,0.5615535770700052,0.09058663272875728,0.6841883783698396,0.6773515675354949,-0.006836810834344731,3.803707122802734,-41.20000076293945,0.09171433106547003,119
67,8.80818414547524,11.219948849416868,68,2.7347680889881898e-12,1.5337849039869622e-08,16.40952491760254,11.089424133300781,5.320100784301758,0.1295728254136125,0.2251475972102991,0.09557477179668658,1.7376143222284461,0.26643400874882317,0.7335659912511768,0.37858294452880936,0.6214170554711906,0.42193320892125774,0.5780667910787423,-8.0,0.5505055543583901,0.499871040813765,0.050634513544625115,0.4720805116911684,0.5107359409450966,0.038655429253928175,0.67835512556765,0.6061117412491047,-0.07224338431854527,0.4824104309082031,-35.20000076293945,0.11621181628324909,119
70,15.327868852459018,22.161202186475414,68,9.301666904957118e-15,6.273339161535181e-10,19.912450790405273,13.059555053710938,6.852895736694336,0.128727653744365,0.23657691273211195,0.10784925898774694,1.8378095603445113,0.5732449175179544,0.42675508248204563,0.5893623851832188,0.4106376148167812,0.6559981140531957,0.34400188594680425,-11.0,0.5579624466088782,0.4893451328307701,0.06861731377810809,0.4731388362597463,0.5276288183135819,0.054489982053835595,0.684078969569634,0.6776735325801599,-0.006405436989474045,3.087047576904297,-42.79999923706055,0.055755498787161926,119
73,5.465737514285714,10.738675958188153,68,3.1423457258996985e-15,4.372587715659248e-05,20.581296920776367,6.186363220214844,14.394933700561523,0.1283538332377622,0.36751133907469113,0.23915750583692894,2.863267343125736,0.6093020768203934,0.39069792317960667,0.49020147344716036,0.5097985265528396,0.4136003165883636,0.5863996834116364,-12.399999618530273,0.5970467189918721,0.496238333241496,0.1008083857503761,0.4606395268706237,0.5947146092003651,0.1340750823297414,0.6840729624055308,0.6754378778877049,-0.008635084517825908,5.34661865234375,-45.599998474121094,0.06461041047411262,119
76,2.246153846153846,10.443589746153846,68,8.204296977335113e-17,8.61768137409434e-10,22.828083038330078,12.863868713378906,9.964214324951172,0.1282650482962334,0.23730136240399646,0.10903631410776307,1.8500859396703242,0.6349201870865113,0.3650798129134886,0.5956923515851352,0.4043076484148648,0.5318230683243321,0.4681769316756679,-9.600000381469727,0.5667531003840707,0.48775453000604585,0.07899857037802482,0.4085579344455807,0.5273495443971539,0.11879160995157317,0.6841382829850011,0.673867910134414,-0.010270372850587073,3.9143409729003906,-44.599998474121094,0.10826886293110743,119
81,19.566473986730262,20.745664732904878,68,8.879657587485692e-12,1.0285205117511118e-05,15.683673858642578,7.0783233642578125,8.605350494384766,0.13319591425886068,0.2914375621031607,0.1582416478443,2.188036800714202,0.5794435497635264,0.42055645023647353,0.5706790211812603,0.42932097881873965,0.5794542813103518,0.4205457186896482,-4.400000095367432,0.4908769168258079,0.4409439576462847,0.04993295917952323,0.4597538326734223,0.5624657946842048,0.10271196201078248,0.6794381318321553,0.6471722558793472,-0.032265875952808054,1.8252716064453125,-36.099998474121094,0.15129572896046484,119
84,2.847273624475697,5.879595361460646,68,8.930569020482871e-13,5.209867299574934e-08,17.099281311035156,10.335777282714844,6.7635040283203125,0.1360092852087915,0.2443140445090591,0.10830475930026762,1.796304157719865,0.6646843028656428,0.3353156971343571,0.6556490231036489,0.3443509768963511,0.6578153574171,0.3421846425829,-8.199999809265137,0.5077280445347847,0.4955366524350392,0.012191392099745513,0.47641113388815026,0.5389000701366201,0.06248893624846985,0.6841961786408332,0.6706769890366409,-0.013519189604192294,2.2188453674316406,-41.20000076293945,0.16656319522822963,119
87,3.7478448269939983,2.2866379307571902,68,6.046588081131788e-13,7.143041769129808e-07,17.339637756347656,8.722145080566406,8.61749267578125,0.1316481476284913,0.29581294363770866,0.16416479600921735,2.246996626739386,0.6510593409879595,0.3489406590120405,0.7204850302594227,0.2795149697405773,0.7324863927059339,0.26751360729406615,-7.400000095367432,0.517284920936474,0.4477249669102048,0.06955995402626924,0.4748707502743017,0.563818626296385,0.08894787602208332,0.6841784757822685,0.6756504547308794,-0.008528021051389167,3.8307762145996094,-43.5,0.12156600562191147,119
93,19.208074536429194,37.74068322497986,68,3.286683041480268e-11,2.0544176037119477e-05,14.877094268798828,6.651908874511719,8.22518539428711,0.13362338967574253,0.32445101431495454,0.19082762463921202,2.4281004628178064,0.8627275257794992,0.1372724742205008,0.6904263558281861,0.3095736441718139,0.7091542817392443,0.29084571826075567,-4.099999904632568,0.4856099575722497,0.4331343363072322,0.05247562126501748,0.4744541116492959,0.5753077508601583,0.10085363921086238,0.6840721718611859,0.6680654979733202,-0.016006673887865697,4.886981964111328,-43.0,0.13253495149631428,119
96,18.407407406944444,24.52777777777778,68,1.1733136884627634e-12,1.6560006591661071e-09,16.93106460571289,12.4613037109375,4.469760894775391,0.14262792685452974,0.2438901604986129,0.10126223364408315,1.709974798605629,0.6902003218196076,0.3097996781803925,0.7007511044310692,0.2992488955689308,0.7184953216577192,0.28150467834228077,-9.600000381469727,0.47900905291736895,0.49004600017186095,-0.011036947254492002,0.4803723908991663,0.53376155375267,0.0533891628535037,0.684559254071177,0.7023543354783466,0.017795081407169566,0.9764518737792969,-43.0,0.19832857698955406,119
99,8.444619016060189,9.43597801212567,68,5.182714013253563e-12,1.2975398808639558e-07,16.015522003173828,9.773384094238281,6.242137908935547,0.13271637178358298,0.27235395058407985,0.13963757880049688,2.0521503633945035,0.6222563029038124,0.3777436970961876,0.6955046096623965,0.3044953903376036,0.6934159272422169,0.30658407275778304,-4.5,0.4850389369226794,0.49486588793109976,-0.009826951008420348,0.4616428588560121,0.5301446996677484,0.06850184081173627,0.6840971310809105,0.636659050219258,-0.047438080861652576,0.3945350646972656,-41.400001525878906,0.15695979369465352,119
102,21.432098762962962,22.12345679259259,68,8.248301936273552e-13,1.7372721775589982e-10,17.14826202392578,13.850906372070312,3.2973556518554688,0.13164084933683845,0.24290251709349459,0.11126166775665614,1.8451910506286942,0.7399594819728395,0.26004051802716055,0.6491972132052888,0.35080278679471116,0.7074640589726591,0.2925359410273409,-11.0,0.48956749386474874,0.4907710452871761,-0.0012035514224273403,0.4724234590417019,0.5331816899384546,0.060758230896752696,0.6874226925874326,0.7023120081440828,0.014889315556650184,0.5129661560058594,-49.400001525878906,0.08781734876583969,119
105,47.98611111111111,59.67592592361111,68,2.651001699969702e-14,1.036115577353957e-06,19.26696014404297,8.492919921875,10.774040222167969,0.1337277476817404,0.2943065537610785,0.1605788060793381,2.200788982564043,0.9425271531303498,0.057472846869650186,0.8563151077845972,0.14368489221540276,0.7329745675719996,0.26702543242800036,-8.199999809265137,0.5398925758283797,0.45898744079598564,0.08090513503239405,0.4761140873822937,0.5620575916739564,0.0859435042916627,0.6840733746485294,0.6679549495626911,-0.016118425085838273,3.8379516601562513,-52.29999923706055,0.13530237275818502,119
108,59.86111111111111,136.94444444444443,68,1.8800958650647183e-11,1.7372721775589982e-10,15.221343994140625,13.850906372070312,1.3704376220703125,0.16826723704494764,0.2429025170942151,0.07463528004926745,1.4435520625404388,0.6832196760995395,0.31678032390046057,0.6983897558756771,0.3016102441243229,0.6801167271789097,0.31988327282109036,-11.0,0.5175954948827632,0.49077104528727167,0.026824449595491573,0.49459052678387705,0.53318168993883,0.03859116315495292,0.7332701141353382,0.7023120081440558,-0.030958105991282348,0.9685287475585938,-46.29999923706055,0.32175996668059,119
111,74.22727306012398,134.2727278876033,68,5.735701409309168e-10,1.036115577353957e-06,13.114776611328125,8.492919921875,4.621856689453125,0.13391683821852238,0.294306561120823,0.1603897229023006,2.197681524115589,0.5070078371092201,0.49299216289077985,0.5936235528462572,0.4063764471537428,0.6589830553020269,0.34101694469797306,-8.199999809265137,0.49625376220173234,0.45898743710356227,0.03726632509817007,0.4743944414030987,0.5620575956136525,0.08766315421055382,0.6840634272634213,0.6679549488238635,-0.01610847843955776,3.6781616210937504,-47.400001525878906,0.15026365838456401,119
114,44.084321462450596,51.462450592885375,68,2.6034876375417065e-14,1.73725067211355e-10,19.278106689453125,13.850914001464844,5.427192687988281,0.12942613742327694,0.24290256762432427,0.11347643020104733,1.876765948982411,0.7106420252624679,0.28935797473753205,0.7604079214130167,0.2395920785869833,0.7943759628866602,0.20562403711333976,-11.0,0.5919085668073555,0.49077104839886554,0.10113751840848995,0.44734881424302736,0.5331817168798225,0.08583290263679516,0.6842326100660822,0.70231201370814,0.018079403642057845,1.1635589599609375,-46.900001525878906,0.09063663498305527,119
117,45.28735631896552,53.10344827586207,68,3.195214059767761e-13,8.67343715937e-07,17.732751846313477,8.602500915527344,9.130250930786133,0.1356698690833744,0.2852076241437598,0.14953775506038539,2.1022178769000552,0.5432639543942706,0.4567360456057295,0.5296406135232301,0.47035938647676984,0.5829177420549425,0.4170822579450575,-8.199999809265137,0.5741347940308422,0.4585489552180063,0.1155858388128359,0.47417764113076316,0.5583809791092621,0.08420333797849894,0.6840719055411685,0.6525575987532617,-0.03151430678790679,3.6617279052734375,-46.20000076293945,0.20939248793417015,119
120,15.609756091314694,16.65853658374182,68,5.288463315045534e-17,9.114135014998865e-09,23.09872817993164,11.41021728515625,11.68851089477539,0.12826900443238828,0.20135727273120738,0.07308826829881909,1.569804596381229,0.246520887685859,0.753479112314141,0.3275148318627906,0.6724851681372094,0.41509402067454704,0.584905979325453,-11.5,0.6008546113062095,0.5582713251552119,0.0425832861509976,0.45491590206906307,0.5152343239880137,0.06031842191895065,0.6841677149669501,0.665500577943008,-0.01866713702394207,1.535369873046875,-46.5,0.14000322622617065,119
123,14.132947976878611,11.965317919075144,68,7.863641230326845e-16,3.2603487545316407e-07,21.435089111328125,9.205528259277344,12.229560852050781,0.16718330411507354,0.2890869199702999,0.12190361585522635,1.729161422550419,0.26001386752443667,0.7399861324755633,0.26055002636084856,0.7394499736391514,0.32512588704819734,0.6748741129518027,-9.5,0.5902415371364429,0.44810574479781284,0.14213579233863005,0.47702314056827405,0.5597926737581008,0.08276953318982677,0.6841521257020174,0.6694727595026091,-0.01467936619940835,3.8636322021484375,-45.099998474121094,0.17783718955973576,119
127,20.135245902874395,23.189754099311052,68,6.10593227424314e-10,6.781098016127176e-08,13.076225280761719,10.173324584960938,2.9029006958007812,0.13633088617578143,0.2389256188526064,0.10259473267682498,1.7525421095300595,0.6787630677255412,0.32123693227445876,0.6515782002763364,0.34842179972366366,0.6402666507348284,0.35973334926517164,-7.400000095367432,0.5701537889898963,0.4871219123032927,0.08303187668660361,0.4711822343699477,0.5287925206429818,0.05761028627303405,0.6845865477062762,0.6740826614767034,-0.010503886229572879,2.0124626159667964,-37.099998474121094,0.1744630312171876,119
130,16.43925233397764,30.598130828916066,68,4.733764566000618e-17,6.273261504761061e-10,23.167020797729492,13.059562683105469,10.107458114624023,0.12829661564670464,0.23657676444093712,0.10828014879423248,1.8439828926774477,0.35170456586820886,0.6482954341317911,0.40111419665875025,0.5988858033412497,0.49537538098917977,0.5046246190108202,-11.0,0.6374796478073139,0.48934549856748744,0.14813414923982648,0.44455766098755944,0.5276281838734155,0.08307052288585604,0.6840747221669479,0.6776735412272769,-0.006401180939671014,3.622802734375,-42.900001525878906,0.12161591432681759,119
133,33.360522093573444,92.23491044410262,68,1.1778918543622128e-13,5.677091812101077e-05,18.347795486450195,6.02545166015625,12.322343826293945,0.12835378098553415,0.36911937083409696,0.2407655898485628,2.8757966302192357,0.6455217764581243,0.3544782235418758,0.6482075766233861,0.3517924233766139,0.6385423175063815,0.36145768249361854,-9.100000381469727,0.5876569455556983,0.48048589808793074,0.10717104746776751,0.4687821710274478,0.6102419011973498,0.141459730169902,0.6840730140259611,0.6352267860850375,-0.04884622794092364,3.1148834228515625,-48.5,0.06202062056116036,119
136,4.799625466292135,17.50374532022472,68,1.0900526587293929e-14,5.358186456987057e-07,19.8146915435791,8.899345397949219,10.915346145629883,0.12834587634125544,0.28257780806790445,0.154231931726649,2.2016898097806106,0.5288206451293591,0.47117935487064094,0.5977616510658575,0.40223834893414245,0.6039198463993112,0.39608015360068877,-8.100000381469727,0.5629356297768018,0.4535734682107083,0.10936216156609346,0.445600065467269,0.5516629668120697,0.10606290134480073,0.68413682783165,0.6666603352110586,-0.017476492620591366,3.840919494628906,-41.0,0.18444566057152195,119
142,15.322314050853082,17.0661156956253,68,2.7461048513280806e-14,3.080899919526239e-12,19.245237350463867,16.336074829101562,2.9091625213623047,0.1282565959871057,0.16645916164479913,0.03820256565769342,1.2978604364451878,0.6353728071810145,0.3646271928189854,0.637247633695718,0.36275236630428204,0.6900624707309464,0.30993752926905366,-13.699999809265137,0.5473764122724345,0.5670851778743813,-0.019708765601946787,0.41909658843917635,0.4649499580932983,0.045853369654121956,0.6841305091762124,0.6383826525235289,-0.04574785665268355,1.9391021728515625,-45.29999923706055,0.1447420108887207,119
148,7.866300365384616,17.35347986263736,68,3.2270202320431697e-12,2.6115443937251613e-07,16.30751609802246,9.34228515625,6.965230941772461,0.1285306108929149,0.19732725980571017,0.06879664891279527,1.535254974942219,0.6360587255187411,0.36394127448125896,0.7072073954150337,0.2927926045849662,0.6509193328425635,0.3490806671574364,-5.0,0.5225236066209964,0.4726118303243847,0.0499117762966117,0.4258659301759931,0.5046109314421592,0.07874500126616607,0.6841268091920835,0.6576400286609214,-0.026486780531162046,2.650646209716797,-40.0,0.27442623785365733,119
153,11.352941177612456,23.748663097526666,68,9.620011099974827e-12,2.9241470038478762e-08,15.634317398071289,10.691734313964842,4.942583084106447,0.13674721231715747,0.2367226806886769,0.09997546837151944,1.7310969392169149,0.814161364688161,0.185838635311839,0.806353068689264,0.19364693131073596,0.8340261894506295,0.16597381054937055,-8.600000381469727,0.5234000211373009,0.4894816260734882,0.03391839506381267,0.47686273733597473,0.5273562257041774,0.050493488368202666,0.6819040316403289,0.6763711030530115,-0.005532928587317354,2.5277786254882812,-42.900001525878906,0.11546718449097315,119
157,70.57632398598132,77.16510903271029,68,6.515033976644847e-14,2.2860443010676857e-08,18.712779998779297,10.843460083007812,7.869319915771484,0.12829800538855748,0.3804879285735864,0.25218992318502886,2.965657396007506,0.8260738504788292,0.17392614952117083,0.6617811333631233,0.3382188666368767,0.607345964057876,0.392654035942124,-6.699999809265137,0.5208806992553241,0.4889388257022145,0.03194187355310962,0.42010125836334966,0.6176963460642905,0.1975950877009408,0.6840722882620058,0.829984883672371,0.14591259541036516,5.883831024169922,-47.0,0.12480666471930806,119
161,18.517316016233767,21.948051948051948,68,4.781391286100719e-11,4.937578785205232e-07,14.64606475830078,8.949729919433594,5.696334838867186,0.1370594873880784,0.29512230277219115,0.15806281538411274,2.153242423390686,0.6070748696078103,0.3929251303921896,0.5362734259528021,0.4637265740471978,0.5051116105157678,0.4948883894842322,-7.699999809265137,0.5248423555619814,0.4476874800683056,0.07715487549367583,0.477927855540506,0.5629748345911596,0.08504697905065361,0.6844497498092205,0.6752259834880192,-0.009223766321201254,3.549793243408203,-42.5,0.21797727799214553,119
164,16.63895515434107,18.313694307091737,68,2.3744462295003605e-16,1.695684265402856e-09,22.173124313354492,12.446708679199217,9.726415634155275,0.12856530381712822,0.2368347081316308,0.10826940431450258,1.8421354836799935,0.6857234880374533,0.3142765119625467,0.748472974600757,0.251527025399243,0.6800125321011639,0.3199874678988361,-10.199999809265137,0.5467812177783304,0.49115274293587663,0.05562847484245381,0.4731923920326686,0.5246514266112845,0.05145903457861589,0.6841357961274334,0.676353137489731,-0.007782658637702333,3.967678070068359,-51.099998474121094,0.1439176496960566,119
170,21.10344826858502,24.413793095029728,68,2.3304551127707916e-14,9.380685176674556e-08,19.34638786315918,9.973320007324219,9.373067855834961,0.12832343277046887,0.21972225973307713,0.09139882696260826,1.7122536000583202,0.11144597641710419,0.8885540235828958,0.08932399054892837,0.9106760094510716,0.22879824198814835,0.7712017580118516,-8.800000190734863,0.5691047106822208,0.4969905836492692,0.07211412703295161,0.47250442626542266,0.5022845671878932,0.0297801409224705,0.6840698989324165,0.6140711221164655,-0.06999877681595101,3.1024398803710938,-45.900001525878906,0.08516586193092984,119
173,6.177606176130349,5.0308880289694535,68,1.5657236626619753e-15,2.8562797082051473e-08,21.01063919067383,10.706207275390625,10.304431915283207,0.12848821363709995,0.21595610135788343,0.08746788772078348,1.6807463910100453,0.3657191027330807,0.6342808972669193,0.44627479222710253,0.5537252077728975,0.373836569608775,0.626163430391225,-9.800000190734863,0.5323215761719767,0.5093129119962124,0.023008664175764304,0.4729698365976794,0.5224818595809683,0.049512022983288884,0.6841682467735336,0.6383458780819106,-0.04582236869162304,2.8993759155273438,-42.599998474121094,0.12773983477740597,119
176,3.4144144135135135,10.117117116216217,68,2.106549856488024e-14,4.1090180268822563e-07,19.40864372253418,9.062942504882812,10.345701217651367,0.1318262345504232,0.2124521712766822,0.080625936726259,1.6116076743087113,0.6844647895454876,0.31553521045451244,0.7469921105033384,0.25300788949666164,0.7698997202030203,0.23010027979697967,-7.199999809265137,0.5319482602560915,0.49197594324003646,0.03997231701605508,0.4750752354394276,0.5110311265948888,0.03595589115546122,0.684136271302464,0.6051613441674516,-0.07897492713501242,3.2927780151367188,-42.900001525878906,0.09167434944555214,119
179,8.906848149344668,9.774564014896871,68,9.009200650926737e-12,1.8692419834020319e-06,15.674747467041016,8.129257202148438,7.545490264892578,0.1328331320101907,0.2216399204766984,0.08880678846650769,1.668559019294182,0.7282925580503281,0.27170744194967184,0.645664575092749,0.35433542490725095,0.5414805725630079,0.4585194274369921,-9.300000190734863,0.49508676109908434,0.4965077387659129,-0.0014209776668285823,0.47566656883031655,0.5258118945367904,0.0501453257064739,0.6842572920635271,0.6594040688998378,-0.02485322316368932,3.062519073486328,-43.400001525878906,0.05231389255206008,119
182,10.429244888996259,11.917955503300819,68,5.454886715414255e-14,3.250811314658507e-08,18.82223892211914,10.62646484375,8.19577407836914,0.13346921722375812,0.20149602638124653,0.0680268091574884,1.5096816372530528,0.45648912271740916,0.5435108772825908,0.5537265050281197,0.4462734949718803,0.5039529594156702,0.49604704058432986,-7.099999904632568,0.5083753310549157,0.47312095347183325,0.035254377583082475,0.47568203270993503,0.5025658487653977,0.02688381605546264,0.6841381394218545,0.6375312528095798,-0.046606886612274745,2.9734840393066406,-39.0,0.08023128589044845,119
185,6.350210970464135,18.29113924050633,68,5.88964615589941e-11,3.4618459793082954e-08,14.517583847045898,10.587699890136719,3.9298839569091797,0.1288197353841752,0.2365697766870687,0.10775004130289348,1.8364404800363374,0.5202904917965412,0.47970950820345887,0.45214182784652057,0.5478581721534794,0.4836298556626095,0.5163701443373905,-11.600000381469727,0.5986960607212124,0.48923221574608167,0.10946384497513073,0.45166801087100117,0.5287949534791946,0.07712694260819342,0.6843409982246614,0.6758796393988945,-0.00846135882576693,3.7124595642089844,-44.29999923706055,0.07055567982769838,119
188,4.114001396612133,4.073847766200473,68,1.7676423930396943e-10,3.6026967257417193e-07,13.840225219726562,9.143989562988281,4.696235656738281,0.13247016313362908,0.2949714254423963,0.1625012623087672,2.226700854477278,0.43027929713840674,0.5697207028615933,0.43603958559985656,0.5639604144001434,0.40177595514237485,0.5982240448576251,-9.0,0.5919194319175775,0.45113045240431493,0.14078897951326252,0.4753144523884661,0.5618315456609566,0.08651709327249052,0.6859417701551468,0.6742773221083441,-0.011664448046802667,0.6769561767578125,-40.20000076293945,0.10412016991132102,119
191,3.8718887264913535,6.398975111010174,68,4.031113652248895e-12,2.2809368541409553e-06,16.170394897460938,8.006576538085938,8.163818359375,0.13011176795349447,0.30531009377725266,0.1751983258237582,2.3465217526394606,0.22529745059404582,0.7747025494059542,0.3476227257858375,0.6523772742141625,0.32298771034119766,0.6770122896588023,-7.599999904632568,0.5427064430187836,0.4720092251488639,0.07069721786991967,0.47397068156175937,0.5492719197764455,0.07530123821468615,0.6841348632172694,0.5809228768634651,-0.10321198635380424,5.3649444580078125,-32.79999923706055,0.18194385382852665,119
194,1.077580071253221,1.0180782918221927,68,2.9580383377181415e-15,1.9476811899222372e-08,20.61854934692383,10.94218444824219,9.676364898681642,0.12855676537120145,0.291195786731064,0.16263902135986255,2.2651144487826076,0.3045247884040463,0.6954752115959537,0.3767998131670436,0.6232001868329564,0.4780986433775998,0.5219013566224002,-7.699999809265137,0.5348388390180534,0.45043149379227676,0.08440734522577664,0.4731861269743539,0.557476021828603,0.08428989485424909,0.6841382538408723,0.6702805350528366,-0.013857718788035767,4.216594696044922,-38.29999923706055,0.059145331363045325,119
197,2.6,2.969523811428571,68,5.478821880868606e-16,1.5733936401999323e-07,21.65780258178711,9.654579162597656,12.003223419189453,0.12837833035090848,0.17078057517384326,0.04240224482293478,1.3302912937645532,0.6247624268960426,0.37523757310395744,0.5010635234693743,0.4989364765306256,0.5285369598672005,0.4714630401327995,-5.900000095367432,0.5393939401514254,0.47544258147422236,0.06395135867720303,0.47308372806169696,0.468913127092315,-0.004170600969381988,0.6841361945960363,0.47857517539175715,-0.2055610192042791,3.1399116516113272,-44.400001525878906,0.050304031033179576,119
200,3.2591362120831997,3.6499999992275742,68,1.7070214159302605e-15,3.1442916971710936e-07,20.95738792419434,9.227867126464844,11.729520797729496,0.12826293092760055,0.2856845146967149,0.15742158376911436,2.227334995626856,0.5617244392947476,0.43827556070525236,0.6318268609602321,0.3681731390397679,0.5272067740561096,0.4727932259438904,-9.5,0.6007823253356064,0.4496604962802928,0.15112182905531357,0.44547915617717,0.5574258407734198,0.11194668459624985,0.6841743846617229,0.6692028559571009,-0.014971528704621928,3.9840850830078125,-46.20000076293945,0.040371486055230506,119
203,10.424886190803305,16.028072833231104,68,1.8003833086211085e-11,2.6209688461350424e-07,15.248044967651367,9.340065002441406,5.907979965209961,0.13220273650847827,0.2923201042929872,0.16011736778450894,2.2111501774718594,0.526210769264942,0.4737892307350579,0.5964112384744066,0.4035887615255934,0.6575450539820529,0.3424549460179471,-8.100000381469727,0.553680312083098,0.4514846337497045,0.10219567833339349,0.4746427187285136,0.5610070013287929,0.08636428260027929,0.6841860414222234,0.6835425032327903,-0.0006435381894330794,3.9558105468749996,-38.70000076293945,0.0711335609766605,119
211,6.940217391534514,7.448369565182723,68,4.338008543266827e-09,1.977791728530638e-06,11.867780685424805,8.094467163085938,3.773313522338867,0.13175654280080698,0.28109362040555746,0.14933707760475048,2.1334319680087708,0.6185932370623379,0.38140676293766207,0.6163484445645367,0.38365155543546325,0.6255363583176179,0.37446364168238216,-5.800000190734863,0.4887901976646827,0.4545587350403282,0.0342314626243545,0.4661374440563398,0.5448224096578783,0.07868496560153854,0.6632437509281003,0.6173832863581133,-0.045860464569986936,3.4345378875732426,-34.599998474121094,0.2015946851825509,119
214,9.073394490792023,16.773715588635913,68,3.207273445333103e-11,7.358777071377845e-09,14.892168045043945,11.542068481445312,3.350099563598633,0.1292702671051941,0.2360822381371564,0.1068119710319623,1.8262686650522948,0.6620308064076303,0.3379691935923697,0.6259217350383517,0.37407826496164825,0.6143337497441619,0.3856662502558381,-8.800000190734863,0.5804146041258635,0.48917232109894127,0.09124228302692228,0.4579533006571732,0.5271770044904115,0.06922370383323828,0.6834481422166947,0.6740752325637193,-0.009372909652975436,3.07781982421875,-39.900001525878906,0.15063747299312552,119
217,10.759856623655915,18.193548387096776,68,1.4610091663187184e-17,4.7070978180839397e-05,23.89156341552734,6.14093017578125,17.75063323974609,0.12824151682828605,0.3857961595230427,0.25755464269475664,3.0083561787530897,0.484530480504076,0.515469519495924,0.5807896857932491,0.41921031420675087,0.5999022184571603,0.40009778154283976,-12.399999618530273,0.6132621686348414,0.4919482452021934,0.12131392343264802,0.41031271524394264,0.6003834789480432,0.1900707637041006,0.6840730114941455,0.6747772655661198,-0.009295745928025623,5.397716522216797,-49.0,0.07751541161021226,119
223,4.15070093389611,13.714252336882506,68,7.901476904130331e-16,1.3366896305607801e-08,21.432130813598633,11.1741943359375,10.257936477661133,0.12845241263556706,0.2372251178111859,0.10877270517561885,1.8467937887956873,0.16430619514199252,0.8356938048580075,0.3241089614699312,0.6758910385300688,0.38215668511737466,0.6178433148826253,-7.800000190734863,0.5726484418457328,0.4878352028473292,0.08481323899840365,0.4447251335506208,0.5232216406401251,0.07849650708950429,0.6841277889949726,0.6759825568945179,-0.008145232100454702,3.9043159484863277,-40.599998474121094,0.1395866784554629,119
226,28.406976761283126,32.70348839110668,68,2.5580727581540817e-13,2.5975194490021173e-07,17.869821548461914,9.345603942871094,8.52421760559082,0.12928125960439962,0.2900340010024973,0.1607527413980977,2.2434342138218697,0.47174891508958683,0.5282510849104132,0.5182516461343882,0.48174835386561177,0.5947235498081711,0.40527645019182884,-9.0,0.6000431411315019,0.44979879727515726,0.15024434385634466,0.4733774805884512,0.5581757285031028,0.08479824791465163,0.6840985674407684,0.6722295064197233,-0.011869061021045013,3.8763885498046866,-41.20000076293945,0.19693684966836122,119
231,35.08108110546019,43.256756785984294,68,7.065445772427759e-14,2.0551137702534564e-09,18.66279411315918,12.328224182128906,6.334569931030273,0.15133610990199076,0.24362001840454184,0.09228390850255108,1.609794374669182,0.25581028097722347,0.7441897190227765,0.2616249897845392,0.7383750102154608,0.28471609433573386,0.7152839056642661,-9.399999618530273,0.547588738064365,0.4902423842102691,0.05734635385409592,0.48349190579221857,0.5336070702310663,0.05011516443884778,0.6844126676001988,0.7022975280043303,0.01788486040413151,2.7621154785156254,-37.20000076293945,0.1312597975998953,119
235,51.365369947368414,75.46910755148741,68,6.033354078461956e-13,3.0576832903843443e-06,17.340988159179688,7.825950622558594,9.515037536621094,0.1362273944311768,0.29486433458662387,0.15863694015544708,2.164501022851111,0.27135479036973864,0.7286452096302614,0.31055333250661754,0.6894466674933825,0.40763104898994373,0.5923689510100563,-5.099999904632568,0.5621946529042994,0.4404229174045067,0.1217717354997927,0.46895534445795306,0.5576719712770898,0.08871662681913672,0.6841265259509739,0.6715159437607529,-0.012610582190221042,3.972698211669922,-36.599998474121094,0.26792227544274294,119
238,31.693333332,35.05333332,68,5.39614962192338e-16,1.1060853766151132e-06,21.667173385620117,8.452644348144531,13.214529037475586,0.12955282405505864,0.27788380650291145,0.1483309824478528,2.1449459595324116,0.5609738491260126,0.4390261508739874,0.512179062188354,0.487820937811646,0.5227231287054186,0.4772768712945814,-7.199999809265137,0.5610446348716718,0.4566802843114921,0.10436435056017968,0.47375988326195484,0.551571208237121,0.07781132497516619,0.6841800464315432,0.6741176317844634,-0.010062414647079798,3.7970695495605464,-42.79999923706055,0.07993208268846648,119
241,24.221014494565217,59.221014510869566,68,8.338880747649208e-16,2.5683920930611294e-10,21.398923873901367,13.609947204589844,7.788976669311523,0.13402991421783594,0.15889809203636515,0.024868177818529208,1.185541996080901,0.3307035455066226,0.6692964544933774,0.462654688823966,0.537345311176034,0.4406210296435036,0.5593789703564964,-12.300000190734863,0.5589645604424007,0.5314702679938177,0.027494292448583035,0.46469692376125027,0.4826443188009273,0.017947395039677017,0.6841823532003813,0.648735090906697,-0.035447262293684334,2.1687393188476554,-43.099998474121094,0.10631046330949982,119
247,18.04137930972271,24.04827586468799,68,6.265367057424474e-13,4.1933059479008456e-05,17.317731857299805,6.212165832519531,11.105566024780273,0.12834976411265198,0.35330972555686047,0.2249599614442085,2.7527103614055903,0.6350032506767656,0.3649967493232345,0.5817803265100523,0.41821967348994765,0.4969626934162483,0.5030373065837517,-7.0,0.5890581598595008,0.47030938058291494,0.11874877927658589,0.4730432707685321,0.5985145582526926,0.12547128748416053,0.6840784437531937,0.6363170801941345,-0.047761363559059244,3.4633750915527344,-37.900001525878906,0.11520995960942722,119
250,9.968152873228123,13.005095549684775,68,4.0209356210738056e-15,7.59781017798992e-07,20.429346084594723,8.684104919433594,11.74524116516113,0.1288483800713152,0.2824920973651581,0.15364371729384294,2.1924380982423215,0.6600477854475111,0.33995221455248886,0.6606049943494774,0.33939500565052255,0.6249787587697911,0.37502124123020886,-7.0,0.5467716459674132,0.4535551962865165,0.0932164496808967,0.4487332200981761,0.5419531420439034,0.09321992194572731,0.6841316274485653,0.6308266161260868,-0.053305011322478446,3.806949615478516,-40.20000076293945,0.09835442549284078,119
253,12.680555552083334,14.458333333333334,68,1.424731683097112e-15,9.58141249645634e-09,21.068798065185547,11.379402160644533,9.689395904541014,0.12847667268690044,0.23876771567195082,0.11029104298505038,1.8584518938611625,0.6506719063152688,0.34932809368473117,0.594222065778369,0.40577793422163105,0.6317993268307471,0.36820067316925287,-11.699999809265137,0.5485432224786901,0.48760311186929917,0.060940110609390974,0.4567248909862875,0.5301046075250547,0.07337971653876724,0.6841810165516233,0.6760018248027867,-0.008179191748836634,3.889465332031249,-42.599998474121094,0.15673794560690946,119
256,13.521526163959782,14.836298012374323,68,2.8253489987841625e-10,4.502213991806823e-05,13.551179885864256,6.168357849121094,7.382822036743162,0.14615761641341896,0.3560627094859061,0.20990509307248717,2.4361556942660667,0.7062684815425381,0.2937315184574619,0.659530336311265,0.340469663688735,0.565048344974315,0.434951655025685,-6.900000095367432,0.5738233005534719,0.4734261063335584,0.10039719421991344,0.48189326173786245,0.5998037097252186,0.11791044798735612,0.684260444239178,0.6433219118475154,-0.04093853239166256,4.124794006347656,-39.599998474121094,0.1487105448457975,119
261,8.696691176630454,8.792279410088094,68,3.3179375334549417e-09,3.371050424251625e-08,12.032999038696289,10.604080200195312,1.4289188385009766,0.2137719402935185,0.2425784048515444,0.02880646455802588,1.134753253951259,0.6575448280220377,0.34245517197796227,0.6815221822256152,0.3184778177743848,0.6699008333589034,0.3300991666410966,-7.800000190734863,0.5417192611955137,0.4901328413805597,0.05158641981495404,0.51723428256123,0.5328642066735358,0.015629924112305793,0.6792579895430554,0.6968859006577343,0.017627911114678874,0.8398017883300781,-34.099998474121094,0.22966938064665673,119
265,4.598620690041284,5.255172414155529,68,1.4719460644112428e-14,3.232539162665305e-07,19.629573822021484,9.210807800292969,10.418766021728516,0.12879309449279985,0.21372907609240424,0.08493598159960439,1.659476208208917,0.5619012468397404,0.43809875316025965,0.4542065274703444,0.5457934725296556,0.3815623864372355,0.6184376135627645,-5.0,0.5559171926174094,0.4638415652011516,0.09207562741625774,0.4733093650373333,0.5202224171344604,0.046913052097127095,0.684126763215751,0.6513419584978246,-0.03278480471792644,2.7811851501464835,-39.79999923706055,0.08471159691676435,119
268,7.536855036392085,10.405405410908758,68,5.376733905306084e-14,1.6301156651718677e-07,18.831132888793945,9.63275146484375,9.198381423950195,0.12840256572739062,0.20361012233054027,0.07520755660314965,1.5857169300091836,0.6958166229125344,0.30418337708746557,0.6718960908459978,0.3281039091540022,0.6382184633354655,0.36178153666453455,-10.300000190734863,0.5821449059223995,0.5752378142569456,0.0069070916654538905,0.47306403206406045,0.5159360918984726,0.04287205983441211,0.6841800818035977,0.6089683657404504,-0.07521171606314725,2.384624481201172,-41.5,0.16609501316802394,119
271,1.7875383043083508,1.9458631256582826,68,5.06951512449722e-15,1.986396190720188e-08,20.286525726318363,10.930053710937502,9.356472015380861,0.12838000008484657,0.29224051045916993,0.16386051037432336,2.276371010017352,0.7078878966431454,0.2921121033568545,0.7013768939748455,0.29862310602515457,0.6939980128291701,0.30600198717082994,-7.699999809265137,0.5317694298547444,0.44975214357927196,0.08201728627547245,0.47306220343610306,0.5582146749518546,0.08515247151575156,0.6841382551761067,0.67113800589575,-0.013000249280356702,4.182228088378906,-42.0,0.10609823579460513,119
274,5.807741934268487,5.538064517490813,68,6.114493334101143e-12,7.440419956389218e-07,15.913623809814453,8.697006225585938,7.216617584228516,0.12929488902579442,0.2758936077822195,0.14659871875642508,2.1338322795356475,0.5490570746424634,0.4509429253575365,0.48441836519436865,0.5155816348056314,0.430820201032849,0.569179798967151,-5.0,0.4540920776956304,0.44527833928095606,0.008813738414674366,0.46890560843011175,0.5479745609514126,0.07906895252130086,0.6841243108206547,0.6665146291665253,-0.01760968165412946,3.8367252349853516,-34.70000076293945,0.1829253573101163,119
277,5.688030155781718,7.068803016355741,68,2.2316041746722515e-13,9.619084997798974e-09,17.953969955444336,11.376983642578125,6.576986312866211,0.13020961917227625,0.23906465686633321,0.10885503769405697,1.8359984338026079,0.5509096963721605,0.44909030362783947,0.444475924887041,0.555524075112959,0.4688136757704183,0.5311863242295817,-11.699999809265137,0.5429108115941925,0.4874273915006222,0.055483420093570324,0.47410265900223963,0.5302530904940743,0.056150431491834685,0.6843471701935645,0.6760698805008779,-0.008277289692686596,3.7293777465820312,-40.79999923706055,0.10827666379833205,119
280,8.696969696969697,9.477272727272727,68,4.363889714713225e-12,6.273261504761061e-10,16.12150764465332,13.059562683105469,3.0619449615478516,0.1303607725634669,0.2365760261074856,0.1062152535440187,1.814779258018797,0.5638073030557309,0.43619269694426915,0.5040329514669292,0.49596704853307083,0.4614059351750982,0.5385940648249018,-11.0,0.5069192068925611,0.48934512964430144,0.017574077248259656,0.47033065530454615,0.5276283695807598,0.05729771427621361,0.6862548917766497,0.677673585015453,-0.008581306761196617,1.2779464721679688,-34.20000076293945,0.26363827819404795,119
283,3.881648936118595,4.192819148880415,68,3.056636192272827e-15,4.5965406561545976e-05,20.59834098815918,6.15557861328125,14.44276237487793,0.12833647124638314,0.34196165266602196,0.21362518141963882,2.6645711023915917,0.5633939379740067,0.43660606202599334,0.4589684104224909,0.5410315895775091,0.40951577314616894,0.5904842268538311,-9.899999618530273,0.6173260565828311,0.5004003714343661,0.11692568514846502,0.41989099611528574,0.5872542236053941,0.1673632274901084,0.684073058493925,0.6159667599657656,-0.06810629852815941,3.4876174926757812,-40.0,0.15990114798353025,119
286,4.511489108325873,5.1238436293643685,68,5.8056417885832245e-11,4.6287266385644723e-07,14.526437759399414,8.989540100097656,5.536897659301758,0.19745282363281805,0.29179724003067514,0.0943444163978571,1.477807380325436,0.6370298832609786,0.3629701167390214,0.5886357207492745,0.41136427925072544,0.5490991137219405,0.4509008862780594,-5.400000095367432,0.4772619046960689,0.4484175067493177,0.0288443979467512,0.470222193000906,0.5595273733826953,0.0893051803817893,0.6345419160981348,0.6738374264314885,0.039295510333353656,-1.7258567810058594,-29.700000762939453,0.3444458923838483,119
290,3.4495530011494253,5.590038314176245,68,1.126240088960655e-14,1.1623431929494043e-08,19.79456329345703,11.260330200195312,8.534233093261719,0.2402187485642724,0.2366698944235213,-0.0035488541407510954,0.9852265730216242,0.6587881036397287,0.3412118963602713,0.6193578884468576,0.3806421115531425,0.5503726114913432,0.4496273885086568,-9.300000190734863,0.5799516152844083,0.4917753077105922,0.08817630757381612,0.45053128269650833,0.5247185814554185,0.07418729875891017,0.696924302477623,0.6777673711327453,-0.019156931344877726,-2.3995018005371094,-39.900001525878906,0.5185531106907503,119
293,2.921839080689655,11.73563218413793,68,3.137299057803236e-14,3.459903423504986e-07,19.163156509399414,9.168914794921875,9.994241714477539,0.3486966037522843,0.2924094420264148,-0.056287161725869506,0.8385784056392583,0.46437416916106244,0.5356258308389376,0.525029829331894,0.474970170668106,0.5247825634323287,0.47521743656767135,-9.0,0.5475573446621582,0.4526941597906302,0.094863184871528,0.46826721624131035,0.5603603454506717,0.09209312920936136,0.7086588395062522,0.67418365912278,-0.03447518038347219,-2.8200340270996094,-39.79999923706055,0.321982661438567,119
296,1.9777484993412386,2.54428341370224,68,8.820784386930311e-16,9.843657919072309e-07,21.36429786682129,8.524497985839844,12.839799880981445,0.3484225429702847,0.20286421328914536,-0.14555832968113933,0.5822361881631944,0.48554327625237426,0.5144567237476257,0.588303349641626,0.411696650358374,0.6139482159957341,0.3860517840042658,-9.399999618530273,0.566777932215172,0.5188903575150696,0.04788757470010241,0.46259125217392794,0.5132117353651319,0.050620483191203935,0.7117491023462451,0.677987563280468,-0.03376153906577706,-3.6068878173828125,-41.900001525878906,0.266300202006014,119
300,3.6964705883836118,3.5035294114469755,68,4.484702054809845e-15,2.0542744177838438e-09,20.362070083618164,12.328475952148438,8.033594131469727,0.5239312178616112,0.24360279658580794,-0.28032842127580326,0.46495186444521436,0.37889407100468875,0.6211059289953113,0.3712961456779974,0.6287038543220026,0.4759794883264098,0.5240205116735902,-9.399999618530273,0.5946460880393101,0.4902686416540939,0.10437744638521618,0.47331504739018965,0.533566719351429,0.06025167196123932,0.7340579206448022,0.702132850837585,-0.03192506980721721,-3.291667938232422,-42.599998474121094,0.05385511033962909,119
304,29.39486397177727,34.69590643249428,68,7.700869640781552e-14,1.05631859187999e-06,18.609718322753906,8.48101806640625,10.128700256347656,0.5933484382636993,0.279331461107737,-0.31401697715596233,0.4707713766385526,0.31964661739257016,0.6803533826074298,0.3648941354228522,0.6351058645771478,0.375953144376897,0.624046855623103,-5.800000190734863,0.558117377042769,0.4576689462278357,0.10044843081493326,0.5109396260063144,0.5415211983602296,0.030581572353915232,0.5160409310936176,0.5863043452441762,0.07026341415055859,-3.192974090576172,-37.0,0.143926546837451,119
308,3.1555237009157855,3.060305108624931,68,1.2003205883394698e-13,1.2260165219687693e-06,18.336170196533203,8.389198303222656,9.946971893310547,0.12846735404582776,0.2938877581195572,0.16542040407372943,2.2876454512694293,0.4755360282458584,0.5244639717541416,0.47926792705836996,0.52073207294163,0.4524804793874174,0.5475195206125826,-7.599999904632568,0.538416371543603,0.45976796074403714,0.07864841079956586,0.4349164936317095,0.5472092920573552,0.11229279842564577,0.6841375808212063,0.6473972588831886,-0.036740321938017795,2.8344879150390616,-40.20000076293945,0.21761522309131046,119
311,6.405940593881483,6.801980198356533,68,2.6972117686981963e-14,1.4179359743566817e-07,19.256309509277344,9.718696594238281,9.537612915039062,0.12830998713174738,0.28977221713572543,0.16146223000397805,2.2583761686312873,0.4787904582222823,0.5212095417777177,0.3985522954356021,0.6014477045643979,0.4619582267122967,0.5380417732877033,-6.900000095367432,0.4930874595960426,0.4499183312753632,0.04316912832067943,0.44056554150632504,0.5582199141643838,0.11765437265805873,0.6841425551314297,0.6728715180985825,-0.011271037032847264,2.4295501708984375,-42.5,0.0894647938210796,119
314,1.0966441019890054,1.0836814057480006,68,3.592781622518118e-11,1.3481167264385865e-07,14.822212219238281,9.74981689453125,5.072395324707031,0.1677946707022838,0.2916487974083924,0.1238541267061086,1.738129084718439,0.5757456987499887,0.42425430125001135,0.5818250376726839,0.41817496232731616,0.5137217221620832,0.4862782778379168,-7.5,0.49086396733325144,0.45181688581269397,0.03904708152055747,0.46859554912002954,0.556464381244915,0.0878688321248855,0.6840421893240864,0.6741787457584224,-0.009863443565664043,0.61322021484375,-37.400001525878906,0.1693010032065355,119
320,4.402061859177383,19.515463937644807,68,3.055494277241766e-13,1.53425314025787e-07,17.76030921936035,9.67010498046875,8.090204238891602,0.13034651797795138,0.2368382925742252,0.10649177459627382,1.8169897918890885,0.5128476501691837,0.48715234983081634,0.4907971019600794,0.5092028980399206,0.5691461977672986,0.4308538022327014,-10.899999618530273,0.500781878378584,0.488523283479416,0.01225859489916803,0.4695110099798668,0.5278326299142154,0.058321619934348645,0.684093049356936,0.6753594627304279,-0.008733586626508139,3.801597595214844,-40.20000076293945,0.16955994609431932,119
323,3.8704453441295543,4.695006748987854,68,2.575360257505704e-14,7.597213682250169e-06,19.284801483154297,7.265022277832031,12.019779205322266,0.12855257017560706,0.2525226836594476,0.12397011348384052,1.9643534416658746,0.5152236141342494,0.4847763858657505,0.4830899466139481,0.5169100533860519,0.5189213878838435,0.4810786121161566,-8.399999618530273,0.544404736384758,0.46116913987623076,0.08323559650852719,0.4451558660681831,0.5388301365183229,0.09367427045013982,0.6840730703923819,0.5379937700988661,-0.1460793002935158,3.381927490234376,-41.599998474121094,0.17449540748056352,119
327,16.755395683939238,15.172661871595155,68,5.164173953887087e-12,3.0264782089084457e-07,16.017730712890625,9.25140380859375,6.766326904296875,0.16236038595574165,0.23843618014836754,0.07607579419262589,1.4685613041925365,0.5730375232686116,0.42696247673138843,0.6373132772482855,0.36268672275171454,0.5908941615512311,0.40910583844876897,-9.399999618530273,0.542680768381019,0.4886655210370848,0.05401524734393415,0.4926692124756739,0.528760555389521,0.036091342913847135,0.6842842094420227,0.6767385201937163,-0.007545689248306453,3.7549057006835938,-42.0,0.13759460846935234,119
331,9.823723230778208,11.7166392128034,68,1.5364528810138908e-15,1.0072273019021154e-08,21.02227020263672,11.348609924316406,9.673660278320312,0.12830052732762773,0.2355908555254416,0.10729032819781387,1.8362423010455577,0.717435048996507,0.282564951003493,0.5899949712967212,0.4100050287032789,0.6486472057599427,0.3513527942400573,-10.100000381469727,0.6081059837744576,0.4988975592479412,0.10920842452651636,0.4458711573293756,0.5204041071914381,0.07453294986206255,0.6841368264584142,0.6527387119417901,-0.03139811451662411,3.6351776123046875,-44.5,0.12978636263910392,119
336,9.114877589265538,8.962335214689265,68,9.992631187272506e-14,5.7706900680609596e-05,18.44915771484375,6.015373229980469,12.433784484863281,0.15797159733348573,0.3711882879958003,0.21321669066231455,2.3497153555534656,0.6033558377255905,0.39664416227440946,0.6277274296562385,0.37227257034376154,0.5404230407344974,0.45957695926550257,-6.599999904632568,0.5735308256372382,0.4729263935414568,0.1006044320957814,0.48878115024857816,0.6108025592274371,0.12202140897885894,0.684072732674985,0.6384054204840806,-0.045667312190904474,3.3134193420410156,-42.400001525878906,0.10985687504544181,119
339,2.545688545559846,11.46975547104247,68,1.0662809391004353e-12,1.1035829185941174e-09,16.990018844604492,12.711433410644531,4.278585433959961,0.14075053854972308,0.23642067493515295,0.09567013638542987,1.6797141763804504,0.4810058545533543,0.5189941454466457,0.5818291113838229,0.4181708886161771,0.6513266060272651,0.3486733939727349,-11.600000381469727,0.5462624282294538,0.4893189290525216,0.0569434991769322,0.47614287831646923,0.5286437409324399,0.0525008626159707,0.6867551377090987,0.6759272135028099,-0.010827924206288753,1.9013099670410156,-40.79999923706055,0.11189199572207166,119
342,33.089743590384614,58.82051282692308,68,1.7134043484326892e-15,2.9257153412715607e-06,20.955087661743164,7.853141784667969,13.101945877075195,0.12920139723630278,0.3545208791981363,0.22531948196183352,2.7439399788357988,0.41480951110376096,0.585190488896239,0.5297905679237669,0.4702094320762331,0.6071407542544971,0.39285924574550285,-6.800000190734863,0.5562083637181892,0.4837310254630117,0.07247733825517744,0.473560475955205,0.5972654419641902,0.12370496600898517,0.684073006402156,0.8115621968928294,0.12748919049067342,5.62359619140625,-45.0,0.05739535304693008,119
345,12.996742671433118,16.384364824637927,68,1.8117672613913738e-13,1.2003717877559653e-07,18.082422256469727,9.821357727050781,8.261064529418945,0.13477599593566372,0.4212897959903125,0.28651380005464877,3.1258518482135216,0.6338250292832759,0.36617497071672406,0.6719519824544904,0.32804801754550966,0.5682004939596144,0.4317995060403857,-12.199999809265137,0.5114526970396276,0.48490024467618864,0.02655245236343895,0.4679277052025788,0.4891993998588619,0.02127169465628309,0.6841603508763421,0.45784616409987766,-0.22631418677646442,5.959087371826172,-38.0,0.17697560962850858,119
348,2.562130177329925,4.947928994680718,68,2.84659240511168e-14,4.925247572169903e-07,19.223087310791016,8.951271057128906,10.27181625366211,0.13293116082573475,0.29411897553245736,0.1611878147067226,2.2125660658153037,0.7092292667027926,0.2907707332972074,0.6704082016406944,0.32959179835930563,0.6685678065993828,0.33143219340061725,-8.100000381469727,0.5598172056836597,0.45113028804369415,0.10868691763996552,0.4740959180536751,0.5614588874211399,0.0873629693674648,0.6841802504046669,0.6814734547442822,-0.0027067956603846755,4.226112365722656,-44.29999923706055,0.06640588420039563,119
351,13.81578947368421,15.44035087763158,68,2.3987596006705833e-13,2.876611693483895e-08,17.909452438354492,10.701835632324219,7.207616806030273,0.13010102442758378,0.22350407045442333,0.09340304602683955,1.7179270604347094,0.6466943198618316,0.3533056801381684,0.5591823093759407,0.44081769062405934,0.5501422458823491,0.449857754117651,-10.399999618530273,0.5952568790638001,0.5129854691376929,0.08227140992610715,0.44866830705855376,0.5260467202136734,0.07737841315511962,0.6841791907046023,0.6332280335669073,-0.05095115713769505,2.698669433593751,-44.0,0.060849409296075484,119
354,5.0356506238859176,13.787878787878787,68,7.706311508662026e-12,2.267732739539642e-06,15.771020889282227,8.010154724121094,7.760866165161133,0.13584072814042597,0.27241178048309717,0.1365710523426712,2.005376327204977,0.7447080722046102,0.2552919277953898,0.7190290874082395,0.2809709125917605,0.6347982000863301,0.36520179991366986,-6.900000095367432,0.5384016538834422,0.47394763922722494,0.06445401465621725,0.47661862792580406,0.5513147050004965,0.07469607707469245,0.6840745669378067,0.4411233566355988,-0.24295121030220784,3.405550003051758,-36.599998474121094,0.15674456519781832,119
357,6.916546763806946,7.678417267458879,68,1.0305742774359875e-12,1.5262149821116457e-06,17.011011123657227,8.25421142578125,8.756799697875977,0.12926578068040767,0.4654571629739108,0.33619138229350315,3.600776327067496,0.6674536975912346,0.3325463024087654,0.6568033311156869,0.34319666888431305,0.6227489104246329,0.3772510895753672,-7.300000190734863,0.538636322511389,0.44253752815359315,0.09609879435779589,0.46274728435320606,0.6071391517267429,0.14439186737353688,0.6839971946520705,0.7482047790220988,0.06420758437002827,3.8591766357421875,-36.900001525878906,0.1254248979907305,119
360,6.7367758177913375,8.500000000188917,68,3.5223013872499e-14,2.1861253984228395e-07,19.091815948486328,9.451873779296875,9.639942169189453,0.13297260062429167,0.28726147631535137,0.1542888756910597,2.160305769509587,0.6142263349375632,0.3857736650624369,0.6234037760930824,0.37659622390691755,0.6037892877553908,0.3962107122446092,-8.199999809265137,0.6062648168072207,0.45950924117895775,0.1467555756282629,0.4613692500533941,0.559787734343748,0.09841848429035388,0.6841803713197043,0.6968467940863375,0.012666422766633212,3.7496299743652344,-41.900001525878906,0.1027096569459235,119
363,8.96911196911197,10.245817247104247,68,8.693294906954705e-15,1.6313204949034725e-09,19.954139709472656,12.470558166503906,7.48358154296875,0.1338860112275501,0.24291680757244757,0.10903079634489748,1.81435540087598,0.4172621717683104,0.5827378282316896,0.4667527278300574,0.5332472721699426,0.49966276528247777,0.5003372347175222,-9.600000381469727,0.636337702673693,0.49057922209692717,0.14575848057676588,0.4477707851903189,0.5324024252712585,0.0846316400809396,0.6841808329510372,0.6999110437369911,0.015730210785953935,2.88714599609375,-39.900001525878906,0.09104869751633148,119
366,11.262135922330097,19.70693995145631,68,3.998978244722293e-14,3.372288264052738e-07,19.01358985900879,9.184722900390625,9.828866958618164,0.1295324208728359,0.6192916482760272,0.48975922740319133,4.780977952106647,0.17011040688348944,0.8298895931165106,0.33522876674959257,0.6647712332504074,0.38999225287266015,0.6100077471273398,-5.599999904632568,0.6477302629126542,0.4253740063265553,0.22235625658609892,0.4422187459911119,0.6021497838152242,0.15993103782411233,0.6840727451698244,0.899674820301073,0.21560207513124863,6.971233367919922,-39.900001525878906,0.05308595395605094,119
374,4.925392668203482,7.327225129930992,68,2.6748192822032487e-09,2.9623043502576504e-06,12.165792465209961,7.845481872558594,4.320310592651367,0.1294554798938875,0.3050257012133795,0.17557022131949201,2.3562208526313757,0.38950907392409584,0.6104909260759042,0.45637162361666417,0.5436283763833358,0.49235642687996395,0.507643573120036,-6.900000095367432,0.5512544892089658,0.4519571779095304,0.09929731129943542,0.4462557846641881,0.5624985969842038,0.11624281232001571,0.6841161906958853,0.6729352959260853,-0.011180894769799998,2.96209716796875,-37.400001525878906,0.35579035174112666,119
378,40.19178082191781,45.401826479452055,68,2.404767253822855e-11,3.035144911334212e-07,15.069648742675781,9.249641418457031,5.82000732421875,0.23415838743253495,0.23812648398101188,0.003968096548476935,1.0169462071890132,0.7214280768789885,0.2785719231210116,0.7573755083778151,0.24262449162218497,0.7969674933315912,0.20303250666840877,-9.399999618530273,0.5906259618369859,0.4887793179095188,0.10184664392746712,0.5279076932600291,0.5285519237984957,0.000644230538466628,0.672323103601534,0.6778311693072959,0.0055080657057619,0.8010025024414067,-43.79999923706055,0.0842879421179755,119
385,36.064516069250786,38.53225798623829,68,4.1213882974969073e-16,1.063583497101662e-08,21.83326911926269,11.315055847167969,10.518213272094723,0.12851298346635773,0.18407579365738025,0.05556281019102252,1.4323517258127294,0.26947678730828406,0.7305232126917159,0.4130887561815728,0.5869112438184272,0.40152751215437843,0.5984724878456216,-12.699999809265137,0.6418817536569068,0.5474064818072797,0.09447527184962712,0.4415588754666987,0.5051374356790785,0.06357856021237984,0.6841799915089449,0.6689947847832914,-0.015185206725653488,2.077648162841796,-49.70000076293945,0.04908786875669413,119
388,50.71310116915422,49.80099502487562,68,8.100159765769725e-15,1.707331980202782e-09,19.99769401550293,12.442489624023438,7.555204391479492,0.12829006512102153,0.24305428799673376,0.11476422287571222,1.8945682798387404,0.42534320881751697,0.574656791182483,0.5191594803459207,0.4808405196540793,0.5982488747913386,0.40175112520866146,-12.300000190734863,0.5919451819769421,0.49067016814190023,0.1012750138350419,0.442790965497253,0.5332804060869091,0.09048944058965608,0.6841800799399621,0.702406251829629,0.01822617188966691,3.8556976318359375,-46.0,0.31007317449440547,119
391,3.5081481484444446,3.1792592595555558,68,2.5653404770985368e-15,4.6517211095178774e-05,20.706335067749023,6.148223876953124,14.558111190795898,0.12824787194167192,0.32561505031794036,0.19736717837626844,2.538950903341558,0.3923650582705813,0.6076349417294187,0.40231282619686937,0.5976871738031306,0.5009089840090545,0.4990910159909455,-9.100000381469727,0.6178022807779242,0.5053865932835147,0.11241568749440956,0.40861974060051426,0.577503305613508,0.16888356501299379,0.6840730123855471,0.6440486718514576,-0.04002434053408943,2.99298095703125,-48.900001525878906,0.19670509627336955,119
394,31.15183245534662,36.54450262610674,68,2.882598937192423e-13,3.027227593182678e-07,17.79620933532715,9.251251220703125,8.544958114624023,0.1294301133903969,0.28839735889680373,0.15896724550640684,2.228209118745943,0.46437104681629926,0.5356289531837007,0.403504081127935,0.596495918872065,0.46023943405526946,0.5397605659447305,-7.599999904632568,0.5270234129072977,0.4526222932798398,0.07440111962745788,0.4678280607388528,0.5552474989288492,0.08741943818999637,0.6837917632449383,0.671518828314163,-0.012272934930775303,3.4727249145507812,-37.900001525878906,0.22514024583202918,119
397,14.585657364308505,20.924302784492312,68,7.036988024380666e-11,1.799373902198073e-05,14.407888412475584,6.733604431152344,7.67428398132324,0.12857082113125734,0.31809222703032,0.18952140589906263,2.474062343473572,0.6537203615790583,0.3462796384209416,0.5973514155159436,0.40264858448405644,0.5211820520260836,0.4788179479739164,-7.300000190734863,0.5588996841531382,0.5003467544200475,0.058552929733090675,0.4714659193772817,0.572181874365375,0.10071595498809333,0.6841252232800556,0.6460957408119867,-0.03802948246806892,3.766984939575195,-35.900001525878906,0.13001652083648615,119
400,6.733922828960296,10.995176847186881,68,1.2843941389127278e-14,7.707507682143241e-07,19.713577270507812,8.675270080566406,11.038307189941406,0.12842060042482012,0.28118605069628966,0.15276545027146954,2.1895712196183146,0.6018355556618913,0.3981644443381087,0.6639567651990277,0.33604323480097226,0.626935687223076,0.373064312776924,-5.0,0.5308766018596983,0.44549906615624224,0.08537753570345608,0.4651222582285879,0.5509075315163117,0.08578527328772378,0.684127160516346,0.6658824878587458,-0.018244672657600214,3.8639869689941406,-40.599998474121094,0.14920495639466025,119
403,8.746907036055143,12.120890774125133,68,5.561762332931065e-16,1.8185575228881265e-07,21.6485424041748,9.565330505371094,12.083211898803707,0.12844590368482264,0.27938470304637064,0.150938799361548,2.175115710438831,0.4266061208161601,0.5733938791838399,0.40947441817577823,0.5905255818242218,0.46868554479414726,0.5313144552058527,-9.800000190734863,0.561010792121132,0.4568855537279046,0.1041252383932274,0.4649991029957406,0.5541038713989418,0.0891047684032012,0.6841809107399199,0.6706095656762598,-0.01357134506366009,3.8968429565429688,-41.900001525878906,0.23526136176237197,119
406,6.826086953119094,8.440434778938942,68,2.7492555233565683e-10,2.046925687067985e-09,13.568006515502928,12.330684661865234,1.2373218536376935,0.20301964677961876,0.22978989180207238,0.02677024502245362,1.1318603664576028,0.6582787987396876,0.3417212012603123,0.58063272246747,0.41936727753253,0.4916314596671908,0.5083685403328092,-9.600000381469727,0.5214238288133928,0.5247604543375181,-0.0033366255241252807,0.5136571054163298,0.5308757769749491,0.017218671558619336,0.7807512271876006,0.6013086064100309,-0.17944262077756967,2.0408363342285156,-37.599998474121094,0.2749602053836966,119
409,11.437086092715232,20.62251655629139,68,3.0108884405708583e-13,5.167005932203934e-07,17.769372940063477,8.921737670898438,8.847635269165039,0.14582985675432114,0.23861516809779587,0.09278531134347473,1.6362573029183571,0.5215809429458627,0.4784190570541373,0.5031412932085519,0.49685870679144806,0.45332309600225273,0.5466769039977473,-10.199999809265137,0.5529537295562845,0.4899493016615424,0.06300442789474214,0.47099417059177007,0.5289972195600039,0.05800304896823383,0.6939076985084071,0.6803739497121052,-0.01353374879630187,1.6916007995605469,-37.900001525878906,0.2604536992478941,119
412,1.0660592255003867,1.451025058070034,68,5.845029773048776e-16,4.792291165664352e-05,21.617925643920902,6.129875183105469,15.488050460815433,0.1283475117017907,0.3156997215585687,0.18735220985677797,2.459726077838438,0.7182691980414775,0.28173080195852257,0.654106297967964,0.34589370203203595,0.5888567467590712,0.4111432532409288,-8.699999809265137,0.5826062789961912,0.5016191169677786,0.08098716202841261,0.4728460334740952,0.5798641790314377,0.10701814555734251,0.6840730218965051,0.6407456233621579,-0.043327398534347195,2.8194198608398438,-45.900001525878906,0.16364199190315692,119
415,6.88207136618799,15.528720626631856,68,1.1409271666643289e-13,8.621272639458935e-09,18.367446899414062,11.444480895996094,6.922966003417969,0.14587585835200578,0.23108067811481675,0.08520481976281097,1.5840913001327983,0.37455637836501776,0.6254436216349822,0.49263182645975,0.50736817354025,0.47331869141112637,0.5266813085888736,-11.699999809265137,0.5595576444506941,0.49416787965603537,0.06538976479465874,0.45096716550624866,0.5255022030678641,0.07453503756161545,0.691979891745704,0.6750947173866312,-0.016885174359072774,1.4034576416015625,-40.20000076293945,0.20563358770298787,119
420,7.470644618979152,11.256889529115744,68,1.431048643532578e-11,4.108356831638538e-07,15.389547348022461,9.063041687011719,6.326505661010742,0.4608980926248542,0.23794365734504375,-0.22295443527981046,0.5162608853291932,0.661654556436732,0.33834544356326796,0.72861531866018,0.27138468133982,0.7164778402669407,0.2835221597330593,-5.599999904632568,0.5633271182972355,0.4900535660447992,0.07327355225243626,0.4257072332500268,0.5234216644067161,0.09771443115668932,0.8236992081113473,0.6768802483065518,-0.14681895980479553,-0.8076934814453125,-34.900001525878906,0.1779014599204579,119
423,56.58199889803523,63.72722252547061,68,2.4538690227945872e-12,1.407879100121843e-07,16.476322174072266,9.72308349609375,6.753238677978516,0.37171916126955395,0.24146158712847438,-0.13025757414107958,0.6495806842558146,0.743145919943774,0.25685408005622606,0.725421030971706,0.27457896902829404,0.7674388273687229,0.2325611726312771,-9.399999618530273,0.5446302380607209,0.4879853864742685,0.05664485158645238,0.4501488745843534,0.5312390092484159,0.08109013466406256,0.8168753180871402,0.6098402830522552,-0.20703503503488496,-0.02526473999023482,-40.099998474121094,0.368778601554622,119
426,33.90756303945695,60.14285716770708,68,2.2086878526861135e-12,2.7923598034414777e-07,16.541200637817383,9.301025390625,7.240175247192383,0.18773161108821337,0.23850567490050942,0.050774063812296044,1.2704609176791104,0.683440633601569,0.316559366398431,0.6117030141974562,0.38829698580254385,0.6191988371473545,0.3808011628526456,-7.199999809265137,0.5740810506010292,0.48823222227157315,0.08584882832945606,0.44375759138750803,0.5287961138097974,0.08503852242228938,0.7134618607067574,0.677866228012082,-0.03559563269467547,1.261016845703125,-39.70000076293945,0.1411936576037926,119
429,4.8347107438016526,13.126721760330579,68,9.177226219359394e-12,2.792152412508211e-07,15.663358688354492,9.301071166992188,6.362287521362305,0.12905356425394632,0.23850133414934727,0.10944776989540095,1.848080179172999,0.4975938492004942,0.5024061507995058,0.5751736329110508,0.4248263670889492,0.5453093400443504,0.4546906599556496,-7.199999809265137,0.5262642559312267,0.4882262217327511,0.03803803419847562,0.47172846361476733,0.5287936422917933,0.05706517867702593,0.6842459376388136,0.6778440982623475,-0.006401839376466101,2.640216827392578,-36.0,0.12400151244308812,119
432,9.823008853903985,10.287610624021065,68,3.491387766267921e-10,2.2232041943923795e-06,13.420724868774414,8.022377014160156,5.398347854614258,0.13653797192196582,0.5218339615028269,0.3852959895808611,3.8218962399783223,0.5175339075204604,0.4824660924795396,0.5449194601161327,0.45508053988386726,0.6200382939947693,0.3799617060052307,-6.900000095367432,0.5811423221504066,0.5102265212132517,0.07091580093715488,0.47772284393108566,0.6276906456559653,0.14996780172487967,0.6840991751350453,0.5565980606847641,-0.12750111445028112,6.274539947509766,-38.79999923706055,0.07160417456793974,119
439,11.610738247912256,29.6040268190577,68,2.4291212723272394e-11,4.376703377618532e-05,15.063438415527344,6.185783386230469,8.877655029296875,0.138443724887885,0.34882182636619136,0.21037810147830635,2.5195929006437487,0.5764499221183068,0.42355007788169324,0.5096191170037819,0.49038088299621807,0.5398930666384538,0.4601069333615462,-9.5,0.5801739803318705,0.48536071750651344,0.09481326282535707,0.47845251651077936,0.5980852468157202,0.11963273030494082,0.6840744818624772,0.6217749707423578,-0.062299511120119444,3.7768898010253915,-45.400001525878906,0.20892154011996938,119
442,46.08782435329341,76.40718562874252,68,3.4112391395193957e-12,1.7202658077178868e-08,16.273300170898438,11.018707275390625,5.2545928955078125,0.14396315636907225,0.23644718138594925,0.092484025016877,1.642414540980052,0.6995647545652549,0.3004352454347451,0.6889331182338346,0.31106688176616537,0.5743067894816973,0.42569321051830267,-10.199999809265137,0.4965621250016299,0.4889494095462712,0.007612715455358687,0.4804485472028743,0.5273837495064098,0.046935202303535484,0.6842328748475383,0.6740088161713503,-0.01022405867618792,3.2502784729003906,-42.400001525878906,0.10282904358512297,119
445,27.848071214371036,32.166172110850674,68,9.073872105839311e-10,5.996469868611252e-09,12.832077026367186,11.668243408203125,1.1638336181640607,0.1451961419927979,0.23728424120111477,0.09208809920831687,1.6342324110297963,0.7229554317443045,0.2770445682556954,0.7222065411941971,0.2777934588058029,0.6998346387434038,0.3001653612565962,-9.600000381469727,0.4955363701605989,0.48867629813440205,0.006860072026196873,0.4776767457944252,0.528029724289929,0.0503529784955038,0.6836872315027551,0.6775115538186952,-0.00617567768405991,1.1369590759277348,-46.0,0.15599543401041122,119
448,10.158333332500002,13.4,68,3.4501756444692354e-13,4.5406670936489194e-08,17.685436248779297,10.420509338378906,7.264926910400391,0.12831120328406104,0.21574698223061087,0.08743577894654983,1.681435266045948,0.7843107265280442,0.21568927347195574,0.6545219563161941,0.3454780436838059,0.6719597638318044,0.3280402361681955,-9.300000190734863,0.6218854598802344,0.5002980403584834,0.121587419521751,0.4729981981401377,0.49864543454796323,0.025647236407825513,0.6840727291237148,0.6084949992315881,-0.07557772989212663,3.0697097778320312,-49.79999923706055,0.07945921882903562,119
451,18.21782178217822,23.211221089108907,68,5.613083397772037e-16,1.6745877483250478e-08,21.64288139343262,11.035293579101562,10.607587814331058,0.12840758451618603,0.29534863210703133,0.1669410475908453,2.3000871266276492,0.8261592331424634,0.1738407668575366,0.8250751840782007,0.17492481592179934,0.7181230415403749,0.2818769584596251,-8.899999618530273,0.621685004304028,0.45450568969568783,0.16717931460834012,0.45477429775436723,0.544108232116782,0.08933393436241482,0.6841382378664106,0.6371091792674438,-0.04702905859896678,5.123462677001953,-48.0,0.11717489200323938,119
454,13.482014398907923,14.553956844283423,68,1.2227491323590045e-16,8.762255547372889e-10,22.5821533203125,12.853614807128906,9.728538513183594,0.12955788709115965,0.23855513869633876,0.10899725160517912,1.8413015529381578,0.6738525030415976,0.32614749695840245,0.7380350691141466,0.2619649308858534,0.7517192176963009,0.24828078230369913,-9.600000381469727,0.6093736182942697,0.4874019502842084,0.12197166801006132,0.4737640855904951,0.5286116515518937,0.054847565961398614,0.6841382213049204,0.6741349923019985,-0.010003229002921943,3.9237289428710938,-48.0,0.15134781841422165,119
457,21.02298850689655,57.44827586206897,68,2.2674436438655803e-19,1.3848494155352228e-06,26.458936691284176,8.314117431640625,18.14481925964355,0.12824774932091731,0.2850450041595313,0.156797254838614,2.222612136812293,0.5289161922775392,0.4710838077224608,0.6221267812268046,0.37787321877319535,0.6847407315330452,0.3152592684669548,-6.099999904632568,0.5863975266523432,0.4528992698919352,0.13349825676040805,0.4095329519891687,0.5561026863759424,0.14656973438677368,0.6840726717973284,0.6729868875260783,-0.011085784271250176,3.9363555908203125,-49.70000076293945,0.046453653485338156,119
460,32.744680885898596,46.93617027333635,68,7.449888705912413e-15,7.971674536299533e-08,20.04927062988281,10.073631286621092,9.975639343261717,0.12849384897560615,0.29872825294944527,0.17023440397383913,2.324844771411254,0.4931062784186969,0.5068937215813031,0.4621258694010234,0.5378741305989766,0.548158392292899,0.45184160770710097,-9.0,0.5593138119008911,0.45064745372699977,0.10866635817389136,0.44660881467245206,0.5656473170918891,0.11903850241943703,0.6841799218103258,0.7018313551577174,0.01765143334739161,3.8511428833007812,-48.70000076293945,0.1150758426177844,119
463,17.698757769782222,18.9503105648914,68,8.333938005947935e-09,2.1124256099493888e-06,11.465372085571289,8.053878784179688,3.4114933013916016,0.13132958522017468,0.2914633625675163,0.16013377734734163,2.219327519224831,0.41601215294083815,0.5839878470591618,0.4729195418301556,0.5270804581698444,0.44916103935526364,0.5508389606447364,-5.800000190734863,0.5245256588528002,0.4527907400050635,0.07173491884773675,0.4624096351589269,0.5497828017647928,0.08737316660586586,0.6639715837088358,0.6129381229985661,-0.05103346071026971,3.14508056640625,-37.70000076293945,0.20085162890709726,119
466,10.949367082310527,12.449367081361158,68,5.497479558017694e-12,1.6243879793454573e-06,15.979183197021484,8.215789794921875,7.763393402099609,0.12902045340111898,0.2612861602394868,0.13226570683836783,2.0251530152909902,0.33022806563339746,0.6697719343666025,0.4628908721155053,0.5371091278844947,0.45586330311443124,0.5441366968855688,-5.199999809265137,0.5044980093657145,0.45223968241841195,0.05225832694730259,0.45926059979349676,0.536407109143556,0.07714650935005929,0.6841334394518128,0.6576822089622477,-0.026451230489565103,3.665424346923828,-42.20000076293945,0.07869169368569313,119
469,13.679297088962109,23.289401433278417,68,2.3561801794561943e-15,9.619204072559424e-09,20.758752822875977,11.376976013183594,9.381776809692383,0.12869941619020417,0.2390646396515565,0.11036522346135233,1.8575425338234959,0.3905856611881886,0.6094143388118114,0.34345046674481616,0.6565495332551838,0.44374969181616974,0.5562503081838303,-11.699999809265137,0.577001279033092,0.48742740361792203,0.08957387541516992,0.4634181821509336,0.5302530812845149,0.06683489913358126,0.6841981213481191,0.6760698816289019,-0.008128239719217167,3.8023796081542973,-47.29999923706055,0.172083621223216,119
472,33.904761914285714,38.13333334285714,68,2.329189883525721e-10,6.009771754042242e-09,13.670198440551756,11.666877746582031,2.003320693969725,0.2022336096527741,0.2371298297260752,0.03489622007330109,1.1725540088673505,0.457283336750126,0.542716663249874,0.4238197611190635,0.5761802388809365,0.37065333072062223,0.6293466692793778,-9.600000381469727,0.5158051236477671,0.4888944309361536,0.026910692711613504,0.4816271597385832,0.527960330159804,0.046333170421220815,0.7159578733927131,0.6776992720928746,-0.03825860129983849,-1.8621597290039065,-37.29999923706055,0.27130222427166695,119
475,43.551236673937744,64.6466430129918,68,1.983037092148995e-11,5.149510024814618e-07,15.18848991394043,8.923828125,6.26466178894043,0.14416943777211166,0.23824297420100007,0.09407353642888841,1.6525206582104472,0.6963248527309625,0.3036751472690376,0.7150144619365785,0.28498553806342153,0.6123674895842313,0.38763251041576874,-10.199999809265137,0.5790517570773983,0.4901624521320379,0.0888893049453604,0.48169561541726713,0.5288083546767003,0.047112739259433156,0.6803198305877345,0.6803862607135636,6.643012582907559e-05,2.0147056579589835,-41.599998474121094,0.13758751833588853,119
478,23.485714319265306,26.757142881081634,68,4.4094863064421007e-14,3.658771105243473e-06,18.9533634185791,7.715339660644531,11.23802375793457,0.12997376174818762,0.24861759205928072,0.1186438303110931,1.9128290873119052,0.7292769702102833,0.2707230297897168,0.648022698844384,0.35197730115561604,0.6469586316331553,0.3530413683668447,-10.899999618530273,0.5842770560504593,0.48711932581626616,0.09715773023419316,0.47352790394645045,0.5396628414485902,0.06613493750213978,0.6840999461803595,0.626131060182651,-0.05796888599770855,3.2236404418945312,-44.20000076293945,0.07072853458082819,119
481,15.303846144113907,16.24999998990385,68,3.3218477517585636e-16,1.7071979394425268e-08,21.96619033813477,11.023406982421875,10.942783355712894,0.1282647799379116,0.14516796266802545,0.016903182730113847,1.1317835086006935,0.7766819915910363,0.22331800840896363,0.6915646409910954,0.30843535900890456,0.6351096583956883,0.3648903416043116,-7.599999904632568,0.5237754624115447,0.5246518085648486,-0.0008763461533038974,0.41858872718386014,0.4776025730809375,0.059013845897077366,0.6840749556475894,0.6092913761779334,-0.07478357946965597,2.2173423767089835,-45.099998474121094,0.09550954622937571,119
486,3.106218939668385,3.586131624634248,68,1.1372266929920546e-11,2.9360076816946566e-08,15.531187057495117,10.689239501953123,4.841947555541994,0.1286526809656689,0.23690655922017415,0.10825387825450525,1.8414428478439009,0.43679778828403626,0.5632022117159637,0.42279312798024893,0.5772068720197511,0.45337732653597074,0.5466226734640293,-8.600000381469727,0.5082983558618943,0.48914149572098387,0.019156860140910448,0.472519853508001,0.5277618022561262,0.055241948748125214,0.6842028079314891,0.6771674874052437,-0.007035320526245448,2.0119571685791016,-31.799999237060547,0.2540257188196528,119
489,10.601980200317223,10.990099012077248,68,2.481386411438677e-13,1.036115577353957e-06,17.888580322265625,8.492919921875,9.395660400390625,0.1343096047129102,0.29430604424374285,0.15999643953083265,2.1912509151734056,0.5666917138956533,0.43330828610434663,0.592741129590439,0.40725887040956105,0.5454360363242781,0.454563963675722,-8.199999809265137,0.4810069832781151,0.4589877452723231,0.022019238005791975,0.4666907256683524,0.5620573224730235,0.09536659680467113,0.6840718335567854,0.6679550009140209,-0.016116832642764423,2.927940368652344,-37.29999923706055,0.14129093041812563,119
492,3.1306737738927852,11.311734821463455,68,6.270616683151243e-12,1.6560211588167329e-09,15.89808464050293,12.461296081542969,3.436788558959961,0.19533220234759474,0.2438904534450806,0.04855825109748585,1.2485931685297653,0.579029641696186,0.42097035830381396,0.5070437149769065,0.49295628502309347,0.5214514409328483,0.47854855906715166,-9.600000381469727,0.534994609010786,0.49004601656522206,0.04494859244556393,0.47780313817882875,0.5337617096397015,0.05595857146087274,0.6994134535265918,0.7023543836968988,0.0029409301703070545,-1.628250122070313,-37.70000076293945,0.17914133292612613,119
495,3.8801611268882175,3.880664652567976,68,2.163458342373297e-10,1.4426221741529642e-05,13.71569061279297,6.8697967529296875,6.845893859863283,0.1746084650863574,0.3166321787877865,0.14202371370142908,1.8133838965435458,0.5777962298274466,0.42220377017255345,0.47820850896489264,0.5217914910351074,0.40819863697147696,0.591801363028523,-4.5,0.48311427973203946,0.4412663489768711,0.04184793075516835,0.48256710616905224,0.5751718776674947,0.09260477149844243,0.6860919643801848,0.6663515080417369,-0.019740456338447898,-0.8933868408203125,-33.20000076293945,0.1382618800933785,119
499,2.223726518869521,1.8878941727872738,68,1.4805624453769016e-14,2.7393148600505254e-06,19.6259765625,7.893714904785156,11.732261657714844,0.12839225770210558,0.28269279394941443,0.15430053624730886,2.201790037879974,0.3553733407481324,0.6446266592518676,0.4838158519360872,0.5161841480639128,0.5030608206250482,0.4969391793749518,-6.099999904632568,0.5582072355344474,0.44390554604570465,0.11430168948874275,0.4413882758300422,0.5499382127531921,0.1085499369231499,0.6841274697176045,0.6669826093673442,-0.017144860350260305,3.3521156311035165,-37.900001525878906,0.1528848914574381,119
502,5.527037934624698,6.146085552784504,68,1.7328341484402045e-14,1.7879763984412251e-07,19.529006958007812,9.575782775878906,9.953224182128906,0.1283723184227582,0.2907088598867628,0.1623365414640046,2.2645759105899668,0.4621287165019682,0.5378712834980318,0.5670506057707629,0.4329493942292371,0.6388744909807158,0.3611255090192842,-7.5,0.5314294988801933,0.4504966263936848,0.08093287248650849,0.47206085979072876,0.5599073166794896,0.0878464568887608,0.6841809348537353,0.6748256594459461,-0.009355275407789243,2.7153472900390625,-42.599998474121094,0.12519863638523904,119
505,3.085784313970588,9.390686274264706,68,8.162175094598594e-19,3.4993155824290994e-07,25.669517517089844,9.161933898925781,16.507583618164062,0.12827764952831613,0.26714805142652925,0.13887040189821312,2.082576757594539,0.45024778717773695,0.549752212822263,0.5200504692307546,0.47994953076924546,0.5957792686866517,0.40422073131334835,-6.699999809265137,0.5613390481368974,0.46205062599099056,0.09928842214590683,0.41300065665911834,0.5401139556866213,0.127113299027503,0.684136269751523,0.649450224548942,-0.034686045202581006,3.8669509887695312,-46.20000076293945,0.0818184598440442,119
510,5.0533498765442495,5.575682381442223,68,6.518091911992363e-13,2.7813892826766686e-07,17.293359756469727,9.303451538085938,7.989908218383789,0.2323180316032044,0.23863533000428663,0.006317298401082222,1.0271924583618721,0.3069281969187466,0.6930718030812534,0.3782254621026837,0.6217745378973163,0.35693040454303315,0.6430695954569668,-7.199999809265137,0.5312330488442334,0.4879212738995057,0.04331177494472771,0.4507781323376394,0.5288277124827584,0.07804958014511898,0.7469915816099834,0.6775890749708964,-0.06940250663908698,-0.6164131164550781,-36.29999923706055,0.467830585056969,119
514,36.48695655433648,37.35652177161437,68,2.5231139086826156e-12,1.2986054840627339e-05,16.459171295166016,6.9346160888671875,9.524555206298828,0.12893915765883754,0.2814940792858121,0.15255492162697457,2.183154321750902,0.4685003745325854,0.5314996254674146,0.4615884739618017,0.5384115260381983,0.5483337995280737,0.4516662004719263,-8.199999809265137,0.6020830915589901,0.4896853626749913,0.1123977288839988,0.4702976432471676,0.5613038667346729,0.09100622348750531,0.6842157131133909,0.6597585463399969,-0.024457166773394046,2.412616729736329,-43.20000076293945,0.16996188204765503,119
518,18.702777775,36.03888889166667,68,3.471509502119842e-10,1.3481167264385865e-07,13.424243927001953,9.74981689453125,3.674427032470703,0.17470048651052578,0.2916487976505599,0.11694831114003412,1.669421782823644,0.5596856161650039,0.44031438383499616,0.5812327204691031,0.4187672795308969,0.5357765637743697,0.46422343622563034,-7.5,0.4960677168459011,0.45181688570044254,0.04425083114545858,0.48136624369743936,0.5564643813757585,0.07509813767831913,0.6846842156258655,0.674178745738372,-0.010505469887493457,0.6972465515136719,-38.0,0.2556303644818554,119
521,13.065004762399376,18.872673762659048,68,1.0924813649252828e-09,4.7021491510044405e-08,12.71766471862793,10.398971557617186,2.318693161010744,0.2712166020623651,0.23514476707719265,-0.03607183498517244,0.8669999007771734,0.43671114046038406,0.5632888595396159,0.4318790630393301,0.5681209369606699,0.526445730779595,0.473554269220405,-9.399999618530273,0.5952172237811626,0.49168576000611086,0.10353146377505174,0.5458293885656572,0.5233312003118916,-0.022498188253765594,0.8059675211592731,0.6655076861336843,-0.1404598350255888,0.9664840698242188,-41.900001525878906,0.11319823053758274,119
524,22.758293854387816,25.853080576233687,68,3.8950231067473933e-14,1.3575786371482293e-07,19.029823303222656,9.745506286621094,9.284317016601562,0.12825609734127358,0.23217519032907172,0.10391909298779814,1.8102468041833701,0.702431607391031,0.297568392608969,0.6495091512455096,0.35049084875449044,0.6626482545447697,0.3373517454552303,-10.899999618530273,0.5420976994098494,0.48377882792763716,0.058318871482212264,0.42567075057126585,0.5223727886329637,0.0967020380616978,0.6840742954184966,0.6680023459425449,-0.016071949475951697,3.8365936279296875,-42.70000076293945,0.18405731478869405,119
527,17.83948903550111,18.244931968410146,68,4.73139190286679e-17,1.5812428828396232e-07,23.167329788208008,9.651512145996094,13.515817642211914,0.12869506210621692,0.2658535271733519,0.137158465067135,2.0657632299359934,0.5778157698222071,0.42218423017779294,0.6443001909143935,0.35569980908560656,0.5894159452335946,0.41058405476640536,-9.100000381469727,0.6333202653800114,0.47008839725038,0.16323186812963142,0.441223973665247,0.534872219631401,0.09364824596615395,0.6840730881938734,0.6155049765792397,-0.06856811161463361,3.717754364013672,-45.599998474121094,0.09230532916827118,119
530,37.86720321931589,47.686116700201204,68,1.7660935265351444e-12,1.1766946782801842e-06,16.679027557373047,8.414505004882812,8.264522552490234,0.12858670616880505,0.28649153534984884,0.1579048291810438,2.2280027530509314,0.5197387993494818,0.4802612006505183,0.6013380342523779,0.39866196574762214,0.5832143010237263,0.41678569897627377,-5.800000190734863,0.5464792225976355,0.45011541687156265,0.09636380572607284,0.4401928891701182,0.5548514748637237,0.11465858569360549,0.684165920166334,0.6717877898344337,-0.012378130331900383,3.6875953674316406,-35.599998474121094,0.21760195149625278,119
534,26.713483147568173,32.55056179396352,68,5.565145929293065e-12,3.958796644479175e-08,15.971643447875977,10.505027770996094,5.466615676879883,0.12844060334724544,0.24131796865858846,0.11287736531134301,1.8788292982879686,0.6589910144215401,0.3410089855784599,0.5479298804016952,0.45207011959830473,0.48492250673399484,0.5150774932660052,-6.800000190734863,0.49579353453174524,0.4771225631258804,0.018670971405864822,0.4724386273443139,0.5335611852738347,0.06112255792952076,0.6842049567294906,0.681796899214814,-0.0024080575146765426,3.1226539611816397,-38.29999923706055,0.31384727710548405,119
542,13.171824099626555,40.73697068238042,68,4.414797869156494e-14,2.365839938585316e-07,18.952621459960938,9.403182983398438,9.5494384765625,0.128598987404536,0.3023284731110145,0.1737294857064785,2.350939764089858,0.6597392990355468,0.3402607009644531,0.6427675529170744,0.3572324470829255,0.6153996965578901,0.38460030344210994,-7.400000095367432,0.5538602918887534,0.4590425881172284,0.09481770377152499,0.4199998757392425,0.5476123183207483,0.12761244258150578,0.6841360645973715,0.6470799336462744,-0.037056130951097166,3.9111862182617188,-40.20000076293945,0.1325329627983031,119
546,65.4137446501911,77.0266478723329,68,2.858674849996364e-13,1.5666950654927375e-08,17.801345825195312,11.076339721679688,6.725006103515625,0.12918511695087675,0.2384900562506783,0.10930493929980153,1.846110928872443,0.5808573670924655,0.41914263290753456,0.598875162392553,0.40112483760744705,0.502434607856334,0.4975653921436661,-7.800000190734863,0.6952949812232536,0.4884214190583712,0.2068735621648824,0.44572510387805037,0.5299652514540095,0.08424014757595916,0.6841853919687257,0.6788093595096952,-0.005376032459030511,3.8814048767089844,-41.099998474121094,0.04489676335501232,119
549,40.90243907427127,85.60975620196312,68,2.7971955845558214e-10,5.68700942988695e-05,13.557352066040039,6.024375915527343,7.532976150512696,0.12867745582144696,0.371621096423905,0.24294364060245804,2.8880046939968027,0.5245208482952739,0.4754791517047261,0.4866168383547502,0.5133831616452498,0.542540324840405,0.45745967515959496,-6.599999904632568,0.5993755747060284,0.47309353859307146,0.12628203611295696,0.46119575799882984,0.6109975679016454,0.14980180990281555,0.6840407022870368,0.6373273551238353,-0.046713347163201524,3.2897758483886728,-40.29999923706055,0.20265335847054805,119
552,37.567567567567565,82.80405405405405,68,4.111331110885794e-12,1.2663061140522818e-06,16.15825080871582,8.369270324707031,7.788980484008789,0.1385985965052655,0.2934816361219152,0.1548830396166497,2.117493564307237,0.5936415320613033,0.4063584679386967,0.5573053336867769,0.4426946663132231,0.5964758865068587,0.4035241134931413,-7.199999809265137,0.5395977457816222,0.4501073812344861,0.0894903645471361,0.474473093932293,0.5621487254134833,0.08767563148119029,0.6840004523639579,0.6767083690657311,-0.007292083298226837,3.543918609619141,-43.099998474121094,0.13495555841711712,119
556,6.458408679343724,7.0099457489141095,68,3.1716928737597427e-09,1.2439025648167526e-06,12.060781478881836,8.380271911621094,3.680509567260742,0.19885578792316744,0.29209747971543953,0.0932416917922721,1.4688910127589456,0.7407112215759674,0.25928877842403264,0.6222072890234926,0.3777927109765073,0.6157049004357182,0.38429509956428176,-5.599999904632568,0.5748887116383112,0.4485080288678225,0.12638068277048875,0.5125087698990968,0.5591696332798191,0.046660863380722284,0.6821622452258326,0.672961977284556,-0.009200267941276596,1.819976806640625,-40.0,0.15116173283604248,119
559,31.228813584939672,72.75423735826631,68,3.067021379112949e-15,1.3094860372013341e-08,20.596250534057617,11.186866760253908,9.40938377380371,0.12835327355496506,0.23500963833625166,0.1066563647812866,1.8309594436297167,0.41166799869350557,0.5883320013064944,0.5220391890197901,0.4779608109802099,0.4456579939033296,0.5543420060966704,-7.800000190734863,0.6383686461776323,0.48746058873129106,0.15090805744634128,0.41064881992931407,0.5214165259859498,0.11076770605663572,0.6841308603915858,0.6761482637401913,-0.007982596651394447,3.8991165161132812,-43.29999923706055,0.09582174686359847,119
562,31.975757576363634,41.07272727272727,68,1.839987907960742e-14,2.066908843803909e-07,19.492027282714844,9.486434936523438,10.005592346191406,0.12837414793962065,0.28653090557161387,0.15815675763199322,2.2319984994672017,0.5349813962668095,0.46501860373319054,0.6268898888531383,0.37311011114686166,0.6669004135709184,0.3330995864290815,-9.100000381469727,0.6203029880372233,0.4511919242448631,0.16911106379236018,0.4149315028715829,0.5552045004081453,0.14027299753656236,0.684073155591126,0.6483053410112126,-0.035767814579913404,3.8557815551757812,-45.099998474121094,0.299254775912008,119
565,8.660633484162895,11.62141779638009,68,4.415248758753758e-14,1.124335332633964e-06,18.952558517456055,8.442558288574219,10.510000228881836,0.12899600617034018,0.29471345468252363,0.16571744851218345,2.2846711571314255,0.33533425469835476,0.6646657453016452,0.36151119316345204,0.638488806836548,0.46765081159021327,0.5323491884097867,-5.099999904632568,0.6128946198153358,0.45111694412517034,0.16177767569016543,0.4734284837165638,0.5563874915221595,0.08295900780559567,0.6841261601640417,0.6775960328880758,-0.0065301272759659135,3.836559295654297,-39.20000076293945,0.13543906262611657,119
568,8.097251584819134,9.830105712401735,68,3.0753973843040433e-13,1.7668761113724651e-07,17.75630760192871,9.583099365234375,8.173208236694336,0.12909767573340972,0.22744647863981943,0.09834880290640971,1.761816991264062,0.5656115547405114,0.4343884452594886,0.5782933369985213,0.4217066630014787,0.5440035405356716,0.4559964594643284,-5.400000095367432,0.569492799950306,0.4428123197840832,0.1266804801662228,0.468892198762084,0.528365722970364,0.059473524208280004,0.6841267352569084,0.6582345371862482,-0.025892198070660122,2.4668960571289062,-39.5,0.12339816100661571,119
571,44.35284421628429,61.319043735629876,68,6.692380683193077e-15,9.093174025202443e-09,20.11535835266113,11.411636352539062,8.703722000122067,0.12861450658512297,0.23702509409794542,0.10841058751282245,1.8429110400627426,0.5148081630439048,0.4851918369560952,0.6104522696759236,0.3895477303240764,0.6153697453884563,0.38463025461154365,-11.699999809265137,0.5927481249315927,0.4897991405905582,0.1029489843410345,0.4141512005763122,0.5292981915112689,0.11514699093495667,0.6841814266901761,0.6744706642348657,-0.00971076245531044,3.870494842529298,-43.20000076293945,0.11515172498183222,119
574,7.7612403116279065,11.610852711627906,68,2.429154120532075e-12,1.9001777974672508e-06,16.482561111450195,8.119140625,8.363420486450195,0.14439923661530824,0.2936985240669327,0.14929928745162446,2.0339340494532556,0.4230853948878478,0.5769146051121522,0.4706275027054353,0.5293724972945647,0.5581488981913735,0.4418511018086265,-5.900000095367432,0.5457425874988706,0.45104732485813204,0.09469526264073858,0.47360949411694303,0.5619580765631897,0.08834858244624672,0.6840696476757476,0.6696381537216421,-0.014431493954105479,3.7997665405273438,-38.0,0.07384545345969433,119
577,18.07762556849315,23.883333335616438,68,1.1590092873108678e-13,9.89594983353402e-07,18.357755661010742,8.521232604980469,9.836523056030273,0.1286745428003033,0.2997523477029643,0.17107780490266097,2.329538859665237,0.5299431181315386,0.47005688186846145,0.5499671346719557,0.4500328653280443,0.5634051434926524,0.4365948565073476,-5.0,0.5491934602263545,0.4394768607531341,0.10971659947322043,0.46117364112949283,0.5661642584827216,0.10499061735322873,0.6841797999892117,0.6755706581109385,-0.008609141878273219,3.831291198730469,-40.20000076293945,0.08124185077860273,119
580,28.720238080357145,44.07440477678572,68,7.73318212838804e-14,1.9903921175119765e-09,18.60713768005371,12.347946166992188,6.259191513061523,0.13228175659261676,0.18776659543390004,0.055484838841283274,1.4194443759327893,0.6162715689499387,0.3837284310500612,0.5007714084740202,0.4992285915259798,0.5115874017798587,0.48841259822014127,-13.0,0.5804663428422285,0.5826019869168084,-0.00213564407457989,0.4753491150782781,0.5068995389772976,0.031550423899019464,0.6841802725699141,0.6221963128272497,-0.06198395974266435,2.1049957275390634,-43.099998474121094,0.16338914154880174,119
583,50.14516119331426,84.2580643640999,68,1.1102279974562984e-14,1.0331573491945459e-09,19.803388595581055,12.7520751953125,7.051313400268555,0.1306977029430134,0.23603019893437052,0.10533249599135713,1.8059246155021107,0.6853705324905728,0.31462946750942716,0.6141955590224193,0.38580444097758065,0.5129602897858838,0.4870397102141162,-13.100000381469727,0.5514482441491968,0.48945812356277796,0.06199012058641884,0.47428831210713296,0.5285113900696592,0.054223077962526234,0.6843131420840338,0.6759643940353235,-0.00834874804871033,3.1347084045410156,-45.0,0.1321297984192004,119
586,73.9108074255713,93.5322485854588,68,3.386859735573097e-13,3.648278507755778e-06,17.69685173034668,7.717109680175782,9.979742050170898,0.12965995231656605,0.24827999930542527,0.11862004698885922,1.9148549329961746,0.4586105760169673,0.5413894239830327,0.5293133783761187,0.4706866216238813,0.4959689761970547,0.5040310238029453,-10.899999618530273,0.6202656581265729,0.4873898282611878,0.13287582986538504,0.44764935313726895,0.5394743867206275,0.09182503358335858,0.6840809995939905,0.6262972971117707,-0.057783702482219756,3.236194610595703,-44.099998474121094,0.06526358667072767,119
589,18.07956104526749,20.021755827160494,68,1.0170390318145089e-12,9.489105587905237e-06,17.0191593170166,7.1279754638671875,9.891183853149414,0.1283075116279263,0.2546862966847701,0.1263787850568438,1.984967937211069,0.49343685804714044,0.5065631419528596,0.5346603159555559,0.46533968404444415,0.5680757139853518,0.43192428601464816,-7.699999809265137,0.5567519475392929,0.46153242889388113,0.09521951864541178,0.41554618525965875,0.539979160095482,0.12443297483582322,0.6840731613706698,0.5275593487491747,-0.1565138126214951,3.4558296203613272,-38.5,0.21013115750635744,119
592,4.780104687015159,6.5858638398645875,68,1.917827257646074e-10,1.1825795342313274e-06,13.789966583251953,8.411430358886719,5.378536224365234,0.13428013955918836,0.2862978002828737,0.15201766072368536,2.1320934072806694,0.5427733577684715,0.4572266422315286,0.52490980083466,0.47509019916533995,0.5413534458625902,0.45864655413740985,-5.599999904632568,0.5099810765764692,0.4499582253158748,0.06002285126059437,0.4665458425136863,0.5554585510712929,0.08891270855760663,0.6839878764061668,0.6683657958698425,-0.015622080536324301,3.3618717193603516,-30.0,0.17931825336447438,119
595,10.905298291614518,28.526783479349184,68,2.2364904122290686e-15,2.0371045276172765e-06,20.790884017944332,8.076255798339844,12.714628219604489,0.1283618184776866,0.2385580675315508,0.11019624905386419,1.858481520133807,0.6092194677660108,0.3907805322339892,0.6330539522826886,0.36694604771731143,0.5819943883427083,0.41800561165729166,-7.0,0.6215156746698961,0.5010912331908701,0.12042444147902598,0.4086276932225683,0.5199591068307022,0.11133141360813392,0.6841180861196886,0.6824795909740713,-0.0016384951456173136,3.7355728149414062,-38.20000076293945,0.20813679526650983,119
598,6.8755622214206245,15.076461771375781,68,1.1424367653650197e-11,5.133026392488682e-07,15.528369903564451,8.925804138183594,6.602565765380858,0.12884818186067665,0.29224145940380264,0.163393277543126,2.268106970417347,0.6275156157235646,0.3724843842764353,0.6195163363665284,0.3804836636334716,0.6232494103589703,0.37675058964102964,-7.0,0.660766891152749,0.4489360257061299,0.2118308654466191,0.4418913287933108,0.5598144293989612,0.11792310060565042,0.684317438048413,0.6743819678152093,-0.009935470233203736,3.8361434936523433,-37.5,0.14121764654812402,119
602,10.025784754487196,13.544058297482518,68,1.0705065051054816e-12,1.7768704348880566e-06,16.987581253051758,8.160491943359375,8.827089309692383,0.12916489704996814,0.31326056628554216,0.18409566923557402,2.4252763207356223,0.5765430620994836,0.42345693790051636,0.5970774067740507,0.4029225932259492,0.5640664482164458,0.4359335517835542,-9.199999809265137,0.5845338299704326,0.49066683601531613,0.09386699395511644,0.44480961227870175,0.5301963992356222,0.08538678695692048,0.6841370044789922,0.5251661127480529,-0.15897089173093926,3.7331104278564453,-32.79999923706055,0.25816412985760784,119
606,16.018817201612904,18.473198927419357,68,1.794694518186076e-12,1.1364909912715957e-08,16.669126510620117,11.274192810058594,5.394933700561523,0.1677645595728473,0.22723338794752138,0.05946882837467407,1.3544778976327911,0.4977813631612834,0.5022186368387166,0.5808734144430714,0.4191265855569286,0.6370938369648966,0.3629061630351034,-7.800000190734863,0.5437849439837297,0.5036655434522195,0.040119400531510196,0.49094789155400875,0.5067345461492314,0.01578665459522266,0.6871362347746738,0.5942134899756275,-0.09292274479904628,3.034105300903321,-34.400001525878906,0.19177897037459943,119
609,4.796934866666667,7.4207662827586205,68,1.0754221209420246e-13,3.9859404157285895e-08,18.403888702392578,10.500816345214846,7.903072357177733,0.15043096692932956,0.23692480356848059,0.08649383663915103,1.5749736135099408,0.4767251705551837,0.5232748294448163,0.5794843363032475,0.42051566369675253,0.5825984616713921,0.41740153832860794,-8.399999618530273,0.5682393521185617,0.4892433705969248,0.0789959815216369,0.48537945285417416,0.5278693929927823,0.042489940138608184,0.6841141625224264,0.6784718422828043,-0.005642320239622078,3.8296470642089844,-36.599998474121094,0.14201888576585742,119
612,9.879978179214403,11.96808510638298,68,3.0813611365984047e-13,8.950224829009731e-06,17.75511360168457,7.164009094238281,10.591104507446289,0.13270557838239816,0.32119544513766685,0.1884898667552687,2.4203612919128776,0.49886210957269184,0.5011378904273082,0.44344620221841824,0.5565537977815818,0.5053928570268675,0.4946071429731325,-6.800000190734863,0.5160968845885561,0.4467698388548229,0.06932704573373316,0.46907893268540723,0.575493162901381,0.10641423021597374,0.6840736531208647,0.6744250864329109,-0.009648566687953775,4.927585601806641,-37.29999923706055,0.21506755977418435,119
615,15.027173908688269,15.90027173453797,68,4.7086599341545625e-11,1.6087591521178142e-06,14.655511856079102,8.221748352050781,6.43376350402832,0.12869572405445945,0.2966173726670124,0.16792164861255293,2.304795865179596,0.8259990319648514,0.17400096803514867,0.7559272221674322,0.2440727778325678,0.630224658203153,0.36977534179684696,-5.199999809265137,0.4437646894472441,0.44306680553712174,0.0006978839101223766,0.47023096747396,0.5638423448295523,0.09361137735559233,0.6841852299465986,0.6740617453069241,-0.010123484639674496,3.8523731231689453,-35.70000076293945,0.12975506482972424,119
619,61.71428560408163,66.3571427565051,68,3.4721875694709384e-13,4.957320345847147e-08,17.681516647338867,10.366401672363281,7.315114974975586,0.14303234818489205,0.24856296491007443,0.10553061672518238,1.737809440062938,0.7430314590091085,0.25696854099089156,0.7674401270073735,0.2325598729926265,0.7465297948296917,0.25347020517030827,-7.900000095367432,0.5550297134137752,0.510037311033225,0.044992402380550134,0.4763098733492934,0.5165310887650422,0.040221215415748746,0.6841332522456801,0.6220770194084845,-0.062056232837195635,3.053009033203124,-41.599998474121094,0.12722515459519493,119
622,23.2010081852552,21.568998109640834,68,1.446360813488471e-14,1.77432481584227e-08,19.640380859375,10.999637603759766,8.640743255615234,0.1282609591347454,0.2681745630507295,0.13991360391598412,2.090851065358064,0.5554571722602273,0.44454282773977266,0.5678438175393506,0.43215618246064935,0.4954004767090151,0.5045995232909849,-7.400000095367432,0.5756958597218661,0.4762023043882543,0.09949355533361182,0.4086143532893298,0.5479921697259523,0.1393778164366225,0.6841383867972027,0.5900860147057954,-0.09405237209140738,4.20269775390625,-43.0,0.22340669922224576,119
625,32.394594577624545,54.340540511167276,68,4.777263061828607e-08,6.626474046503299e-07,10.389204025268555,8.768409729003906,1.6207942962646484,0.5738866324469896,0.2894361941591719,-0.2844504382878177,0.5043438508491611,0.8284191004569997,0.1715808995430003,0.7951131624701211,0.20488683752987893,0.826745937979824,0.173254062020176,-7.599999904632568,0.4040283878007612,0.4520763044037167,-0.04804791660295549,0.6429834209416414,0.5598487135394932,-0.08313470740214823,0.8136807502690075,0.6780238885724205,-0.13565686169658708,-3.1734771728515625,-34.20000076293945,0.14060121547565638,119
628,25.35510203454894,38.636734674025824,68,1.0804477503657878e-09,6.199380818326818e-07,12.724491119384766,8.809471130371094,3.915019989013672,0.137484079049018,0.2803767647313358,0.14289268568231783,2.039339876083917,0.5796967856551232,0.42030321434487683,0.5852778238975781,0.4147221761024219,0.6276433722301111,0.3723566277698889,-7.0,0.5974775550071592,0.5043130905765241,0.09316446443063509,0.45126824106556807,0.5326608966769837,0.08139265561141562,0.6808597633340048,0.686709809136541,0.00585004580253623,1.7832374572753906,-32.900001525878906,0.16766286184773946,119
631,38.010526308418285,40.44657893409301,68,5.917692975062358e-14,1.079772534444342e-09,18.772048950195312,12.724876403808594,6.047172546386719,0.1290255601324044,0.28151005180822064,0.15248449167581624,2.181816157351602,0.5792017603624406,0.4207982396375593,0.5767770492115527,0.42322295078844735,0.6174315573871125,0.38256844261288747,-9.600000381469727,0.5774079538952686,0.49374263003729046,0.08366532385797809,0.44097243904940203,0.5526368323109793,0.11166439326157723,0.6840926378072375,0.8588934467339154,0.17480080892667793,3.0422935485839844,-39.0,0.19588755835114066,119
634,23.66557227900638,29.281628774081643,68,1.3552246390848476e-13,4.542633294390087e-05,18.261362075805664,6.162849426269531,12.098512649536133,0.12832239244334778,0.3580981929496885,0.2297758005063407,2.790613439566153,0.5818376919579571,0.41816230804204285,0.5928435801319631,0.4071564198680368,0.6008528727476907,0.3991471272523092,-6.900000095367432,0.5902930465959326,0.47286541837411766,0.11742762822181496,0.4494894824494583,0.6002522339605577,0.1507627515110994,0.6840727612760383,0.6429561485551019,-0.041116612720936474,4.2183685302734375,-39.70000076293945,0.1639102190771687,119
638,15.0616312588513,30.24547600314713,68,3.2594822334828684e-10,4.045858606253295e-06,13.463085174560547,7.653358459472656,5.809726715087891,0.1324243849451967,0.3201179432643324,0.1876935583191357,2.4173640179398372,0.4872656813466856,0.5127343186533144,0.5432116378429752,0.45678836215702473,0.532172696502546,0.467827303497454,-7.699999809265137,0.5392468451926105,0.45038043070389444,0.08886641448871602,0.47391322353363063,0.5650890863172439,0.09117586278361323,0.6841264157871914,0.657783106697316,-0.026343309089875366,0.9526748657226558,-34.70000076293945,0.1511431607892933,119
641,64.67775481221987,82.87941803093435,68,2.087740949133912e-11,6.271939378057612e-07,15.156778335571289,8.802299499511719,6.35447883605957,0.13017654611201218,0.2917755418701503,0.16159899575813813,2.241383341197946,0.7185968706077683,0.28140312939223167,0.698125971272435,0.30187402872756497,0.7426507235500919,0.2573492764499082,-7.5,0.546021237702915,0.4496433739338481,0.09637786376906687,0.47135328617111083,0.5615402895718181,0.09018700340070729,0.6842108640478378,0.674407795852038,-0.009803068195799791,1.534744262695312,-40.5,0.21114505141680392,119
644,37.828162291169456,47.12092284009547,68,2.6774246537241555e-16,2.82948684730049e-07,22.099109649658203,9.292884826660156,12.806224822998047,0.12826557742939174,0.2851121635393814,0.15684658610998967,2.2228268039905825,0.3909834771426247,0.6090165228573753,0.4287870049160145,0.5712129950839855,0.4608020832226343,0.5391979167773657,-6.400000095367432,0.5709454364987367,0.4521114352171832,0.11883400128155353,0.40884276189806235,0.5550163247857193,0.14617356288765693,0.6841380848505413,0.6725481324719311,-0.011589952378610158,3.896442413330078,-41.5,0.19720896105211005,119
647,61.22641509433962,68.40251572327043,68,1.006616873938129e-11,1.312477205832164e-06,15.606376647949219,8.347198486328125,7.259178161621094,0.12920210230998055,0.2915142734215056,0.16231217111152504,2.2562657124735255,0.5639713365286065,0.4360286634713934,0.5685816858443741,0.4314183141556259,0.5845060530325388,0.4154939469674612,-7.5,0.5311543079350192,0.44969452952737,0.08145977840764917,0.4423138809961172,0.5596547233297502,0.11734084233363301,0.6841465996664132,0.6706619681982521,-0.013484631468161146,1.9457931518554683,-38.5,0.22949429494349746,119
650,24.764999987617504,74.02849995798576,68,5.156352997959925e-10,1.826234792579258e-05,13.180402755737305,6.724472045898438,6.455930709838866,0.1290755086931511,0.3145866081466388,0.1855110994534877,2.4372292724756943,0.6373252192213097,0.36267478077869036,0.6367222231406802,0.3632777768593198,0.6168058182282813,0.3831941817717187,-5.199999809265137,0.571223811872169,0.4957224862656444,0.07550132560652456,0.44337539387562436,0.5735535534218346,0.1301781595462102,0.6841660626116544,0.6658656725474247,-0.018300390064229677,1.6455154418945304,-40.400001525878906,0.2830344601814436,119
653,42.76190476122449,58.865306122448985,68,3.2090119846142313e-14,4.73352922381935e-06,19.149227142333984,7.556610107421875,11.59261703491211,0.128313815744324,0.2564609860457677,0.12814717030144374,1.998701266563436,0.7328409693049036,0.26715903069509644,0.7052182198483221,0.2947817801516779,0.6110258822946253,0.3889741177053747,-5.199999809265137,0.5978398111675917,0.48530518135197254,0.11253462981561912,0.4098382390615874,0.5297277153313643,0.11988947626977692,0.6841361934693501,0.6766319992705315,-0.007504194198818537,3.6529197692871094,-47.900001525878906,0.11845511932652956,119
656,43.353973167182666,47.53560371517028,68,5.38951595795886e-12,2.8663856343310437e-06,15.99140739440918,7.8657684326171875,8.125638961791992,0.14167638548906447,0.28574715994838396,0.14407077445931948,2.0169004097753453,0.7504129530817587,0.2495870469182413,0.6712755416119185,0.32872445838808156,0.6231560807659648,0.3768439192340351,-6.699999809265137,0.5710801446946505,0.44848710835059036,0.12259303634406016,0.4705087104045783,0.5550732043893872,0.08456449398480892,0.5982448478623391,0.6653039663091228,0.0670591184467837,1.4798355102539062,-45.20000076293945,0.250713528365746,119
659,27.152631593764543,29.79552633147133,68,6.7715243542798235e-12,1.6376326580541424e-06,15.850719451904299,8.210784912109375,7.639934539794924,0.13310023273313284,0.22723072051073098,0.09413048777759814,1.7072150502270766,0.6797264221101571,0.32027357788984284,0.6655810567513458,0.33441894324865423,0.6035762937661083,0.39642370623389167,-7.0,0.611094284583408,0.5047959216773622,0.10629836290604577,0.47464611355129016,0.5227587993310426,0.04811268577975247,0.6841412662870637,0.6836104728395465,-0.0005307934475172749,3.483409881591797,-46.099998474121094,0.21348645268662575,119
662,27.940119765022768,28.85149700824569,68,2.829957071025747e-17,3.5979572364098458e-06,23.484092712402344,7.725669860839844,15.7584228515625,0.12824099283236204,0.22497074596304792,0.09672975313068588,1.7542810687463408,0.5315405715348569,0.4684594284651431,0.6251072835254624,0.3748927164745376,0.6866972611048114,0.3133027388951886,-7.400000095367432,0.626305925462158,0.4775262645016497,0.14877966096050832,0.44123108756820095,0.5257744627047137,0.08454337513651278,0.684073065237837,0.6237834412827713,-0.06028962395506565,2.671142578125,-56.20000076293945,0.08625976361908047,119
665,70.48076938553994,77.2038463023151,68,1.801444910056382e-15,1.7176552112600784e-06,20.924205780029297,8.181381225585938,12.74282455444336,0.1283497679148711,0.2630557530105525,0.1347059850956814,2.049522623095245,0.4494289638666932,0.5505710361333068,0.545503847305544,0.45449615269445603,0.621244189396305,0.37875581060369506,-9.0,0.603422847278746,0.5077429055431725,0.09567994173557348,0.4730657525031111,0.5493423873039869,0.07627663480087576,0.6841783809202596,0.6693782140078142,-0.014800166912445456,3.077392578125,-51.599998474121094,0.1452184005454629,119
668,30.511363636363633,38.53882576704545,68,2.576799080129047e-18,1.6988358051266555e-09,24.960981369018555,12.445564270019531,12.515417098999023,0.1284148640553595,0.23690756133500696,0.10849269727964744,1.844860897355904,0.4989461709776247,0.5010538290223753,0.5321019927692678,0.4678980072307321,0.5995858762818094,0.40041412371819063,-10.199999809265137,0.597338386276827,0.49105269263675655,0.10628569364007046,0.4728866945543223,0.524832392251086,0.051945697696763715,0.684136560638929,0.6765232777870388,-0.007613282851890224,3.9665679931640625,-53.70000076293945,0.08211413670086665,119
671,24.385964912828946,25.33442982401316,68,7.910177910873095e-15,4.383285464906384e-12,20.01232147216797,16.1187744140625,3.8935470581054688,0.12830551802743698,0.14457014375886823,0.016264625731431254,1.1267648187036914,0.5242274662252802,0.47577253377471984,0.5144996354948445,0.48550036450515555,0.45997380323818493,0.5400261967618151,-15.100000381469727,0.573511984808492,0.5507180297964351,0.022793955012056832,0.44723456559685104,0.4538447044090398,0.006610138812188748,0.6840725158406125,0.5994632101403915,-0.08460930570022096,2.2611236572265625,-49.400001525878906,0.15214160433579507,119
674,59.74587038878601,78.49682337719146,68,4.994485550946924e-12,1.5870474450106445e-07,16.03832244873047,9.649253845214844,6.389068603515625,0.1313443402807697,0.26635642670408083,0.13501208642331114,2.027924660740623,0.4736856735829208,0.5263143264170792,0.4914017353735265,0.5085982646264735,0.5205191684025222,0.4794808315974778,-9.100000381469727,0.5384038690513782,0.46984034674624653,0.06856352230513163,0.4684310069391437,0.5352373139896918,0.06680630705054807,0.6840732182156071,0.6152528686072946,-0.06882034960831251,3.345867156982422,-46.70000076293945,0.07745104658699176,119
