## RNAfold parameter file v2.0

# stack
/*  CG    GC    GU    UG    AU    UA    @  */
  -240  -330  -210  -140  -210  -210  -140
  -330  -340  -250  -150  -220  -240  -150
  -210  -250   130   DEF  -140  -130   130
  -140  -150   DEF    30   -60  -100    30
  -210  -220  -140   -60  -110   -90   -60
  -210  -240  -130  -100   -90  -130   -90
  -140  -150   130    30   -60   -90   130

# stack_enthalpies
/*  CG    GC    GU    UG    AU    UA    @  */
 -1060 -1340 -1210  -560 -1050 -1040  -560
 -1340 -1490 -1260  -830 -1140 -1240  -830
 -1210 -1260 -1460 -1350  -880 -1280  -880
  -560  -830 -1350  -930  -320  -700  -320
 -1050 -1140  -880  -320  -940  -680  -320
 -1040 -1240 -1280  -700  -680  -770  -680
  -560  -830  -880  -320  -320  -680  -320

# mismatch_hairpin
   -80  -100  -110  -100   -80
  -140  -150  -150  -140  -150
   -80  -100  -110  -100   -80
  -150  -230  -150  -240  -150
  -100  -100  -140  -100  -210
   DEF  -110   -70  -110   DEF
  -110  -110  -150  -130  -150
   DEF  -110   -70  -110   DEF
  -150  -250  -150  -220  -150
  -100  -110  -100  -110  -160
    20    20   -20   -10   -20
    20    20   DEF   -30   DEF
   -10   -10   -20   -10   -20
   DEF  -100   DEF  -110   DEF
   -10   -10   -30   -10  -100
     0   -20   -10   -20     0
   -30   DEF   -30   -60   -30
     0   -20   -10   -20     0
   -30   -90   -30  -110   -30
   -10   -20   -10   -20   -90
   -10   -10   -20   -10   -20
   -30   -30   DEF   -30   DEF
   -10   -10   -20   -10   -20
   DEF  -120   DEF  -110   DEF
   -10   -10   -30   -10  -120
     0   -20   -10   -20     0
   -30   DEF   -30   DEF   -30
     0   -20   -10   -20     0
   -30  -150   -30  -150   -30
   -10   -20   -10   -20   -90
    20    20   -10   -10     0
    20    20   -30   -30   -30
     0   -10   -10   -10     0
   -30   -90   -30  -110   -30
   -10   -10   -10   -10   -90

# mismatch_hairpin_enthalpies
   560  -570   560  -560  -270
  -560  -910  -560  -560  -560
  -270  -570  -340  -570  -270
   560 -1400   560  -920  -560
  -530  -570  -530  -570 -1440
    50  -520    50  -560  -400
  -400  -520  -400  -560  -400
    50  -720    50  -720  -420
  -400 -1290  -400  -620  -400
   -30  -720   -30  -720 -1080
   970   140   970   140   570
   570    30   570    20   570
   970   140   970   140   340
   570  -270   570    20   570
   830   140   830   140   DEF
   230   100   230   220   190
  -110  -110  -260  -520  -260
   190   -60  -140   -60   190
   220   100  -260   220  -260
   230   -60   230   -60   -70
   970   140   970   140   570
   570   -20   570    20   570
   970   140   970   140   340
   570  -520   570    20   570
   830   140   830   140  -380
   230   -30   230   -60   190
   -30   -30  -260  -520  -260
   190   -60  -140   -60   190
  -260  -590  -260  -520  -260
   230   -60   230   -60   -70
   970   140   970   220   570
   570    30   570    20   570
   970   140   970   140   340
   570   100   570   220   570
   830   140   830   140   DEF

# mismatch_internal
     0     0     0     0     0
     0     0     0   -80     0
     0     0     0     0     0
     0  -100     0  -100     0
     0     0     0     0   -60
     0     0     0     0     0
     0     0     0   -80     0
     0     0     0     0     0
     0  -100     0  -100     0
     0     0     0     0   -60
    70    70    70    70    70
    70    70    70   -10    70
    70    70    70    70    70
    70   -30    70   -30    70
    70    70    70    70    10
    70    70    70    70    70
    70    70    70   -10    70
    70    70    70    70    70
    70   -30    70   -30    70
    70    70    70    70    10
    70    70    70    70    70
    70    70    70   -10    70
    70    70    70    70    70
    70   -30    70   -30    70
    70    70    70    70    10
    70    70    70    70    70
    70    70    70   -10    70
    70    70    70    70    70
    70   -30    70   -30    70
    70    70    70    70    10
    70    70    70    70    70
    70    70    70   -10    70
    70    70    70    70    70
    70   -30    70   -30    70
    70    70    70    70    10

# mismatch_internal_enthalpies
   280     0     0   280     0
     0     0     0  -340     0
     0     0     0     0     0
   280  -760     0   280     0
     0     0     0     0  -580
   280     0     0   280     0
     0     0     0  -340     0
     0     0     0     0     0
   280  -760     0   280     0
     0     0     0     0  -580
   790   500   500   790   500
   500   500   500   170   500
   500   500   500   500   500
   790  -260   500   790   500
   500   500   500   500   -80
   790   500   500   790   500
   500   500   500   170   500
   500   500   500   500   500
   790  -260   500   790   500
   500   500   500   500   -80
   790   500   500   790   500
   500   500   500   170   500
   500   500   500   500   500
   790  -260   500   790   500
   500   500   500   500   -80
   790   500   500   790   500
   500   500   500   170   500
   500   500   500   500   500
   790  -260   500   790   500
   500   500   500   500   -80
   790   500   500   790   500
   500   500   500   170   500
   500   500   500   500   500
   790  -260   500   790   500
   500   500   500   500   -80

# mismatch_internal_1n
     0     0     0     0     0
     0     0     0     0     0
     0     0     0     0     0
     0     0     0     0     0
     0     0     0     0     0
     0     0     0     0     0
     0     0     0     0     0
     0     0     0     0     0
     0     0     0     0     0
     0     0     0     0     0
    70    70    70    70    70
    70    70    70    70    70
    70    70    70    70    70
    70    70    70    70    70
    70    70    70    70    70
    70    70    70    70    70
    70    70    70    70    70
    70    70    70    70    70
    70    70    70    70    70
    70    70    70    70    70
    70    70    70    70    70
    70    70    70    70    70
    70    70    70    70    70
    70    70    70    70    70
    70    70    70    70    70
    70    70    70    70    70
    70    70    70    70    70
    70    70    70    70    70
    70    70    70    70    70
    70    70    70    70    70
    70    70    70    70    70
    70    70    70    70    70
    70    70    70    70    70
    70    70    70    70    70
    70    70    70    70    70

# mismatch_internal_1n_enthalpies
     0     0     0     0     0
     0     0     0     0     0
     0     0     0     0     0
     0     0     0     0     0
     0     0     0     0     0
     0     0     0     0     0
     0     0     0     0     0
     0     0     0     0     0
     0     0     0     0     0
     0     0     0     0     0
   500   500   500   500   500
   500   500   500   500   500
   500   500   500   500   500
   500   500   500   500   500
   500   500   500   500   500
   500   500   500   500   500
   500   500   500   500   500
   500   500   500   500   500
   500   500   500   500   500
   500   500   500   500   500
   500   500   500   500   500
   500   500   500   500   500
   500   500   500   500   500
   500   500   500   500   500
   500   500   500   500   500
   500   500   500   500   500
   500   500   500   500   500
   500   500   500   500   500
   500   500   500   500   500
   500   500   500   500   500
   500   500   500   500   500
   500   500   500   500   500
   500   500   500   500   500
   500   500   500   500   500
   500   500   500   500   500

# mismatch_internal_23
     0     0     0     0     0
     0     0     0   DEF     0
     0     0     0     0     0
     0  -110     0   -70     0
     0     0     0     0   -30
     0     0     0     0     0
     0     0     0     0     0
     0     0     0     0     0
     0  -120     0   -70     0
     0     0     0     0   -30
    70    70    70    70    70
    70    70    70    70    70
    70    70    70    70    70
    70   -40    70     0    70
    70    70    70    70    40
    70    70    70    70    70
    70    70    70    20    70
    70    70    70    70    70
    70   -40    70     0    70
    70    70    70    70    40
    70    70    70    70    70
    70    70    70    70    70
    70    70    70    70    70
    70   -40    70     0    70
    70    70    70    70    40
    70    70    70    70    70
    70    70    70    20    70
    70    70    70    70    70
    70   -40    70     0    70
    70    70    70    70    40
    70    70    70    70    70
    70    70    70    70    70
    70    70    70    70    70
    70   -40    70     0    70
    70    70    70    70    40

# mismatch_internal_23_enthalpies
     0     0     0     0     0
     0     0     0  -570     0
     0     0     0     0     0
     0  -860     0  -900     0
     0     0     0     0  -640
     0     0     0     0     0
     0     0     0     0     0
     0     0     0     0     0
     0 -1090     0  -900     0
     0     0     0     0  -640
   500   500   500   500   500
   500   500   500   500   500
   500   500   500   500   500
   500  -580   500  -400   500
   500   500   500   500  -140
   500   500   500   500   500
   500   500   500   -60   500
   500   500   500   500   500
   500  -360   500  -400   500
   500   500   500   500  -140
   500   500   500   500   500
   500   500   500   500   500
   500   500   500   500   500
   500  -580   500  -400   500
   500   500   500   500  -140
   500   500   500   500   500
   500   500   500   -60   500
   500   500   500   500   500
   500  -360   500  -400   500
   500   500   500   500  -140
   500   500   500   500   500
   500   500   500   500   500
   500   500   500   500   500
   500  -360   500  -400   500
   500   500   500   500  -140

# mismatch_multi
   DEF  -110   DEF  -140   -70
  -110  -110  -110  -160  -110
   -70  -150   -70  -150  -100
  -110  -130  -110  -140  -110
   DEF  -150   DEF  -150   -70
   -80  -140   -80  -140  -100
  -100  -150  -100  -140  -100
  -110  -150  -110  -150  -140
  -100  -140  -100  -160  -100
   -80  -150   -80  -150  -120
   DEF   -80   DEF   DEF   DEF
   DEF  -100   -70   DEF   -70
   -60   -80   -60   -80   -60
   -70  -110   -70   -80   -70
   DEF   -80   DEF   -80   DEF
   -30   -30   -60   -60   -60
   -30   -30   -60   -60   -60
   -70  -100   -70  -100   -80
   -60   -80   -60   -80   -60
   -60  -100   -70  -100   -60
   DEF   -80   DEF   -80   DEF
   -70  -100   -70  -110   -70
   -60   -80   -60   -80   -60
   -70  -110   -70  -120   -70
   DEF   -80   DEF   -80   DEF
   -60   -80   -60   -80   -60
   -60   -80   -60   -80   -60
   -70  -100   -70  -100   -80
   -60   -80   -60   -80   -60
   -70  -100   -70  -100   -80
   -30   -30   DEF   DEF   DEF
   -30   -30   -60   DEF   -60
   -60   -80   -60   -80   -60
   -60   -80   -60   -80   -60
   DEF   -80   DEF   -80   DEF

# mismatch_multi_enthalpies
    50  -400    50  -400   -30
  -520  -520  -720  -710  -720
    50  -400    50  -400   -30
  -560  -560  -720  -620  -720
  -400  -400  -420  -400  -500
  -270  -560  -270  -560  -530
  -570  -910  -570  -820  -570
  -340  -560  -340  -560  -530
  -560  -560  -570  -920  -570
  -270  -560  -270  -560  -860
   310  -480  -180   310   140
   310  -480  -430   310  -430
  -140  -630  -510  -630  -140
  -150  -890  -430  -150  -430
   140  -630  -180  -630   140
   600   200   600   200   460
   -60  -340  -230   -60  -230
   600   200   600   200   460
  -230  -350  -230  -350  -230
   200   200   -30   200   160
   140  -400  -180  -380   140
  -380  -400  -430  -380  -430
  -140  -630  -510  -630  -140
  -430  -890  -430  -890  -430
   140  -630  -180  -630   140
   600   200   600   200   460
  -230  -390  -230  -310  -230
   600   200   600   200   460
  -230  -350  -230  -350  -230
   200   200   -30   200  -170
   600   200   600   310   460
   310  -340  -230   310  -230
   600   200   600   200   460
  -150  -350  -230  -150  -230
   200   200   -30   200   160

# mismatch_exterior
   DEF  -110   DEF  -140   -70
  -110  -110  -110  -160  -110
   -70  -150   -70  -150  -100
  -110  -130  -110  -140  -110
   DEF  -150   DEF  -150   -70
   -80  -140   -80  -140  -100
  -100  -150  -100  -140  -100
  -110  -150  -110  -150  -140
  -100  -140  -100  -160  -100
   -80  -150   -80  -150  -120
   DEF   -80   DEF   DEF   DEF
   DEF  -100   -70   DEF   -70
   -60   -80   -60   -80   -60
   -70  -110   -70   -80   -70
   DEF   -80   DEF   -80   DEF
   -30   -30   -60   -60   -60
   -30   -30   -60   -60   -60
   -70  -100   -70  -100   -80
   -60   -80   -60   -80   -60
   -60  -100   -70  -100   -60
   DEF   -80   DEF   -80   DEF
   -70  -100   -70  -110   -70
   -60   -80   -60   -80   -60
   -70  -110   -70  -120   -70
   DEF   -80   DEF   -80   DEF
   -60   -80   -60   -80   -60
   -60   -80   -60   -80   -60
   -70  -100   -70  -100   -80
   -60   -80   -60   -80   -60
   -70  -100   -70  -100   -80
   -30   -30   DEF   DEF   DEF
   -30   -30   -60   DEF   -60
   -60   -80   -60   -80   -60
   -60   -80   -60   -80   -60
   DEF   -80   DEF   -80   DEF

# mismatch_exterior_enthalpies
    50  -400    50  -400   -30
  -520  -520  -720  -710  -720
    50  -400    50  -400   -30
  -560  -560  -720  -620  -720
  -400  -400  -420  -400  -500
  -270  -560  -270  -560  -530
  -570  -910  -570  -820  -570
  -340  -560  -340  -560  -530
  -560  -560  -570  -920  -570
  -270  -560  -270  -560  -860
   310  -480  -180   310   140
   310  -480  -430   310  -430
  -140  -630  -510  -630  -140
  -150  -890  -430  -150  -430
   140  -630  -180  -630   140
   600   200   600   200   460
   -60  -340  -230   -60  -230
   600   200   600   200   460
  -230  -350  -230  -350  -230
   200   200   -30   200   160
   140  -400  -180  -380   140
  -380  -400  -430  -380  -430
  -140  -630  -510  -630  -140
  -430  -890  -430  -890  -430
   140  -630  -180  -630   140
   600   200   600   200   460
  -230  -390  -230  -310  -230
   600   200   600   200   460
  -230  -350  -230  -350  -230
   200   200   -30   200  -170
   600   200   600   310   460
   310  -340  -230   310  -230
   600   200   600   200   460
  -150  -350  -230  -150  -230
   200   200   -30   200   160

# dangle5
/*  @     A     C     G     U   */
   -10   DEF   -30   -20   -10
     0   -20   -30     0     0
   -20   -30   -30   -40   -20
   -10   -30   -10   -20   -20
   -20   -30   -30   -40   -20
   -10   -30   -10   -20   -20
     0   -20   -10     0     0

# dangle5_enthalpies
/*  @     A     C     G     U   */
   330  -240   330    80  -140
    70  -160    70  -460   -40
   310   160   220    70   310
   690   DEF   690    60    60
   310   160   220    70   310
   690   DEF   690    60    60
   690   160   690    80   310

# dangle3
/*  @     A     C     G     U   */
   -40  -110   -40  -130   -60
   -80  -170   -80  -170  -120
   -10   -70   -10   -70   -10
   DEF   -80   DEF   -80   -60
   -10   -70   -10   -70   -10
   DEF   -80   DEF   -80   -60
   -10   -70   -10   -70   -10

# dangle3_enthalpies
/*  @     A     C     G     U   */
  -280  -740  -280  -640  -360
  -410  -900  -410  -860  -750
   -70  -570   -70  -580  -220
   -90  -490   -90  -550  -230
   -70  -570   -70  -580  -220
   -90  -490   -90  -550  -230
   -70  -490   -70  -550  -220

# int11
/* CG..CG */
    90    90    50    50    50
    90    90    50    50    50
    50    50    50    50    50
    50    50    50  -140    50
    50    50    50    50    40
/* CG..GC */
    90    90    50    50    60
    90    90   -40    50    50
    60    30    50    50    60
    50   -10    50  -220    50
    50    50     0    50   -10
/* CG..GU */
   120   120   120   120   120
   120    60    50   120   120
   120   120   120   120   120
   120   -20   120  -140   120
   120   120   100   120   110
/* CG..UG */
   220   220   170   120   120
   220   220   130   120   120
   170   120   170   120   120
   120   120   120  -140   120
   120   120   120   120   110
/* CG..AU */
   120   120   120   120   120
   120   120   120   120   120
   120   120   120   120   120
   120   120   120  -140   120
   120   120   120   120    80
/* CG..UA */
   120   120   120   120   120
   120   120   120   120   120
   120   120   120   120   120
   120   120   120  -140   120
   120   120   120   120   120
/* CG.. @ */
   220   220   170   120   120
   220   220   130   120   120
   170   120   170   120   120
   120   120   120  -140   120
   120   120   120   120   120
/* GC..CG */
    90    90    60    50    50
    90    90    30   -10    50
    50   -40    50    50     0
    50    50    50  -220    50
    60    50    60    50   -10
/* GC..GC */
    80    80    50    50    50
    80    80    50    50    50
    50    50    50    50    50
    50    50    50  -230    50
    50    50    50    50   -60
/* GC..GU */
   190   190   120   150   150
   190   190   120   150   120
   120   120   120   120   120
   120   120   120  -140   120
   150   120   120   120   150
/* GC..UG */
   160   160   120   120   120
   160   160   120   100   120
   120   120   120   120   120
   120   120   120  -140   120
   120   120   120   120    70
/* GC..AU */
   120   120   120   120   120
   120   120   120   120   120
   120   120   120   120   120
   120   120   120  -140   120
   120   120   120   120    80
/* GC..UA */
   120   120   120   120   120
   120   120   120   120   120
   120   120   120   120   120
   120   120   120  -140   120
   120   120   120   120   120
/* GC.. @ */
   190   190   120   150   150
   190   190   120   150   120
   120   120   120   120   120
   120   120   120  -140   120
   150   120   120   120   150
/* GU..CG */
   120   120   120   120   120
   120    60   120   -20   120
   120    50   120   120   100
   120   120   120  -140   120
   120   120   120   120   110
/* GU..GC */
   190   190   120   120   150
   190   190   120   120   120
   120   120   120   120   120
   150   150   120  -140   120
   150   120   120   120   150
/* GU..GU */
   190   190   190   190   190
   190   190   190   190   190
   190   190   190   190   190
   190   190   190   -70   190
   190   190   190   190   120
/* GU..UG */
   190   190   190   190   190
   190   190   190   190   190
   190   190   190   190   190
   190   190   190   -70   190
   190   190   190   190   160
/* GU..AU */
   190   190   190   190   190
   190   190   190   190   190
   190   190   190   190   190
   190   190   190   -70   190
   190   190   190   190   120
/* GU..UA */
   190   190   190   190   190
   190   190   190   190   190
   190   190   190   190   190
   190   190   190   -70   190
   190   190   190   190   160
/* GU.. @ */
   190   190   190   190   190
   190   190   190   190   190
   190   190   190   190   190
   190   190   190   -70   190
   190   190   190   190   160
/* UG..CG */
   220   220   170   120   120
   220   220   120   120   120
   170   130   170   120   120
   120   120   120  -140   120
   120   120   120   120   110
/* UG..GC */
   160   160   120   120   120
   160   160   120   120   120
   120   120   120   120   120
   120   100   120  -140   120
   120   120   120   120    70
/* UG..GU */
   190   190   190   190   190
   190   190   190   190   190
   190   190   190   190   190
   190   190   190   -70   190
   190   190   190   190   160
/* UG..UG */
   190   190   190   190   190
   190   190   190   190   190
   190   190   190   190   190
   190   190   190   -70   190
   190   190   190   190   190
/* UG..AU */
   190   190   190   190   190
   190   190   190   190   190
   190   190   190   190   190
   190   190   190   -70   190
   190   190   190   190   160
/* UG..UA */
   190   190   190   190   190
   190   190   190   190   190
   190   190   190   190   190
   190   190   190   -70   190
   190   190   190   190   190
/* UG.. @ */
   220   220   190   190   190
   220   220   190   190   190
   190   190   190   190   190
   190   190   190   -70   190
   190   190   190   190   190
/* AU..CG */
   120   120   120   120   120
   120   120   120   120   120
   120   120   120   120   120
   120   120   120  -140   120
   120   120   120   120    80
/* AU..GC */
   120   120   120   120   120
   120   120   120   120   120
   120   120   120   120   120
   120   120   120  -140   120
   120   120   120   120    80
/* AU..GU */
   190   190   190   190   190
   190   190   190   190   190
   190   190   190   190   190
   190   190   190   -70   190
   190   190   190   190   120
/* AU..UG */
   190   190   190   190   190
   190   190   190   190   190
   190   190   190   190   190
   190   190   190   -70   190
   190   190   190   190   160
/* AU..AU */
   190   190   190   190   190
   190   190   190   190   190
   190   190   190   190   190
   190   190   190   -70   190
   190   190   190   190   120
/* AU..UA */
   190   190   190   190   190
   190   190   190   190   190
   190   190   190   190   190
   190   190   190   -70   190
   190   190   190   190   150
/* AU.. @ */
   190   190   190   190   190
   190   190   190   190   190
   190   190   190   190   190
   190   190   190   -70   190
   190   190   190   190   160
/* UA..CG */
   120   120   120   120   120
   120   120   120   120   120
   120   120   120   120   120
   120   120   120  -140   120
   120   120   120   120   120
/* UA..GC */
   120   120   120   120   120
   120   120   120   120   120
   120   120   120   120   120
   120   120   120  -140   120
   120   120   120   120   120
/* UA..GU */
   190   190   190   190   190
   190   190   190   190   190
   190   190   190   190   190
   190   190   190   -70   190
   190   190   190   190   160
/* UA..UG */
   190   190   190   190   190
   190   190   190   190   190
   190   190   190   190   190
   190   190   190   -70   190
   190   190   190   190   190
/* UA..AU */
   190   190   190   190   190
   190   190   190   190   190
   190   190   190   190   190
   190   190   190   -70   190
   190   190   190   190   150
/* UA..UA */
   190   190   190   190   190
   190   190   190   190   190
   190   190   190   190   190
   190   190   190   -70   190
   190   190   190   190   170
/* UA.. @ */
   190   190   190   190   190
   190   190   190   190   190
   190   190   190   190   190
   190   190   190   -70   190
   190   190   190   190   190
/*  @..CG */
   220   220   170   120   120
   220   220   120   120   120
   170   130   170   120   120
   120   120   120  -140   120
   120   120   120   120   120
/*  @..GC */
   190   190   120   120   150
   190   190   120   120   120
   120   120   120   120   120
   150   150   120  -140   120
   150   120   120   120   150
/*  @..GU */
   190   190   190   190   190
   190   190   190   190   190
   190   190   190   190   190
   190   190   190   -70   190
   190   190   190   190   160
/*  @..UG */
   220   220   190   190   190
   220   220   190   190   190
   190   190   190   190   190
   190   190   190   -70   190
   190   190   190   190   190
/*  @..AU */
   190   190   190   190   190
   190   190   190   190   190
   190   190   190   190   190
   190   190   190   -70   190
   190   190   190   190   160
/*  @..UA */
   190   190   190   190   190
   190   190   190   190   190
   190   190   190   190   190
   190   190   190   -70   190
   190   190   190   190   190
/*  @.. @ */
   220   220   190   190   190
   220   220   190   190   190
   190   190   190   190   190
   190   190   190   -70   190
   190   190   190   190   190

# int11_enthalpies
/* CG..CG */
 -1050 -1050 -1050 -1050 -1050
 -1050 -1050 -1050 -1050 -1050
 -1050 -1050 -1050 -1050 -1050
 -1050 -1050 -1050 -1840 -1050
 -1050 -1050 -1050 -1050 -1050
/* CG..GC */
 -1050 -1050 -1050 -1050 -1050
 -1050 -1050 -1050 -1050 -1050
 -1050 -1050 -1050 -1050 -1050
 -1050 -1050 -1050 -1840 -1050
 -1050 -1050 -1050 -1050 -1390
/* CG..GU */
  -550  -550  -550  -550  -550
  -550  -550  -550  -550  -550
  -550  -550  -550  -550  -550
  -550  -550  -550 -1340  -550
  -550  -550  -550  -550  -890
/* CG..UG */
  -550  -550  -550  -550  -550
  -550  -550  -550  -550  -550
  -550  -550  -550  -550  -550
  -550  -550  -550 -1340  -550
  -550  -550  -550  -550  -550
/* CG..AU */
  -550  -550  -550  -550  -550
  -550  -550  -550  -550  -550
  -550  -550  -550  -550  -550
  -550  -550  -550 -1340  -550
  -550  -550  -550  -550  -890
/* CG..UA */
  -550  -550  -550  -550  -550
  -550  -550  -550  -550  -550
  -550  -550  -550  -550  -550
  -550  -550  -550 -1340  -550
  -550  -550  -550  -550  -550
/* CG.. @ */
  -550  -550  -550  -550  -550
  -550  -550  -550  -550  -550
  -550  -550  -550  -550  -550
  -550  -550  -550 -1340  -550
  -550  -550  -550  -550  -550
/* GC..CG */
 -1050 -1050 -1050 -1050 -1050
 -1050 -1050 -1050 -1050 -1050
 -1050 -1050 -1050 -1050 -1050
 -1050 -1050 -1050 -1840 -1050
 -1050 -1050 -1050 -1050 -1390
/* GC..GC */
 -1050 -1050 -1050 -1050 -1050
 -1050 -1050 -1050 -1050 -1050
 -1050 -1050 -1050 -1050 -1050
 -1050 -1050 -1050 -1840 -1050
 -1050 -1050 -1050 -1050 -1730
/* GC..GU */
  -550  -550  -550  -550  -550
  -550  -550  -550  -550  -550
  -550  -550  -550  -550  -550
  -550  -550  -550 -1340  -550
  -550  -550  -550  -550 -1230
/* GC..UG */
  -550  -550  -550  -550  -550
  -550  -550  -550  -550  -550
  -550  -550  -550  -550  -550
  -550  -550  -550 -1340  -550
  -550  -550  -550  -550  -890
/* GC..AU */
  -550  -550  -550  -550  -550
  -550  -550  -550  -550  -550
  -550  -550  -550  -550  -550
  -550  -550  -550 -1340  -550
  -550  -550  -550  -550 -1230
/* GC..UA */
  -550  -550  -550  -550  -550
  -550  -550  -550  -550  -550
  -550  -550  -550  -550  -550
  -550  -550  -550 -1340  -550
  -550  -550  -550  -550  -890
/* GC.. @ */
  -550  -550  -550  -550  -550
  -550  -550  -550  -550  -550
  -550  -550  -550  -550  -550
  -550  -550  -550 -1340  -550
  -550  -550  -550  -550  -890
/* GU..CG */
  -550  -550  -550  -550  -550
  -550  -550  -550  -550  -550
  -550  -550  -550  -550  -550
  -550  -550  -550 -1340  -550
  -550  -550  -550  -550  -890
/* GU..GC */
  -550  -550  -550  -550  -550
  -550  -550  -550  -550  -550
  -550  -550  -550  -550  -550
  -550  -550  -550 -1340  -550
  -550  -550  -550  -550 -1230
/* GU..GU */
   DEF   DEF   DEF   DEF   DEF
   DEF   DEF   DEF   DEF   DEF
   DEF   DEF   DEF   DEF   DEF
   DEF   DEF   DEF  -830   DEF
   DEF   DEF   DEF   DEF  -730
/* GU..UG */
   DEF   DEF   DEF   DEF   DEF
   DEF   DEF   DEF   DEF   DEF
   DEF   DEF   DEF   DEF   DEF
   DEF   DEF   DEF  -830   DEF
   DEF   DEF   DEF   DEF  -390
/* GU..AU */
   DEF   DEF   DEF   DEF   DEF
   DEF   DEF   DEF   DEF   DEF
   DEF   DEF   DEF   DEF   DEF
   DEF   DEF   DEF  -830   DEF
   DEF   DEF   DEF   DEF  -730
/* GU..UA */
   DEF   DEF   DEF   DEF   DEF
   DEF   DEF   DEF   DEF   DEF
   DEF   DEF   DEF   DEF   DEF
   DEF   DEF   DEF  -830   DEF
   DEF   DEF   DEF   DEF  -390
/* GU.. @ */
   DEF   DEF   DEF   DEF   DEF
   DEF   DEF   DEF   DEF   DEF
   DEF   DEF   DEF   DEF   DEF
   DEF   DEF   DEF  -830   DEF
   DEF   DEF   DEF   DEF  -390
/* UG..CG */
  -550  -550  -550  -550  -550
  -550  -550  -550  -550  -550
  -550  -550  -550  -550  -550
  -550  -550  -550 -1340  -550
  -550  -550  -550  -550  -550
/* UG..GC */
  -550  -550  -550  -550  -550
  -550  -550  -550  -550  -550
  -550  -550  -550  -550  -550
  -550  -550  -550 -1340  -550
  -550  -550  -550  -550  -890
/* UG..GU */
   DEF   DEF   DEF   DEF   DEF
   DEF   DEF   DEF   DEF   DEF
   DEF   DEF   DEF   DEF   DEF
   DEF   DEF   DEF  -830   DEF
   DEF   DEF   DEF   DEF  -390
/* UG..UG */
   DEF   DEF   DEF   DEF   DEF
   DEF   DEF   DEF   DEF   DEF
   DEF   DEF   DEF   DEF   DEF
   DEF   DEF   DEF  -830   DEF
   DEF   DEF   DEF   DEF   DEF
/* UG..AU */
   DEF   DEF   DEF   DEF   DEF
   DEF   DEF   DEF   DEF   DEF
   DEF   DEF   DEF   DEF   DEF
   DEF   DEF   DEF  -830   DEF
   DEF   DEF   DEF   DEF  -390
/* UG..UA */
   DEF   DEF   DEF   DEF   DEF
   DEF   DEF   DEF   DEF   DEF
   DEF   DEF   DEF   DEF   DEF
   DEF   DEF   DEF  -830   DEF
   DEF   DEF   DEF   DEF   DEF
/* UG.. @ */
   DEF   DEF   DEF   DEF   DEF
   DEF   DEF   DEF   DEF   DEF
   DEF   DEF   DEF   DEF   DEF
   DEF   DEF   DEF  -830   DEF
   DEF   DEF   DEF   DEF   DEF
/* AU..CG */
  -550  -550  -550  -550  -550
  -550  -550  -550  -550  -550
  -550  -550  -550  -550  -550
  -550  -550  -550 -1340  -550
  -550  -550  -550  -550  -890
/* AU..GC */
  -550  -550  -550  -550  -550
  -550  -550  -550  -550  -550
  -550  -550  -550  -550  -550
  -550  -550  -550 -1340  -550
  -550  -550  -550  -550 -1230
/* AU..GU */
   DEF   DEF   DEF   DEF   DEF
   DEF   DEF   DEF   DEF   DEF
   DEF   DEF   DEF   DEF   DEF
   DEF   DEF   DEF  -830   DEF
   DEF   DEF   DEF   DEF  -730
/* AU..UG */
   DEF   DEF   DEF   DEF   DEF
   DEF   DEF   DEF   DEF   DEF
   DEF   DEF   DEF   DEF   DEF
   DEF   DEF   DEF  -830   DEF
   DEF   DEF   DEF   DEF  -390
/* AU..AU */
   DEF   DEF   DEF   DEF   DEF
   DEF   DEF   DEF   DEF   DEF
   DEF   DEF   DEF   DEF   DEF
   DEF   DEF   DEF  -830   DEF
   DEF   DEF   DEF   DEF  -730
/* AU..UA */
   DEF   DEF   DEF   DEF   DEF
   DEF   DEF   DEF   DEF   DEF
   DEF   DEF   DEF   DEF   DEF
   DEF   DEF   DEF  -830   DEF
   DEF   DEF   DEF   DEF  -390
/* AU.. @ */
   DEF   DEF   DEF   DEF   DEF
   DEF   DEF   DEF   DEF   DEF
   DEF   DEF   DEF   DEF   DEF
   DEF   DEF   DEF  -830   DEF
   DEF   DEF   DEF   DEF  -390
/* UA..CG */
  -550  -550  -550  -550  -550
  -550  -550  -550  -550  -550
  -550  -550  -550  -550  -550
  -550  -550  -550 -1340  -550
  -550  -550  -550  -550  -550
/* UA..GC */
  -550  -550  -550  -550  -550
  -550  -550  -550  -550  -550
  -550  -550  -550  -550  -550
  -550  -550  -550 -1340  -550
  -550  -550  -550  -550  -890
/* UA..GU */
   DEF   DEF   DEF   DEF   DEF
   DEF   DEF   DEF   DEF   DEF
   DEF   DEF   DEF   DEF   DEF
   DEF   DEF   DEF  -830   DEF
   DEF   DEF   DEF   DEF  -390
/* UA..UG */
   DEF   DEF   DEF   DEF   DEF
   DEF   DEF   DEF   DEF   DEF
   DEF   DEF   DEF   DEF   DEF
   DEF   DEF   DEF  -830   DEF
   DEF   DEF   DEF   DEF   DEF
/* UA..AU */
   DEF   DEF   DEF   DEF   DEF
   DEF   DEF   DEF   DEF   DEF
   DEF   DEF   DEF   DEF   DEF
   DEF   DEF   DEF  -830   DEF
   DEF   DEF   DEF   DEF  -390
/* UA..UA */
   DEF   DEF   DEF   DEF   DEF
   DEF   DEF   DEF   DEF   DEF
   DEF   DEF   DEF   DEF   DEF
   DEF   DEF   DEF  -830   DEF
   DEF   DEF   DEF   DEF   DEF
/* UA.. @ */
   DEF   DEF   DEF   DEF   DEF
   DEF   DEF   DEF   DEF   DEF
   DEF   DEF   DEF   DEF   DEF
   DEF   DEF   DEF  -830   DEF
   DEF   DEF   DEF   DEF   DEF
/*  @..CG */
  -550  -550  -550  -550  -550
  -550  -550  -550  -550  -550
  -550  -550  -550  -550  -550
  -550  -550  -550 -1340  -550
  -550  -550  -550  -550  -550
/*  @..GC */
  -550  -550  -550  -550  -550
  -550  -550  -550  -550  -550
  -550  -550  -550  -550  -550
  -550  -550  -550 -1340  -550
  -550  -550  -550  -550  -890
/*  @..GU */
   DEF   DEF   DEF   DEF   DEF
   DEF   DEF   DEF   DEF   DEF
   DEF   DEF   DEF   DEF   DEF
   DEF   DEF   DEF  -830   DEF
   DEF   DEF   DEF   DEF  -390
/*  @..UG */
   DEF   DEF   DEF   DEF   DEF
   DEF   DEF   DEF   DEF   DEF
   DEF   DEF   DEF   DEF   DEF
   DEF   DEF   DEF  -830   DEF
   DEF   DEF   DEF   DEF   DEF
/*  @..AU */
   DEF   DEF   DEF   DEF   DEF
   DEF   DEF   DEF   DEF   DEF
   DEF   DEF   DEF   DEF   DEF
   DEF   DEF   DEF  -830   DEF
   DEF   DEF   DEF   DEF  -390
/*  @..UA */
   DEF   DEF   DEF   DEF   DEF
   DEF   DEF   DEF   DEF   DEF
   DEF   DEF   DEF   DEF   DEF
   DEF   DEF   DEF  -830   DEF
   DEF   DEF   DEF   DEF   DEF
/*  @.. @ */
   DEF   DEF   DEF   DEF   DEF
   DEF   DEF   DEF   DEF   DEF
   DEF   DEF   DEF   DEF   DEF
   DEF   DEF   DEF  -830   DEF
   DEF   DEF   DEF   DEF   DEF

# int21
/* CG.@..CG */
   230   230   230   230   230
   230   230   230   230   230
   230   230   230   230   230
   230   230   230   230   230
   230   230   230   230   230
/* CG.A..CG */
   230   230   230   110   230
   230   230   230   110   230
   230   230   230   110   230
   110   110   110   110   110
   230   230   230   110   230
/* CG.C..CG */
   230   230   230   230   230
   230   230   230   230   230
   230   230   230   230   230
   230   230   230   230   230
   230   230   230   230   230
/* CG.G..CG */
   230   110   230   110   230
   110   110   110   110   110
   230   110   230   110   230
   110   110   110   110   110
   230   110   230   110   230
/* CG.U..CG */
   230   230   230   230   150
   230   230   230   230   150
   230   230   230   230   150
   230   230   230   230   150
   150   150   150   150   150
/* CG.@..GC */
   250   250   250   230   230
   250   250   230   230   230
   250   230   250   230   230
   230   230   230   230   230
   250   250   230   230   230
/* CG.A..GC */
   250   250   230   110   230
   250   250   230   110   230
   230   230   170   110   230
   110    80   110   110   110
   230   230   230   110   230
/* CG.C..GC */
   250   250   250   230   230
   230   230   230   230   230
   250   230   250   230   230
   230   230   230   230   230
   250   250   230   230   230
/* CG.G..GC */
   230   170   230   110   230
   230   170   230    80   230
   230   110   230   110   230
   120   120   110   110   110
   230   110   230   110   230
/* CG.U..GC */
   230   230   230   230   150
   230   230   230   230   150
   230   230   220   230   150
   230   230   230   230   150
   170   150   170   150   140
/* CG.@..GU */
   300   300   300   300   300
   300   300   300   300   300
   300   300   300   300   300
   300   300   300   300   300
   300   300   300   300   300
/* CG.A..GU */
   300   300   300   190   300
   300   300   300   190   300
   300   300   300   190   300
   190   190   190   190   190
   300   300   300   190   300
/* CG.C..GU */
   300   300   300   300   300
   300   300   300   300   300
   300   300   300   300   300
   300   300   300   300   300
   300   300   300   300   300
/* CG.G..GU */
   300   190   300   190   300
   300   190   300   190   300
   300   190   300   190   300
   190   190   190   190   190
   300   190   300   190   300
/* CG.U..GU */
   300   300   300   300   220
   300   300   300   300   220
   300   300   300   300   220
   300   300   300   300   220
   220   220   220   220   220
/* CG.@..UG */
   300   300   300   300   300
   300   300   300   300   300
   300   300   300   300   300
   300   300   300   300   300
   300   300   300   300   300
/* CG.A..UG */
   300   300   300   190   300
   300   300   300   190   300
   300   300   300   190   300
   190   190   190   190   190
   300   300   300   190   300
/* CG.C..UG */
   300   300   300   300   300
   300   300   300   300   300
   300   300   300   300   300
   300   300   300   300   300
   300   300   300   300   300
/* CG.G..UG */
   300   190   300   190   300
   190   190   190   190   190
   300   190   300   190   300
   190   190   190   190   190
   300   190   300   190   300
/* CG.U..UG */
   300   300   300   300   220
   300   300   300   300   220
   300   300   300   300   220
   300   300   300   300   220
   220   220   220   220   220
/* CG.@..AU */
   300   300   300   300   300
   300   300   300   300   300
   300   300   300   300   300
   300   300   300   300   300
   300   300   300   300   300
/* CG.A..AU */
   300   300   300   190   300
   300   300   300   190   300
   300   300   300   190   300
   190   190   190   190   190
   300   300   300   190   300
/* CG.C..AU */
   300   300   300   300   300
   300   300   300   300   300
   300   300   300   300   300
   300   300   300   300   300
   300   300   300   300   300
/* CG.G..AU */
   300   190   300   190   300
   300   190   300   190   300
   300   190   300   190   300
   190   190   190   190   190
   300   190   300   190   300
/* CG.U..AU */
   300   300   300   300   220
   300   300   300   300   220
   300   300   300   300   220
   300   300   300   300   220
   220   220   220   220   220
/* CG.@..UA */
   300   300   300   300   300
   300   300   300   300   300
   300   300   300   300   300
   300   300   300   300   300
   300   300   300   300   300
/* CG.A..UA */
   300   300   300   190   300
   300   300   300   190   300
   300   300   300   190   300
   190   190   190   190   190
   300   300   300   190   300
/* CG.C..UA */
   300   300   300   300   300
   300   300   300   300   300
   300   300   300   300   300
   300   300   300   300   300
   300   300   300   300   300
/* CG.G..UA */
   300   190   300   190   300
   190   190   190   190   190
   300   190   300   190   300
   190   190   190   190   190
   300   190   300   190   300
/* CG.U..UA */
   300   300   300   300   220
   300   300   300   300   220
   300   300   300   300   220
   300   300   300   300   220
   220   220   220   220   220
/* CG.@.. @ */
   300   300   300   300   300
   300   300   300   300   300
   300   300   300   300   300
   300   300   300   300   300
   300   300   300   300   300
/* CG.A.. @ */
   300   300   300   190   300
   300   300   300   190   300
   300   300   300   190   300
   190   190   190   190   190
   300   300   300   190   300
/* CG.C.. @ */
   300   300   300   300   300
   300   300   300   300   300
   300   300   300   300   300
   300   300   300   300   300
   300   300   300   300   300
/* CG.G.. @ */
   300   190   300   190   300
   300   190   300   190   300
   300   190   300   190   300
   190   190   190   190   190
   300   190   300   190   300
/* CG.U.. @ */
   300   300   300   300   220
   300   300   300   300   220
   300   300   300   300   220
   300   300   300   300   220
   220   220   220   220   220
/* GC.@..CG */
   250   250   230   230   230
   250   250   230   230   230
   230   230   230   230   230
   230   230   230   230   230
   230   230   230   230   230
/* GC.A..CG */
   250   250   230   230   230
   250   250   230   210   230
   230   230   230   230   230
   120   120   110   110   110
   230   230   230   230   230
/* GC.C..CG */
   230   230   230   230   230
   230   230   230   230   230
   230   230   230   230   230
   230   230   230   230   230
   230   230   190   230   230
/* GC.G..CG */
   230   110   230   110   230
   110   110   110   110   110
   230   110   230   110   230
   110   110   110   110   110
   230   110   230   110   230
/* GC.U..CG */
   230   230   230   230   150
   230   230   230   230   150
   230   230   230   230   150
   230   230   230   230   150
   150   150   150   150   150
/* GC.@..GC */
   230   230   230   230   230
   230   230   230   230   230
   230   230   230   230   230
   230   230   230   230   230
   230   230   230   230   230
/* GC.A..GC */
   230   230   230   230   230
   230   230   230   230   230
   230   230   230   230   230
   110   110   110   110   110
   230   230   230   230   230
/* GC.C..GC */
   230   230   230   230   230
   230   230   230   230   230
   230   230   230   230   230
   230   230   230   230   230
   230   230   230   230   230
/* GC.G..GC */
   230   110   230   110   230
   230   110   230   110   230
   230   110   230   110   230
   110   110   110   110   110
   230   110   230   110   230
/* GC.U..GC */
   230   230   230   230   150
   230   230   230   230   150
   230   230   230   230   150
   230   230   230   230   150
   150   150   150   150   150
/* GC.@..GU */
   300   300   300   300   300
   300   300   300   300   300
   300   300   300   300   300
   300   300   300   300   300
   300   300   300   300   300
/* GC.A..GU */
   300   300   300   300   300
   300   300   300   300   300
   300   300   300   300   300
   190   190   190   190   190
   300   300   300   300   300
/* GC.C..GU */
   300   300   300   300   300
   300   300   300   300   300
   300   300   300   300   300
   300   300   300   300   300
   300   300   300   300   300
/* GC.G..GU */
   300   190   300   190   300
   300   190   300   190   300
   300   190   300   190   300
   190   190   190   190   190
   300   190   300   190   300
/* GC.U..GU */
   300   300   300   300   220
   300   300   300   300   220
   300   300   300   300   220
   300   300   300   300   220
   220   220   220   220   220
/* GC.@..UG */
   300   300   300   300   300
   300   300   300   300   300
   300   300   300   300   300
   300   300   300   300   300
   300   300   300   300   300
/* GC.A..UG */
   300   300   300   300   300
   300   250   300   210   300
   300   300   300   300   300
   190   120   190   190   190
   300   300   300   300   300
/* GC.C..UG */
   300   300   300   300   300
   300   300   300   300   300
   300   300   300   300   300
   300   300   300   300   300
   300   300   190   300   300
/* GC.G..UG */
   300   190   300   190   300
   190   190   190   190   190
   300   190   300   190   300
   190   190   190   190   190
   300   190   300   190   300
/* GC.U..UG */
   300   300   300   300   220
   300   300   300   300   220
   300   300   300   300   220
   300   300   300   300   220
   220   220   220   220   220
/* GC.@..AU */
   300   300   300   300   300
   300   300   300   300   300
   300   300   300   300   300
   300   300   300   300   300
   300   300   300   300   300
/* GC.A..AU */
   300   300   300   300   300
   300   300   300   300   300
   300   300   300   300   300
   190   190   190   190   190
   300   300   300   300   300
/* GC.C..AU */
   300   300   300   300   300
   300   300   300   300   300
   300   300   300   300   300
   300   300   300   300   300
   300   300   300   300   300
/* GC.G..AU */
   300   190   300   190   300
   300   190   300   190   300
   300   190   300   190   300
   190   190   190   190   190
   300   190   300   190   300
/* GC.U..AU */
   300   300   300   300   220
   300   300   300   300   220
   300   300   300   300   220
   300   300   300   300   220
   220   220   220   220   220
/* GC.@..UA */
   300   300   300   300   300
   300   300   300   300   300
   300   300   300   300   300
   300   300   300   300   300
   300   300   300   300   300
/* GC.A..UA */
   300   300   300   300   300
   300   300   300   300   300
   300   300   300   300   300
   190   190   190   190   190
   300   300   300   300   300
/* GC.C..UA */
   300   300   300   300   300
   300   300   300   300   300
   300   300   300   300   300
   300   300   300   300   300
   300   300   300   300   300
/* GC.G..UA */
   300   190   300   190   300
   190   190   190   190   190
   300   190   300   190   300
   190   190   190   190   190
   300   190   300   190   300
/* GC.U..UA */
   300   300   300   300   220
   300   300   300   300   220
   300   300   300   300   220
   300   300   300   300   220
   220   220   220   220   220
/* GC.@.. @ */
   300   300   300   300   300
   300   300   300   300   300
   300   300   300   300   300
   300   300   300   300   300
   300   300   300   300   300
/* GC.A.. @ */
   300   300   300   300   300
   300   300   300   300   300
   300   300   300   300   300
   190   190   190   190   190
   300   300   300   300   300
/* GC.C.. @ */
   300   300   300   300   300
   300   300   300   300   300
   300   300   300   300   300
   300   300   300   300   300
   300   300   300   300   300
/* GC.G.. @ */
   300   190   300   190   300
   300   190   300   190   300
   300   190   300   190   300
   190   190   190   190   190
   300   190   300   190   300
/* GC.U.. @ */
   300   300   300   300   220
   300   300   300   300   220
   300   300   300   300   220
   300   300   300   300   220
   220   220   220   220   220
/* GU.@..CG */
   300   300   300   300   300
   300   300   300   300   300
   300   300   300   300   300
   300   300   300   300   300
   300   300   300   300   300
/* GU.A..CG */
   300   300   300   300   300
   300   250   300   210   300
   300   300   300   300   300
   190   120   190   190   190
   300   300   300   300   300
/* GU.C..CG */
   300   300   300   300   300
   300   300   300   300   300
   300   300   300   300   300
   300   300   300   300   300
   300   300   190   300   300
/* GU.G..CG */
   300   190   300   190   300
   190   190   190   190   190
   300   190   300   190   300
   190   190   190   190   190
   300   190   300   190   300
/* GU.U..CG */
   300   300   300   300   220
   300   300   300   300   220
   300   300   300   300   220
   300   300   300   300   220
   220   220   220   220   220
/* GU.@..GC */
   300   300   300   300   300
   300   300   300   300   300
   300   300   300   300   300
   300   300   300   300   300
   300   300   300   300   300
/* GU.A..GC */
   300   300   300   300   300
   300   300   300   300   300
   300   300   300   300   300
   190   190   190   190   190
   300   300   300   300   300
/* GU.C..GC */
   300   300   300   300   300
   300   300   300   300   300
   300   300   300   300   300
   300   300   300   300   300
   300   300   300   300   300
/* GU.G..GC */
   300   190   300   190   300
   300   190   300   190   300
   300   190   300   190   300
   190   190   190   190   190
   300   190   300   190   300
/* GU.U..GC */
   300   300   300   300   220
   300   300   300   300   220
   300   300   300   300   220
   300   300   300   300   220
   220   220   220   220   220
/* GU.@..GU */
   370   370   370   370   370
   370   370   370   370   370
   370   370   370   370   370
   370   370   370   370   370
   370   370   370   370   370
/* GU.A..GU */
   370   370   370   370   370
   370   370   370   370   370
   370   370   370   370   370
   260   260   260   260   260
   370   370   370   370   370
/* GU.C..GU */
   370   370   370   370   370
   370   370   370   370   370
   370   370   370   370   370
   370   370   370   370   370
   370   370   370   370   370
/* GU.G..GU */
   370   260   370   260   370
   370   260   370   260   370
   370   260   370   260   370
   260   260   260   260   260
   370   260   370   260   370
/* GU.U..GU */
   370   370   370   370   300
   370   370   370   370   300
   370   370   370   370   300
   370   370   370   370   300
   300   300   300   300   300
/* GU.@..UG */
   370   370   370   370   370
   370   370   370   370   370
   370   370   370   370   370
   370   370   370   370   370
   370   370   370   370   370
/* GU.A..UG */
   370   370   370   370   370
   370   250   370   210   370
   370   370   370   370   370
   260   120   260   260   260
   370   370   370   370   370
/* GU.C..UG */
   370   370   370   370   370
   370   370   370   370   370
   370   370   370   370   370
   370   370   370   370   370
   370   370   190   370   370
/* GU.G..UG */
   370   260   370   260   370
   260   260   260   260   260
   370   260   370   260   370
   260   260   260   260   260
   370   260   370   260   370
/* GU.U..UG */
   370   370   370   370   300
   370   370   370   370   300
   370   370   370   370   300
   370   370   370   370   300
   300   300   300   300   300
/* GU.@..AU */
   370   370   370   370   370
   370   370   370   370   370
   370   370   370   370   370
   370   370   370   370   370
   370   370   370   370   370
/* GU.A..AU */
   370   370   370   370   370
   370   370   370   370   370
   370   370   370   370   370
   260   260   260   260   260
   370   370   370   370   370
/* GU.C..AU */
   370   370   370   370   370
   370   370   370   370   370
   370   370   370   370   370
   370   370   370   370   370
   370   370   370   370   370
/* GU.G..AU */
   370   260   370   260   370
   370   260   370   260   370
   370   260   370   260   370
   260   260   260   260   260
   370   260   370   260   370
/* GU.U..AU */
   370   370   370   370   300
   370   370   370   370   300
   370   370   370   370   300
   370   370   370   370   300
   300   300   300   300   300
/* GU.@..UA */
   370   370   370   370   370
   370   370   370   370   370
   370   370   370   370   370
   370   370   370   370   370
   370   370   370   370   370
/* GU.A..UA */
   370   370   370   370   370
   370   370   370   370   370
   370   370   370   370   370
   260   260   260   260   260
   370   370   370   370   370
/* GU.C..UA */
   370   370   370   370   370
   370   370   370   370   370
   370   370   370   370   370
   370   370   370   370   370
   370   370   370   370   370
/* GU.G..UA */
   370   260   370   260   370
   260   260   260   260   260
   370   260   370   260   370
   260   260   260   260   260
   370   260   370   260   370
/* GU.U..UA */
   370   370   370   370   300
   370   370   370   370   300
   370   370   370   370   300
   370   370   370   370   300
   300   300   300   300   300
/* GU.@.. @ */
   370   370   370   370   370
   370   370   370   370   370
   370   370   370   370   370
   370   370   370   370   370
   370   370   370   370   370
/* GU.A.. @ */
   370   370   370   370   370
   370   370   370   370   370
   370   370   370   370   370
   260   260   260   260   260
   370   370   370   370   370
/* GU.C.. @ */
   370   370   370   370   370
   370   370   370   370   370
   370   370   370   370   370
   370   370   370   370   370
   370   370   370   370   370
/* GU.G.. @ */
   370   260   370   260   370
   370   260   370   260   370
   370   260   370   260   370
   260   260   260   260   260
   370   260   370   260   370
/* GU.U.. @ */
   370   370   370   370   300
   370   370   370   370   300
   370   370   370   370   300
   370   370   370   370   300
   300   300   300   300   300
/* UG.@..CG */
   300   300   300   300   300
   300   300   300   300   300
   300   300   300   300   300
   300   300   300   300   300
   300   300   300   300   300
/* UG.A..CG */
   300   300   300   190   300
   300   300   300   190   300
   300   300   300   190   300
   190   190   190   190   190
   300   300   300   190   300
/* UG.C..CG */
   300   300   300   300   300
   300   300   300   300   300
   300   300   300   300   300
   300   300   300   300   300
   300   300   300   300   300
/* UG.G..CG */
   300   190   300   190   300
   190   190   190   190   190
   300   190   300   190   300
   190   190   190   190   190
   300   190   300   190   300
/* UG.U..CG */
   300   300   300   300   220
   300   300   300   300   220
   300   300   300   300   220
   300   300   300   300   220
   220   220   220   220   220
/* UG.@..GC */
   300   300   300   300   300
   300   300   300   300   300
   300   300   300   300   300
   300   300   300   300   300
   300   300   300   300   300
/* UG.A..GC */
   300   300   300   190   300
   300   300   300   190   300
   300   300   300   190   300
   190   190   190   190   190
   300   300   300   190   300
/* UG.C..GC */
   300   300   300   300   300
   300   300   300   300   300
   300   300   300   300   300
   300   300   300   300   300
   300   300   300   300   300
/* UG.G..GC */
   300   190   300   190   300
   300   190   300   190   300
   300   190   300   190   300
   190   190   190   190   190
   300   190   300   190   300
/* UG.U..GC */
   300   300   300   300   220
   300   300   300   300   220
   300   300   300   300   220
   300   300   300   300   220
   220   220   220   220   220
/* UG.@..GU */
   370   370   370   370   370
   370   370   370   370   370
   370   370   370   370   370
   370   370   370   370   370
   370   370   370   370   370
/* UG.A..GU */
   370   370   370   260   370
   370   370   370   260   370
   370   370   370   260   370
   260   260   260   260   260
   370   370   370   260   370
/* UG.C..GU */
   370   370   370   370   370
   370   370   370   370   370
   370   370   370   370   370
   370   370   370   370   370
   370   370   370   370   370
/* UG.G..GU */
   370   260   370   260   370
   370   260   370   260   370
   370   260   370   260   370
   260   260   260   260   260
   370   260   370   260   370
/* UG.U..GU */
   370   370   370   370   300
   370   370   370   370   300
   370   370   370   370   300
   370   370   370   370   300
   300   300   300   300   300
/* UG.@..UG */
   370   370   370   370   370
   370   370   370   370   370
   370   370   370   370   370
   370   370   370   370   370
   370   370   370   370   370
/* UG.A..UG */
   370   370   370   260   370
   370   370   370   260   370
   370   370   370   260   370
   260   260   260   260   260
   370   370   370   260   370
/* UG.C..UG */
   370   370   370   370   370
   370   370   370   370   370
   370   370   370   370   370
   370   370   370   370   370
   370   370   370   370   370
/* UG.G..UG */
   370   260   370   260   370
   260   260   260   260   260
   370   260   370   260   370
   260   260   260   260   260
   370   260   370   260   370
/* UG.U..UG */
   370   370   370   370   300
   370   370   370   370   300
   370   370   370   370   300
   370   370   370   370   300
   300   300   300   300   300
/* UG.@..AU */
   370   370   370   370   370
   370   370   370   370   370
   370   370   370   370   370
   370   370   370   370   370
   370   370   370   370   370
/* UG.A..AU */
   370   370   370   260   370
   370   370   370   260   370
   370   370   370   260   370
   260   260   260   260   260
   370   370   370   260   370
/* UG.C..AU */
   370   370   370   370   370
   370   370   370   370   370
   370   370   370   370   370
   370   370   370   370   370
   370   370   370   370   370
/* UG.G..AU */
   370   260   370   260   370
   370   260   370   260   370
   370   260   370   260   370
   260   260   260   260   260
   370   260   370   260   370
/* UG.U..AU */
   370   370   370   370   300
   370   370   370   370   300
   370   370   370   370   300
   370   370   370   370   300
   300   300   300   300   300
/* UG.@..UA */
   370   370   370   370   370
   370   370   370   370   370
   370   370   370   370   370
   370   370   370   370   370
   370   370   370   370   370
/* UG.A..UA */
   370   370   370   260   370
   370   370   370   260   370
   370   370   370   260   370
   260   260   260   260   260
   370   370   370   260   370
/* UG.C..UA */
   370   370   370   370   370
   370   370   370   370   370
   370   370   370   370   370
   370   370   370   370   370
   370   370   370   370   370
/* UG.G..UA */
   370   260   370   260   370
   260   260   260   260   260
   370   260   370   260   370
   260   260   260   260   260
   370   260   370   260   370
/* UG.U..UA */
   370   370   370   370   300
   370   370   370   370   300
   370   370   370   370   300
   370   370   370   370   300
   300   300   300   300   300
/* UG.@.. @ */
   370   370   370   370   370
   370   370   370   370   370
   370   370   370   370   370
   370   370   370   370   370
   370   370   370   370   370
/* UG.A.. @ */
   370   370   370   260   370
   370   370   370   260   370
   370   370   370   260   370
   260   260   260   260   260
   370   370   370   260   370
/* UG.C.. @ */
   370   370   370   370   370
   370   370   370   370   370
   370   370   370   370   370
   370   370   370   370   370
   370   370   370   370   370
/* UG.G.. @ */
   370   260   370   260   370
   370   260   370   260   370
   370   260   370   260   370
   260   260   260   260   260
   370   260   370   260   370
/* UG.U.. @ */
   370   370   370   370   300
   370   370   370   370   300
   370   370   370   370   300
   370   370   370   370   300
   300   300   300   300   300
/* AU.@..CG */
   300   300   300   300   300
   300   300   300   300   300
   300   300   300   300   300
   300   300   300   300   300
   300   300   300   300   300
/* AU.A..CG */
   300   300   300   300   300
   300   300   300   300   300
   300   300   300   300   300
   190   190   190   190   190
   300   300   300   300   300
/* AU.C..CG */
   300   300   300   300   300
   300   300   300   300   300
   300   300   300   300   300
   300   300   300   300   300
   300   300   300   300   300
/* AU.G..CG */
   300   190   300   190   300
   190   190   190   190   190
   300   190   300   190   300
   190   190   190   190   190
   300   190   300   190   300
/* AU.U..CG */
   300   300   300   300   220
   300   300   300   300   220
   300   300   300   300   220
   300   300   300   300   220
   220   220   220   220   220
/* AU.@..GC */
   300   300   300   300   300
   300   300   300   300   300
   300   300   300   300   300
   300   300   300   300   300
   300   300   300   300   300
/* AU.A..GC */
   300   300   300   300   300
   300   300   300   300   300
   300   300   300   300   300
   190   190   190   190   190
   300   300   300   300   300
/* AU.C..GC */
   300   300   300   300   300
   300   300   300   300   300
   300   300   300   300   300
   300   300   300   300   300
   300   300   300   300   300
/* AU.G..GC */
   300   190   300   190   300
   300   190   300   190   300
   300   190   300   190   300
   190   190   190   190   190
   300   190   300   190   300
/* AU.U..GC */
   300   300   300   300   220
   300   300   300   300   220
   300   300   300   300   220
   300   300   300   300   220
   220   220   220   220   220
/* AU.@..GU */
   370   370   370   370   370
   370   370   370   370   370
   370   370   370   370   370
   370   370   370   370   370
   370   370   370   370   370
/* AU.A..GU */
   370   370   370   370   370
   370   370   370   370   370
   370   370   370   370   370
   260   260   260   260   260
   370   370   370   370   370
/* AU.C..GU */
   370   370   370   370   370
   370   370   370   370   370
   370   370   370   370   370
   370   370   370   370   370
   370   370   370   370   370
/* AU.G..GU */
   370   260   370   260   370
   370   260   370   260   370
   370   260   370   260   370
   260   260   260   260   260
   370   260   370   260   370
/* AU.U..GU */
   370   370   370   370   300
   370   370   370   370   300
   370   370   370   370   300
   370   370   370   370   300
   300   300   300   300   300
/* AU.@..UG */
   370   370   370   370   370
   370   370   370   370   370
   370   370   370   370   370
   370   370   370   370   370
   370   370   370   370   370
/* AU.A..UG */
   370   370   370   370   370
   370   370   370   370   370
   370   370   370   370   370
   260   260   260   260   260
   370   370   370   370   370
/* AU.C..UG */
   370   370   370   370   370
   370   370   370   370   370
   370   370   370   370   370
   370   370   370   370   370
   370   370   370   370   370
/* AU.G..UG */
   370   260   370   260   370
   260   260   260   260   260
   370   260   370   260   370
   260   260   260   260   260
   370   260   370   260   370
/* AU.U..UG */
   370   370   370   370   300
   370   370   370   370   300
   370   370   370   370   300
   370   370   370   370   300
   300   300   300   300   300
/* AU.@..AU */
   370   370   370   370   370
   370   370   370   370   370
   370   370   370   370   370
   370   370   370   370   370
   370   370   370   370   370
/* AU.A..AU */
   370   370   370   370   370
   370   370   370   370   370
   370   370   370   370   370
   260   260   260   260   260
   370   370   370   370   370
/* AU.C..AU */
   370   370   370   370   370
   370   370   370   370   370
   370   370   370   370   370
   370   370   370   370   370
   370   370   370   370   370
/* AU.G..AU */
   370   260   370   260   370
   370   260   370   260   370
   370   260   370   260   370
   260   260   260   260   260
   370   260   370   260   370
/* AU.U..AU */
   370   370   370   370   300
   370   370   370   370   300
   370   370   370   370   300
   370   370   370   370   300
   300   300   300   300   300
/* AU.@..UA */
   370   370   370   370   370
   370   370   370   370   370
   370   370   370   370   370
   370   370   370   370   370
   370   370   370   370   370
/* AU.A..UA */
   370   370   370   370   370
   370   370   370   370   370
   370   370   370   370   370
   260   260   260   260   260
   370   370   370   370   370
/* AU.C..UA */
   370   370   370   370   370
   370   370   370   370   370
   370   370   370   370   370
   370   370   370   370   370
   370   370   370   370   370
/* AU.G..UA */
   370   260   370   260   370
   260   260   260   260   260
   370   260   370   260   370
   260   260   260   260   260
   370   260   370   260   370
/* AU.U..UA */
   370   370   370   370   300
   370   370   370   370   300
   370   370   370   370   300
   370   370   370   370   300
   300   300   300   300   300
/* AU.@.. @ */
   370   370   370   370   370
   370   370   370   370   370
   370   370   370   370   370
   370   370   370   370   370
   370   370   370   370   370
/* AU.A.. @ */
   370   370   370   370   370
   370   370   370   370   370
   370   370   370   370   370
   260   260   260   260   260
   370   370   370   370   370
/* AU.C.. @ */
   370   370   370   370   370
   370   370   370   370   370
   370   370   370   370   370
   370   370   370   370   370
   370   370   370   370   370
/* AU.G.. @ */
   370   260   370   260   370
   370   260   370   260   370
   370   260   370   260   370
   260   260   260   260   260
   370   260   370   260   370
/* AU.U.. @ */
   370   370   370   370   300
   370   370   370   370   300
   370   370   370   370   300
   370   370   370   370   300
   300   300   300   300   300
/* UA.@..CG */
   300   300   300   300   300
   300   300   300   300   300
   300   300   300   300   300
   300   300   300   300   300
   300   300   300   300   300
/* UA.A..CG */
   300   300   300   190   300
   300   300   300   190   300
   300   300   300   190   300
   190   190   190   190   190
   300   300   300   190   300
/* UA.C..CG */
   300   300   300   300   300
   300   300   300   300   300
   300   300   300   300   300
   300   300   300   300   300
   300   300   300   300   300
/* UA.G..CG */
   300   190   300   190   300
   190   190   190   190   190
   300   190   300   190   300
   190   190   190   190   190
   300   190   300   190   300
/* UA.U..CG */
   300   300   300   300   220
   300   300   300   300   220
   300   300   300   300   220
   300   300   300   300   220
   220   220   220   220   220
/* UA.@..GC */
   300   300   300   300   300
   300   300   300   300   300
   300   300   300   300   300
   300   300   300   300   300
   300   300   300   300   300
/* UA.A..GC */
   300   300   300   190   300
   300   300   300   190   300
   300   300   300   190   300
   190   190   190   190   190
   300   300   300   190   300
/* UA.C..GC */
   300   300   300   300   300
   300   300   300   300   300
   300   300   300   300   300
   300   300   300   300   300
   300   300   300   300   300
/* UA.G..GC */
   300   190   300   190   300
   300   190   300   190   300
   300   190   300   190   300
   190   190   190   190   190
   300   190   300   190   300
/* UA.U..GC */
   300   300   300   300   220
   300   300   300   300   220
   300   300   300   300   220
   300   300   300   300   220
   220   220   220   220   220
/* UA.@..GU */
   370   370   370   370   370
   370   370   370   370   370
   370   370   370   370   370
   370   370   370   370   370
   370   370   370   370   370
/* UA.A..GU */
   370   370   370   260   370
   370   370   370   260   370
   370   370   370   260   370
   260   260   260   260   260
   370   370   370   260   370
/* UA.C..GU */
   370   370   370   370   370
   370   370   370   370   370
   370   370   370   370   370
   370   370   370   370   370
   370   370   370   370   370
/* UA.G..GU */
   370   260   370   260   370
   370   260   370   260   370
   370   260   370   260   370
   260   260   260   260   260
   370   260   370   260   370
/* UA.U..GU */
   370   370   370   370   300
   370   370   370   370   300
   370   370   370   370   300
   370   370   370   370   300
   300   300   300   300   300
/* UA.@..UG */
   370   370   370   370   370
   370   370   370   370   370
   370   370   370   370   370
   370   370   370   370   370
   370   370   370   370   370
/* UA.A..UG */
   370   370   370   260   370
   370   370   370   260   370
   370   370   370   260   370
   260   260   260   260   260
   370   370   370   260   370
/* UA.C..UG */
   370   370   370   370   370
   370   370   370   370   370
   370   370   370   370   370
   370   370   370   370   370
   370   370   370   370   370
/* UA.G..UG */
   370   260   370   260   370
   260   260   260   260   260
   370   260   370   260   370
   260   260   260   260   260
   370   260   370   260   370
/* UA.U..UG */
   370   370   370   370   300
   370   370   370   370   300
   370   370   370   370   300
   370   370   370   370   300
   300   300   300   300   300
/* UA.@..AU */
   370   370   370   370   370
   370   370   370   370   370
   370   370   370   370   370
   370   370   370   370   370
   370   370   370   370   370
/* UA.A..AU */
   370   370   370   260   370
   370   370   370   260   370
   370   370   370   260   370
   260   260   260   260   260
   370   370   370   260   370
/* UA.C..AU */
   370   370   370   370   370
   370   370   370   370   370
   370   370   370   370   370
   370   370   370   370   370
   370   370   370   370   370
/* UA.G..AU */
   370   260   370   260   370
   370   260   370   260   370
   370   260   370   260   370
   260   260   260   260   260
   370   260   370   260   370
/* UA.U..AU */
   370   370   370   370   300
   370   370   370   370   300
   370   370   370   370   300
   370   370   370   370   300
   300   300   300   300   300
/* UA.@..UA */
   370   370   370   370   370
   370   370   370   370   370
   370   370   370   370   370
   370   370   370   370   370
   370   370   370   370   370
/* UA.A..UA */
   370   370   370   260   370
   370   370   370   260   370
   370   370   370   260   370
   260   260   260   260   260
   370   370   370   260   370
/* UA.C..UA */
   370   370   370   370   370
   370   370   370   370   370
   370   370   370   370   370
   370   370   370   370   370
   370   370   370   370   370
/* UA.G..UA */
   370   260   370   260   370
   260   260   260   260   260
   370   260   370   260   370
   260   260   260   260   260
   370   260   370   260   370
/* UA.U..UA */
   370   370   370   370   300
   370   370   370   370   300
   370   370   370   370   300
   370   370   370   370   300
   300   300   300   300   300
/* UA.@.. @ */
   370   370   370   370   370
   370   370   370   370   370
   370   370   370   370   370
   370   370   370   370   370
   370   370   370   370   370
/* UA.A.. @ */
   370   370   370   260   370
   370   370   370   260   370
   370   370   370   260   370
   260   260   260   260   260
   370   370   370   260   370
/* UA.C.. @ */
   370   370   370   370   370
   370   370   370   370   370
   370   370   370   370   370
   370   370   370   370   370
   370   370   370   370   370
/* UA.G.. @ */
   370   260   370   260   370
   370   260   370   260   370
   370   260   370   260   370
   260   260   260   260   260
   370   260   370   260   370
/* UA.U.. @ */
   370   370   370   370   300
   370   370   370   370   300
   370   370   370   370   300
   370   370   370   370   300
   300   300   300   300   300
/*  @.@..CG */
   300   300   300   300   300
   300   300   300   300   300
   300   300   300   300   300
   300   300   300   300   300
   300   300   300   300   300
/*  @.A..CG */
   300   300   300   300   300
   300   300   300   300   300
   300   300   300   300   300
   190   190   190   190   190
   300   300   300   300   300
/*  @.C..CG */
   300   300   300   300   300
   300   300   300   300   300
   300   300   300   300   300
   300   300   300   300   300
   300   300   300   300   300
/*  @.G..CG */
   300   190   300   190   300
   190   190   190   190   190
   300   190   300   190   300
   190   190   190   190   190
   300   190   300   190   300
/*  @.U..CG */
   300   300   300   300   220
   300   300   300   300   220
   300   300   300   300   220
   300   300   300   300   220
   220   220   220   220   220
/*  @.@..GC */
   300   300   300   300   300
   300   300   300   300   300
   300   300   300   300   300
   300   300   300   300   300
   300   300   300   300   300
/*  @.A..GC */
   300   300   300   300   300
   300   300   300   300   300
   300   300   300   300   300
   190   190   190   190   190
   300   300   300   300   300
/*  @.C..GC */
   300   300   300   300   300
   300   300   300   300   300
   300   300   300   300   300
   300   300   300   300   300
   300   300   300   300   300
/*  @.G..GC */
   300   190   300   190   300
   300   190   300   190   300
   300   190   300   190   300
   190   190   190   190   190
   300   190   300   190   300
/*  @.U..GC */
   300   300   300   300   220
   300   300   300   300   220
   300   300   300   300   220
   300   300   300   300   220
   220   220   220   220   220
/*  @.@..GU */
   370   370   370   370   370
   370   370   370   370   370
   370   370   370   370   370
   370   370   370   370   370
   370   370   370   370   370
/*  @.A..GU */
   370   370   370   370   370
   370   370   370   370   370
   370   370   370   370   370
   260   260   260   260   260
   370   370   370   370   370
/*  @.C..GU */
   370   370   370   370   370
   370   370   370   370   370
   370   370   370   370   370
   370   370   370   370   370
   370   370   370   370   370
/*  @.G..GU */
   370   260   370   260   370
   370   260   370   260   370
   370   260   370   260   370
   260   260   260   260   260
   370   260   370   260   370
/*  @.U..GU */
   370   370   370   370   300
   370   370   370   370   300
   370   370   370   370   300
   370   370   370   370   300
   300   300   300   300   300
/*  @.@..UG */
   370   370   370   370   370
   370   370   370   370   370
   370   370   370   370   370
   370   370   370   370   370
   370   370   370   370   370
/*  @.A..UG */
   370   370   370   370   370
   370   370   370   370   370
   370   370   370   370   370
   260   260   260   260   260
   370   370   370   370   370
/*  @.C..UG */
   370   370   370   370   370
   370   370   370   370   370
   370   370   370   370   370
   370   370   370   370   370
   370   370   370   370   370
/*  @.G..UG */
   370   260   370   260   370
   260   260   260   260   260
   370   260   370   260   370
   260   260   260   260   260
   370   260   370   260   370
/*  @.U..UG */
   370   370   370   370   300
   370   370   370   370   300
   370   370   370   370   300
   370   370   370   370   300
   300   300   300   300   300
/*  @.@..AU */
   370   370   370   370   370
   370   370   370   370   370
   370   370   370   370   370
   370   370   370   370   370
   370   370   370   370   370
/*  @.A..AU */
   370   370   370   370   370
   370   370   370   370   370
   370   370   370   370   370
   260   260   260   260   260
   370   370   370   370   370
/*  @.C..AU */
   370   370   370   370   370
   370   370   370   370   370
   370   370   370   370   370
   370   370   370   370   370
   370   370   370   370   370
/*  @.G..AU */
   370   260   370   260   370
   370   260   370   260   370
   370   260   370   260   370
   260   260   260   260   260
   370   260   370   260   370
/*  @.U..AU */
   370   370   370   370   300
   370   370   370   370   300
   370   370   370   370   300
   370   370   370   370   300
   300   300   300   300   300
/*  @.@..UA */
   370   370   370   370   370
   370   370   370   370   370
   370   370   370   370   370
   370   370   370   370   370
   370   370   370   370   370
/*  @.A..UA */
   370   370   370   370   370
   370   370   370   370   370
   370   370   370   370   370
   260   260   260   260   260
   370   370   370   370   370
/*  @.C..UA */
   370   370   370   370   370
   370   370   370   370   370
   370   370   370   370   370
   370   370   370   370   370
   370   370   370   370   370
/*  @.G..UA */
   370   260   370   260   370
   260   260   260   260   260
   370   260   370   260   370
   260   260   260   260   260
   370   260   370   260   370
/*  @.U..UA */
   370   370   370   370   300
   370   370   370   370   300
   370   370   370   370   300
   370   370   370   370   300
   300   300   300   300   300
/*  @.@.. @ */
   370   370   370   370   370
   370   370   370   370   370
   370   370   370   370   370
   370   370   370   370   370
   370   370   370   370   370
/*  @.A.. @ */
   370   370   370   370   370
   370   370   370   370   370
   370   370   370   370   370
   260   260   260   260   260
   370   370   370   370   370
/*  @.C.. @ */
   370   370   370   370   370
   370   370   370   370   370
   370   370   370   370   370
   370   370   370   370   370
   370   370   370   370   370
/*  @.G.. @ */
   370   260   370   260   370
   370   260   370   260   370
   370   260   370   260   370
   260   260   260   260   260
   370   260   370   260   370
/*  @.U.. @ */
   370   370   370   370   300
   370   370   370   370   300
   370   370   370   370   300
   370   370   370   370   300
   300   300   300   300   300

# int21_enthalpies
/* CG.@..CG */
   350   350   350   350   350
   350   350   350   350   350
   350   350   350   350   350
   350   350   350   350   350
   350   350   350   350   350
/* CG.A..CG */
   350   350   350  -230   350
   350   350   350  -230   350
   350   350   350  -230   350
  -230  -230  -230  -230  -230
   350   350   350  -230   350
/* CG.C..CG */
   350   350   350   350   350
   350   350   350   350   350
   350   350   350   350   350
   350   350   350   350   350
   350   350   350   350   350
/* CG.G..CG */
   350  -230   350  -230   350
  -230  -230  -230  -230  -230
   350  -230   350  -230   350
  -230  -230  -230  -230  -230
   350  -230   350  -230   350
/* CG.U..CG */
   350   350   350   350  -670
   350   350   350   350  -670
   350   350   350   350  -670
   350   350   350   350  -670
  -670  -670  -670  -670  -670
/* CG.@..GC */
   780   640   780   350   350
   350   350   350   350   350
   780   350   780   350   350
   350   350   350   350   350
   640   640   350   350   350
/* CG.A..GC */
   350   350   350   250   350
   350   260   350   250   350
   350   350  -250  -230   350
  -230  -230  -230  -230  -230
   350   350   350  -230   350
/* CG.C..GC */
   780   640   780   350   350
   350   160   350   350   350
   780   350   780   350   350
   350   350   350   350   350
   640   640   350   350   350
/* CG.G..GC */
   350  -160   350  -230   350
   350  -160   350  -410   350
   350  -230   350  -230   350
  -230  -310  -230  -230  -230
   350  -230   350  -230   350
/* CG.U..GC */
   580   350   580   350  -580
   350   350   350   350  -670
   580   350   580   350  -580
   350   350   350   350  -670
  -670  -670  -690  -670  -700
/* CG.@..GU */
   850   850   850   850   850
   850   850   850   850   850
   850   850   850   850   850
   850   850   850   850   850
   850   850   850   850   850
/* CG.A..GU */
   850   850   850   280   850
   850   850   850   280   850
   850   850   850   280   850
   280   280   280   280   280
   850   850   850   280   850
/* CG.C..GU */
   850   850   850   850   850
   850   850   850   850   850
   850   850   850   850   850
   850   850   850   850   850
   850   850   850   850   850
/* CG.G..GU */
   850   280   850   280   850
   850   280   850   280   850
   850   280   850   280   850
   280   280   280   280   280
   850   280   850   280   850
/* CG.U..GU */
   850   850   850   850  -160
   850   850   850   850  -160
   850   850   850   850  -160
   850   850   850   850  -160
  -160  -160  -160  -160  -160
/* CG.@..UG */
   850   850   850   850   850
   850   850   850   850   850
   850   850   850   850   850
   850   850   850   850   850
   850   850   850   850   850
/* CG.A..UG */
   850   850   850   280   850
   850   850   850   280   850
   850   850   850   280   850
   280   280   280   280   280
   850   850   850   280   850
/* CG.C..UG */
   850   850   850   850   850
   850   850   850   850   850
   850   850   850   850   850
   850   850   850   850   850
   850   850   850   850   850
/* CG.G..UG */
   850   280   850   280   850
   280   280   280   280   280
   850   280   850   280   850
   280   280   280   280   280
   850   280   850   280   850
/* CG.U..UG */
   850   850   850   850  -160
   850   850   850   850  -160
   850   850   850   850  -160
   850   850   850   850  -160
  -160  -160  -160  -160  -160
/* CG.@..AU */
   850   850   850   850   850
   850   850   850   850   850
   850   850   850   850   850
   850   850   850   850   850
   850   850   850   850   850
/* CG.A..AU */
   850   850   850   280   850
   850   850   850   280   850
   850   850   850   280   850
   280   280   280   280   280
   850   850   850   280   850
/* CG.C..AU */
   850   850   850   850   850
   850   850   850   850   850
   850   850   850   850   850
   850   850   850   850   850
   850   850   850   850   850
/* CG.G..AU */
   850   280   850   280   850
   850   280   850   280   850
   850   280   850   280   850
   280   280   280   280   280
   850   280   850   280   850
/* CG.U..AU */
   850   850   850   850  -160
   850   850   850   850  -160
   850   850   850   850  -160
   850   850   850   850  -160
  -160  -160  -160  -160  -160
/* CG.@..UA */
   850   850   850   850   850
   850   850   850   850   850
   850   850   850   850   850
   850   850   850   850   850
   850   850   850   850   850
/* CG.A..UA */
   850   850   850   280   850
   850   850   850   280   850
   850   850   850   280   850
   280   280   280   280   280
   850   850   850   280   850
/* CG.C..UA */
   850   850   850   850   850
   850   850   850   850   850
   850   850   850   850   850
   850   850   850   850   850
   850   850   850   850   850
/* CG.G..UA */
   850   280   850   280   850
   280   280   280   280   280
   850   280   850   280   850
   280   280   280   280   280
   850   280   850   280   850
/* CG.U..UA */
   850   850   850   850  -160
   850   850   850   850  -160
   850   850   850   850  -160
   850   850   850   850  -160
  -160  -160  -160  -160  -160
/* CG.@.. @ */
   850   850   850   850   850
   850   850   850   850   850
   850   850   850   850   850
   850   850   850   850   850
   850   850   850   850   850
/* CG.A.. @ */
   850   850   850   280   850
   850   850   850   280   850
   850   850   850   280   850
   280   280   280   280   280
   850   850   850   280   850
/* CG.C.. @ */
   850   850   850   850   850
   850   850   850   850   850
   850   850   850   850   850
   850   850   850   850   850
   850   850   850   850   850
/* CG.G.. @ */
   850   280   850   280   850
   850   280   850   280   850
   850   280   850   280   850
   280   280   280   280   280
   850   280   850   280   850
/* CG.U.. @ */
   850   850   850   850  -160
   850   850   850   850  -160
   850   850   850   850  -160
   850   850   850   850  -160
  -160  -160  -160  -160  -160
/* GC.@..CG */
   690   690   350   350   350
   690   690   350   350   350
   350   350   350   350   350
   350   350   350   350   350
   350   350   350   350   350
/* GC.A..CG */
   690   690   350   350   350
   690   690   350   240   350
   350   350   350   350   350
  -230  -500  -230  -230  -230
   350   350   350   350   350
/* GC.C..CG */
   350   350   350   350   350
   350   350   350   350   350
   350   350   350   350   350
   350   350   350   350   350
   350   350   130   350   350
/* GC.G..CG */
   350  -230   350  -230   350
  -230  -230  -230  -230  -230
   350  -230   350  -230   350
  -230  -230  -230  -230  -230
   350  -230   350  -230   350
/* GC.U..CG */
   350   350   350   350  -670
   350   350   350   350  -670
   350   350   350   350  -670
   350   350   350   350  -670
  -670  -670  -670  -670  -670
/* GC.@..GC */
   350   350   350   350   350
   350   350   350   350   350
   350   350   350   350   350
   350   350   350   350   350
   350   350   350   350   350
/* GC.A..GC */
   350   350   350   350   350
   350   350   350   350   350
   350   350   350   350   350
  -230  -230  -230  -230  -230
   350   350   350   350   350
/* GC.C..GC */
   350   350   350   350   350
   350   350   350   350   350
   350   350   350   350   350
   350   350   350   350   350
   350   350   350   350   350
/* GC.G..GC */
   350  -230   350  -230   350
   350  -230   350  -230   350
   350  -230   350  -230   350
  -230  -230  -230  -230  -230
   350  -230   350  -230   350
/* GC.U..GC */
   350   350   350   350  -670
   350   350   350   350  -670
   350   350   350   350  -670
   350   350   350   350  -670
  -670  -670  -670  -670  -670
/* GC.@..GU */
   850   850   850   850   850
   850   850   850   850   850
   850   850   850   850   850
   850   850   850   850   850
   850   850   850   850   850
/* GC.A..GU */
   850   850   850   850   850
   850   850   850   850   850
   850   850   850   850   850
   280   280   280   280   280
   850   850   850   850   850
/* GC.C..GU */
   850   850   850   850   850
   850   850   850   850   850
   850   850   850   850   850
   850   850   850   850   850
   850   850   850   850   850
/* GC.G..GU */
   850   280   850   280   850
   850   280   850   280   850
   850   280   850   280   850
   280   280   280   280   280
   850   280   850   280   850
/* GC.U..GU */
   850   850   850   850  -160
   850   850   850   850  -160
   850   850   850   850  -160
   850   850   850   850  -160
  -160  -160  -160  -160  -160
/* GC.@..UG */
   850   850   850   850   850
   850   850   850   850   850
   850   850   850   850   850
   850   850   850   850   850
   850   850   850   850   850
/* GC.A..UG */
   850   850   850   850   850
   850   690   850   240   850
   850   850   850   850   850
   280  -500   280   280   280
   850   850   850   850   850
/* GC.C..UG */
   850   850   850   850   850
   850   850   850   850   850
   850   850   850   850   850
   850   850   850   850   850
   850   850   130   850   850
/* GC.G..UG */
   850   280   850   280   850
   280   280   280   280   280
   850   280   850   280   850
   280   280   280   280   280
   850   280   850   280   850
/* GC.U..UG */
   850   850   850   850  -160
   850   850   850   850  -160
   850   850   850   850  -160
   850   850   850   850  -160
  -160  -160  -160  -160  -160
/* GC.@..AU */
   850   850   850   850   850
   850   850   850   850   850
   850   850   850   850   850
   850   850   850   850   850
   850   850   850   850   850
/* GC.A..AU */
   850   850   850   850   850
   850   850   850   850   850
   850   850   850   850   850
   280   280   280   280   280
   850   850   850   850   850
/* GC.C..AU */
   850   850   850   850   850
   850   850   850   850   850
   850   850   850   850   850
   850   850   850   850   850
   850   850   850   850   850
/* GC.G..AU */
   850   280   850   280   850
   850   280   850   280   850
   850   280   850   280   850
   280   280   280   280   280
   850   280   850   280   850
/* GC.U..AU */
   850   850   850   850  -160
   850   850   850   850  -160
   850   850   850   850  -160
   850   850   850   850  -160
  -160  -160  -160  -160  -160
/* GC.@..UA */
   850   850   850   850   850
   850   850   850   850   850
   850   850   850   850   850
   850   850   850   850   850
   850   850   850   850   850
/* GC.A..UA */
   850   850   850   850   850
   850   850   850   850   850
   850   850   850   850   850
   280   280   280   280   280
   850   850   850   850   850
/* GC.C..UA */
   850   850   850   850   850
   850   850   850   850   850
   850   850   850   850   850
   850   850   850   850   850
   850   850   850   850   850
/* GC.G..UA */
   850   280   850   280   850
   280   280   280   280   280
   850   280   850   280   850
   280   280   280   280   280
   850   280   850   280   850
/* GC.U..UA */
   850   850   850   850  -160
   850   850   850   850  -160
   850   850   850   850  -160
   850   850   850   850  -160
  -160  -160  -160  -160  -160
/* GC.@.. @ */
   850   850   850   850   850
   850   850   850   850   850
   850   850   850   850   850
   850   850   850   850   850
   850   850   850   850   850
/* GC.A.. @ */
   850   850   850   850   850
   850   850   850   850   850
   850   850   850   850   850
   280   280   280   280   280
   850   850   850   850   850
/* GC.C.. @ */
   850   850   850   850   850
   850   850   850   850   850
   850   850   850   850   850
   850   850   850   850   850
   850   850   850   850   850
/* GC.G.. @ */
   850   280   850   280   850
   850   280   850   280   850
   850   280   850   280   850
   280   280   280   280   280
   850   280   850   280   850
/* GC.U.. @ */
   850   850   850   850  -160
   850   850   850   850  -160
   850   850   850   850  -160
   850   850   850   850  -160
  -160  -160  -160  -160  -160
/* GU.@..CG */
   850   850   850   850   850
   850   850   850   850   850
   850   850   850   850   850
   850   850   850   850   850
   850   850   850   850   850
/* GU.A..CG */
   850   850   850   850   850
   850   690   850   240   850
   850   850   850   850   850
   280  -500   280   280   280
   850   850   850   850   850
/* GU.C..CG */
   850   850   850   850   850
   850   850   850   850   850
   850   850   850   850   850
   850   850   850   850   850
   850   850   130   850   850
/* GU.G..CG */
   850   280   850   280   850
   280   280   280   280   280
   850   280   850   280   850
   280   280   280   280   280
   850   280   850   280   850
/* GU.U..CG */
   850   850   850   850  -160
   850   850   850   850  -160
   850   850   850   850  -160
   850   850   850   850  -160
  -160  -160  -160  -160  -160
/* GU.@..GC */
   850   850   850   850   850
   850   850   850   850   850
   850   850   850   850   850
   850   850   850   850   850
   850   850   850   850   850
/* GU.A..GC */
   850   850   850   850   850
   850   850   850   850   850
   850   850   850   850   850
   280   280   280   280   280
   850   850   850   850   850
/* GU.C..GC */
   850   850   850   850   850
   850   850   850   850   850
   850   850   850   850   850
   850   850   850   850   850
   850   850   850   850   850
/* GU.G..GC */
   850   280   850   280   850
   850   280   850   280   850
   850   280   850   280   850
   280   280   280   280   280
   850   280   850   280   850
/* GU.U..GC */
   850   850   850   850  -160
   850   850   850   850  -160
   850   850   850   850  -160
   850   850   850   850  -160
  -160  -160  -160  -160  -160
/* GU.@..GU */
  1350  1350  1350  1350  1350
  1350  1350  1350  1350  1350
  1350  1350  1350  1350  1350
  1350  1350  1350  1350  1350
  1350  1350  1350  1350  1350
/* GU.A..GU */
  1350  1350  1350  1350  1350
  1350  1350  1350  1350  1350
  1350  1350  1350  1350  1350
   780   780   780   780   780
  1350  1350  1350  1350  1350
/* GU.C..GU */
  1350  1350  1350  1350  1350
  1350  1350  1350  1350  1350
  1350  1350  1350  1350  1350
  1350  1350  1350  1350  1350
  1350  1350  1350  1350  1350
/* GU.G..GU */
  1350   780  1350   780  1350
  1350   780  1350   780  1350
  1350   780  1350   780  1350
   780   780   780   780   780
  1350   780  1350   780  1350
/* GU.U..GU */
  1350  1350  1350  1350   340
  1350  1350  1350  1350   340
  1350  1350  1350  1350   340
  1350  1350  1350  1350   340
   340   340   340   340   340
/* GU.@..UG */
  1350  1350  1350  1350  1350
  1350  1350  1350  1350  1350
  1350  1350  1350  1350  1350
  1350  1350  1350  1350  1350
  1350  1350  1350  1350  1350
/* GU.A..UG */
  1350  1350  1350  1350  1350
  1350   690  1350   240  1350
  1350  1350  1350  1350  1350
   780  -500   780   780   780
  1350  1350  1350  1350  1350
/* GU.C..UG */
  1350  1350  1350  1350  1350
  1350  1350  1350  1350  1350
  1350  1350  1350  1350  1350
  1350  1350  1350  1350  1350
  1350  1350   130  1350  1350
/* GU.G..UG */
  1350   780  1350   780  1350
   780   780   780   780   780
  1350   780  1350   780  1350
   780   780   780   780   780
  1350   780  1350   780  1350
/* GU.U..UG */
  1350  1350  1350  1350   340
  1350  1350  1350  1350   340
  1350  1350  1350  1350   340
  1350  1350  1350  1350   340
   340   340   340   340   340
/* GU.@..AU */
  1350  1350  1350  1350  1350
  1350  1350  1350  1350  1350
  1350  1350  1350  1350  1350
  1350  1350  1350  1350  1350
  1350  1350  1350  1350  1350
/* GU.A..AU */
  1350  1350  1350  1350  1350
  1350  1350  1350  1350  1350
  1350  1350  1350  1350  1350
   780   780   780   780   780
  1350  1350  1350  1350  1350
/* GU.C..AU */
  1350  1350  1350  1350  1350
  1350  1350  1350  1350  1350
  1350  1350  1350  1350  1350
  1350  1350  1350  1350  1350
  1350  1350  1350  1350  1350
/* GU.G..AU */
  1350   780  1350   780  1350
  1350   780  1350   780  1350
  1350   780  1350   780  1350
   780   780   780   780   780
  1350   780  1350   780  1350
/* GU.U..AU */
  1350  1350  1350  1350   340
  1350  1350  1350  1350   340
  1350  1350  1350  1350   340
  1350  1350  1350  1350   340
   340   340   340   340   340
/* GU.@..UA */
  1350  1350  1350  1350  1350
  1350  1350  1350  1350  1350
  1350  1350  1350  1350  1350
  1350  1350  1350  1350  1350
  1350  1350  1350  1350  1350
/* GU.A..UA */
  1350  1350  1350  1350  1350
  1350  1350  1350  1350  1350
  1350  1350  1350  1350  1350
   780   780   780   780   780
  1350  1350  1350  1350  1350
/* GU.C..UA */
  1350  1350  1350  1350  1350
  1350  1350  1350  1350  1350
  1350  1350  1350  1350  1350
  1350  1350  1350  1350  1350
  1350  1350  1350  1350  1350
/* GU.G..UA */
  1350   780  1350   780  1350
   780   780   780   780   780
  1350   780  1350   780  1350
   780   780   780   780   780
  1350   780  1350   780  1350
/* GU.U..UA */
  1350  1350  1350  1350   340
  1350  1350  1350  1350   340
  1350  1350  1350  1350   340
  1350  1350  1350  1350   340
   340   340   340   340   340
/* GU.@.. @ */
  1350  1350  1350  1350  1350
  1350  1350  1350  1350  1350
  1350  1350  1350  1350  1350
  1350  1350  1350  1350  1350
  1350  1350  1350  1350  1350
/* GU.A.. @ */
  1350  1350  1350  1350  1350
  1350  1350  1350  1350  1350
  1350  1350  1350  1350  1350
   780   780   780   780   780
  1350  1350  1350  1350  1350
/* GU.C.. @ */
  1350  1350  1350  1350  1350
  1350  1350  1350  1350  1350
  1350  1350  1350  1350  1350
  1350  1350  1350  1350  1350
  1350  1350  1350  1350  1350
/* GU.G.. @ */
  1350   780  1350   780  1350
  1350   780  1350   780  1350
  1350   780  1350   780  1350
   780   780   780   780   780
  1350   780  1350   780  1350
/* GU.U.. @ */
  1350  1350  1350  1350   340
  1350  1350  1350  1350   340
  1350  1350  1350  1350   340
  1350  1350  1350  1350   340
   340   340   340   340   340
/* UG.@..CG */
   850   850   850   850   850
   850   850   850   850   850
   850   850   850   850   850
   850   850   850   850   850
   850   850   850   850   850
/* UG.A..CG */
   850   850   850   280   850
   850   850   850   280   850
   850   850   850   280   850
   280   280   280   280   280
   850   850   850   280   850
/* UG.C..CG */
   850   850   850   850   850
   850   850   850   850   850
   850   850   850   850   850
   850   850   850   850   850
   850   850   850   850   850
/* UG.G..CG */
   850   280   850   280   850
   280   280   280   280   280
   850   280   850   280   850
   280   280   280   280   280
   850   280   850   280   850
/* UG.U..CG */
   850   850   850   850  -160
   850   850   850   850  -160
   850   850   850   850  -160
   850   850   850   850  -160
  -160  -160  -160  -160  -160
/* UG.@..GC */
   850   850   850   850   850
   850   850   850   850   850
   850   850   850   850   850
   850   850   850   850   850
   850   850   850   850   850
/* UG.A..GC */
   850   850   850   280   850
   850   850   850   280   850
   850   850   850   280   850
   280   280   280   280   280
   850   850   850   280   850
/* UG.C..GC */
   850   850   850   850   850
   850   850   850   850   850
   850   850   850   850   850
   850   850   850   850   850
   850   850   850   850   850
/* UG.G..GC */
   850   280   850   280   850
   850   280   850   280   850
   850   280   850   280   850
   280   280   280   280   280
   850   280   850   280   850
/* UG.U..GC */
   850   850   850   850  -160
   850   850   850   850  -160
   850   850   850   850  -160
   850   850   850   850  -160
  -160  -160  -160  -160  -160
/* UG.@..GU */
  1350  1350  1350  1350  1350
  1350  1350  1350  1350  1350
  1350  1350  1350  1350  1350
  1350  1350  1350  1350  1350
  1350  1350  1350  1350  1350
/* UG.A..GU */
  1350  1350  1350   780  1350
  1350  1350  1350   780  1350
  1350  1350  1350   780  1350
   780   780   780   780   780
  1350  1350  1350   780  1350
/* UG.C..GU */
  1350  1350  1350  1350  1350
  1350  1350  1350  1350  1350
  1350  1350  1350  1350  1350
  1350  1350  1350  1350  1350
  1350  1350  1350  1350  1350
/* UG.G..GU */
  1350   780  1350   780  1350
  1350   780  1350   780  1350
  1350   780  1350   780  1350
   780   780   780   780   780
  1350   780  1350   780  1350
/* UG.U..GU */
  1350  1350  1350  1350   340
  1350  1350  1350  1350   340
  1350  1350  1350  1350   340
  1350  1350  1350  1350   340
   340   340   340   340   340
/* UG.@..UG */
  1350  1350  1350  1350  1350
  1350  1350  1350  1350  1350
  1350  1350  1350  1350  1350
  1350  1350  1350  1350  1350
  1350  1350  1350  1350  1350
/* UG.A..UG */
  1350  1350  1350   780  1350
  1350  1350  1350   780  1350
  1350  1350  1350   780  1350
   780   780   780   780   780
  1350  1350  1350   780  1350
/* UG.C..UG */
  1350  1350  1350  1350  1350
  1350  1350  1350  1350  1350
  1350  1350  1350  1350  1350
  1350  1350  1350  1350  1350
  1350  1350  1350  1350  1350
/* UG.G..UG */
  1350   780  1350   780  1350
   780   780   780   780   780
  1350   780  1350   780  1350
   780   780   780   780   780
  1350   780  1350   780  1350
/* UG.U..UG */
  1350  1350  1350  1350   340
  1350  1350  1350  1350   340
  1350  1350  1350  1350   340
  1350  1350  1350  1350   340
   340   340   340   340   340
/* UG.@..AU */
  1350  1350  1350  1350  1350
  1350  1350  1350  1350  1350
  1350  1350  1350  1350  1350
  1350  1350  1350  1350  1350
  1350  1350  1350  1350  1350
/* UG.A..AU */
  1350  1350  1350   780  1350
  1350  1350  1350   780  1350
  1350  1350  1350   780  1350
   780   780   780   780   780
  1350  1350  1350   780  1350
/* UG.C..AU */
  1350  1350  1350  1350  1350
  1350  1350  1350  1350  1350
  1350  1350  1350  1350  1350
  1350  1350  1350  1350  1350
  1350  1350  1350  1350  1350
/* UG.G..AU */
  1350   780  1350   780  1350
  1350   780  1350   780  1350
  1350   780  1350   780  1350
   780   780   780   780   780
  1350   780  1350   780  1350
/* UG.U..AU */
  1350  1350  1350  1350   340
  1350  1350  1350  1350   340
  1350  1350  1350  1350   340
  1350  1350  1350  1350   340
   340   340   340   340   340
/* UG.@..UA */
  1350  1350  1350  1350  1350
  1350  1350  1350  1350  1350
  1350  1350  1350  1350  1350
  1350  1350  1350  1350  1350
  1350  1350  1350  1350  1350
/* UG.A..UA */
  1350  1350  1350   780  1350
  1350  1350  1350   780  1350
  1350  1350  1350   780  1350
   780   780   780   780   780
  1350  1350  1350   780  1350
/* UG.C..UA */
  1350  1350  1350  1350  1350
  1350  1350  1350  1350  1350
  1350  1350  1350  1350  1350
  1350  1350  1350  1350  1350
  1350  1350  1350  1350  1350
/* UG.G..UA */
  1350   780  1350   780  1350
   780   780   780   780   780
  1350   780  1350   780  1350
   780   780   780   780   780
  1350   780  1350   780  1350
/* UG.U..UA */
  1350  1350  1350  1350   340
  1350  1350  1350  1350   340
  1350  1350  1350  1350   340
  1350  1350  1350  1350   340
   340   340   340   340   340
/* UG.@.. @ */
  1350  1350  1350  1350  1350
  1350  1350  1350  1350  1350
  1350  1350  1350  1350  1350
  1350  1350  1350  1350  1350
  1350  1350  1350  1350  1350
/* UG.A.. @ */
  1350  1350  1350   780  1350
  1350  1350  1350   780  1350
  1350  1350  1350   780  1350
   780   780   780   780   780
  1350  1350  1350   780  1350
/* UG.C.. @ */
  1350  1350  1350  1350  1350
  1350  1350  1350  1350  1350
  1350  1350  1350  1350  1350
  1350  1350  1350  1350  1350
  1350  1350  1350  1350  1350
/* UG.G.. @ */
  1350   780  1350   780  1350
  1350   780  1350   780  1350
  1350   780  1350   780  1350
   780   780   780   780   780
  1350   780  1350   780  1350
/* UG.U.. @ */
  1350  1350  1350  1350   340
  1350  1350  1350  1350   340
  1350  1350  1350  1350   340
  1350  1350  1350  1350   340
   340   340   340   340   340
/* AU.@..CG */
   850   850   850   850   850
   850   850   850   850   850
   850   850   850   850   850
   850   850   850   850   850
   850   850   850   850   850
/* AU.A..CG */
   850   850   850   850   850
   850   850   850   850   850
   850   850   850   850   850
   280   280   280   280   280
   850   850   850   850   850
/* AU.C..CG */
   850   850   850   850   850
   850   850   850   850   850
   850   850   850   850   850
   850   850   850   850   850
   850   850   850   850   850
/* AU.G..CG */
   850   280   850   280   850
   280   280   280   280   280
   850   280   850   280   850
   280   280   280   280   280
   850   280   850   280   850
/* AU.U..CG */
   850   850   850   850  -160
   850   850   850   850  -160
   850   850   850   850  -160
   850   850   850   850  -160
  -160  -160  -160  -160  -160
/* AU.@..GC */
   850   850   850   850   850
   850   850   850   850   850
   850   850   850   850   850
   850   850   850   850   850
   850   850   850   850   850
/* AU.A..GC */
   850   850   850   850   850
   850   850   850   850   850
   850   850   850   850   850
   280   280   280   280   280
   850   850   850   850   850
/* AU.C..GC */
   850   850   850   850   850
   850   850   850   850   850
   850   850   850   850   850
   850   850   850   850   850
   850   850   850   850   850
/* AU.G..GC */
   850   280   850   280   850
   850   280   850   280   850
   850   280   850   280   850
   280   280   280   280   280
   850   280   850   280   850
/* AU.U..GC */
   850   850   850   850  -160
   850   850   850   850  -160
   850   850   850   850  -160
   850   850   850   850  -160
  -160  -160  -160  -160  -160
/* AU.@..GU */
  1350  1350  1350  1350  1350
  1350  1350  1350  1350  1350
  1350  1350  1350  1350  1350
  1350  1350  1350  1350  1350
  1350  1350  1350  1350  1350
/* AU.A..GU */
  1350  1350  1350  1350  1350
  1350  1350  1350  1350  1350
  1350  1350  1350  1350  1350
   780   780   780   780   780
  1350  1350  1350  1350  1350
/* AU.C..GU */
  1350  1350  1350  1350  1350
  1350  1350  1350  1350  1350
  1350  1350  1350  1350  1350
  1350  1350  1350  1350  1350
  1350  1350  1350  1350  1350
/* AU.G..GU */
  1350   780  1350   780  1350
  1350   780  1350   780  1350
  1350   780  1350   780  1350
   780   780   780   780   780
  1350   780  1350   780  1350
/* AU.U..GU */
  1350  1350  1350  1350   340
  1350  1350  1350  1350   340
  1350  1350  1350  1350   340
  1350  1350  1350  1350   340
   340   340   340   340   340
/* AU.@..UG */
  1350  1350  1350  1350  1350
  1350  1350  1350  1350  1350
  1350  1350  1350  1350  1350
  1350  1350  1350  1350  1350
  1350  1350  1350  1350  1350
/* AU.A..UG */
  1350  1350  1350  1350  1350
  1350  1350  1350  1350  1350
  1350  1350  1350  1350  1350
   780   780   780   780   780
  1350  1350  1350  1350  1350
/* AU.C..UG */
  1350  1350  1350  1350  1350
  1350  1350  1350  1350  1350
  1350  1350  1350  1350  1350
  1350  1350  1350  1350  1350
  1350  1350  1350  1350  1350
/* AU.G..UG */
  1350   780  1350   780  1350
   780   780   780   780   780
  1350   780  1350   780  1350
   780   780   780   780   780
  1350   780  1350   780  1350
/* AU.U..UG */
  1350  1350  1350  1350   340
  1350  1350  1350  1350   340
  1350  1350  1350  1350   340
  1350  1350  1350  1350   340
   340   340   340   340   340
/* AU.@..AU */
  1350  1350  1350  1350  1350
  1350  1350  1350  1350  1350
  1350  1350  1350  1350  1350
  1350  1350  1350  1350  1350
  1350  1350  1350  1350  1350
/* AU.A..AU */
  1350  1350  1350  1350  1350
  1350  1350  1350  1350  1350
  1350  1350  1350  1350  1350
   780   780   780   780   780
  1350  1350  1350  1350  1350
/* AU.C..AU */
  1350  1350  1350  1350  1350
  1350  1350  1350  1350  1350
  1350  1350  1350  1350  1350
  1350  1350  1350  1350  1350
  1350  1350  1350  1350  1350
/* AU.G..AU */
  1350   780  1350   780  1350
  1350   780  1350   780  1350
  1350   780  1350   780  1350
   780   780   780   780   780
  1350   780  1350   780  1350
/* AU.U..AU */
  1350  1350  1350  1350   340
  1350  1350  1350  1350   340
  1350  1350  1350  1350   340
  1350  1350  1350  1350   340
   340   340   340   340   340
/* AU.@..UA */
  1350  1350  1350  1350  1350
  1350  1350  1350  1350  1350
  1350  1350  1350  1350  1350
  1350  1350  1350  1350  1350
  1350  1350  1350  1350  1350
/* AU.A..UA */
  1350  1350  1350  1350  1350
  1350  1350  1350  1350  1350
  1350  1350  1350  1350  1350
   780   780   780   780   780
  1350  1350  1350  1350  1350
/* AU.C..UA */
  1350  1350  1350  1350  1350
  1350  1350  1350  1350  1350
  1350  1350  1350  1350  1350
  1350  1350  1350  1350  1350
  1350  1350  1350  1350  1350
/* AU.G..UA */
  1350   780  1350   780  1350
   780   780   780   780   780
  1350   780  1350   780  1350
   780   780   780   780   780
  1350   780  1350   780  1350
/* AU.U..UA */
  1350  1350  1350  1350   340
  1350  1350  1350  1350   340
  1350  1350  1350  1350   340
  1350  1350  1350  1350   340
   340   340   340   340   340
/* AU.@.. @ */
  1350  1350  1350  1350  1350
  1350  1350  1350  1350  1350
  1350  1350  1350  1350  1350
  1350  1350  1350  1350  1350
  1350  1350  1350  1350  1350
/* AU.A.. @ */
  1350  1350  1350  1350  1350
  1350  1350  1350  1350  1350
  1350  1350  1350  1350  1350
   780   780   780   780   780
  1350  1350  1350  1350  1350
/* AU.C.. @ */
  1350  1350  1350  1350  1350
  1350  1350  1350  1350  1350
  1350  1350  1350  1350  1350
  1350  1350  1350  1350  1350
  1350  1350  1350  1350  1350
/* AU.G.. @ */
  1350   780  1350   780  1350
  1350   780  1350   780  1350
  1350   780  1350   780  1350
   780   780   780   780   780
  1350   780  1350   780  1350
/* AU.U.. @ */
  1350  1350  1350  1350   340
  1350  1350  1350  1350   340
  1350  1350  1350  1350   340
  1350  1350  1350  1350   340
   340   340   340   340   340
/* UA.@..CG */
   850   850   850   850   850
   850   850   850   850   850
   850   850   850   850   850
   850   850   850   850   850
   850   850   850   850   850
/* UA.A..CG */
   850   850   850   280   850
   850   850   850   280   850
   850   850   850   280   850
   280   280   280   280   280
   850   850   850   280   850
/* UA.C..CG */
   850   850   850   850   850
   850   850   850   850   850
   850   850   850   850   850
   850   850   850   850   850
   850   850   850   850   850
/* UA.G..CG */
   850   280   850   280   850
   280   280   280   280   280
   850   280   850   280   850
   280   280   280   280   280
   850   280   850   280   850
/* UA.U..CG */
   850   850   850   850  -160
   850   850   850   850  -160
   850   850   850   850  -160
   850   850   850   850  -160
  -160  -160  -160  -160  -160
/* UA.@..GC */
   850   850   850   850   850
   850   850   850   850   850
   850   850   850   850   850
   850   850   850   850   850
   850   850   850   850   850
/* UA.A..GC */
   850   850   850   280   850
   850   850   850   280   850
   850   850   850   280   850
   280   280   280   280   280
   850   850   850   280   850
/* UA.C..GC */
   850   850   850   850   850
   850   850   850   850   850
   850   850   850   850   850
   850   850   850   850   850
   850   850   850   850   850
/* UA.G..GC */
   850   280   850   280   850
   850   280   850   280   850
   850   280   850   280   850
   280   280   280   280   280
   850   280   850   280   850
/* UA.U..GC */
   850   850   850   850  -160
   850   850   850   850  -160
   850   850   850   850  -160
   850   850   850   850  -160
  -160  -160  -160  -160  -160
/* UA.@..GU */
  1350  1350  1350  1350  1350
  1350  1350  1350  1350  1350
  1350  1350  1350  1350  1350
  1350  1350  1350  1350  1350
  1350  1350  1350  1350  1350
/* UA.A..GU */
  1350  1350  1350   780  1350
  1350  1350  1350   780  1350
  1350  1350  1350   780  1350
   780   780   780   780   780
  1350  1350  1350   780  1350
/* UA.C..GU */
  1350  1350  1350  1350  1350
  1350  1350  1350  1350  1350
  1350  1350  1350  1350  1350
  1350  1350  1350  1350  1350
  1350  1350  1350  1350  1350
/* UA.G..GU */
  1350   780  1350   780  1350
  1350   780  1350   780  1350
  1350   780  1350   780  1350
   780   780   780   780   780
  1350   780  1350   780  1350
/* UA.U..GU */
  1350  1350  1350  1350   340
  1350  1350  1350  1350   340
  1350  1350  1350  1350   340
  1350  1350  1350  1350   340
   340   340   340   340   340
/* UA.@..UG */
  1350  1350  1350  1350  1350
  1350  1350  1350  1350  1350
  1350  1350  1350  1350  1350
  1350  1350  1350  1350  1350
  1350  1350  1350  1350  1350
/* UA.A..UG */
  1350  1350  1350   780  1350
  1350  1350  1350   780  1350
  1350  1350  1350   780  1350
   780   780   780   780   780
  1350  1350  1350   780  1350
/* UA.C..UG */
  1350  1350  1350  1350  1350
  1350  1350  1350  1350  1350
  1350  1350  1350  1350  1350
  1350  1350  1350  1350  1350
  1350  1350  1350  1350  1350
/* UA.G..UG */
  1350   780  1350   780  1350
   780   780   780   780   780
  1350   780  1350   780  1350
   780   780   780   780   780
  1350   780  1350   780  1350
/* UA.U..UG */
  1350  1350  1350  1350   340
  1350  1350  1350  1350   340
  1350  1350  1350  1350   340
  1350  1350  1350  1350   340
   340   340   340   340   340
/* UA.@..AU */
  1350  1350  1350  1350  1350
  1350  1350  1350  1350  1350
  1350  1350  1350  1350  1350
  1350  1350  1350  1350  1350
  1350  1350  1350  1350  1350
/* UA.A..AU */
  1350  1350  1350   780  1350
  1350  1350  1350   780  1350
  1350  1350  1350   780  1350
   780   780   780   780   780
  1350  1350  1350   780  1350
/* UA.C..AU */
  1350  1350  1350  1350  1350
  1350  1350  1350  1350  1350
  1350  1350  1350  1350  1350
  1350  1350  1350  1350  1350
  1350  1350  1350  1350  1350
/* UA.G..AU */
  1350   780  1350   780  1350
  1350   780  1350   780  1350
  1350   780  1350   780  1350
   780   780   780   780   780
  1350   780  1350   780  1350
/* UA.U..AU */
  1350  1350  1350  1350   340
  1350  1350  1350  1350   340
  1350  1350  1350  1350   340
  1350  1350  1350  1350   340
   340   340   340   340   340
/* UA.@..UA */
  1350  1350  1350  1350  1350
  1350  1350  1350  1350  1350
  1350  1350  1350  1350  1350
  1350  1350  1350  1350  1350
  1350  1350  1350  1350  1350
/* UA.A..UA */
  1350  1350  1350   780  1350
  1350  1350  1350   780  1350
  1350  1350  1350   780  1350
   780   780   780   780   780
  1350  1350  1350   780  1350
/* UA.C..UA */
  1350  1350  1350  1350  1350
  1350  1350  1350  1350  1350
  1350  1350  1350  1350  1350
  1350  1350  1350  1350  1350
  1350  1350  1350  1350  1350
/* UA.G..UA */
  1350   780  1350   780  1350
   780   780   780   780   780
  1350   780  1350   780  1350
   780   780   780   780   780
  1350   780  1350   780  1350
/* UA.U..UA */
  1350  1350  1350  1350   340
  1350  1350  1350  1350   340
  1350  1350  1350  1350   340
  1350  1350  1350  1350   340
   340   340   340   340   340
/* UA.@.. @ */
  1350  1350  1350  1350  1350
  1350  1350  1350  1350  1350
  1350  1350  1350  1350  1350
  1350  1350  1350  1350  1350
  1350  1350  1350  1350  1350
/* UA.A.. @ */
  1350  1350  1350   780  1350
  1350  1350  1350   780  1350
  1350  1350  1350   780  1350
   780   780   780   780   780
  1350  1350  1350   780  1350
/* UA.C.. @ */
  1350  1350  1350  1350  1350
  1350  1350  1350  1350  1350
  1350  1350  1350  1350  1350
  1350  1350  1350  1350  1350
  1350  1350  1350  1350  1350
/* UA.G.. @ */
  1350   780  1350   780  1350
  1350   780  1350   780  1350
  1350   780  1350   780  1350
   780   780   780   780   780
  1350   780  1350   780  1350
/* UA.U.. @ */
  1350  1350  1350  1350   340
  1350  1350  1350  1350   340
  1350  1350  1350  1350   340
  1350  1350  1350  1350   340
   340   340   340   340   340
/*  @.@..CG */
   850   850   850   850   850
   850   850   850   850   850
   850   850   850   850   850
   850   850   850   850   850
   850   850   850   850   850
/*  @.A..CG */
   850   850   850   850   850
   850   850   850   850   850
   850   850   850   850   850
   280   280   280   280   280
   850   850   850   850   850
/*  @.C..CG */
   850   850   850   850   850
   850   850   850   850   850
   850   850   850   850   850
   850   850   850   850   850
   850   850   850   850   850
/*  @.G..CG */
   850   280   850   280   850
   280   280   280   280   280
   850   280   850   280   850
   280   280   280   280   280
   850   280   850   280   850
/*  @.U..CG */
   850   850   850   850  -160
   850   850   850   850  -160
   850   850   850   850  -160
   850   850   850   850  -160
  -160  -160  -160  -160  -160
/*  @.@..GC */
   850   850   850   850   850
   850   850   850   850   850
   850   850   850   850   850
   850   850   850   850   850
   850   850   850   850   850
/*  @.A..GC */
   850   850   850   850   850
   850   850   850   850   850
   850   850   850   850   850
   280   280   280   280   280
   850   850   850   850   850
/*  @.C..GC */
   850   850   850   850   850
   850   850   850   850   850
   850   850   850   850   850
   850   850   850   850   850
   850   850   850   850   850
/*  @.G..GC */
   850   280   850   280   850
   850   280   850   280   850
   850   280   850   280   850
   280   280   280   280   280
   850   280   850   280   850
/*  @.U..GC */
   850   850   850   850  -160
   850   850   850   850  -160
   850   850   850   850  -160
   850   850   850   850  -160
  -160  -160  -160  -160  -160
/*  @.@..GU */
  1350  1350  1350  1350  1350
  1350  1350  1350  1350  1350
  1350  1350  1350  1350  1350
  1350  1350  1350  1350  1350
  1350  1350  1350  1350  1350
/*  @.A..GU */
  1350  1350  1350  1350  1350
  1350  1350  1350  1350  1350
  1350  1350  1350  1350  1350
   780   780   780   780   780
  1350  1350  1350  1350  1350
/*  @.C..GU */
  1350  1350  1350  1350  1350
  1350  1350  1350  1350  1350
  1350  1350  1350  1350  1350
  1350  1350  1350  1350  1350
  1350  1350  1350  1350  1350
/*  @.G..GU */
  1350   780  1350   780  1350
  1350   780  1350   780  1350
  1350   780  1350   780  1350
   780   780   780   780   780
  1350   780  1350   780  1350
/*  @.U..GU */
  1350  1350  1350  1350   340
  1350  1350  1350  1350   340
  1350  1350  1350  1350   340
  1350  1350  1350  1350   340
   340   340   340   340   340
/*  @.@..UG */
  1350  1350  1350  1350  1350
  1350  1350  1350  1350  1350
  1350  1350  1350  1350  1350
  1350  1350  1350  1350  1350
  1350  1350  1350  1350  1350
/*  @.A..UG */
  1350  1350  1350  1350  1350
  1350  1350  1350  1350  1350
  1350  1350  1350  1350  1350
   780   780   780   780   780
  1350  1350  1350  1350  1350
/*  @.C..UG */
  1350  1350  1350  1350  1350
  1350  1350  1350  1350  1350
  1350  1350  1350  1350  1350
  1350  1350  1350  1350  1350
  1350  1350  1350  1350  1350
/*  @.G..UG */
  1350   780  1350   780  1350
   780   780   780   780   780
  1350   780  1350   780  1350
   780   780   780   780   780
  1350   780  1350   780  1350
/*  @.U..UG */
  1350  1350  1350  1350   340
  1350  1350  1350  1350   340
  1350  1350  1350  1350   340
  1350  1350  1350  1350   340
   340   340   340   340   340
/*  @.@..AU */
  1350  1350  1350  1350  1350
  1350  1350  1350  1350  1350
  1350  1350  1350  1350  1350
  1350  1350  1350  1350  1350
  1350  1350  1350  1350  1350
/*  @.A..AU */
  1350  1350  1350  1350  1350
  1350  1350  1350  1350  1350
  1350  1350  1350  1350  1350
   780   780   780   780   780
  1350  1350  1350  1350  1350
/*  @.C..AU */
  1350  1350  1350  1350  1350
  1350  1350  1350  1350  1350
  1350  1350  1350  1350  1350
  1350  1350  1350  1350  1350
  1350  1350  1350  1350  1350
/*  @.G..AU */
  1350   780  1350   780  1350
  1350   780  1350   780  1350
  1350   780  1350   780  1350
   780   780   780   780   780
  1350   780  1350   780  1350
/*  @.U..AU */
  1350  1350  1350  1350   340
  1350  1350  1350  1350   340
  1350  1350  1350  1350   340
  1350  1350  1350  1350   340
   340   340   340   340   340
/*  @.@..UA */
  1350  1350  1350  1350  1350
  1350  1350  1350  1350  1350
  1350  1350  1350  1350  1350
  1350  1350  1350  1350  1350
  1350  1350  1350  1350  1350
/*  @.A..UA */
  1350  1350  1350  1350  1350
  1350  1350  1350  1350  1350
  1350  1350  1350  1350  1350
   780   780   780   780   780
  1350  1350  1350  1350  1350
/*  @.C..UA */
  1350  1350  1350  1350  1350
  1350  1350  1350  1350  1350
  1350  1350  1350  1350  1350
  1350  1350  1350  1350  1350
  1350  1350  1350  1350  1350
/*  @.G..UA */
  1350   780  1350   780  1350
   780   780   780   780   780
  1350   780  1350   780  1350
   780   780   780   780   780
  1350   780  1350   780  1350
/*  @.U..UA */
  1350  1350  1350  1350   340
  1350  1350  1350  1350   340
  1350  1350  1350  1350   340
  1350  1350  1350  1350   340
   340   340   340   340   340
/*  @.@.. @ */
  1350  1350  1350  1350  1350
  1350  1350  1350  1350  1350
  1350  1350  1350  1350  1350
  1350  1350  1350  1350  1350
  1350  1350  1350  1350  1350
/*  @.A.. @ */
  1350  1350  1350  1350  1350
  1350  1350  1350  1350  1350
  1350  1350  1350  1350  1350
   780   780   780   780   780
  1350  1350  1350  1350  1350
/*  @.C.. @ */
  1350  1350  1350  1350  1350
  1350  1350  1350  1350  1350
  1350  1350  1350  1350  1350
  1350  1350  1350  1350  1350
  1350  1350  1350  1350  1350
/*  @.G.. @ */
  1350   780  1350   780  1350
  1350   780  1350   780  1350
  1350   780  1350   780  1350
   780   780   780   780   780
  1350   780  1350   780  1350
/*  @.U.. @ */
  1350  1350  1350  1350   340
  1350  1350  1350  1350   340
  1350  1350  1350  1350   340
  1350  1350  1350  1350   340
   340   340   340   340   340

# int22
/* CG.AA..CG */
   120   160    20   160
   110   150    20   150
    20    60   -70    60
   110   150    20   150
/* CG.AC..CG */
   160   200    60   200
   140   180   110   180
   160   200    60   200
   130   170    90   170
/* CG.AG..CG */
    20    60   -70    60
   110   150    20   150
   -30    10     0    10
   110   150    20   150
/* CG.AU..CG */
   160   200    60   200
   130   170    90   170
   160   200    60   200
   100    80   DEF    80
/* CG.CA..CG */
   110   140   110   130
   110   140   110   120
    20   110    20    90
   110   140   110   120
/* CG.CC..CG */
   150   180   150   170
   140   170   140   150
   150   180   150   170
   120   150   120   140
/* CG.CG..CG */
    20   110    20    90
   110   140   110   120
   -40   -10   -40   -20
   110   140   110   120
/* CG.CU..CG */
   150   180   150   170
   120   150   120   140
   150   180   150   170
    30    60    30    50
/* CG.GA..CG */
    20   160   -30   160
    20   150   -40   150
   -70    60     0    60
    20   150   -40   150
/* CG.GC..CG */
    60   200    10   200
   110   180   -10   180
    60   200    10   200
    90   170   -20   170
/* CG.GG..CG */
   -70    60     0    60
    20   150   -40   150
     0    10    80    10
    20   150   -40   150
/* CG.GU..CG */
    60   200    10   200
    90   170   -20   170
    60   200    10   200
   DEF    80    20    80
/* CG.UA..CG */
   110   130   110   100
   110   120   110    30
    20    90    20   DEF
   110   120   110    30
/* CG.UC..CG */
   150   170   150    80
   140   150   140    60
   150   170   150    80
   120   140   120    50
/* CG.UG..CG */
    20    90    20   DEF
   110   120   110    30
   -40   -20   -40    20
   110   120   110    30
/* CG.UU..CG */
   150   170   150    80
   120   140   120    50
   150   170   150    80
    30    50    30   -40
/* CG.AA..GC */
   130    60     0   170
   110   150   -70   150
   -30    10  -160   -30
   110   150    10   150
/* CG.AC..GC */
   100    50  -100   140
   110   150   -60   150
   100   140    10   140
   110   150    70   150
/* CG.AG..GC */
    40    30   -70    30
   110   150    10   150
   -30   -30     0    10
   110   150    10   150
/* CG.AU..GC */
   100   140    10   140
   110   150    80   150
   100   140    10   140
   150     0    90    70
/* CG.CA..GC */
   130   220   130   140
   100   130   100   120
   -70    70   -70     0
   100   130   100   120
/* CG.CC..GC */
   110   190   100   110
   100   130   100   120
   100   130   100   110
   100   130   100   170
/* CG.CG..GC */
    70    70   -10    60
   100   130   100   120
   -40   -10   -40    20
   100   130   100   120
/* CG.CU..GC */
   100   130   100   110
   110   140   110   120
   100   130   100   110
   -20   -10    30    20
/* CG.GA..GC */
   -20   170   -10   170
   -40   150   -40   150
  -170   -30   -90   -30
    10   150   -40   150
/* CG.GC..GC */
    70   140   DEF   140
    70   150   -40   150
    10   140   DEF   140
    70   150    20   150
/* CG.GG..GC */
   DEF    30   -30    30
    10   150   -40   150
   -30    10    80    10
    10   150   -40   150
/* CG.GU..GC */
    10   140   DEF   140
    80   150   DEF   150
    10   140   DEF   140
    90    70   140    70
/* CG.UA..GC */
   130   140   130   140
   100   120   100    30
   -70     0   -70    50
   100   120   100    30
/* CG.UC..GC */
   100   110   100    30
   100   120   100    30
   100   110   100    20
   100   120   100    30
/* CG.UG..GC */
   -10    50   -10   140
   100   120   100    30
   -40   -60   -40    70
   100   120   100    30
/* CG.UU..GC */
   100   110   100    20
   110   120   110    30
   100   110   100    20
    30    40    30   -60
/* CG.AA..GU */
   270   300   170   300
   230   270   130   270
   150   190    50   190
   230   270   130   270
/* CG.AC..GU */
   230   270   130   270
   230   270   190   270
   230   270   130   270
   230   270   190   270
/* CG.AG..GU */
   190   230    90   230
   230   270   130   270
   100   140   130   140
   230   270   130   270
/* CG.AU..GU */
   230   270   130   270
   230   270   190   270
   230   270   130   270
   290   270   130   270
/* CG.CA..GU */
   260   290   260   270
   220   250   220   240
   140   230   140   220
   220   250   220   240
/* CG.CC..GU */
   220   250   220   240
   220   250   220   240
   220   250   220   240
   220   250   220   240
/* CG.CG..GU */
   180   270   180   260
   220   250   220   240
    90   120    90   110
   220   250   220   240
/* CG.CU..GU */
   220   250   220   240
   220   250   220   240
   220   250   220   240
   220   250   220   240
/* CG.GA..GU */
   170   300   110   300
   130   270    80   270
    50   190   130   190
   130   270    80   270
/* CG.GC..GU */
   130   270    80   270
   190   270    80   270
   130   270    80   270
   190   270    80   270
/* CG.GG..GU */
    90   230   170   230
   130   270    80   270
   130   140   210   140
   130   270    80   270
/* CG.GU..GU */
   130   270    80   270
   190   270    80   270
   130   270    80   270
   130   270   210   270
/* CG.UA..GU */
   260   270   260   240
   220   240   220   150
   140   220   140    70
   220   240   220   150
/* CG.UC..GU */
   220   240   220   150
   220   240   220   150
   220   240   220   150
   220   240   220   150
/* CG.UG..GU */
   180   260   180   110
   220   240   220   150
    90   110    90   150
   220   240   220   150
/* CG.UU..GU */
   220   240   220   150
   220   240   220   150
   220   240   220   150
   220   240   220   150
/* CG.AA..UG */
   160   200    70   200
   200   240   100   240
    60   100   -30   100
   200   240   100   240
/* CG.AC..UG */
   200   240   100   240
   200   240   160   240
   200   240   100   240
   200   240   160   240
/* CG.AG..UG */
   230   270   130   270
   200   240   100   240
    70   110   100   110
   200   240   100   240
/* CG.AU..UG */
   200   240   100   240
   200   240   160   240
   200   240   100   240
   260   240   100   240
/* CG.CA..UG */
   160   190   160   170
   190   220   190   210
    60   150    60   130
   190   220   190   210
/* CG.CC..UG */
   190   220   190   210
   190   220   190   210
   190   220   190   210
   190   220   190   210
/* CG.CG..UG */
   220   310   220   300
   190   220   190   210
    60    90    60    80
   190   220   190   210
/* CG.CU..UG */
   190   220   190   210
   190   220   190   210
   190   220   190   210
   190   220   190   210
/* CG.GA..UG */
    70   200    10   200
   100   240    50   240
   -30   100    40   100
   100   240    50   240
/* CG.GC..UG */
   100   240    50   240
   160   240    50   240
   100   240    50   240
   160   240    50   240
/* CG.GG..UG */
   130   270   210   270
   100   240    50   240
   100   110   180   110
   100   240    50   240
/* CG.GU..UG */
   100   240    50   240
   160   240    50   240
   100   240    50   240
   100   240   180   240
/* CG.UA..UG */
   160   170   160   140
   190   210   190   120
    60   130    60   -10
   190   210   190   120
/* CG.UC..UG */
   190   210   190   120
   190   210   190   120
   190   210   190   120
   190   210   190   120
/* CG.UG..UG */
   220   300   220   150
   190   210   190   120
    60    80    60   120
   190   210   190   120
/* CG.UU..UG */
   190   210   190   120
   190   210   190   120
   190   210   190   120
   190   210   190   120
/* CG.AA..AU */
   200   240   100   240
   170   210    80   210
    70   110   -20   110
   170   210    80   210
/* CG.AC..AU */
   180   220    90   220
   180   220   140   220
   180   220    90   220
   180   220   140   220
/* CG.AG..AU */
   140   180    50   180
   170   210    80   210
    20    60    60    60
   170   210    80   210
/* CG.AU..AU */
   180   220    90   220
   180   220   140   220
   180   220    90   220
   150   130     0   130
/* CG.CA..AU */
   190   220   190   210
   170   200   170   180
    70   160    70   140
   170   200   170   180
/* CG.CC..AU */
   180   210   180   190
   170   200   170   190
   180   210   180   190
   170   200   170   190
/* CG.CG..AU */
   140   230   140   210
   170   200   170   180
    20    50    20    30
   170   200   170   180
/* CG.CU..AU */
   180   210   180   190
   170   200   170   190
   180   210   180   190
    80   110    80   100
/* CG.GA..AU */
   100   240    50   240
    80   210    20   210
   -20   110    50   110
    80   210    20   210
/* CG.GC..AU */
    90   220    30   220
   140   220    30   220
    90   220    30   220
   140   220    30   220
/* CG.GG..AU */
    50   180   120   180
    80   210    20   210
    60    60   130    60
    80   210    20   210
/* CG.GU..AU */
    90   220    30   220
   140   220    30   220
    90   220    30   220
     0   130    70   130
/* CG.UA..AU */
   190   210   190   180
   170   180   170    90
    70   140    70     0
   170   180   170    90
/* CG.UC..AU */
   180   190   180   100
   170   190   170   100
   180   190   180   100
   170   190   170   100
/* CG.UG..AU */
   140   210   140    60
   170   180   170    90
    20    30    20    70
   170   180   170    90
/* CG.UU..AU */
   180   190   180   100
   170   190   170   100
   180   190   180   100
    80   100    80    10
/* CG.AA..UA */
   200   240   100   240
   150   190    60   190
    90   130     0   130
   150   190    60   190
/* CG.AC..UA */
   200   240   100   240
   200   240   160   240
   200   240   100   240
   200   240   160   240
/* CG.AG..UA */
   100   140    10   140
   150   190    60   190
    40    80    80    80
   150   190    60   190
/* CG.AU..UA */
   200   240   100   240
   170   210   130   210
   200   240   100   240
   170   150    20   150
/* CG.CA..UA */
   190   220   190   210
   150   180   150   160
    90   180    90   160
   150   180   150   160
/* CG.CC..UA */
   190   220   190   210
   190   220   190   210
   190   220   190   210
   190   220   190   210
/* CG.CG..UA */
   100   190   100   170
   150   180   150   160
    40    70    40    50
   150   180   150   160
/* CG.CU..UA */
   190   220   190   210
   160   190   160   180
   190   220   190   210
   110   140   110   120
/* CG.GA..UA */
   100   240    50   240
    60   190     0   190
     0   130    70   130
    60   190     0   190
/* CG.GC..UA */
   100   240    50   240
   160   240    50   240
   100   240    50   240
   160   240    50   240
/* CG.GG..UA */
    10   140    80   140
    60   190     0   190
    80    80   150    80
    60   190     0   190
/* CG.GU..UA */
   100   240    50   240
   130   210    20   210
   100   240    50   240
    20   150    90   150
/* CG.UA..UA */
   190   210   190   180
   150   160   150    70
    90   160    90    10
   150   160   150    70
/* CG.UC..UA */
   190   210   190   120
   190   210   190   120
   190   210   190   120
   190   210   190   120
/* CG.UG..UA */
   100   170   100    20
   150   160   150    70
    40    50    40    90
   150   160   150    70
/* CG.UU..UA */
   190   210   190   120
   160   180   160    90
   190   210   190   120
   110   120   110    30
/* GC.AA..CG */
   130   100    40   100
   130   110    70   100
   -20    70   DEF    10
   130   100   -10   100
/* GC.AC..CG */
    60    50    30   140
   220   190    70   130
   170   140    30   140
   140   110    50   110
/* GC.AG..CG */
     0  -100   -70    10
   130   100   -10   100
   -10   DEF   -30   DEF
   130   100   -10   100
/* GC.AU..CG */
   170   140    30   140
   140   110    60   110
   170   140    30   140
   140    30   140    20
/* GC.CA..CG */
   110   110   110   110
   100   100   100   110
   -40    70    10    80
   100   100   100   110
/* GC.CC..CG */
   150   150   150   150
   130   130   130   140
   150   150   150   150
   120   120   120   120
/* GC.CG..CG */
   -70   -60    10    80
   100   100   100   110
   -40   -40   -40   DEF
   100   100   100   110
/* GC.CU..CG */
   150   150   150   150
   120   120   120   120
   150   150   150   150
    30    30    30    30
/* GC.GA..CG */
   -30   100   -30   100
   -70   100   -40   100
  -170    10   -30    10
   -70   100   -40   100
/* GC.GC..CG */
    10   140   -30   140
    70   130   -10   130
   -30   140    10   140
     0   110   -60   110
/* GC.GG..CG */
  -160    10     0    10
   -70   100   -40   100
   -90   DEF    80   DEF
   -70   100   -40   100
/* GC.GU..CG */
   -30   140    10   140
     0   110    20   110
   -30   140    10   140
    50    20    70    20
/* GC.UA..CG */
   110   110   110   150
   100   100   100   -20
    10    70    10    90
   100   100   100    30
/* GC.UC..CG */
   150   150   150     0
   130   130   130   -10
   150   150   150    70
   120   120   120    40
/* GC.UG..CG */
    10    70    10    90
   100   100   100    30
   -40    20   -40   140
   100   100   100    30
/* GC.UU..CG */
   150   150   150    70
   120   170   120    20
   150   150   150    70
    30    30    30   -60
/* GC.AA..GC */
   150   120    10   120
   120    90   -10    90
   DEF   -80  -190   -80
   120    90   -10    90
/* GC.AC..GC */
   120    90   -20    90
   120    90    50    90
   120    90   -20    90
   120    90    50    90
/* GC.AG..GC */
    10   -20  -130   -20
   120    90   -10    90
   -20   DEF   -20   DEF
   120    90   -10    90
/* GC.AU..GC */
   120    90   -20    90
   130   100    50   100
   120    90   -20    90
   110    20   -90    20
/* GC.CA..GC */
   120   120   120   130
   100   100   100   100
   -80   -20   -80   -10
   100   100   100   100
/* GC.CC..GC */
    90    90    90   100
   100   100   100   100
    90    90    90   100
   100   100   100   100
/* GC.CG..GC */
   -10    50   -10    50
   100   100   100   100
   -40   -40   -40   -40
   100   100   100   100
/* GC.CU..GC */
    90    90    90   100
   100   100   100   110
    90    90    90   100
    20    20    20    30
/* GC.GA..GC */
   DEF   120   -20   120
   -80    90   -40    90
  -260   -80   -90   -80
   -80    90   -40    90
/* GC.GC..GC */
   -80    90   DEF    90
   -20    90   -40    90
   -80    90   DEF    90
   -20    90   -40    90
/* GC.GG..GC */
  -190   -20   -20   -20
   -80    90   -40    90
   -90   DEF    80   DEF
   -80    90   -40    90
/* GC.GU..GC */
   -80    90   DEF    90
   -10   100   -40   100
   -80    90   DEF    90
  -150    20    10    20
/* GC.UA..GC */
   120   120   120   110
   100   100   100    20
   -80   -20   -80  -150
   100   100   100    20
/* GC.UC..GC */
    90    90    90    20
   100   100   100    20
    90    90    90    20
   100   100   100    20
/* GC.UG..GC */
   -10    50   -10   -90
   100   100   100    20
   -40   -40   -40    10
   100   100   100    20
/* GC.UU..GC */
    90    90    90    20
   100   100   100    30
    90    90    90    20
    20    20    20   DEF
/* GC.AA..GU */
   280   250   140   250
   240   210   100   210
   160   130    20   130
   240   210   100   210
/* GC.AC..GU */
   240   210   100   210
   240   210   160   210
   240   210   100   210
   240   210   160   210
/* GC.AG..GU */
   200   170    60   170
   240   210   100   210
   110    80   100    80
   240   210   100   210
/* GC.AU..GU */
   240   210   100   210
   240   210   160   210
   240   210   100   210
   300   210   100   210
/* GC.CA..GU */
   250   250   250   260
   220   220   220   220
   140   200   140   200
   220   220   220   220
/* GC.CC..GU */
   220   220   220   220
   220   220   220   220
   220   220   220   220
   220   220   220   220
/* GC.CG..GU */
   180   240   180   240
   220   220   220   220
    90    90    90    90
   220   220   220   220
/* GC.CU..GU */
   220   220   220   220
   220   220   220   220
   220   220   220   220
   220   220   220   220
/* GC.GA..GU */
    70   250   110   250
    40   210    80   210
   -40   130   130   130
    40   210    80   210
/* GC.GC..GU */
    40   210    80   210
   100   210    80   210
    40   210    80   210
   100   210    80   210
/* GC.GG..GU */
     0   170   170   170
    40   210    80   210
    40    80   210    80
    40   210    80   210
/* GC.GU..GU */
    40   210    80   210
   100   210    80   210
    40   210    80   210
    40   210   210   210
/* GC.UA..GU */
   250   250   250   240
   220   220   220   140
   140   200   140    60
   220   220   220   140
/* GC.UC..GU */
   220   220   220   140
   220   220   220   140
   220   220   220   140
   220   220   220   140
/* GC.UG..GU */
   180   240   180   100
   220   220   220   140
    90    90    90   140
   220   220   220   140
/* GC.UU..GU */
   220   220   220   140
   220   220   220   140
   220   220   220   140
   220   220   220   140
/* GC.AA..UG */
   190   150    40   150
   210   180    70   180
    80    50   -60    50
   210   180    70   180
/* GC.AC..UG */
   210   180    70   180
   210   180   130   180
   210   180    70   180
   210   180   130   180
/* GC.AG..UG */
   240   210   100   210
   210   180    70   180
    80    50    70    50
   210   180    70   180
/* GC.AU..UG */
   210   180    70   180
   210   180   130   180
   210   180    70   180
   270   180    70   180
/* GC.CA..UG */
   150   150   150   160
   190   190   190   190
    50   110    50   120
   190   190   190   190
/* GC.CC..UG */
   190   190   190   190
   190   190   190   190
   190   190   190   190
   190   190   190   190
/* GC.CG..UG */
   220   280   220   280
   190   190   190   190
    60    60    60    60
   190   190   190   190
/* GC.CU..UG */
   190   190   190   190
   190   190   190   190
   190   190   190   190
   190   190   190   190
/* GC.GA..UG */
   -20   150    10   150
    10   180    50   180
  -120    50    40    50
    10   180    50   180
/* GC.GC..UG */
    10   180    50   180
    70   180    50   180
    10   180    50   180
    70   180    50   180
/* GC.GG..UG */
    40   210   210   210
    10   180    50   180
    10    50   180    50
    10   180    50   180
/* GC.GU..UG */
    10   180    50   180
    70   180    50   180
    10   180    50   180
    10   180   180   180
/* GC.UA..UG */
   150   150   150   140
   190   190   190   110
    50   110    50   -20
   190   190   190   110
/* GC.UC..UG */
   190   190   190   110
   190   190   190   110
   190   190   190   110
   190   190   190   110
/* GC.UG..UG */
   220   280   220   140
   190   190   190   110
    60    60    60   110
   190   190   190   110
/* GC.UU..UG */
   190   190   190   110
   190   190   190   110
   190   190   190   110
   190   190   190   110
/* GC.AA..AU */
   210   180    70   180
   190   160    50   160
    90    60   DEF    60
   190   160    50   160
/* GC.AC..AU */
   200   170    60   170
   190   160   110   160
   200   170    60   170
   190   160   110   160
/* GC.AG..AU */
   160   130    20   130
   190   160    50   160
    40    10    30    10
   190   160    50   160
/* GC.AU..AU */
   200   170    60   170
   190   160   110   160
   200   170    60   170
   160    70   -30    70
/* GC.CA..AU */
   190   190   190   190
   160   160   160   170
    60   120    60   130
   160   160   160   170
/* GC.CC..AU */
   170   170   170   180
   170   170   170   170
   170   170   170   180
   170   170   170   170
/* GC.CG..AU */
   130   190   130   200
   160   160   160   170
    10    10    10    20
   160   160   160   170
/* GC.CU..AU */
   170   170   170   180
   170   170   170   170
   170   170   170   180
    80    80    80    80
/* GC.GA..AU */
    10   180    50   180
   -10   160    20   160
  -110    60    50    60
   -10   160    20   160
/* GC.GC..AU */
     0   170    30   170
    50   160    30   160
     0   170    30   170
    50   160    30   160
/* GC.GG..AU */
   -40   130   120   130
   -10   160    20   160
   -30    10   130    10
   -10   160    20   160
/* GC.GU..AU */
     0   170    30   170
    50   160    30   160
     0   170    30   170
  -100    70    70    70
/* GC.UA..AU */
   190   190   190   170
   160   160   160    90
    60   120    60   -10
   160   160   160    90
/* GC.UC..AU */
   170   170   170   100
   170   170   170    90
   170   170   170   100
   170   170   170    90
/* GC.UG..AU */
   130   190   130    60
   160   160   160    90
    10    10    10    70
   160   160   160    90
/* GC.UU..AU */
   170   170   170   100
   170   170   170    90
   170   170   170   100
    80    80    80     0
/* GC.AA..UA */
   210   180    70   180
   170   140    30   140
   110    80   -30    80
   170   140    30   140
/* GC.AC..UA */
   210   180    70   180
   210   180   130   180
   210   180    70   180
   210   180   130   180
/* GC.AG..UA */
   120    90   -20    90
   170   140    30   140
    60    30    50    30
   170   140    30   140
/* GC.AU..UA */
   210   180    70   180
   180   150   100   150
   210   180    70   180
   190   100   -10   100
/* GC.CA..UA */
   190   190   190   190
   140   140   140   150
    80   140    80   150
   140   140   140   150
/* GC.CC..UA */
   190   190   190   190
   190   190   190   190
   190   190   190   190
   190   190   190   190
/* GC.CG..UA */
    90   150    90   160
   140   140   140   150
    30    30    30    40
   140   140   140   150
/* GC.CU..UA */
   190   190   190   190
   160   160   160   160
   190   190   190   190
   100   100   100   110
/* GC.GA..UA */
    10   180    50   180
   -30   140     0   140
   -90    80    70    80
   -30   140     0   140
/* GC.GC..UA */
    10   180    50   180
    70   180    50   180
    10   180    50   180
    70   180    50   180
/* GC.GG..UA */
   -80    90    80    90
   -30   140     0   140
   -10    30   150    30
   -30   140     0   140
/* GC.GU..UA */
    10   180    50   180
    40   150    20   150
    10   180    50   180
   -70   100    90   100
/* GC.UA..UA */
   190   190   190   170
   140   140   140    70
    80   140    80    10
   140   140   140    70
/* GC.UC..UA */
   190   190   190   110
   190   190   190   110
   190   190   190   110
   190   190   190   110
/* GC.UG..UA */
    90   150    90    20
   140   140   140    70
    30    30    30    90
   140   140   140    70
/* GC.UU..UA */
   190   190   190   110
   160   160   160    80
   190   190   190   110
   100   100   100    30
/* GU.AA..CG */
   270   230   190   230
   260   220   180   220
   170   130    90   130
   260   220   180   220
/* GU.AC..CG */
   300   270   230   270
   290   250   270   250
   300   270   230   270
   270   240   260   240
/* GU.AG..CG */
   170   130    90   130
   260   220   180   220
   110    80   170    80
   260   220   180   220
/* GU.AU..CG */
   300   270   230   270
   270   240   260   240
   300   270   230   270
   240   150   110   150
/* GU.CA..CG */
   230   230   230   230
   220   220   220   220
   130   190   130   190
   220   220   220   220
/* GU.CC..CG */
   270   270   270   270
   250   250   250   250
   270   270   270   270
   240   240   240   240
/* GU.CG..CG */
   130   190   130   190
   220   220   220   220
    80    80    80    80
   220   220   220   220
/* GU.CU..CG */
   270   270   270   270
   240   240   240   240
   270   270   270   270
   150   150   150   150
/* GU.GA..CG */
   150   230   100   230
   140   220    90   220
    50   130   130   130
   140   220    90   220
/* GU.GC..CG */
   190   270   140   270
   230   250   120   250
   190   270   140   270
   220   240   110   240
/* GU.GG..CG */
    50   130   130   130
   140   220    90   220
   130    80   210    80
   140   220    90   220
/* GU.GU..CG */
   190   270   140   270
   220   240   110   240
   190   270   140   270
    70   150   150   150
/* GU.UA..CG */
   230   230   230   290
   220   220   220   220
   130   190   130   130
   220   220   220   220
/* GU.UC..CG */
   270   270   270   270
   250   250   250   250
   270   270   270   270
   240   240   240   240
/* GU.UG..CG */
   130   190   130   130
   220   220   220   220
    80    80    80   210
   220   220   220   220
/* GU.UU..CG */
   270   270   270   270
   240   240   240   240
   270   270   270   270
   150   150   150   150
/* GU.AA..GC */
   280   240   200   240
   250   220   180   220
    70    40     0    40
   250   220   180   220
/* GU.AC..GC */
   250   210   170   210
   250   220   240   220
   250   210   170   210
   250   220   240   220
/* GU.AG..GC */
   140   100    60   100
   250   220   180   220
   110    80   170    80
   250   220   180   220
/* GU.AU..GC */
   250   210   170   210
   260   220   240   220
   250   210   170   210
   240   140   100   140
/* GU.CA..GC */
   240   240   240   240
   220   220   220   220
    40   100    40   100
   220   220   220   220
/* GU.CC..GC */
   210   210   210   210
   220   220   220   220
   210   210   210   210
   220   220   220   220
/* GU.CG..GC */
   100   160   100   160
   220   220   220   220
    80    80    80    80
   220   220   220   220
/* GU.CU..GC */
   210   210   210   210
   220   220   220   220
   210   210   210   210
   140   140   140   140
/* GU.GA..GC */
   160   240   110   240
   140   220    90   220
   -40    40    40    40
   140   220    90   220
/* GU.GC..GC */
   130   210    80   210
   200   220    90   220
   130   210    80   210
   200   220    90   220
/* GU.GG..GC */
    20   100   100   100
   140   220    90   220
   130    80   210    80
   140   220    90   220
/* GU.GU..GC */
   130   210    80   210
   200   220    90   220
   130   210    80   210
    60   140   140   140
/* GU.UA..GC */
   240   240   240   300
   220   220   220   220
    40   100    40    40
   220   220   220   220
/* GU.UC..GC */
   210   210   210   210
   220   220   220   220
   210   210   210   210
   220   220   220   220
/* GU.UG..GC */
   100   160   100   100
   220   220   220   220
    80    80    80   210
   220   220   220   220
/* GU.UU..GC */
   210   210   210   210
   220   220   220   220
   210   210   210   210
   140   140   140   140
/* GU.AA..GU */
   410   370   330   370
   370   340   300   340
   290   260   220   260
   370   340   300   340
/* GU.AC..GU */
   370   340   300   340
   370   340   360   340
   370   340   300   340
   370   340   360   340
/* GU.AG..GU */
   330   300   260   300
   370   340   300   340
   240   210   300   210
   370   340   300   340
/* GU.AU..GU */
   370   340   300   340
   370   340   360   340
   370   340   300   340
   430   340   300   340
/* GU.CA..GU */
   370   370   370   370
   340   340   340   340
   260   320   260   320
   340   340   340   340
/* GU.CC..GU */
   340   340   340   340
   340   340   340   340
   340   340   340   340
   340   340   340   340
/* GU.CG..GU */
   300   360   300   360
   340   340   340   340
   210   210   210   210
   340   340   340   340
/* GU.CU..GU */
   340   340   340   340
   340   340   340   340
   340   340   340   340
   340   340   340   340
/* GU.GA..GU */
   290   370   240   370
   260   340   210   340
   180   260   260   260
   260   340   210   340
/* GU.GC..GU */
   260   340   210   340
   320   340   210   340
   260   340   210   340
   320   340   210   340
/* GU.GG..GU */
   220   300   300   300
   260   340   210   340
   260   210   340   210
   260   340   210   340
/* GU.GU..GU */
   260   340   210   340
   320   340   210   340
   260   340   210   340
   260   340   340   340
/* GU.UA..GU */
   370   370   370   430
   340   340   340   340
   260   320   260   260
   340   340   340   340
/* GU.UC..GU */
   340   340   340   340
   340   340   340   340
   340   340   340   340
   340   340   340   340
/* GU.UG..GU */
   300   360   300   300
   340   340   340   340
   210   210   210   340
   340   340   340   340
/* GU.UU..GU */
   340   340   340   340
   340   340   340   340
   340   340   340   340
   340   340   340   340
/* GU.AA..UG */
   360   270   360   270
   340   310   270   310
   220   170   130   170
   340   310   270   310
/* GU.AC..UG */
   340   310   270   310
   340   310   330   310
   340   310   270   310
   340   310   330   310
/* GU.AG..UG */
   370   340   300   340
   340   310   270   310
   210   180   270   180
   340   310   270   310
/* GU.AU..UG */
   340   310   270   310
   340   310   330   310
   340   310   270   310
   400   310   270   310
/* GU.CA..UG */
   270   270   270   270
   310   310   310   310
   170   230   170   230
   310   310   310   310
/* GU.CC..UG */
   310   310   310   310
   310   310   310   310
   310   310   310   310
   310   310   310   310
/* GU.CG..UG */
   340   400   340   400
   310   310   310   310
   180   180   180   180
   310   310   310   310
/* GU.CU..UG */
   310   310   310   310
   310   310   310   310
   310   310   310   310
   310   310   310   310
/* GU.GA..UG */
   190   270   140   270
   230   310   180   310
    20   170   170   170
   230   310   180   310
/* GU.GC..UG */
   230   310   180   310
   290   310   180   310
   230   310   180   310
   290   310   180   310
/* GU.GG..UG */
   260   340   340   340
   230   310   180   310
   230   180   310   180
   230   310   180   310
/* GU.GU..UG */
   230   310   180   310
   290   310   180   310
   230   310   180   310
   230   310   310   310
/* GU.UA..UG */
   270   270   270   330
   310   310   310   310
   170   230   170   170
   310   310   310   310
/* GU.UC..UG */
   310   310   310   310
   310   310   310   310
   310   310   310   310
   310   310   310   310
/* GU.UG..UG */
   340   400   340   340
   310   310   310   310
   180   180   180   310
   310   310   310   310
/* GU.UU..UG */
   310   310   310   310
   310   310   310   310
   310   310   310   310
   310   310   310   310
/* GU.AA..AU */
   340   310   270   310
   320   280   240   280
   220   180   140   180
   320   280   240   280
/* GU.AC..AU */
   330   290   250   290
   320   290   310   290
   330   290   250   290
   320   290   310   290
/* GU.AG..AU */
   290   250   210   250
   320   280   240   280
   170   130   220   130
   320   280   240   280
/* GU.AU..AU */
   330   290   250   290
   320   290   310   290
   330   290   250   290
   290   200   160   200
/* GU.CA..AU */
   310   310   310   310
   280   280   280   280
   180   240   180   240
   280   280   280   280
/* GU.CC..AU */
   290   290   290   290
   290   290   290   290
   290   290   290   290
   290   290   290   290
/* GU.CG..AU */
   250   310   250   310
   280   280   280   280
   130   130   130   130
   280   280   280   280
/* GU.CU..AU */
   290   290   290   290
   290   290   290   290
   290   290   290   290
   200   200   200   200
/* GU.GA..AU */
   230   310   180   310
   200   280   150   280
   100   180   180   180
   200   280   150   280
/* GU.GC..AU */
   210   290   160   290
   270   290   160   290
   210   290   160   290
   270   290   160   290
/* GU.GG..AU */
   170   250   250   250
   200   280   150   280
   180   130   260   130
   200   280   150   280
/* GU.GU..AU */
   210   290   160   290
   270   290   160   290
   210   290   160   290
   120   200   200   200
/* GU.UA..AU */
   310   310   310   370
   280   280   280   280
   180   240   180   180
   280   280   280   280
/* GU.UC..AU */
   290   290   290   290
   290   290   290   290
   290   290   290   290
   290   290   290   290
/* GU.UG..AU */
   250   310   250   250
   280   280   280   280
   130   130   130   260
   280   280   280   280
/* GU.UU..AU */
   290   290   290   290
   290   290   290   290
   290   290   290   290
   200   200   200   200
/* GU.AA..UA */
   340   310   270   310
   300   260   220   260
   240   200   160   200
   300   260   220   260
/* GU.AC..UA */
   340   310   270   310
   340   310   330   310
   340   310   270   310
   340   310   330   310
/* GU.AG..UA */
   250   210   170   210
   300   260   220   260
   190   150   240   150
   300   260   220   260
/* GU.AU..UA */
   340   310   270   310
   310   280   300   280
   340   310   270   310
   320   220   180   220
/* GU.CA..UA */
   310   310   310   310
   260   260   260   260
   200   260   200   260
   260   260   260   260
/* GU.CC..UA */
   310   310   310   310
   310   310   310   310
   310   310   310   310
   310   310   310   310
/* GU.CG..UA */
   210   270   210   270
   260   260   260   260
   150   150   150   150
   260   260   260   260
/* GU.CU..UA */
   310   310   310   310
   280   280   280   280
   310   310   310   310
   220   220   220   220
/* GU.GA..UA */
   230   310   180   310
   180   260   130   260
   120   200   200   200
   180   260   130   260
/* GU.GC..UA */
   230   310   180   310
   290   310   180   310
   230   310   180   310
   290   310   180   310
/* GU.GG..UA */
   130   210   210   210
   180   260   130   260
   200   150   280   150
   180   260   130   260
/* GU.GU..UA */
   230   310   180   310
   260   280   150   280
   230   310   180   310
   140   220   220   220
/* GU.UA..UA */
   310   310   310   370
   260   260   260   260
   200   260   200   200
   260   260   260   260
/* GU.UC..UA */
   310   310   310   310
   310   310   310   310
   310   310   310   310
   310   310   310   310
/* GU.UG..UA */
   210   270   210   210
   260   260   260   260
   150   150   150   280
   260   260   260   260
/* GU.UU..UA */
   310   310   310   310
   280   280   280   280
   310   310   310   310
   220   220   220   220
/* UG.AA..CG */
   160   200   230   200
   160   190   220   190
    70   100   130   100
   160   190   220   190
/* UG.AC..CG */
   200   240   270   240
   190   220   310   220
   200   240   270   240
   170   210   300   210
/* UG.AG..CG */
    70   100   130   100
   160   190   220   190
    10    50   210    50
   160   190   220   190
/* UG.AU..CG */
   200   240   270   240
   170   210   300   210
   200   240   270   240
   140   120   150   120
/* UG.CA..CG */
   200   200   200   200
   190   190   190   190
   100   160   100   160
   190   190   190   190
/* UG.CC..CG */
   240   240   240   240
   220   220   220   220
   240   240   240   240
   210   210   210   210
/* UG.CG..CG */
   100   160   100   160
   190   190   190   190
    50    50    50    50
   190   190   190   190
/* UG.CU..CG */
   240   240   240   240
   210   210   210   210
   240   240   240   240
   120   120   120   120
/* UG.GA..CG */
    60   200    70   200
    60   190    60   190
   -30   100   100   100
    60   190    60   190
/* UG.GC..CG */
   100   240   110   240
   150   220    90   220
   100   240   110   240
   130   210    80   210
/* UG.GG..CG */
   -30   100   100   100
    60   190    60   190
    40    50   180    50
    60   190    60   190
/* UG.GU..CG */
   100   240   110   240
   130   210    80   210
   100   240   110   240
   -10   120   120   120
/* UG.UA..CG */
   200   200   200   260
   190   190   190   190
   100   160   100   100
   190   190   190   190
/* UG.UC..CG */
   240   240   240   240
   220   220   220   220
   240   240   240   240
   210   210   210   210
/* UG.UG..CG */
   100   160   100   100
   190   190   190   190
    50    50    50   180
   190   190   190   190
/* UG.UU..CG */
   240   240   240   240
   210   210   210   210
   240   240   240   240
   120   120   120   120
/* UG.AA..GC */
   190   210   240   210
   150   190   220   190
   -20    10    40    10
   150   190   220   190
/* UG.AC..GC */
   150   180   210   180
   150   190   280   190
   150   180   210   180
   150   190   280   190
/* UG.AG..GC */
    40    70   100    70
   150   190   220   190
    10    50   210    50
   150   190   220   190
/* UG.AU..GC */
   150   180   210   180
   160   190   280   190
   150   180   210   180
   140   110   140   110
/* UG.CA..GC */
   210   210   210   210
   190   190   190   190
    10    70    10    70
   190   190   190   190
/* UG.CC..GC */
   180   180   180   180
   190   190   190   190
   180   180   180   180
   190   190   190   190
/* UG.CG..GC */
    70   130    70   130
   190   190   190   190
    50    50    50    50
   190   190   190   190
/* UG.CU..GC */
   180   180   180   180
   190   190   190   190
   180   180   180   180
   110   110   110   110
/* UG.GA..GC */
    80   210    80   210
    50   190    60   190
  -120    10    10    10
    50   190    60   190
/* UG.GC..GC */
    50   180    50   180
   110   190    60   190
    50   180    50   180
   110   190    60   190
/* UG.GG..GC */
   -60    70    70    70
    50   190    60   190
    40    50   180    50
    50   190    60   190
/* UG.GU..GC */
    50   180    50   180
   120   190    60   190
    50   180    50   180
   -20   110   110   110
/* UG.UA..GC */
   210   210   210   270
   190   190   190   190
    10    70    10    10
   190   190   190   190
/* UG.UC..GC */
   180   180   180   180
   190   190   190   190
   180   180   180   180
   190   190   190   190
/* UG.UG..GC */
    70   130    70    70
   190   190   190   190
    50    50    50   180
   190   190   190   190
/* UG.UU..GC */
   180   180   180   180
   190   190   190   190
   180   180   180   180
   110   110   110   110
/* UG.AA..GU */
   360   340   370   340
   270   310   340   310
   190   230   260   230
   270   310   340   310
/* UG.AC..GU */
   270   310   340   310
   270   310   400   310
   270   310   340   310
   270   310   400   310
/* UG.AG..GU */
   360   270   300   270
   270   310   340   310
   140   180   340   180
   270   310   340   310
/* UG.AU..GU */
   270   310   340   310
   270   310   400   310
   270   310   340   310
   330   310   340   310
/* UG.CA..GU */
   340   340   340   340
   310   310   310   310
   230   290   230   290
   310   310   310   310
/* UG.CC..GU */
   310   310   310   310
   310   310   310   310
   310   310   310   310
   310   310   310   310
/* UG.CG..GU */
   270   330   270   330
   310   310   310   310
   180   180   180   180
   310   310   310   310
/* UG.CU..GU */
   310   310   310   310
   310   310   310   310
   310   310   310   310
   310   310   310   310
/* UG.GA..GU */
   220   340   210   340
   170   310   180   310
    20   230   230   230
   170   310   180   310
/* UG.GC..GU */
   170   310   180   310
   230   310   180   310
   170   310   180   310
   230   310   180   310
/* UG.GG..GU */
   130   270   270   270
   170   310   180   310
   170   180   310   180
   170   310   180   310
/* UG.GU..GU */
   170   310   180   310
   230   310   180   310
   170   310   180   310
   170   310   310   310
/* UG.UA..GU */
   340   340   340   400
   310   310   310   310
   230   290   230   230
   310   310   310   310
/* UG.UC..GU */
   310   310   310   310
   310   310   310   310
   310   310   310   310
   310   310   310   310
/* UG.UG..GU */
   270   330   270   270
   310   310   310   310
   180   180   180   310
   310   310   310   310
/* UG.UU..GU */
   310   310   310   310
   310   310   310   310
   310   310   310   310
   310   310   310   310
/* UG.AA..UG */
   210   240   270   240
   240   280   310   280
   110   140   170   140
   240   280   310   280
/* UG.AC..UG */
   240   280   310   280
   240   280   370   280
   240   280   310   280
   240   280   370   280
/* UG.AG..UG */
   270   310   340   310
   240   280   310   280
   110   150   310   150
   240   280   310   280
/* UG.AU..UG */
   240   280   310   280
   240   280   370   280
   240   280   310   280
   300   280   310   280
/* UG.CA..UG */
   240   240   240   240
   280   280   280   280
   140   200   140   200
   280   280   280   280
/* UG.CC..UG */
   280   280   280   280
   280   280   280   280
   280   280   280   280
   280   280   280   280
/* UG.CG..UG */
   310   370   310   370
   280   280   280   280
   150   150   150   150
   280   280   280   280
/* UG.CU..UG */
   280   280   280   280
   280   280   280   280
   280   280   280   280
   280   280   280   280
/* UG.GA..UG */
   110   240   110   240
   140   280   150   280
    10   140   140   140
   140   280   150   280
/* UG.GC..UG */
   140   280   150   280
   200   280   150   280
   140   280   150   280
   200   280   150   280
/* UG.GG..UG */
   170   310   310   310
   140   280   150   280
   140   150   280   150
   140   280   150   280
/* UG.GU..UG */
   140   280   150   280
   200   280   150   280
   140   280   150   280
   140   280   280   280
/* UG.UA..UG */
   240   240   240   300
   280   280   280   280
   140   200   140   140
   280   280   280   280
/* UG.UC..UG */
   280   280   280   280
   280   280   280   280
   280   280   280   280
   280   280   280   280
/* UG.UG..UG */
   310   370   310   310
   280   280   280   280
   150   150   150   280
   280   280   280   280
/* UG.UU..UG */
   280   280   280   280
   280   280   280   280
   280   280   280   280
   280   280   280   280
/* UG.AA..AU */
   240   280   310   280
   220   250   280   250
   120   150   180   150
   220   250   280   250
/* UG.AC..AU */
   230   260   290   260
   220   260   350   260
   230   260   290   260
   220   260   350   260
/* UG.AG..AU */
   190   220   250   220
   220   250   280   250
    70   100   260   100
   220   250   280   250
/* UG.AU..AU */
   230   260   290   260
   220   260   350   260
   230   260   290   260
   190   170   200   170
/* UG.CA..AU */
   280   280   280   280
   250   250   250   250
   150   210   150   210
   250   250   250   250
/* UG.CC..AU */
   260   260   260   260
   260   260   260   260
   260   260   260   260
   260   260   260   260
/* UG.CG..AU */
   220   280   220   280
   250   250   250   250
   100   100   100   100
   250   250   250   250
/* UG.CU..AU */
   260   260   260   260
   260   260   260   260
   260   260   260   260
   170   170   170   170
/* UG.GA..AU */
   140   280   150   280
   120   250   120   250
    20   150   150   150
   120   250   120   250
/* UG.GC..AU */
   130   260   130   260
   180   260   130   260
   130   260   130   260
   180   260   130   260
/* UG.GG..AU */
    90   220   220   220
   120   250   120   250
   100   100   230   100
   120   250   120   250
/* UG.GU..AU */
   130   260   130   260
   180   260   130   260
   130   260   130   260
    30   170   170   170
/* UG.UA..AU */
   280   280   280   340
   250   250   250   250
   150   210   150   150
   250   250   250   250
/* UG.UC..AU */
   260   260   260   260
   260   260   260   260
   260   260   260   260
   260   260   260   260
/* UG.UG..AU */
   220   280   220   220
   250   250   250   250
   100   100   100   230
   250   250   250   250
/* UG.UU..AU */
   260   260   260   260
   260   260   260   260
   260   260   260   260
   170   170   170   170
/* UG.AA..UA */
   240   280   310   280
   200   230   260   230
   140   170   200   170
   200   230   260   230
/* UG.AC..UA */
   240   280   310   280
   240   280   370   280
   240   280   310   280
   240   280   370   280
/* UG.AG..UA */
   150   180   210   180
   200   230   260   230
    90   120   280   120
   200   230   260   230
/* UG.AU..UA */
   240   280   310   280
   210   250   340   250
   240   280   310   280
   220   190   220   190
/* UG.CA..UA */
   280   280   280   280
   230   230   230   230
   170   230   170   230
   230   230   230   230
/* UG.CC..UA */
   280   280   280   280
   280   280   280   280
   280   280   280   280
   280   280   280   280
/* UG.CG..UA */
   180   240   180   240
   230   230   230   230
   120   120   120   120
   230   230   230   230
/* UG.CU..UA */
   280   280   280   280
   250   250   250   250
   280   280   280   280
   190   190   190   190
/* UG.GA..UA */
   140   280   150   280
   100   230   100   230
    40   170   170   170
   100   230   100   230
/* UG.GC..UA */
   140   280   150   280
   200   280   150   280
   140   280   150   280
   200   280   150   280
/* UG.GG..UA */
    50   180   180   180
   100   230   100   230
   120   120   250   120
   100   230   100   230
/* UG.GU..UA */
   140   280   150   280
   170   250   120   250
   140   280   150   280
    60   190   190   190
/* UG.UA..UA */
   280   280   280   340
   230   230   230   230
   170   230   170   170
   230   230   230   230
/* UG.UC..UA */
   280   280   280   280
   280   280   280   280
   280   280   280   280
   280   280   280   280
/* UG.UG..UA */
   180   240   180   180
   230   230   230   230
   120   120   120   250
   230   230   230   230
/* UG.UU..UA */
   280   280   280   280
   250   250   250   250
   280   280   280   280
   190   190   190   190
/* AU.AA..CG */
   200   180   140   180
   190   180   140   180
   100    90    50    90
   190   180   140   180
/* AU.AC..CG */
   240   220   180   220
   220   210   230   210
   240   220   180   220
   210   190   210   190
/* AU.AG..CG */
   100    90    50    90
   190   180   140   180
    50    30   120    30
   190   180   140   180
/* AU.AU..CG */
   240   220   180   220
   210   190   210   190
   240   220   180   220
   180   100    60   100
/* AU.CA..CG */
   170   180   170   180
   170   170   170   170
    80   140    80   140
   170   170   170   170
/* AU.CC..CG */
   210   220   210   220
   200   200   200   200
   210   220   210   220
   180   190   180   190
/* AU.CG..CG */
    80   140    80   140
   170   170   170   170
    20    30    20    30
   170   170   170   170
/* AU.CU..CG */
   210   220   210   220
   180   190   180   190
   210   220   210   220
    90   100    90   100
/* AU.GA..CG */
    70   180    20   180
    70   180    20   180
   -20    90    60    90
    70   180    20   180
/* AU.GC..CG */
   110   220    60   220
   160   210    50   210
   110   220    60   220
   140   190    30   190
/* AU.GG..CG */
   -20    90    60    90
    70   180    20   180
    50    30   130    30
    70   180    20   180
/* AU.GU..CG */
   110   220    60   220
   140   190    30   190
   110   220    60   220
     0   100    70   100
/* AU.UA..CG */
   170   180   170   150
   170   170   170    80
    80   140    80     0
   170   170   170    80
/* AU.UC..CG */
   210   220   210   130
   200   200   200   110
   210   220   210   130
   180   190   180   100
/* AU.UG..CG */
    80   140    80     0
   170   170   170    80
    20    30    20    70
   170   170   170    80
/* AU.UU..CG */
   210   220   210   130
   180   190   180   100
   210   220   210   130
    90   100    90    10
/* AU.AA..GC */
   210   200   160   200
   190   170   130   170
    10     0   -40     0
   190   170   130   170
/* AU.AC..GC */
   180   170   130   170
   190   170   190   170
   180   170   130   170
   190   170   190   170
/* AU.AG..GC */
    70    60    20    60
   190   170   130   170
    50    30   120    30
   190   170   130   170
/* AU.AU..GC */
   180   170   130   170
   190   180   200   180
   180   170   130   170
   170   100    60   100
/* AU.CA..GC */
   190   190   190   190
   160   170   160   170
   -10    50   -10    50
   160   170   160   170
/* AU.CC..GC */
   160   160   160   160
   160   170   160   170
   160   160   160   160
   160   170   160   170
/* AU.CG..GC */
    50   110    50   110
   160   170   160   170
    20    30    20    30
   160   170   160   170
/* AU.CU..GC */
   160   160   160   160
   170   170   170   170
   160   160   160   160
    90    90    90    90
/* AU.GA..GC */
    90   200    40   200
    60   170    10   170
  -110     0   -30     0
    60   170    10   170
/* AU.GC..GC */
    60   170    10   170
   120   170    10   170
    60   170    10   170
   120   170    10   170
/* AU.GG..GC */
   DEF    60    30    60
    60   170    10   170
    50    30   130    30
    60   170    10   170
/* AU.GU..GC */
    60   170    10   170
   130   180    20   180
    60   170    10   170
   -10   100    70   100
/* AU.UA..GC */
   190   190   190   160
   160   170   160    80
   -10    50   -10  -100
   160   170   160    80
/* AU.UC..GC */
   160   160   160    70
   160   170   160    80
   160   160   160    70
   160   170   160    80
/* AU.UG..GC */
    50   110    50   -30
   160   170   160    80
    20    30    20    70
   160   170   160    80
/* AU.UU..GC */
   160   160   160    70
   170   170   170    80
   160   160   160    70
    90    90    90     0
/* AU.AA..GU */
   340   330   290   330
   310   290   250   290
   230   210   170   210
   310   290   250   290
/* AU.AC..GU */
   310   290   250   290
   310   290   310   290
   310   290   250   290
   310   290   310   290
/* AU.AG..GU */
   270   250   210   250
   310   290   250   290
   180   160   250   160
   310   290   250   290
/* AU.AU..GU */
   310   290   250   290
   310   290   310   290
   310   290   250   290
   370   290   250   290
/* AU.CA..GU */
   320   320   320   320
   280   290   280   290
   200   270   200   270
   280   290   280   290
/* AU.CC..GU */
   280   290   280   290
   280   290   280   290
   280   290   280   290
   280   290   280   290
/* AU.CG..GU */
   240   310   240   310
   280   290   280   290
   150   160   150   160
   280   290   280   290
/* AU.CU..GU */
   280   290   280   290
   280   290   280   290
   280   290   280   290
   280   290   280   290
/* AU.GA..GU */
   220   330   170   330
   180   290   130   290
   100   210   180   210
   180   290   130   290
/* AU.GC..GU */
   180   290   130   290
   240   290   130   290
   180   290   130   290
   240   290   130   290
/* AU.GG..GU */
   140   250   220   250
   180   290   130   290
   180   160   260   160
   180   290   130   290
/* AU.GU..GU */
   180   290   130   290
   240   290   130   290
   180   290   130   290
   180   290   260   290
/* AU.UA..GU */
   320   320   320   290
   280   290   280   200
   200   270   200   120
   280   290   280   200
/* AU.UC..GU */
   280   290   280   200
   280   290   280   200
   280   290   280   200
   280   290   280   200
/* AU.UG..GU */
   240   310   240   160
   280   290   280   200
   150   160   150   200
   280   290   280   200
/* AU.UU..GU */
   280   290   280   200
   280   290   280   200
   280   290   280   200
   280   290   280   200
/* AU.AA..UG */
   240   230   190   230
   280   260   220   260
   140   130    90   130
   280   260   220   260
/* AU.AC..UG */
   280   260   220   260
   280   260   280   260
   280   260   220   260
   280   260   280   260
/* AU.AG..UG */
   310   290   250   290
   280   260   220   260
   150   130   220   130
   280   260   220   260
/* AU.AU..UG */
   280   260   220   260
   280   260   280   260
   280   260   220   260
   340   260   220   260
/* AU.CA..UG */
   220   220   220   220
   250   260   250   260
   120   180   120   180
   250   260   250   260
/* AU.CC..UG */
   250   260   250   260
   250   260   250   260
   250   260   250   260
   250   260   250   260
/* AU.CG..UG */
   280   350   280   350
   250   260   250   260
   120   130   120   130
   250   260   250   260
/* AU.CU..UG */
   250   260   250   260
   250   260   250   260
   250   260   250   260
   250   260   250   260
/* AU.GA..UG */
   120   230    70   230
   150   260   100   260
    20   130   100   130
   150   260   100   260
/* AU.GC..UG */
   150   260   100   260
   210   260   100   260
   150   260   100   260
   210   260   100   260
/* AU.GG..UG */
   180   290   260   290
   150   260   100   260
   150   130   230   130
   150   260   100   260
/* AU.GU..UG */
   150   260   100   260
   210   260   100   260
   150   260   100   260
   150   260   230   260
/* AU.UA..UG */
   220   220   220   190
   250   260   250   170
   120   180   120    30
   250   260   250   170
/* AU.UC..UG */
   250   260   250   170
   250   260   250   170
   250   260   250   170
   250   260   250   170
/* AU.UG..UG */
   280   350   280   200
   250   260   250   170
   120   130   120   170
   250   260   250   170
/* AU.UU..UG */
   250   260   250   170
   250   260   250   170
   250   260   250   170
   250   260   250   170
/* AU.AA..AU */
   280   260   220   260
   250   240   200   240
   150   140   100   140
   250   240   200   240
/* AU.AC..AU */
   260   250   210   250
   260   240   260   240
   260   250   210   250
   260   240   260   240
/* AU.AG..AU */
   220   210   170   210
   250   240   200   240
   100    90   180    90
   250   240   200   240
/* AU.AU..AU */
   260   250   210   250
   260   240   260   240
   260   250   210   250
   230   150   110   150
/* AU.CA..AU */
   250   260   250   260
   230   230   230   230
   130   190   130   190
   230   230   230   230
/* AU.CC..AU */
   240   240   240   240
   230   240   230   240
   240   240   240   240
   230   240   230   240
/* AU.CG..AU */
   200   260   200   260
   230   230   230   230
    80    80    80    80
   230   230   230   230
/* AU.CU..AU */
   240   240   240   240
   230   240   230   240
   240   240   240   240
   140   150   140   150
/* AU.GA..AU */
   150   260   100   260
   130   240    80   240
    30   140   110   140
   130   240    80   240
/* AU.GC..AU */
   140   250    90   250
   190   240    80   240
   140   250    90   250
   190   240    80   240
/* AU.GG..AU */
   100   210   180   210
   130   240    80   240
   110    90   190    90
   130   240    80   240
/* AU.GU..AU */
   140   250    90   250
   190   240    80   240
   140   250    90   250
    40   150   120   150
/* AU.UA..AU */
   250   260   250   230
   230   230   230   140
   130   190   130    40
   230   230   230   140
/* AU.UC..AU */
   240   240   240   150
   230   240   230   150
   240   240   240   150
   230   240   230   150
/* AU.UG..AU */
   200   260   200   110
   230   230   230   140
    80    80    80   120
   230   230   230   140
/* AU.UU..AU */
   240   240   240   150
   230   240   230   150
   240   240   240   150
   140   150   140    60
/* AU.AA..UA */
   280   260   220   260
   230   220   180   220
   170   160   120   160
   230   220   180   220
/* AU.AC..UA */
   280   260   220   260
   280   260   280   260
   280   260   220   260
   280   260   280   260
/* AU.AG..UA */
   180   170   130   170
   230   220   180   220
   120   110   200   110
   230   220   180   220
/* AU.AU..UA */
   280   260   220   260
   250   230   250   230
   280   260   220   260
   250   180   140   180
/* AU.CA..UA */
   250   260   250   260
   210   210   210   210
   150   210   150   210
   210   210   210   210
/* AU.CC..UA */
   250   260   250   260
   250   260   250   260
   250   260   250   260
   250   260   250   260
/* AU.CG..UA */
   160   220   160   220
   210   210   210   210
   100   100   100   100
   210   210   210   210
/* AU.CU..UA */
   250   260   250   260
   220   230   220   230
   250   260   250   260
   170   170   170   170
/* AU.GA..UA */
   150   260   100   260
   110   220    60   220
    50   160   130   160
   110   220    60   220
/* AU.GC..UA */
   150   260   100   260
   210   260   100   260
   150   260   100   260
   210   260   100   260
/* AU.GG..UA */
    60   170   140   170
   110   220    60   220
   130   110   210   110
   110   220    60   220
/* AU.GU..UA */
   150   260   100   260
   180   230    70   230
   150   260   100   260
    70   180   150   180
/* AU.UA..UA */
   250   260   250   230
   210   210   210   120
   150   210   150    60
   210   210   210   120
/* AU.UC..UA */
   250   260   250   170
   250   260   250   170
   250   260   250   170
   250   260   250   170
/* AU.UG..UA */
   160   220   160    70
   210   210   210   120
   100   100   100   140
   210   210   210   120
/* AU.UU..UA */
   250   260   250   170
   220   230   220   140
   250   260   250   170
   170   170   170    80
/* UA.AA..CG */
   200   200   100   200
   190   190   100   190
   100   100    10   100
   190   190   100   190
/* UA.AC..CG */
   240   240   140   240
   220   220   190   220
   240   240   140   240
   210   210   170   210
/* UA.AG..CG */
   100   100    10   100
   190   190   100   190
    50    50    80    50
   190   190   100   190
/* UA.AU..CG */
   240   240   140   240
   210   210   170   210
   240   240   140   240
   180   120    20   120
/* UA.CA..CG */
   150   200   150   170
   150   190   150   160
    60   160    60   130
   150   190   150   160
/* UA.CC..CG */
   190   240   190   210
   180   220   180   190
   190   240   190   210
   160   210   160   180
/* UA.CG..CG */
    60   160    60   130
   150   190   150   160
     0    50     0    20
   150   190   150   160
/* UA.CU..CG */
   190   240   190   210
   160   210   160   180
   190   240   190   210
    70   120    70    90
/* UA.GA..CG */
    90   200    40   200
    90   190    40   190
     0   100    80   100
    90   190    40   190
/* UA.GC..CG */
   130   240    80   240
   180   220    70   220
   130   240    80   240
   160   210    50   210
/* UA.GG..CG */
     0   100    80   100
    90   190    40   190
    70    50   150    50
    90   190    40   190
/* UA.GU..CG */
   130   240    80   240
   160   210    50   210
   130   240    80   240
    10   120    90   120
/* UA.UA..CG */
   150   200   150   170
   150   190   150   110
    60   160    60    20
   150   190   150   110
/* UA.UC..CG */
   190   240   190   150
   180   220   180   140
   190   240   190   150
   160   210   160   120
/* UA.UG..CG */
    60   160    60    20
   150   190   150   110
     0    50     0    90
   150   190   150   110
/* UA.UU..CG */
   190   240   190   150
   160   210   160   120
   190   240   190   150
    70   120    70    30
/* UA.AA..GC */
   210   210   120   210
   190   190    90   190
    10    10   -80    10
   190   190    90   190
/* UA.AC..GC */
   180   180    90   180
   190   190   150   190
   180   180    90   180
   190   190   150   190
/* UA.AG..GC */
    70    70   -20    70
   190   190    90   190
    50    50    80    50
   190   190    90   190
/* UA.AU..GC */
   180   180    90   180
   190   190   160   190
   180   180    90   180
   170   110    20   110
/* UA.CA..GC */
   170   210   170   180
   140   190   140   160
   -30    70   -30    40
   140   190   140   160
/* UA.CC..GC */
   140   180   140   150
   140   190   140   160
   140   180   140   150
   140   190   140   160
/* UA.CG..GC */
    30   130    30   100
   140   190   140   160
     0    50     0    20
   140   190   140   160
/* UA.CU..GC */
   140   180   140   150
   150   190   150   160
   140   180   140   150
    70   110    70    80
/* UA.GA..GC */
   110   210    60   210
    80   190    30   190
   -90    10   -10    10
    80   190    30   190
/* UA.GC..GC */
    80   180    30   180
   140   190    30   190
    80   180    30   180
   140   190    30   190
/* UA.GG..GC */
   -30    70    50    70
    80   190    30   190
    70    50   150    50
    80   190    30   190
/* UA.GU..GC */
    80   180    30   180
   150   190    40   190
    80   180    30   180
    10   110    90   110
/* UA.UA..GC */
   170   210   170   190
   140   190   140   100
   -30    70   -30   -70
   140   190   140   100
/* UA.UC..GC */
   140   180   140   100
   140   190   140   100
   140   180   140   100
   140   190   140   100
/* UA.UG..GC */
    30   130    30   -10
   140   190   140   100
     0    50     0    90
   140   190   140   100
/* UA.UU..GC */
   140   180   140   100
   150   190   150   110
   140   180   140   100
    70   110    70    30
/* UA.AA..GU */
   340   340   250   340
   310   310   210   310
   230   230   130   230
   310   310   210   310
/* UA.AC..GU */
   310   310   210   310
   310   310   270   310
   310   310   210   310
   310   310   270   310
/* UA.AG..GU */
   270   270   170   270
   310   310   210   310
   180   180   210   180
   310   310   210   310
/* UA.AU..GU */
   310   310   210   310
   310   310   270   310
   310   310   210   310
   370   310   210   310
/* UA.CA..GU */
   300   340   300   310
   260   310   260   280
   180   290   180   260
   260   310   260   280
/* UA.CC..GU */
   260   310   260   280
   260   310   260   280
   260   310   260   280
   260   310   260   280
/* UA.CG..GU */
   220   330   220   300
   260   310   260   280
   130   180   130   150
   260   310   260   280
/* UA.CU..GU */
   260   310   260   280
   260   310   260   280
   260   310   260   280
   260   310   260   280
/* UA.GA..GU */
   240   340   190   340
   200   310   150   310
   120   230   200   230
   200   310   150   310
/* UA.GC..GU */
   200   310   150   310
   260   310   150   310
   200   310   150   310
   260   310   150   310
/* UA.GG..GU */
   160   270   240   270
   200   310   150   310
   200   180   280   180
   200   310   150   310
/* UA.GU..GU */
   200   310   150   310
   260   310   150   310
   200   310   150   310
   200   310   280   310
/* UA.UA..GU */
   300   340   300   320
   260   310   260   220
   180   290   180   140
   260   310   260   220
/* UA.UC..GU */
   260   310   260   220
   260   310   260   220
   260   310   260   220
   260   310   260   220
/* UA.UG..GU */
   220   330   220   180
   260   310   260   220
   130   180   130   220
   260   310   260   220
/* UA.UU..GU */
   260   310   260   220
   260   310   260   220
   260   310   260   220
   260   310   260   220
/* UA.AA..UG */
   240   240   150   240
   280   280   180   280
   140   140    50   140
   280   280   180   280
/* UA.AC..UG */
   280   280   180   280
   280   280   240   280
   280   280   180   280
   280   280   240   280
/* UA.AG..UG */
   310   310   210   310
   280   280   180   280
   150   150   180   150
   280   280   180   280
/* UA.AU..UG */
   280   280   180   280
   280   280   240   280
   280   280   180   280
   340   280   180   280
/* UA.CA..UG */
   200   240   200   210
   230   280   230   250
   100   200   100   170
   230   280   230   250
/* UA.CC..UG */
   230   280   230   250
   230   280   230   250
   230   280   230   250
   230   280   230   250
/* UA.CG..UG */
   260   370   260   340
   230   280   230   250
   100   150   100   120
   230   280   230   250
/* UA.CU..UG */
   230   280   230   250
   230   280   230   250
   230   280   230   250
   230   280   230   250
/* UA.GA..UG */
   140   240    90   240
   170   280   120   280
    40   140   120   140
   170   280   120   280
/* UA.GC..UG */
   170   280   120   280
   230   280   120   280
   170   280   120   280
   230   280   120   280
/* UA.GG..UG */
   200   310   280   310
   170   280   120   280
   170   150   250   150
   170   280   120   280
/* UA.GU..UG */
   170   280   120   280
   230   280   120   280
   170   280   120   280
   170   280   250   280
/* UA.UA..UG */
   200   240   200   220
   230   280   230   190
   100   200   100    60
   230   280   230   190
/* UA.UC..UG */
   230   280   230   190
   230   280   230   190
   230   280   230   190
   230   280   230   190
/* UA.UG..UG */
   260   370   260   220
   230   280   230   190
   100   150   100   190
   230   280   230   190
/* UA.UU..UG */
   230   280   230   190
   230   280   230   190
   230   280   230   190
   230   280   230   190
/* UA.AA..AU */
   280   280   180   280
   250   250   160   250
   150   150    60   150
   250   250   160   250
/* UA.AC..AU */
   260   260   170   260
   260   260   220   260
   260   260   170   260
   260   260   220   260
/* UA.AG..AU */
   220   220   130   220
   250   250   160   250
   100   100   140   100
   250   250   160   250
/* UA.AU..AU */
   260   260   170   260
   260   260   220   260
   260   260   170   260
   230   170    70   170
/* UA.CA..AU */
   230   280   230   250
   210   250   210   220
   110   210   110   180
   210   250   210   220
/* UA.CC..AU */
   220   260   220   230
   210   260   210   230
   220   260   220   230
   210   260   210   230
/* UA.CG..AU */
   180   280   180   250
   210   250   210   220
    60   100    60    70
   210   250   210   220
/* UA.CU..AU */
   220   260   220   230
   210   260   210   230
   220   260   220   230
   120   170   120   140
/* UA.GA..AU */
   170   280   120   280
   150   250   100   250
    50   150   130   150
   150   250   100   250
/* UA.GC..AU */
   160   260   110   260
   210   260   100   260
   160   260   110   260
   210   260   100   260
/* UA.GG..AU */
   120   220   200   220
   150   250   100   250
   130   100   210   100
   150   250   100   250
/* UA.GU..AU */
   160   260   110   260
   210   260   100   260
   160   260   110   260
    60   170   140   170
/* UA.UA..AU */
   230   280   230   250
   210   250   210   170
   110   210   110    70
   210   250   210   170
/* UA.UC..AU */
   220   260   220   180
   210   260   210   170
   220   260   220   180
   210   260   210   170
/* UA.UG..AU */
   180   280   180   140
   210   250   210   170
    60   100    60   150
   210   250   210   170
/* UA.UU..AU */
   220   260   220   180
   210   260   210   170
   220   260   220   180
   120   170   120    80
/* UA.AA..UA */
   280   280   180   280
   230   230   140   230
   170   170    80   170
   230   230   140   230
/* UA.AC..UA */
   280   280   180   280
   280   280   240   280
   280   280   180   280
   280   280   240   280
/* UA.AG..UA */
   180   180    90   180
   230   230   140   230
   120   120   160   120
   230   230   140   230
/* UA.AU..UA */
   280   280   180   280
   250   250   210   250
   280   280   180   280
   250   190   100   190
/* UA.CA..UA */
   230   280   230   250
   190   230   190   200
   130   230   130   200
   190   230   190   200
/* UA.CC..UA */
   230   280   230   250
   230   280   230   250
   230   280   230   250
   230   280   230   250
/* UA.CG..UA */
   140   240   140   210
   190   230   190   200
    80   120    80    90
   190   230   190   200
/* UA.CU..UA */
   230   280   230   250
   200   250   200   220
   230   280   230   250
   150   190   150   160
/* UA.GA..UA */
   170   280   120   280
   130   230    80   230
    70   170   150   170
   130   230    80   230
/* UA.GC..UA */
   170   280   120   280
   230   280   120   280
   170   280   120   280
   230   280   120   280
/* UA.GG..UA */
    80   180   160   180
   130   230    80   230
   150   120   230   120
   130   230    80   230
/* UA.GU..UA */
   170   280   120   280
   200   250    90   250
   170   280   120   280
    90   190   170   190
/* UA.UA..UA */
   230   280   230   250
   190   230   190   150
   130   230   130    90
   190   230   190   150
/* UA.UC..UA */
   230   280   230   190
   230   280   230   190
   230   280   230   190
   230   280   230   190
/* UA.UG..UA */
   140   240   140   100
   190   230   190   150
    80   120    80   170
   190   230   190   150
/* UA.UU..UA */
   230   280   230   190
   200   250   200   160
   230   280   230   190
   150   190   150   110

# int22_enthalpies
/* CG.AA..CG */
  -460  -310  -960  -310
  -770  -620 -1270  -620
  -670  -530 -1170  -530
  -770  -620 -1270  -620
/* CG.AC..CG */
  -310  -170  -810  -170
  -320  -170  -580  -170
  -310  -170  -810  -170
  -370  -220  -630  -220
/* CG.AG..CG */
  -960  -810 -1460  -810
  -770  -620 -1270  -620
  -120    30 -1870    30
  -770  -620 -1270  -620
/* CG.AU..CG */
  -310  -170  -810  -170
  -260  -110  -520  -110
  -310  -170  -810  -170
  -860  -960 -1600  -960
/* CG.CA..CG */
  -770  -320  -770  -260
 -1080  -630 -1080  -570
  -980  -290  -980  -230
 -1080  -630 -1080  -570
/* CG.CC..CG */
  -620  -170  -620  -110
  -630  -180  -630  -120
  -620  -170  -620  -110
  -680  -230  -680  -170
/* CG.CG..CG */
 -1270  -580 -1270  -520
 -1080  -630 -1080  -570
  -430    20  -430    80
 -1080  -630 -1080  -570
/* CG.CU..CG */
  -620  -170  -620  -110
  -570  -120  -570   -60
  -620  -170  -620  -110
 -1410  -960 -1410  -900
/* CG.GA..CG */
  -670  -310  -120  -310
  -980  -620  -430  -620
  -890  -530 -1580  -530
  -980  -620  -430  -620
/* CG.GC..CG */
  -530  -170    30  -170
  -290  -170    20  -170
  -530  -170    30  -170
  -340  -220   -30  -220
/* CG.GG..CG */
 -1170  -810 -1870  -810
  -980  -620  -430  -620
 -1580    30 -2280    30
  -980  -620  -430  -620
/* CG.GU..CG */
  -530  -170    30  -170
  -230  -110    80  -110
  -530  -170    30  -170
 -1320  -960 -2010  -960
/* CG.UA..CG */
  -770  -370  -770  -860
 -1080  -680 -1080 -1410
  -980  -340  -980 -1320
 -1080  -680 -1080 -1410
/* CG.UC..CG */
  -620  -220  -620  -960
  -630  -230  -630  -960
  -620  -220  -620  -960
  -680  -280  -680 -1010
/* CG.UG..CG */
 -1270  -630 -1270 -1600
 -1080  -680 -1080 -1410
  -430   -30  -430 -2010
 -1080  -680 -1080 -1410
/* CG.UU..CG */
  -620  -220  -620  -960
  -570  -170  -570  -900
  -620  -220  -620  -960
 -1410 -1010 -1410 -1750
/* CG.AA..GC */
  -580  -220  -970  -150
  -740  -600  -100  -600
 -2010 -1650 -1980 -1340
  -740  -600 -1240  -600
/* CG.AC..GC */
  -660 -1150    10  -510
  -960  -820   540  -820
  -660  -510 -1160  -510
  -960  -820 -1220  -820
/* CG.AG..GC */
 -1340  -860 -2450  -860
  -740  -600 -1240  -600
   180  -390 -1870    30
  -740  -600 -1240  -600
/* CG.AU..GC */
  -660  -510 -1160  -510
 -1270 -1130 -1530 -1130
  -660  -510 -1160  -510
 -1240   -90  -810  -800
/* CG.CA..GC */
  -600 -1070  -600   -90
 -1050  -600 -1050  -540
 -1790  -630 -1790 -1040
 -1050  -600 -1050  -540
/* CG.CC..GC */
  -970  -750  -970  -460
 -1270  -820 -1270  -760
  -970  -520  -970  -460
 -1270  -820 -1270  -550
/* CG.CG..GC */
 -1070  -500 -1320  -570
 -1050  -600 -1050  -540
  -430    20  -430   180
 -1050  -600 -1050  -540
/* CG.CU..GC */
  -970  -520  -970  -460
 -1580 -1130 -1580 -1070
  -970  -520  -970  -460
  -830 -1710 -1260 -1460
/* CG.GA..GC */
 -1600  -150  -200  -150
  -350  -600  -440  -600
 -3070 -1340 -2390 -1340
  -960  -600  -400  -600
/* CG.GC..GC */
 -1110  -510  -320  -510
  -940  -820  -620  -820
  -870  -510  -320  -510
  -940  -820  -260  -820
/* CG.GG..GC */
 -1880  -860 -1080  -860
  -960  -600  -400  -600
 -1370    30 -2280    30
  -960  -600  -400  -600
/* CG.GU..GC */
  -870  -510  -320  -510
 -1250 -1130  -210 -1130
  -870  -510  -320  -510
 -1360  -800 -1550  -800
/* CG.UA..GC */
  -600  -200  -600 -1490
 -1050  -650 -1050 -1390
 -1790 -1150 -1790 -1520
 -1050  -650 -1050 -1390
/* CG.UC..GC */
  -970  -570  -970  -400
 -1270  -870 -1270 -1610
  -970  -570  -970 -1300
 -1270  -870 -1270 -1610
/* CG.UG..GC */
 -1320 -1750 -1320 -1300
 -1050  -650 -1050 -1390
  -430  -880  -430  -230
 -1050  -650 -1050 -1390
/* CG.UU..GC */
  -970  -570  -970 -1300
 -1580 -1180 -1580 -1920
  -970  -570  -970 -1300
 -1260  -860 -1260 -2350
/* CG.AA..GU */
 -1370 -1240 -1890 -1240
 -1210 -1060 -1710 -1060
 -1220 -1080 -1720 -1080
 -1210 -1060 -1710 -1060
/* CG.AC..GU */
 -1210 -1060 -1710 -1060
 -1210 -1060 -1470 -1060
 -1210 -1060 -1710 -1060
 -1210 -1060 -1470 -1060
/* CG.AG..GU */
 -1030  -890 -1530  -890
 -1210 -1060 -1710 -1060
    40   190 -1710   190
 -1210 -1060 -1710 -1060
/* CG.AU..GU */
 -1210 -1060 -1710 -1060
 -1210 -1060 -1470 -1060
 -1210 -1060 -1710 -1060
  -970 -1060 -1710 -1060
/* CG.CA..GU */
 -1700 -1250 -1700 -1190
 -1520 -1070 -1520 -1010
 -1530  -840 -1530  -780
 -1520 -1070 -1520 -1010
/* CG.CC..GU */
 -1520 -1070 -1520 -1010
 -1520 -1070 -1520 -1010
 -1520 -1070 -1520 -1010
 -1520 -1070 -1520 -1010
/* CG.CG..GU */
 -1340  -650 -1340  -590
 -1520 -1070 -1520 -1010
  -270   180  -270   240
 -1520 -1070 -1520 -1010
/* CG.CU..GU */
 -1520 -1070 -1520 -1010
 -1520 -1070 -1520 -1010
 -1520 -1070 -1520 -1010
 -1520 -1070 -1520 -1010
/* CG.GA..GU */
 -1600 -1240 -1050 -1240
 -1420 -1060  -870 -1060
 -1440 -1080 -2130 -1080
 -1420 -1060  -870 -1060
/* CG.GC..GU */
 -1420 -1060  -870 -1060
 -1180 -1060  -870 -1060
 -1420 -1060  -870 -1060
 -1180 -1060  -870 -1060
/* CG.GG..GU */
 -1250  -890 -1940  -890
 -1420 -1060  -870 -1060
 -1420   190 -2120   190
 -1420 -1060  -870 -1060
/* CG.GU..GU */
 -1420 -1060  -870 -1060
 -1180 -1060  -870 -1060
 -1420 -1060  -870 -1060
 -1420 -1060 -2120 -1060
/* CG.UA..GU */
 -1700 -1300 -1700 -1790
 -1520 -1120 -1520 -1850
 -1530  -890 -1530 -1870
 -1520 -1120 -1520 -1850
/* CG.UC..GU */
 -1520 -1120 -1520 -1850
 -1520 -1120 -1520 -1850
 -1520 -1120 -1520 -1850
 -1520 -1120 -1520 -1850
/* CG.UG..GU */
 -1340  -700 -1340 -1680
 -1520 -1120 -1520 -1850
  -270   130  -270 -1850
 -1520 -1120 -1520 -1850
/* CG.UU..GU */
 -1520 -1120 -1520 -1850
 -1520 -1120 -1520 -1850
 -1520 -1120 -1520 -1850
 -1520 -1120 -1520 -1850
/* CG.AA..UG */
  -140     0  -640     0
  -650  -510 -1150  -510
  -990  -850 -1490  -850
  -650  -510 -1150  -510
/* CG.AC..UG */
  -650  -510 -1150  -510
  -650  -510  -910  -510
  -650  -510 -1150  -510
  -650  -510  -910  -510
/* CG.AG..UG */
 -1160 -1020 -1660 -1020
  -650  -510 -1150  -510
   600   740 -1150   740
  -650  -510 -1150  -510
/* CG.AU..UG */
  -650  -510 -1150  -510
  -650  -510  -910  -510
  -650  -510 -1150  -510
  -410  -510 -1150  -510
/* CG.CA..UG */
  -450     0  -450    50
  -960  -510  -960  -450
 -1300  -610 -1300  -550
  -960  -510  -960  -450
/* CG.CC..UG */
  -960  -510  -960  -450
  -960  -510  -960  -450
  -960  -510  -960  -450
  -960  -510  -960  -450
/* CG.CG..UG */
 -1470  -780 -1470  -720
  -960  -510  -960  -450
   290   740   290   800
  -960  -510  -960  -450
/* CG.CU..UG */
  -960  -510  -960  -450
  -960  -510  -960  -450
  -960  -510  -960  -450
  -960  -510  -960  -450
/* CG.GA..UG */
  -360     0   200     0
  -870  -510  -310  -510
 -1210  -850 -1900  -850
  -870  -510  -310  -510
/* CG.GC..UG */
  -870  -510  -310  -510
  -630  -510  -310  -510
  -870  -510  -310  -510
  -630  -510  -310  -510
/* CG.GG..UG */
 -1380 -1020 -2070 -1020
  -870  -510  -310  -510
  -870   740 -1560   740
  -870  -510  -310  -510
/* CG.GU..UG */
  -870  -510  -310  -510
  -630  -510  -310  -510
  -870  -510  -310  -510
  -870  -510 -1560  -510
/* CG.UA..UG */
  -450   DEF  -450  -550
  -960  -560  -960 -1300
 -1300  -660 -1300 -1640
  -960  -560  -960 -1300
/* CG.UC..UG */
  -960  -560  -960 -1300
  -960  -560  -960 -1300
  -960  -560  -960 -1300
  -960  -560  -960 -1300
/* CG.UG..UG */
 -1470  -830 -1470 -1810
  -960  -560  -960 -1300
   290   690   290 -1300
  -960  -560  -960 -1300
/* CG.UU..UG */
  -960  -560  -960 -1300
  -960  -560  -960 -1300
  -960  -560  -960 -1300
  -960  -560  -960 -1300
/* CG.AA..AU */
   440   580   -60   580
   130   270  -370   270
  -950  -800 -1450  -800
   130   270  -370   270
/* CG.AC..AU */
   140   290  -350   290
   140   280  -120   280
   140   290  -350   290
   140   280  -120   280
/* CG.AG..AU */
  -770  -620 -1270  -620
   130   270  -370   270
   970  1120  -780  1120
   130   270  -370   270
/* CG.AU..AU */
   140   290  -350   290
   140   280  -120   280
   140   290  -350   290
  -600  -690 -1340  -690
/* CG.CA..AU */
   130   580   130   640
  -180   270  -180   330
 -1260  -570 -1260  -510
  -180   270  -180   330
/* CG.CC..AU */
  -160   280  -160   340
  -170   280  -170   340
  -160   280  -160   340
  -170   280  -170   340
/* CG.CG..AU */
 -1080  -390 -1080  -330
  -180   270  -180   330
   660  1110   660  1170
  -180   270  -180   330
/* CG.CU..AU */
  -160   280  -160   340
  -170   280  -170   340
  -160   280  -160   340
 -1150  -700 -1150  -640
/* CG.GA..AU */
   220   580   780   580
   -80   270   470   270
 -1160  -800 -1860  -800
   -80   270   470   270
/* CG.GC..AU */
   -70   290   490   290
   170   280   480   280
   -70   290   490   290
   170   280   480   280
/* CG.GG..AU */
  -980  -620 -1680  -620
   -80   270   470   270
  -490  1120 -1190  1120
   -80   270   470   270
/* CG.GU..AU */
   -70   290   490   290
   170   280   480   280
   -70   290   490   290
 -1050  -690 -1750  -690
/* CG.UA..AU */
   130   530   130    40
  -180   220  -180  -510
 -1260  -620 -1260 -1590
  -180   220  -180  -510
/* CG.UC..AU */
  -160   230  -160  -500
  -170   230  -170  -500
  -160   230  -160  -500
  -170   230  -170  -500
/* CG.UG..AU */
 -1080  -440 -1080 -1410
  -180   220  -180  -510
   660  1060   660  -920
  -180   220  -180  -510
/* CG.UU..AU */
  -160   230  -160  -500
  -170   230  -170  -500
  -160   230  -160  -500
 -1150  -750 -1150 -1480
/* CG.AA..UA */
   500   650     0   650
   220   370  -270   370
  -900  -750 -1400  -750
   220   370  -270   370
/* CG.AC..UA */
   370   520  -120   520
   370   520   120   520
   370   520  -120   520
   240   390   -10   390
/* CG.AG..UA */
 -1200 -1050 -1700 -1050
   220   370  -270   370
  1160  1300  -590  1300
   220   370  -270   370
/* CG.AU..UA */
   370   520  -120   520
   -60    80  -320    80
   370   520  -120   520
  -320  -420 -1060  -420
/* CG.CA..UA */
   190   640   190   700
   -80   360   -80   420
 -1210  -520 -1210  -460
   -80   360   -80   420
/* CG.CC..UA */
    60   510    60   570
    60   510    60   570
    60   510    60   570
   -60   380   -60   440
/* CG.CG..UA */
 -1510  -820 -1510  -760
   -80   360   -80   420
   850  1290   850  1350
   -80   360   -80   420
/* CG.CU..UA */
    60   510    60   570
  -370    70  -370   130
    60   510    60   570
  -870  -420  -870  -360
/* CG.GA..UA */
   290   650   850   650
    10   370   570   370
 -1110  -750 -1810  -750
    10   370   570   370
/* CG.GC..UA */
   160   520   720   520
   400   520   720   520
   160   520   720   520
   270   390   590   390
/* CG.GG..UA */
 -1410 -1050 -2110 -1050
    10   370   570   370
  -310  1300 -1000  1300
    10   370   570   370
/* CG.GU..UA */
   160   520   720   520
   -40    80   280    80
   160   520   720   520
  -780  -420 -1470  -420
/* CG.UA..UA */
   190   590   190   100
   -80   310   -80  -420
 -1210  -570 -1210 -1540
   -80   310   -80  -420
/* CG.UC..UA */
    60   460    60  -270
    60   460    60  -270
    60   460    60  -270
   -60   330   -60  -400
/* CG.UG..UA */
 -1510  -870 -1510 -1840
   -80   310   -80  -420
   850  1250   850  -740
   -80   310   -80  -420
/* CG.UU..UA */
    60   460    60  -270
  -370    20  -370  -710
    60   460    60  -270
  -870  -470  -870 -1210
/* GC.AA..CG */
  -580  -660 -1340  -660
  -600  -970 -1070  -970
 -1600 -1110 -1880  -870
  -600  -970 -1320  -970
/* GC.AC..CG */
  -220 -1150  -860  -510
 -1070  -750  -500  -520
  -150  -510  -860  -510
  -200  -570 -1750  -570
/* GC.AG..CG */
  -970    10 -2450 -1160
  -600  -970 -1320  -970
  -200  -320 -1080  -320
  -600  -970 -1320  -970
/* GC.AU..CG */
  -150  -510  -860  -510
   -90  -460  -570  -460
  -150  -510  -860  -510
 -1490  -400 -1300 -1300
/* GC.CA..CG */
  -740  -960  -740 -1270
 -1050 -1270 -1050 -1580
  -350  -940  -960 -1250
 -1050 -1270 -1050 -1580
/* GC.CC..CG */
  -600  -820  -600 -1130
  -600  -820  -600 -1130
  -600  -820  -600 -1130
  -650  -870  -650 -1180
/* GC.CG..CG */
  -100   540 -1240 -1530
 -1050 -1270 -1050 -1580
  -440  -620  -400  -210
 -1050 -1270 -1050 -1580
/* GC.CU..CG */
  -600  -820  -600 -1130
  -540  -760  -540 -1070
  -600  -820  -600 -1130
 -1390 -1610 -1390 -1920
/* GC.GA..CG */
 -2010  -660   180  -660
 -1790  -970  -430  -970
 -3070  -870 -1370  -870
 -1790  -970  -430  -970
/* GC.GC..CG */
 -1650  -510  -390  -510
  -630  -520    20  -520
 -1340  -510    30  -510
 -1150  -570  -880  -570
/* GC.GG..CG */
 -1980 -1160 -1870 -1160
 -1790  -970  -430  -970
 -2390  -320 -2280  -320
 -1790  -970  -430  -970
/* GC.GU..CG */
 -1340  -510    30  -510
 -1040  -460   180  -460
 -1340  -510    30  -510
 -1520 -1300  -230 -1300
/* GC.UA..CG */
  -740  -960  -740 -1240
 -1050 -1270 -1050  -830
  -960  -940  -960 -1360
 -1050 -1270 -1050 -1260
/* GC.UC..CG */
  -600  -820  -600   -90
  -600  -820  -600 -1710
  -600  -820  -600  -800
  -650  -870  -650  -860
/* GC.UG..CG */
 -1240 -1220 -1240  -810
 -1050 -1270 -1050 -1260
  -400  -260  -400 -1550
 -1050 -1270 -1050 -1260
/* GC.UU..CG */
  -600  -820  -600  -800
  -540  -550  -540 -1460
  -600  -820  -600  -800
 -1390 -1610 -1390 -2350
/* GC.AA..GC */
  -130  -490  -840  -490
  -580  -940 -1290  -940
 -1320 -1680 -2030 -1680
  -580  -940 -1290  -940
/* GC.AC..GC */
  -490  -860 -1210  -860
  -800 -1160 -1270 -1160
  -490  -860 -1210  -860
  -800 -1160 -1270 -1160
/* GC.AG..GC */
  -840 -1210 -1560 -1210
  -580  -940 -1290  -940
    50  -320 -1920  -320
  -580  -940 -1290  -940
/* GC.AU..GC */
  -490  -860 -1210  -860
 -1110 -1470 -1580 -1470
  -490  -860 -1210  -860
  -540 -1150 -1500 -1150
/* GC.CA..GC */
  -580  -800  -580 -1110
 -1030 -1250 -1030 -1560
 -1770 -1750 -1770 -2060
 -1030 -1250 -1030 -1560
/* GC.CC..GC */
  -940 -1160  -940 -1470
 -1250 -1470 -1250 -1780
  -940 -1160  -940 -1470
 -1250 -1470 -1250 -1780
/* GC.CG..GC */
 -1290 -1270 -1290 -1580
 -1030 -1250 -1030 -1560
  -400  -620  -400  -930
 -1030 -1250 -1030 -1560
/* GC.CU..GC */
  -940 -1160  -940 -1470
 -1560 -1780 -1560 -2090
  -940 -1160  -940 -1470
 -1230 -1450 -1230 -1760
/* GC.GA..GC */
 -1320  -490    50  -490
 -1770  -940  -400  -940
 -2510 -1680 -2390 -1680
 -1770  -940  -400  -940
/* GC.GC..GC */
 -1680  -860  -320  -860
 -1750 -1160  -620 -1160
 -1680  -860  -320  -860
 -1750 -1160  -620 -1160
/* GC.GG..GC */
 -2030 -1210 -1920 -1210
 -1770  -940  -400  -940
 -2390  -320 -2280  -320
 -1770  -940  -400  -940
/* GC.GU..GC */
 -1680  -860  -320  -860
 -2060 -1470  -930 -1470
 -1680  -860  -320  -860
 -1970 -1150 -1860 -1150
/* GC.UA..GC */
  -580  -800  -580  -540
 -1030 -1250 -1030 -1230
 -1770 -1750 -1770 -1970
 -1030 -1250 -1030 -1230
/* GC.UC..GC */
  -940 -1160  -940 -1150
 -1250 -1470 -1250 -1450
  -940 -1160  -940 -1150
 -1250 -1470 -1250 -1450
/* GC.UG..GC */
 -1290 -1270 -1290 -1500
 -1030 -1250 -1030 -1230
  -400  -620  -400 -1860
 -1030 -1250 -1030 -1230
/* GC.UU..GC */
  -940 -1160  -940 -1150
 -1560 -1780 -1560 -1760
  -940 -1160  -940 -1150
 -1230 -1450 -1230 -1440
/* GC.AA..GU */
 -1220 -1590 -1940 -1590
 -1040 -1410 -1760 -1410
 -1060 -1420 -1770 -1420
 -1040 -1410 -1760 -1410
/* GC.AC..GU */
 -1040 -1410 -1760 -1410
 -1040 -1410 -1520 -1410
 -1040 -1410 -1760 -1410
 -1040 -1410 -1520 -1410
/* GC.AG..GU */
  -870 -1230 -1580 -1230
 -1040 -1410 -1760 -1410
   210  -160 -1760  -160
 -1040 -1410 -1760 -1410
/* GC.AU..GU */
 -1040 -1410 -1760 -1410
 -1040 -1410 -1520 -1410
 -1040 -1410 -1760 -1410
  -800 -1410 -1760 -1410
/* GC.CA..GU */
 -1670 -1890 -1670 -2200
 -1490 -1710 -1490 -2020
 -1510 -1490 -1510 -1800
 -1490 -1710 -1490 -2020
/* GC.CC..GU */
 -1490 -1710 -1490 -2020
 -1490 -1710 -1490 -2020
 -1490 -1710 -1490 -2020
 -1490 -1710 -1490 -2020
/* GC.CG..GU */
 -1320 -1300 -1320 -1610
 -1490 -1710 -1490 -2020
  -240  -460  -240  -770
 -1490 -1710 -1490 -2020
/* GC.CU..GU */
 -1490 -1710 -1490 -2020
 -1490 -1710 -1490 -2020
 -1490 -1710 -1490 -2020
 -1490 -1710 -1490 -2020
/* GC.GA..GU */
 -2410 -1590 -1050 -1590
 -2230 -1410  -870 -1410
 -2250 -1420 -2130 -1420
 -2230 -1410  -870 -1410
/* GC.GC..GU */
 -2230 -1410  -870 -1410
 -1990 -1410  -870 -1410
 -2230 -1410  -870 -1410
 -1990 -1410  -870 -1410
/* GC.GG..GU */
 -2060 -1230 -1940 -1230
 -2230 -1410  -870 -1410
 -2230  -160 -2120  -160
 -2230 -1410  -870 -1410
/* GC.GU..GU */
 -2230 -1410  -870 -1410
 -1990 -1410  -870 -1410
 -2230 -1410  -870 -1410
 -2230 -1410 -2120 -1410
/* GC.UA..GU */
 -1670 -1890 -1670 -1640
 -1490 -1710 -1490 -1700
 -1510 -1490 -1510 -1710
 -1490 -1710 -1490 -1700
/* GC.UC..GU */
 -1490 -1710 -1490 -1700
 -1490 -1710 -1490 -1700
 -1490 -1710 -1490 -1700
 -1490 -1710 -1490 -1700
/* GC.UG..GU */
 -1320 -1300 -1320 -1520
 -1490 -1710 -1490 -1700
  -240  -460  -240 -1700
 -1490 -1710 -1490 -1700
/* GC.UU..GU */
 -1490 -1710 -1490 -1700
 -1490 -1710 -1490 -1700
 -1490 -1710 -1490 -1700
 -1490 -1710 -1490 -1700
/* GC.AA..UG */
 -2040  -340  -690  -340
  -490  -850 -1200  -850
  -830 -1190 -1540 -1190
  -490  -850 -1200  -850
/* GC.AC..UG */
  -490  -850 -1200  -850
  -490  -850  -960  -850
  -490  -850 -1200  -850
  -490  -850  -960  -850
/* GC.AG..UG */
 -1000 -1360 -1710 -1360
  -490  -850 -1200  -850
   760   400 -1200   400
  -490  -850 -1200  -850
/* GC.AU..UG */
  -490  -850 -1200  -850
  -490  -850  -960  -850
  -490  -850 -1200  -850
  -250  -850 -1200  -850
/* GC.CA..UG */
  -430  -650  -430  -960
  -940 -1160  -940 -1470
 -1280 -1260 -1280 -1570
  -940 -1160  -940 -1470
/* GC.CC..UG */
  -940 -1160  -940 -1470
  -940 -1160  -940 -1470
  -940 -1160  -940 -1470
  -940 -1160  -940 -1470
/* GC.CG..UG */
 -1450 -1430 -1450 -1740
  -940 -1160  -940 -1470
   310    90   310  -220
  -940 -1160  -940 -1470
/* GC.CU..UG */
  -940 -1160  -940 -1470
  -940 -1160  -940 -1470
  -940 -1160  -940 -1470
  -940 -1160  -940 -1470
/* GC.GA..UG */
 -1170  -340   200  -340
 -1680  -850  -310  -850
 -2020 -1190 -1900 -1190
 -1680  -850  -310  -850
/* GC.GC..UG */
 -1680  -850  -310  -850
 -1440  -850  -310  -850
 -1680  -850  -310  -850
 -1440  -850  -310  -850
/* GC.GG..UG */
 -2190 -1360 -2070 -1360
 -1680  -850  -310  -850
 -1680   400 -1560   400
 -1680  -850  -310  -850
/* GC.GU..UG */
 -1680  -850  -310  -850
 -1440  -850  -310  -850
 -1680  -850  -310  -850
 -1680  -850 -1560  -850
/* GC.UA..UG */
  -430  -650  -430  -390
  -940 -1160  -940 -1140
 -1280 -1260 -1280 -1480
  -940 -1160  -940 -1140
/* GC.UC..UG */
  -940 -1160  -940 -1140
  -940 -1160  -940 -1140
  -940 -1160  -940 -1140
  -940 -1160  -940 -1140
/* GC.UG..UG */
 -1450 -1430 -1450 -1650
  -940 -1160  -940 -1140
   310    90   310 -1140
  -940 -1160  -940 -1140
/* GC.UU..UG */
  -940 -1160  -940 -1140
  -940 -1160  -940 -1140
  -940 -1160  -940 -1140
  -940 -1160  -940 -1140
/* GC.AA..AU */
   600   240  -110   240
   290   -70  -420   -70
  -780 -1150 -1500 -1150
   290   -70  -420   -70
/* GC.AC..AU */
   310   DEF  -400   DEF
   300   -60  -170   -60
   310   DEF  -400   DEF
   300   -60  -170   -60
/* GC.AG..AU */
  -600  -970 -1320  -970
   290   -70  -420   -70
  1140   770  -830   770
   290   -70  -420   -70
/* GC.AU..AU */
   310   DEF  -400   DEF
   300   -60  -170   -60
   310   DEF  -400   DEF
  -430 -1040 -1390 -1040
/* GC.CA..AU */
   150   -60   150  -370
  -150  -370  -150  -680
 -1230 -1210 -1230 -1520
  -150  -370  -150  -680
/* GC.CC..AU */
  -140  -360  -140  -670
  -140  -360  -140  -670
  -140  -360  -140  -670
  -140  -360  -140  -670
/* GC.CG..AU */
 -1050 -1030 -1050 -1340
  -150  -370  -150  -680
   690   470   690   160
  -150  -370  -150  -680
/* GC.CU..AU */
  -140  -360  -140  -670
  -140  -360  -140  -670
  -140  -360  -140  -670
 -1120 -1340 -1120 -1650
/* GC.GA..AU */
  -580   240   780   240
  -890   -70   470   -70
 -1970 -1150 -1860 -1150
  -890   -70   470   -70
/* GC.GC..AU */
  -880   DEF   490   DEF
  -640   -60   480   -60
  -880   DEF   490   DEF
  -640   -60   480   -60
/* GC.GG..AU */
 -1790  -970 -1680  -970
  -890   -70   470   -70
 -1300   770 -1190   770
  -890   -70   470   -70
/* GC.GU..AU */
  -880   DEF   490   DEF
  -640   -60   480   -60
  -880   DEF   490   DEF
 -1860 -1040 -1750 -1040
/* GC.UA..AU */
   150   -60   150   190
  -150  -370  -150  -360
 -1230 -1210 -1230 -1440
  -150  -370  -150  -360
/* GC.UC..AU */
  -140  -360  -140  -340
  -140  -360  -140  -350
  -140  -360  -140  -340
  -140  -360  -140  -350
/* GC.UG..AU */
 -1050 -1030 -1050 -1260
  -150  -370  -150  -360
   690   470   690  -770
  -150  -370  -150  -360
/* GC.UU..AU */
  -140  -360  -140  -340
  -140  -360  -140  -350
  -140  -360  -140  -340
 -1120 -1340 -1120 -1330
/* GC.AA..UA */
   670   300   -40   300
   390    20  -320    20
  -730 -1100 -1450 -1100
   390    20  -320    20
/* GC.AC..UA */
   540   170  -170   170
   540   170    70   170
   540   170  -170   170
   410    40   -60    40
/* GC.AG..UA */
 -1030 -1400 -1750 -1400
   390    20  -320    20
  1320   960  -640   960
   390    20  -320    20
/* GC.AU..UA */
   540   170  -170   170
   100  -260  -370  -260
   540   170  -170   170
  -160  -760 -1110  -760
/* GC.CA..UA */
   220     0   220  -310
   -60  -280   -60  -590
 -1180 -1160 -1180 -1470
   -60  -280   -60  -590
/* GC.CC..UA */
    90  -130    90  -440
    90  -130    90  -440
    90  -130    90  -440
   -40  -260   -40  -570
/* GC.CG..UA */
 -1480 -1460 -1480 -1770
   -60  -280   -60  -590
   870   650   870   340
   -60  -280   -60  -590
/* GC.CU..UA */
    90  -130    90  -440
  -350  -570  -350  -880
    90  -130    90  -440
  -850 -1070  -850 -1380
/* GC.GA..UA */
  -520   300   850   300
  -800    20   570    20
 -1920 -1100 -1810 -1100
  -800    20   570    20
/* GC.GC..UA */
  -650   170   720   170
  -410   170   720   170
  -650   170   720   170
  -540    40   590    40
/* GC.GG..UA */
 -2220 -1400 -2110 -1400
  -800    20   570    20
 -1120   960 -1000   960
  -800    20   570    20
/* GC.GU..UA */
  -650   170   720   170
  -850  -260   280  -260
  -650   170   720   170
 -1590  -760 -1470  -760
/* GC.UA..UA */
   220     0   220   250
   -60  -280   -60  -260
 -1180 -1160 -1180 -1390
   -60  -280   -60  -260
/* GC.UC..UA */
    90  -130    90  -110
    90  -130    90  -110
    90  -130    90  -110
   -40  -260   -40  -240
/* GC.UG..UA */
 -1480 -1460 -1480 -1690
   -60  -280   -60  -260
   870   650   870  -580
   -60  -280   -60  -260
/* GC.UU..UA */
    90  -130    90  -110
  -350  -570  -350  -550
    90  -130    90  -110
  -850 -1070  -850 -1050
/* GU.AA..CG */
 -1370 -1210 -1030 -1210
 -1700 -1520 -1340 -1520
 -1600 -1420 -1250 -1420
 -1700 -1520 -1340 -1520
/* GU.AC..CG */
 -1240 -1060  -890 -1060
 -1250 -1070  -650 -1070
 -1240 -1060  -890 -1060
 -1300 -1120  -700 -1120
/* GU.AG..CG */
 -1890 -1710 -1530 -1710
 -1700 -1520 -1340 -1520
 -1050  -870 -1940  -870
 -1700 -1520 -1340 -1520
/* GU.AU..CG */
 -1240 -1060  -890 -1060
 -1190 -1010  -590 -1010
 -1240 -1060  -890 -1060
 -1790 -1850 -1680 -1850
/* GU.CA..CG */
 -1210 -1210 -1210 -1210
 -1520 -1520 -1520 -1520
 -1420 -1180 -1420 -1180
 -1520 -1520 -1520 -1520
/* GU.CC..CG */
 -1060 -1060 -1060 -1060
 -1070 -1070 -1070 -1070
 -1060 -1060 -1060 -1060
 -1120 -1120 -1120 -1120
/* GU.CG..CG */
 -1710 -1470 -1710 -1470
 -1520 -1520 -1520 -1520
  -870  -870  -870  -870
 -1520 -1520 -1520 -1520
/* GU.CU..CG */
 -1060 -1060 -1060 -1060
 -1010 -1010 -1010 -1010
 -1060 -1060 -1060 -1060
 -1850 -1850 -1850 -1850
/* GU.GA..CG */
 -1220 -1210    40 -1210
 -1530 -1520  -270 -1520
 -1440 -1420 -1420 -1420
 -1530 -1520  -270 -1520
/* GU.GC..CG */
 -1080 -1060   190 -1060
  -840 -1070   180 -1070
 -1080 -1060   190 -1060
  -890 -1120   130 -1120
/* GU.GG..CG */
 -1720 -1710 -1710 -1710
 -1530 -1520  -270 -1520
 -2130  -870 -2120  -870
 -1530 -1520  -270 -1520
/* GU.GU..CG */
 -1080 -1060   190 -1060
  -780 -1010   240 -1010
 -1080 -1060   190 -1060
 -1870 -1850 -1850 -1850
/* GU.UA..CG */
 -1210 -1210 -1210  -970
 -1520 -1520 -1520 -1520
 -1420 -1180 -1420 -1420
 -1520 -1520 -1520 -1520
/* GU.UC..CG */
 -1060 -1060 -1060 -1060
 -1070 -1070 -1070 -1070
 -1060 -1060 -1060 -1060
 -1120 -1120 -1120 -1120
/* GU.UG..CG */
 -1710 -1470 -1710 -1710
 -1520 -1520 -1520 -1520
  -870  -870  -870 -2120
 -1520 -1520 -1520 -1520
/* GU.UU..CG */
 -1060 -1060 -1060 -1060
 -1010 -1010 -1010 -1010
 -1060 -1060 -1060 -1060
 -1850 -1850 -1850 -1850
/* GU.AA..GC */
 -1220 -1040  -870 -1040
 -1670 -1490 -1320 -1490
 -2410 -2230 -2060 -2230
 -1670 -1490 -1320 -1490
/* GU.AC..GC */
 -1590 -1410 -1230 -1410
 -1890 -1710 -1300 -1710
 -1590 -1410 -1230 -1410
 -1890 -1710 -1300 -1710
/* GU.AG..GC */
 -1940 -1760 -1580 -1760
 -1670 -1490 -1320 -1490
 -1050  -870 -1940  -870
 -1670 -1490 -1320 -1490
/* GU.AU..GC */
 -1590 -1410 -1230 -1410
 -2200 -2020 -1610 -2020
 -1590 -1410 -1230 -1410
 -1640 -1700 -1520 -1700
/* GU.CA..GC */
 -1040 -1040 -1040 -1040
 -1490 -1490 -1490 -1490
 -2230 -1990 -2230 -1990
 -1490 -1490 -1490 -1490
/* GU.CC..GC */
 -1410 -1410 -1410 -1410
 -1710 -1710 -1710 -1710
 -1410 -1410 -1410 -1410
 -1710 -1710 -1710 -1710
/* GU.CG..GC */
 -1760 -1520 -1760 -1520
 -1490 -1490 -1490 -1490
  -870  -870  -870  -870
 -1490 -1490 -1490 -1490
/* GU.CU..GC */
 -1410 -1410 -1410 -1410
 -2020 -2020 -2020 -2020
 -1410 -1410 -1410 -1410
 -1700 -1700 -1700 -1700
/* GU.GA..GC */
 -1060 -1040   210 -1040
 -1510 -1490  -240 -1490
 -2250 -2230 -2230 -2230
 -1510 -1490  -240 -1490
/* GU.GC..GC */
 -1420 -1410  -160 -1410
 -1490 -1710  -460 -1710
 -1420 -1410  -160 -1410
 -1490 -1710  -460 -1710
/* GU.GG..GC */
 -1770 -1760 -1760 -1760
 -1510 -1490  -240 -1490
 -2130  -870 -2120  -870
 -1510 -1490  -240 -1490
/* GU.GU..GC */
 -1420 -1410  -160 -1410
 -1800 -2020  -770 -2020
 -1420 -1410  -160 -1410
 -1710 -1700 -1700 -1700
/* GU.UA..GC */
 -1040 -1040 -1040  -800
 -1490 -1490 -1490 -1490
 -2230 -1990 -2230 -2230
 -1490 -1490 -1490 -1490
/* GU.UC..GC */
 -1410 -1410 -1410 -1410
 -1710 -1710 -1710 -1710
 -1410 -1410 -1410 -1410
 -1710 -1710 -1710 -1710
/* GU.UG..GC */
 -1760 -1520 -1760 -1760
 -1490 -1490 -1490 -1490
  -870  -870  -870 -2120
 -1490 -1490 -1490 -1490
/* GU.UU..GC */
 -1410 -1410 -1410 -1410
 -2020 -2020 -2020 -2020
 -1410 -1410 -1410 -1410
 -1700 -1700 -1700 -1700
/* GU.AA..GU */
 -2320 -2140 -1960 -2140
 -2140 -1960 -1780 -1960
 -2150 -1970 -1800 -1970
 -2140 -1960 -1780 -1960
/* GU.AC..GU */
 -2140 -1960 -1780 -1960
 -2140 -1960 -1540 -1960
 -2140 -1960 -1780 -1960
 -2140 -1960 -1540 -1960
/* GU.AG..GU */
 -1960 -1780 -1610 -1780
 -2140 -1960 -1780 -1960
  -890  -710 -1780  -710
 -2140 -1960 -1780 -1960
/* GU.AU..GU */
 -2140 -1960 -1780 -1960
 -2140 -1960 -1540 -1960
 -2140 -1960 -1780 -1960
 -1900 -1960 -1780 -1960
/* GU.CA..GU */
 -2140 -2140 -2140 -2140
 -1960 -1960 -1960 -1960
 -1970 -1730 -1970 -1730
 -1960 -1960 -1960 -1960
/* GU.CC..GU */
 -1960 -1960 -1960 -1960
 -1960 -1960 -1960 -1960
 -1960 -1960 -1960 -1960
 -1960 -1960 -1960 -1960
/* GU.CG..GU */
 -1780 -1540 -1780 -1540
 -1960 -1960 -1960 -1960
  -710  -710  -710  -710
 -1960 -1960 -1960 -1960
/* GU.CU..GU */
 -1960 -1960 -1960 -1960
 -1960 -1960 -1960 -1960
 -1960 -1960 -1960 -1960
 -1960 -1960 -1960 -1960
/* GU.GA..GU */
 -2150 -2140  -890 -2140
 -1970 -1960  -710 -1960
 -1990 -1970 -1970 -1970
 -1970 -1960  -710 -1960
/* GU.GC..GU */
 -1970 -1960  -710 -1960
 -1730 -1960  -710 -1960
 -1970 -1960  -710 -1960
 -1730 -1960  -710 -1960
/* GU.GG..GU */
 -1800 -1780 -1780 -1780
 -1970 -1960  -710 -1960
 -1970  -710 -1960  -710
 -1970 -1960  -710 -1960
/* GU.GU..GU */
 -1970 -1960  -710 -1960
 -1730 -1960  -710 -1960
 -1970 -1960  -710 -1960
 -1970 -1960 -1960 -1960
/* GU.UA..GU */
 -2140 -2140 -2140 -1900
 -1960 -1960 -1960 -1960
 -1970 -1730 -1970 -1970
 -1960 -1960 -1960 -1960
/* GU.UC..GU */
 -1960 -1960 -1960 -1960
 -1960 -1960 -1960 -1960
 -1960 -1960 -1960 -1960
 -1960 -1960 -1960 -1960
/* GU.UG..GU */
 -1780 -1540 -1780 -1780
 -1960 -1960 -1960 -1960
  -710  -710  -710 -1960
 -1960 -1960 -1960 -1960
/* GU.UU..GU */
 -1960 -1960 -1960 -1960
 -1960 -1960 -1960 -1960
 -1960 -1960 -1960 -1960
 -1960 -1960 -1960 -1960
/* GU.AA..UG */
   -70  -890   -30  -890
 -1580 -1400 -1230 -1400
 -1600 -1740 -1570 -1740
 -1580 -1400 -1230 -1400
/* GU.AC..UG */
 -1580 -1400 -1230 -1400
 -1580 -1400  -990 -1400
 -1580 -1400 -1230 -1400
 -1580 -1400  -990 -1400
/* GU.AG..UG */
 -2090 -1910 -1740 -1910
 -1580 -1400 -1230 -1400
  -330  -150 -1230  -150
 -1580 -1400 -1230 -1400
/* GU.AU..UG */
 -1580 -1400 -1230 -1400
 -1580 -1400  -990 -1400
 -1580 -1400 -1230 -1400
 -1340 -1400 -1230 -1400
/* GU.CA..UG */
  -890  -890  -890  -890
 -1400 -1400 -1400 -1400
 -1740 -1500 -1740 -1500
 -1400 -1400 -1400 -1400
/* GU.CC..UG */
 -1400 -1400 -1400 -1400
 -1400 -1400 -1400 -1400
 -1400 -1400 -1400 -1400
 -1400 -1400 -1400 -1400
/* GU.CG..UG */
 -1910 -1670 -1910 -1670
 -1400 -1400 -1400 -1400
  -150  -150  -150  -150
 -1400 -1400 -1400 -1400
/* GU.CU..UG */
 -1400 -1400 -1400 -1400
 -1400 -1400 -1400 -1400
 -1400 -1400 -1400 -1400
 -1400 -1400 -1400 -1400
/* GU.GA..UG */
  -910  -890   360  -890
 -1420 -1400  -150 -1400
 -3040 -1740 -1740 -1740
 -1420 -1400  -150 -1400
/* GU.GC..UG */
 -1420 -1400  -150 -1400
 -1180 -1400  -150 -1400
 -1420 -1400  -150 -1400
 -1180 -1400  -150 -1400
/* GU.GG..UG */
 -1930 -1910 -1910 -1910
 -1420 -1400  -150 -1400
 -1420  -150 -1400  -150
 -1420 -1400  -150 -1400
/* GU.GU..UG */
 -1420 -1400  -150 -1400
 -1180 -1400  -150 -1400
 -1420 -1400  -150 -1400
 -1420 -1400 -1400 -1400
/* GU.UA..UG */
  -890  -890  -890  -650
 -1400 -1400 -1400 -1400
 -1740 -1500 -1740 -1740
 -1400 -1400 -1400 -1400
/* GU.UC..UG */
 -1400 -1400 -1400 -1400
 -1400 -1400 -1400 -1400
 -1400 -1400 -1400 -1400
 -1400 -1400 -1400 -1400
/* GU.UG..UG */
 -1910 -1670 -1910 -1910
 -1400 -1400 -1400 -1400
  -150  -150  -150 -1400
 -1400 -1400 -1400 -1400
/* GU.UU..UG */
 -1400 -1400 -1400 -1400
 -1400 -1400 -1400 -1400
 -1400 -1400 -1400 -1400
 -1400 -1400 -1400 -1400
/* GU.AA..AU */
  -490  -310  -130  -310
  -800  -620  -440  -620
 -1880 -1700 -1520 -1700
  -800  -620  -440  -620
/* GU.AC..AU */
  -780  -600  -430  -600
  -790  -610  -190  -610
  -780  -600  -430  -600
  -790  -610  -190  -610
/* GU.AG..AU */
 -1700 -1520 -1340 -1520
  -800  -620  -440  -620
    40   220  -850   220
  -800  -620  -440  -620
/* GU.AU..AU */
  -780  -600  -430  -600
  -790  -610  -190  -610
  -780  -600  -430  -600
 -1530 -1590 -1410 -1590
/* GU.CA..AU */
  -310  -310  -310  -310
  -620  -620  -620  -620
 -1700 -1460 -1700 -1460
  -620  -620  -620  -620
/* GU.CC..AU */
  -600  -600  -600  -600
  -610  -610  -610  -610
  -600  -600  -600  -600
  -610  -610  -610  -610
/* GU.CG..AU */
 -1520 -1280 -1520 -1280
  -620  -620  -620  -620
   220   220   220   220
  -620  -620  -620  -620
/* GU.CU..AU */
  -600  -600  -600  -600
  -610  -610  -610  -610
  -600  -600  -600  -600
 -1590 -1590 -1590 -1590
/* GU.GA..AU */
  -320  -310   940  -310
  -630  -620   630  -620
 -1710 -1700 -1700 -1700
  -630  -620   630  -620
/* GU.GC..AU */
  -620  -600   650  -600
  -380  -610   640  -610
  -620  -600   650  -600
  -380  -610   640  -610
/* GU.GG..AU */
 -1530 -1520 -1520 -1520
  -630  -620   630  -620
 -1040   220 -1030   220
  -630  -620   630  -620
/* GU.GU..AU */
  -620  -600   650  -600
  -380  -610   640  -610
  -620  -600   650  -600
 -1600 -1590 -1590 -1590
/* GU.UA..AU */
  -310  -310  -310   -70
  -620  -620  -620  -620
 -1700 -1460 -1700 -1700
  -620  -620  -620  -620
/* GU.UC..AU */
  -600  -600  -600  -600
  -610  -610  -610  -610
  -600  -600  -600  -600
  -610  -610  -610  -610
/* GU.UG..AU */
 -1520 -1280 -1520 -1520
  -620  -620  -620  -620
   220   220   220 -1030
  -620  -620  -620  -620
/* GU.UU..AU */
  -600  -600  -600  -600
  -610  -610  -610  -610
  -600  -600  -600  -600
 -1590 -1590 -1590 -1590
/* GU.AA..UA */
  -420  -240   -70  -240
  -700  -520  -350  -520
 -1830 -1650 -1470 -1650
  -700  -520  -350  -520
/* GU.AC..UA */
  -550  -370  -200  -370
  -550  -370    40  -370
  -550  -370  -200  -370
  -680  -500   -90  -500
/* GU.AG..UA */
 -2130 -1950 -1770 -1950
  -700  -520  -350  -520
   230   410  -670   410
  -700  -520  -350  -520
/* GU.AU..UA */
  -550  -370  -200  -370
  -990  -810  -400  -810
  -550  -370  -200  -370
 -1250 -1310 -1140 -1310
/* GU.CA..UA */
  -240  -240  -240  -240
  -520  -520  -520  -520
 -1650 -1410 -1650 -1410
  -520  -520  -520  -520
/* GU.CC..UA */
  -370  -370  -370  -370
  -370  -370  -370  -370
  -370  -370  -370  -370
  -500  -500  -500  -500
/* GU.CG..UA */
 -1950 -1710 -1950 -1710
  -520  -520  -520  -520
   410   410   410   410
  -520  -520  -520  -520
/* GU.CU..UA */
  -370  -370  -370  -370
  -810  -810  -810  -810
  -370  -370  -370  -370
 -1310 -1310 -1310 -1310
/* GU.GA..UA */
  -260  -240  1010  -240
  -540  -520   730  -520
 -1660 -1650 -1650 -1650
  -540  -520   730  -520
/* GU.GC..UA */
  -390  -370   880  -370
  -150  -370   880  -370
  -390  -370   880  -370
  -280  -500   750  -500
/* GU.GG..UA */
 -1960 -1950 -1950 -1950
  -540  -520   730  -520
  -860   410  -840   410
  -540  -520   730  -520
/* GU.GU..UA */
  -390  -370   880  -370
  -590  -810   440  -810
  -390  -370   880  -370
 -1330 -1310 -1310 -1310
/* GU.UA..UA */
  -240  -240  -240     0
  -520  -520  -520  -520
 -1650 -1410 -1650 -1650
  -520  -520  -520  -520
/* GU.UC..UA */
  -370  -370  -370  -370
  -370  -370  -370  -370
  -370  -370  -370  -370
  -500  -500  -500  -500
/* GU.UG..UA */
 -1950 -1710 -1950 -1950
  -520  -520  -520  -520
   410   410   410  -840
  -520  -520  -520  -520
/* GU.UU..UA */
  -370  -370  -370  -370
  -810  -810  -810  -810
  -370  -370  -370  -370
 -1310 -1310 -1310 -1310
/* UG.AA..CG */
  -140  -650 -1160  -650
  -450  -960 -1470  -960
  -360  -870 -1380  -870
  -450  -960 -1470  -960
/* UG.AC..CG */
     0  -510 -1020  -510
     0  -510  -780  -510
     0  -510 -1020  -510
   DEF  -560  -830  -560
/* UG.AG..CG */
  -640 -1150 -1660 -1150
  -450  -960 -1470  -960
   200  -310 -2070  -310
  -450  -960 -1470  -960
/* UG.AU..CG */
     0  -510 -1020  -510
    50  -450  -720  -450
     0  -510 -1020  -510
  -550 -1300 -1810 -1300
/* UG.CA..CG */
  -650  -650  -650  -650
  -960  -960  -960  -960
  -870  -630  -870  -630
  -960  -960  -960  -960
/* UG.CC..CG */
  -510  -510  -510  -510
  -510  -510  -510  -510
  -510  -510  -510  -510
  -560  -560  -560  -560
/* UG.CG..CG */
 -1150  -910 -1150  -910
  -960  -960  -960  -960
  -310  -310  -310  -310
  -960  -960  -960  -960
/* UG.CU..CG */
  -510  -510  -510  -510
  -450  -450  -450  -450
  -510  -510  -510  -510
 -1300 -1300 -1300 -1300
/* UG.GA..CG */
  -990  -650   600  -650
 -1300  -960   290  -960
 -1210  -870  -870  -870
 -1300  -960   290  -960
/* UG.GC..CG */
  -850  -510   740  -510
  -610  -510   740  -510
  -850  -510   740  -510
  -660  -560   690  -560
/* UG.GG..CG */
 -1490 -1150 -1150 -1150
 -1300  -960   290  -960
 -1900  -310 -1560  -310
 -1300  -960   290  -960
/* UG.GU..CG */
  -850  -510   740  -510
  -550  -450   800  -450
  -850  -510   740  -510
 -1640 -1300 -1300 -1300
/* UG.UA..CG */
  -650  -650  -650  -410
  -960  -960  -960  -960
  -870  -630  -870  -870
  -960  -960  -960  -960
/* UG.UC..CG */
  -510  -510  -510  -510
  -510  -510  -510  -510
  -510  -510  -510  -510
  -560  -560  -560  -560
/* UG.UG..CG */
 -1150  -910 -1150 -1150
  -960  -960  -960  -960
  -310  -310  -310 -1560
  -960  -960  -960  -960
/* UG.UU..CG */
  -510  -510  -510  -510
  -450  -450  -450  -450
  -510  -510  -510  -510
 -1300 -1300 -1300 -1300
/* UG.AA..GC */
 -2040  -490 -1000  -490
  -430  -940 -1450  -940
 -1170 -1680 -2190 -1680
  -430  -940 -1450  -940
/* UG.AC..GC */
  -340  -850 -1360  -850
  -650 -1160 -1430 -1160
  -340  -850 -1360  -850
  -650 -1160 -1430 -1160
/* UG.AG..GC */
  -690 -1200 -1710 -1200
  -430  -940 -1450  -940
   200  -310 -2070  -310
  -430  -940 -1450  -940
/* UG.AU..GC */
  -340  -850 -1360  -850
  -960 -1470 -1740 -1470
  -340  -850 -1360  -850
  -390 -1140 -1650 -1140
/* UG.CA..GC */
  -490  -490  -490  -490
  -940  -940  -940  -940
 -1680 -1440 -1680 -1440
  -940  -940  -940  -940
/* UG.CC..GC */
  -850  -850  -850  -850
 -1160 -1160 -1160 -1160
  -850  -850  -850  -850
 -1160 -1160 -1160 -1160
/* UG.CG..GC */
 -1200  -960 -1200  -960
  -940  -940  -940  -940
  -310  -310  -310  -310
  -940  -940  -940  -940
/* UG.CU..GC */
  -850  -850  -850  -850
 -1470 -1470 -1470 -1470
  -850  -850  -850  -850
 -1140 -1140 -1140 -1140
/* UG.GA..GC */
  -830  -490   760  -490
 -1280  -940   310  -940
 -2020 -1680 -1680 -1680
 -1280  -940   310  -940
/* UG.GC..GC */
 -1190  -850   400  -850
 -1260 -1160    90 -1160
 -1190  -850   400  -850
 -1260 -1160    90 -1160
/* UG.GG..GC */
 -1540 -1200 -1200 -1200
 -1280  -940   310  -940
 -1900  -310 -1560  -310
 -1280  -940   310  -940
/* UG.GU..GC */
 -1190  -850   400  -850
 -1570 -1470  -220 -1470
 -1190  -850   400  -850
 -1480 -1140 -1140 -1140
/* UG.UA..GC */
  -490  -490  -490  -250
  -940  -940  -940  -940
 -1680 -1440 -1680 -1680
  -940  -940  -940  -940
/* UG.UC..GC */
  -850  -850  -850  -850
 -1160 -1160 -1160 -1160
  -850  -850  -850  -850
 -1160 -1160 -1160 -1160
/* UG.UG..GC */
 -1200  -960 -1200 -1200
  -940  -940  -940  -940
  -310  -310  -310 -1560
  -940  -940  -940  -940
/* UG.UU..GC */
  -850  -850  -850  -850
 -1470 -1470 -1470 -1470
  -850  -850  -850  -850
 -1140 -1140 -1140 -1140
/* UG.AA..GU */
   -70 -1580 -2090 -1580
  -890 -1400 -1910 -1400
  -910 -1420 -1930 -1420
  -890 -1400 -1910 -1400
/* UG.AC..GU */
  -890 -1400 -1910 -1400
  -890 -1400 -1670 -1400
  -890 -1400 -1910 -1400
  -890 -1400 -1670 -1400
/* UG.AG..GU */
   -30 -1230 -1740 -1230
  -890 -1400 -1910 -1400
   360  -150 -1910  -150
  -890 -1400 -1910 -1400
/* UG.AU..GU */
  -890 -1400 -1910 -1400
  -890 -1400 -1670 -1400
  -890 -1400 -1910 -1400
  -650 -1400 -1910 -1400
/* UG.CA..GU */
 -1580 -1580 -1580 -1580
 -1400 -1400 -1400 -1400
 -1420 -1180 -1420 -1180
 -1400 -1400 -1400 -1400
/* UG.CC..GU */
 -1400 -1400 -1400 -1400
 -1400 -1400 -1400 -1400
 -1400 -1400 -1400 -1400
 -1400 -1400 -1400 -1400
/* UG.CG..GU */
 -1230  -990 -1230  -990
 -1400 -1400 -1400 -1400
  -150  -150  -150  -150
 -1400 -1400 -1400 -1400
/* UG.CU..GU */
 -1400 -1400 -1400 -1400
 -1400 -1400 -1400 -1400
 -1400 -1400 -1400 -1400
 -1400 -1400 -1400 -1400
/* UG.GA..GU */
 -1600 -1580  -330 -1580
 -1740 -1400  -150 -1400
 -3040 -1420 -1420 -1420
 -1740 -1400  -150 -1400
/* UG.GC..GU */
 -1740 -1400  -150 -1400
 -1500 -1400  -150 -1400
 -1740 -1400  -150 -1400
 -1500 -1400  -150 -1400
/* UG.GG..GU */
 -1570 -1230 -1230 -1230
 -1740 -1400  -150 -1400
 -1740  -150 -1400  -150
 -1740 -1400  -150 -1400
/* UG.GU..GU */
 -1740 -1400  -150 -1400
 -1500 -1400  -150 -1400
 -1740 -1400  -150 -1400
 -1740 -1400 -1400 -1400
/* UG.UA..GU */
 -1580 -1580 -1580 -1340
 -1400 -1400 -1400 -1400
 -1420 -1180 -1420 -1420
 -1400 -1400 -1400 -1400
/* UG.UC..GU */
 -1400 -1400 -1400 -1400
 -1400 -1400 -1400 -1400
 -1400 -1400 -1400 -1400
 -1400 -1400 -1400 -1400
/* UG.UG..GU */
 -1230  -990 -1230 -1230
 -1400 -1400 -1400 -1400
  -150  -150  -150 -1400
 -1400 -1400 -1400 -1400
/* UG.UU..GU */
 -1400 -1400 -1400 -1400
 -1400 -1400 -1400 -1400
 -1400 -1400 -1400 -1400
 -1400 -1400 -1400 -1400
/* UG.AA..UG */
   170  -340  -850  -340
  -340  -850 -1360  -850
  -680 -1190 -1700 -1190
  -340  -850 -1360  -850
/* UG.AC..UG */
  -340  -850 -1360  -850
  -340  -850 -1120  -850
  -340  -850 -1360  -850
  -340  -850 -1120  -850
/* UG.AG..UG */
  -850 -1360 -1870 -1360
  -340  -850 -1360  -850
   910   400 -1360   400
  -340  -850 -1360  -850
/* UG.AU..UG */
  -340  -850 -1360  -850
  -340  -850 -1120  -850
  -340  -850 -1360  -850
  -100  -850 -1360  -850
/* UG.CA..UG */
  -340  -340  -340  -340
  -850  -850  -850  -850
 -1190  -950 -1190  -950
  -850  -850  -850  -850
/* UG.CC..UG */
  -850  -850  -850  -850
  -850  -850  -850  -850
  -850  -850  -850  -850
  -850  -850  -850  -850
/* UG.CG..UG */
 -1360 -1120 -1360 -1120
  -850  -850  -850  -850
   400   400   400   400
  -850  -850  -850  -850
/* UG.CU..UG */
  -850  -850  -850  -850
  -850  -850  -850  -850
  -850  -850  -850  -850
  -850  -850  -850  -850
/* UG.GA..UG */
  -680  -340   910  -340
 -1190  -850   400  -850
 -1530 -1190 -1190 -1190
 -1190  -850   400  -850
/* UG.GC..UG */
 -1190  -850   400  -850
  -950  -850   400  -850
 -1190  -850   400  -850
  -950  -850   400  -850
/* UG.GG..UG */
 -1700 -1360 -1360 -1360
 -1190  -850   400  -850
 -1190   400  -850   400
 -1190  -850   400  -850
/* UG.GU..UG */
 -1190  -850   400  -850
  -950  -850   400  -850
 -1190  -850   400  -850
 -1190  -850  -850  -850
/* UG.UA..UG */
  -340  -340  -340  -100
  -850  -850  -850  -850
 -1190  -950 -1190 -1190
  -850  -850  -850  -850
/* UG.UC..UG */
  -850  -850  -850  -850
  -850  -850  -850  -850
  -850  -850  -850  -850
  -850  -850  -850  -850
/* UG.UG..UG */
 -1360 -1120 -1360 -1360
  -850  -850  -850  -850
   400   400   400  -850
  -850  -850  -850  -850
/* UG.UU..UG */
  -850  -850  -850  -850
  -850  -850  -850  -850
  -850  -850  -850  -850
  -850  -850  -850  -850
/* UG.AA..AU */
   750   240  -260   240
   440   -60  -570   -60
  -630 -1140 -1650 -1140
   440   -60  -570   -60
/* UG.AC..AU */
   460   DEF  -560   DEF
   450   DEF  -320   DEF
   460   DEF  -560   DEF
   450   DEF  -320   DEF
/* UG.AG..AU */
  -450  -960 -1470  -960
   440   -60  -570   -60
  1280   780  -980   780
   440   -60  -570   -60
/* UG.AU..AU */
   460   DEF  -560   DEF
   450   DEF  -320   DEF
   460   DEF  -560   DEF
  -280 -1030 -1540 -1030
/* UG.CA..AU */
   240   240   240   240
   -60   -60   -60   -60
 -1140  -900 -1140  -900
   -60   -60   -60   -60
/* UG.CC..AU */
   DEF   DEF   DEF   DEF
   DEF   DEF   DEF   DEF
   DEF   DEF   DEF   DEF
   DEF   DEF   DEF   DEF
/* UG.CG..AU */
  -960  -720  -960  -720
   -60   -60   -60   -60
   780   780   780   780
   -60   -60   -60   -60
/* UG.CU..AU */
   DEF   DEF   DEF   DEF
   DEF   DEF   DEF   DEF
   DEF   DEF   DEF   DEF
 -1030 -1030 -1030 -1030
/* UG.GA..AU */
   -90   240  1490   240
  -400   -60  1190   -60
 -1480 -1140 -1140 -1140
  -400   -60  1190   -60
/* UG.GC..AU */
  -390   DEF  1200   DEF
  -150   DEF  1200   DEF
  -390   DEF  1200   DEF
  -150   DEF  1200   DEF
/* UG.GG..AU */
 -1300  -960  -960  -960
  -400   -60  1190   -60
  -810   780  -470   780
  -400   -60  1190   -60
/* UG.GU..AU */
  -390   DEF  1200   DEF
  -150   DEF  1200   DEF
  -390   DEF  1200   DEF
 -1370 -1030 -1030 -1030
/* UG.UA..AU */
   240   240   240   480
   -60   -60   -60   -60
 -1140  -900 -1140 -1140
   -60   -60   -60   -60
/* UG.UC..AU */
   DEF   DEF   DEF   DEF
   DEF   DEF   DEF   DEF
   DEF   DEF   DEF   DEF
   DEF   DEF   DEF   DEF
/* UG.UG..AU */
  -960  -720  -960  -960
   -60   -60   -60   -60
   780   780   780  -470
   -60   -60   -60   -60
/* UG.UU..AU */
   DEF   DEF   DEF   DEF
   DEF   DEF   DEF   DEF
   DEF   DEF   DEF   DEF
 -1030 -1030 -1030 -1030
/* UG.AA..UA */
   820   310  -200   310
   540    30  -480    30
  -580 -1090 -1600 -1090
   540    30  -480    30
/* UG.AC..UA */
   690   180  -330   180
   690   180   -90   180
   690   180  -330   180
   560    50  -220    50
/* UG.AG..UA */
  -880 -1390 -1900 -1390
   540    30  -480    30
  1470   960  -800   960
   540    30  -480    30
/* UG.AU..UA */
   690   180  -330   180
   250  -260  -530  -260
   690   180  -330   180
   -10  -760 -1270  -760
/* UG.CA..UA */
   310   310   310   310
    30    30    30    30
 -1090  -850 -1090  -850
    30    30    30    30
/* UG.CC..UA */
   180   180   180   180
   180   180   180   180
   180   180   180   180
    50    50    50    50
/* UG.CG..UA */
 -1390 -1150 -1390 -1150
    30    30    30    30
   960   960   960   960
    30    30    30    30
/* UG.CU..UA */
   180   180   180   180
  -260  -260  -260  -260
   180   180   180   180
  -760  -760  -760  -760
/* UG.GA..UA */
   -30   310  1560   310
  -310    30  1280    30
 -1430 -1090 -1090 -1090
  -310    30  1280    30
/* UG.GC..UA */
  -160   180  1430   180
    80   180  1430   180
  -160   180  1430   180
   DEF    50  1300    50
/* UG.GG..UA */
 -1730 -1390 -1390 -1390
  -310    30  1280    30
  -630   960  -290   960
  -310    30  1280    30
/* UG.GU..UA */
  -160   180  1430   180
  -360  -260   990  -260
  -160   180  1430   180
 -1100  -760  -760  -760
/* UG.UA..UA */
   310   310   310   550
    30    30    30    30
 -1090  -850 -1090 -1090
    30    30    30    30
/* UG.UC..UA */
   180   180   180   180
   180   180   180   180
   180   180   180   180
    50    50    50    50
/* UG.UG..UA */
 -1390 -1150 -1390 -1390
    30    30    30    30
   960   960   960  -290
    30    30    30    30
/* UG.UU..UA */
   180   180   180   180
  -260  -260  -260  -260
   180   180   180   180
  -760  -760  -760  -760
/* AU.AA..CG */
   440   140  -770   140
   130  -160 -1080  -160
   220   -70  -980   -70
   130  -160 -1080  -160
/* AU.AC..CG */
   580   290  -620   290
   580   280  -390   280
   580   290  -620   290
   530   230  -440   230
/* AU.AG..CG */
   -60  -350 -1270  -350
   130  -160 -1080  -160
   780   490 -1680   490
   130  -160 -1080  -160
/* AU.AU..CG */
   580   290  -620   290
   640   340  -330   340
   580   290  -620   290
    40  -500 -1410  -500
/* AU.CA..CG */
   130   140   130   140
  -180  -170  -180  -170
   -80   170   -80   170
  -180  -170  -180  -170
/* AU.CC..CG */
   270   280   270   280
   270   280   270   280
   270   280   270   280
   220   230   220   230
/* AU.CG..CG */
  -370  -120  -370  -120
  -180  -170  -180  -170
   470   480   470   480
  -180  -170  -180  -170
/* AU.CU..CG */
   270   280   270   280
   330   340   330   340
   270   280   270   280
  -510  -500  -510  -500
/* AU.GA..CG */
  -950   140   970   140
 -1260  -160   660  -160
 -1160   -70  -490   -70
 -1260  -160   660  -160
/* AU.GC..CG */
  -800   290  1120   290
  -570   280  1110   280
  -800   290  1120   290
  -620   230  1060   230
/* AU.GG..CG */
 -1450  -350  -780  -350
 -1260  -160   660  -160
 -1860   490 -1190   490
 -1260  -160   660  -160
/* AU.GU..CG */
  -800   290  1120   290
  -510   340  1170   340
  -800   290  1120   290
 -1590  -500  -920  -500
/* AU.UA..CG */
   130   140   130  -600
  -180  -170  -180 -1150
   -80   170   -80 -1050
  -180  -170  -180 -1150
/* AU.UC..CG */
   270   280   270  -690
   270   280   270  -700
   270   280   270  -690
   220   230   220  -750
/* AU.UG..CG */
  -370  -120  -370 -1340
  -180  -170  -180 -1150
   470   480   470 -1750
  -180  -170  -180 -1150
/* AU.UU..CG */
   270   280   270  -690
   330   340   330  -640
   270   280   270  -690
  -510  -500  -510 -1480
/* AU.AA..GC */
   600   310  -600   310
   150  -140 -1050  -140
  -580  -880 -1790  -880
   150  -140 -1050  -140
/* AU.AC..GC */
   240   DEF  -970   DEF
   -60  -360 -1030  -360
   240   DEF  -970   DEF
   -60  -360 -1030  -360
/* AU.AG..GC */
  -110  -400 -1320  -400
   150  -140 -1050  -140
   780   490 -1680   490
   150  -140 -1050  -140
/* AU.AU..GC */
   240   DEF  -970   DEF
  -370  -670 -1340  -670
   240   DEF  -970   DEF
   190  -340 -1260  -340
/* AU.CA..GC */
   290   300   290   300
  -150  -140  -150  -140
  -890  -640  -890  -640
  -150  -140  -150  -140
/* AU.CC..GC */
   -70   -60   -70   -60
  -370  -360  -370  -360
   -70   -60   -70   -60
  -370  -360  -370  -360
/* AU.CG..GC */
  -420  -170  -420  -170
  -150  -140  -150  -140
   470   480   470   480
  -150  -140  -150  -140
/* AU.CU..GC */
   -70   -60   -70   -60
  -680  -670  -680  -670
   -70   -60   -70   -60
  -360  -350  -360  -350
/* AU.GA..GC */
  -780   310  1140   310
 -1230  -140   690  -140
 -1970  -880 -1300  -880
 -1230  -140   690  -140
/* AU.GC..GC */
 -1150   DEF   770   DEF
 -1210  -360   470  -360
 -1150   DEF   770   DEF
 -1210  -360   470  -360
/* AU.GG..GC */
 -1500  -400  -830  -400
 -1230  -140   690  -140
 -1860   490 -1190   490
 -1230  -140   690  -140
/* AU.GU..GC */
 -1150   DEF   770   DEF
 -1520  -670   160  -670
 -1150   DEF   770   DEF
 -1440  -340  -770  -340
/* AU.UA..GC */
   290   300   290  -430
  -150  -140  -150 -1120
  -890  -640  -890 -1860
  -150  -140  -150 -1120
/* AU.UC..GC */
   -70   -60   -70 -1040
  -370  -360  -370 -1340
   -70   -60   -70 -1040
  -370  -360  -370 -1340
/* AU.UG..GC */
  -420  -170  -420 -1390
  -150  -140  -150 -1120
   470   480   470 -1750
  -150  -140  -150 -1120
/* AU.UU..GC */
   -70   -60   -70 -1040
  -680  -670  -680 -1650
   -70   -60   -70 -1040
  -360  -350  -360 -1330
/* AU.AA..GU */
  -490  -780 -1700  -780
  -310  -600 -1520  -600
  -320  -620 -1530  -620
  -310  -600 -1520  -600
/* AU.AC..GU */
  -310  -600 -1520  -600
  -310  -600 -1280  -600
  -310  -600 -1520  -600
  -310  -600 -1280  -600
/* AU.AG..GU */
  -130  -430 -1340  -430
  -310  -600 -1520  -600
   940   650 -1520   650
  -310  -600 -1520  -600
/* AU.AU..GU */
  -310  -600 -1520  -600
  -310  -600 -1280  -600
  -310  -600 -1520  -600
   -70  -600 -1520  -600
/* AU.CA..GU */
  -800  -790  -800  -790
  -620  -610  -620  -610
  -630  -380  -630  -380
  -620  -610  -620  -610
/* AU.CC..GU */
  -620  -610  -620  -610
  -620  -610  -620  -610
  -620  -610  -620  -610
  -620  -610  -620  -610
/* AU.CG..GU */
  -440  -190  -440  -190
  -620  -610  -620  -610
   630   640   630   640
  -620  -610  -620  -610
/* AU.CU..GU */
  -620  -610  -620  -610
  -620  -610  -620  -610
  -620  -610  -620  -610
  -620  -610  -620  -610
/* AU.GA..GU */
 -1880  -780    40  -780
 -1700  -600   220  -600
 -1710  -620 -1040  -620
 -1700  -600   220  -600
/* AU.GC..GU */
 -1700  -600   220  -600
 -1460  -600   220  -600
 -1700  -600   220  -600
 -1460  -600   220  -600
/* AU.GG..GU */
 -1520  -430  -850  -430
 -1700  -600   220  -600
 -1700   650 -1030   650
 -1700  -600   220  -600
/* AU.GU..GU */
 -1700  -600   220  -600
 -1460  -600   220  -600
 -1700  -600   220  -600
 -1700  -600 -1030  -600
/* AU.UA..GU */
  -800  -790  -800 -1530
  -620  -610  -620 -1590
  -630  -380  -630 -1600
  -620  -610  -620 -1590
/* AU.UC..GU */
  -620  -610  -620 -1590
  -620  -610  -620 -1590
  -620  -610  -620 -1590
  -620  -610  -620 -1590
/* AU.UG..GU */
  -440  -190  -440 -1410
  -620  -610  -620 -1590
   630   640   630 -1590
  -620  -610  -620 -1590
/* AU.UU..GU */
  -620  -610  -620 -1590
  -620  -610  -620 -1590
  -620  -610  -620 -1590
  -620  -610  -620 -1590
/* AU.AA..UG */
   750   460  -450   460
   240   DEF  -960   DEF
   -90  -390 -1300  -390
   240   DEF  -960   DEF
/* AU.AC..UG */
   240   DEF  -960   DEF
   240   DEF  -720   DEF
   240   DEF  -960   DEF
   240   DEF  -720   DEF
/* AU.AG..UG */
  -260  -560 -1470  -560
   240   DEF  -960   DEF
  1490  1200  -960  1200
   240   DEF  -960   DEF
/* AU.AU..UG */
   240   DEF  -960   DEF
   240   DEF  -720   DEF
   240   DEF  -960   DEF
   480   DEF  -960   DEF
/* AU.CA..UG */
   440   450   440   450
   -60   DEF   -60   DEF
  -400  -150  -400  -150
   -60   DEF   -60   DEF
/* AU.CC..UG */
   -60   DEF   -60   DEF
   -60   DEF   -60   DEF
   -60   DEF   -60   DEF
   -60   DEF   -60   DEF
/* AU.CG..UG */
  -570  -320  -570  -320
   -60   DEF   -60   DEF
  1190  1200  1190  1200
   -60   DEF   -60   DEF
/* AU.CU..UG */
   -60   DEF   -60   DEF
   -60   DEF   -60   DEF
   -60   DEF   -60   DEF
   -60   DEF   -60   DEF
/* AU.GA..UG */
  -630   460  1280   460
 -1140   DEF   780   DEF
 -1480  -390  -810  -390
 -1140   DEF   780   DEF
/* AU.GC..UG */
 -1140   DEF   780   DEF
  -900   DEF   780   DEF
 -1140   DEF   780   DEF
  -900   DEF   780   DEF
/* AU.GG..UG */
 -1650  -560  -980  -560
 -1140   DEF   780   DEF
 -1140  1200  -470  1200
 -1140   DEF   780   DEF
/* AU.GU..UG */
 -1140   DEF   780   DEF
  -900   DEF   780   DEF
 -1140   DEF   780   DEF
 -1140   DEF  -470   DEF
/* AU.UA..UG */
   440   450   440  -280
   -60   DEF   -60 -1030
  -400  -150  -400 -1370
   -60   DEF   -60 -1030
/* AU.UC..UG */
   -60   DEF   -60 -1030
   -60   DEF   -60 -1030
   -60   DEF   -60 -1030
   -60   DEF   -60 -1030
/* AU.UG..UG */
  -570  -320  -570 -1540
   -60   DEF   -60 -1030
  1190  1200  1190 -1030
   -60   DEF   -60 -1030
/* AU.UU..UG */
   -60   DEF   -60 -1030
   -60   DEF   -60 -1030
   -60   DEF   -60 -1030
   -60   DEF   -60 -1030
/* AU.AA..AU */
  1340  1040   130  1040
  1030   730  -180   730
   DEF  -340 -1260  -340
  1030   730  -180   730
/* AU.AC..AU */
  1040   750  -160   750
  1040   740    70   740
  1040   750  -160   750
  1040   740    70   740
/* AU.AG..AU */
   130  -160 -1080  -160
  1030   730  -180   730
  1870  1570  -590  1570
  1030   730  -180   730
/* AU.AU..AU */
  1040   750  -160   750
  1040   740    70   740
  1040   750  -160   750
   300  -230 -1150  -230
/* AU.CA..AU */
  1030  1040  1030  1040
   720   730   720   730
  -360  -110  -360  -110
   720   730   720   730
/* AU.CC..AU */
   730   740   730   740
   730   740   730   740
   730   740   730   740
   730   740   730   740
/* AU.CG..AU */
  -180    70  -180    70
   720   730   720   730
  1560  1570  1560  1570
   720   730   720   730
/* AU.CU..AU */
   730   740   730   740
   730   740   730   740
   730   740   730   740
  -250  -240  -250  -240
/* AU.GA..AU */
   DEF  1040  1870  1040
  -360   730  1560   730
 -1440  -340  -770  -340
  -360   730  1560   730
/* AU.GC..AU */
  -340   750  1570   750
  -110   740  1570   740
  -340   750  1570   750
  -110   740  1570   740
/* AU.GG..AU */
 -1260  -160  -590  -160
  -360   730  1560   730
  -770  1570  -100  1570
  -360   730  1560   730
/* AU.GU..AU */
  -340   750  1570   750
  -110   740  1570   740
  -340   750  1570   750
 -1330  -230  -660  -230
/* AU.UA..AU */
  1030  1040  1030   300
   720   730   720  -250
  -360  -110  -360 -1330
   720   730   720  -250
/* AU.UC..AU */
   730   740   730  -230
   730   740   730  -240
   730   740   730  -230
   730   740   730  -240
/* AU.UG..AU */
  -180    70  -180 -1150
   720   730   720  -250
  1560  1570  1560  -660
   720   730   720  -250
/* AU.UU..AU */
   730   740   730  -230
   730   740   730  -240
   730   740   730  -230
  -250  -240  -250 -1220
/* AU.AA..UA */
  1400  1110   190  1110
  1120   830   -80   830
     0  -290 -1210  -290
  1120   830   -80   830
/* AU.AC..UA */
  1270   980    60   980
  1270   980   300   980
  1270   980    60   980
  1140   850   180   850
/* AU.AG..UA */
  -300  -590 -1510  -590
  1120   830   -80   830
  2050  1760  -400  1760
  1120   830   -80   830
/* AU.AU..UA */
  1270   980    60   980
   830   540  -130   540
  1270   980    60   980
   570    40  -870    40
/* AU.CA..UA */
  1090  1100  1090  1100
   810   820   810   820
  -310   -60  -310   -60
   810   820   810   820
/* AU.CC..UA */
   960   970   960   970
   960   970   960   970
   960   970   960   970
   830   840   830   840
/* AU.CG..UA */
  -610  -360  -610  -360
   810   820   810   820
  1740  1750  1740  1750
   810   820   810   820
/* AU.CU..UA */
   960   970   960   970
   520   530   520   530
   960   970   960   970
    20    30    20    30
/* AU.GA..UA */
    10  1110  1930  1110
  -260   830  1650   830
 -1390  -290  -720  -290
  -260   830  1650   830
/* AU.GC..UA */
  -110   980  1800   980
   130   980  1800   980
  -110   980  1800   980
     0   850  1670   850
/* AU.GG..UA */
 -1690  -590 -1020  -590
  -260   830  1650   830
  -580  1760    80  1760
  -260   830  1650   830
/* AU.GU..UA */
  -110   980  1800   980
  -310   540  1360   540
  -110   980  1800   980
 -1050    40  -380    40
/* AU.UA..UA */
  1090  1100  1090   360
   810   820   810  -150
  -310   -60  -310 -1280
   810   820   810  -150
/* AU.UC..UA */
   960   970   960     0
   960   970   960     0
   960   970   960     0
   830   840   830  -130
/* AU.UG..UA */
  -610  -360  -610 -1580
   810   820   810  -150
  1740  1750  1740  -470
   810   820   810  -150
/* AU.UU..UA */
   960   970   960     0
   520   530   520  -440
   960   970   960     0
    20    30    20  -940
/* UA.AA..CG */
   500   370 -1200   370
   190    60 -1510    60
   290   160 -1410   160
   190    60 -1510    60
/* UA.AC..CG */
   650   520 -1050   520
   640   510  -820   510
   650   520 -1050   520
   590   460  -870   460
/* UA.AG..CG */
     0  -120 -1700  -120
   190    60 -1510    60
   850   720 -2110   720
   190    60 -1510    60
/* UA.AU..CG */
   650   520 -1050   520
   700   570  -760   570
   650   520 -1050   520
   100  -270 -1840  -270
/* UA.CA..CG */
   220   370   220   -60
   -80    60   -80  -370
    10   400    10   -40
   -80    60   -80  -370
/* UA.CC..CG */
   370   520   370    80
   360   510   360    70
   370   520   370    80
   310   460   310    20
/* UA.CG..CG */
  -270   120  -270  -320
   -80    60   -80  -370
   570   720   570   280
   -80    60   -80  -370
/* UA.CU..CG */
   370   520   370    80
   420   570   420   130
   370   520   370    80
  -420  -270  -420  -710
/* UA.GA..CG */
  -900   370  1160   370
 -1210    60   850    60
 -1110   160  -310   160
 -1210    60   850    60
/* UA.GC..CG */
  -750   520  1300   520
  -520   510  1290   510
  -750   520  1300   520
  -570   460  1250   460
/* UA.GG..CG */
 -1400  -120  -590  -120
 -1210    60   850    60
 -1810   720 -1000   720
 -1210    60   850    60
/* UA.GU..CG */
  -750   520  1300   520
  -460   570  1350   570
  -750   520  1300   520
 -1540  -270  -740  -270
/* UA.UA..CG */
   220   240   220  -320
   -80   -60   -80  -870
    10   270    10  -780
   -80   -60   -80  -870
/* UA.UC..CG */
   370   390   370  -420
   360   380   360  -420
   370   390   370  -420
   310   330   310  -470
/* UA.UG..CG */
  -270   -10  -270 -1060
   -80   -60   -80  -870
   570   590   570 -1470
   -80   -60   -80  -870
/* UA.UU..CG */
   370   390   370  -420
   420   440   420  -360
   370   390   370  -420
  -420  -400  -420 -1210
/* UA.AA..GC */
   670   540 -1030   540
   220    90 -1480    90
  -520  -650 -2220  -650
   220    90 -1480    90
/* UA.AC..GC */
   300   170 -1400   170
     0  -130 -1460  -130
   300   170 -1400   170
     0  -130 -1460  -130
/* UA.AG..GC */
   -40  -170 -1750  -170
   220    90 -1480    90
   850   720 -2110   720
   220    90 -1480    90
/* UA.AU..GC */
   300   170 -1400   170
  -310  -440 -1770  -440
   300   170 -1400   170
   250  -110 -1690  -110
/* UA.CA..GC */
   390   540   390   100
   -60    90   -60  -350
  -800  -410  -800  -850
   -60    90   -60  -350
/* UA.CC..GC */
    20   170    20  -260
  -280  -130  -280  -570
    20   170    20  -260
  -280  -130  -280  -570
/* UA.CG..GC */
  -320    70  -320  -370
   -60    90   -60  -350
   570   720   570   280
   -60    90   -60  -350
/* UA.CU..GC */
    20   170    20  -260
  -590  -440  -590  -880
    20   170    20  -260
  -260  -110  -260  -550
/* UA.GA..GC */
  -730   540  1320   540
 -1180    90   870    90
 -1920  -650 -1120  -650
 -1180    90   870    90
/* UA.GC..GC */
 -1100   170   960   170
 -1160  -130   650  -130
 -1100   170   960   170
 -1160  -130   650  -130
/* UA.GG..GC */
 -1450  -170  -640  -170
 -1180    90   870    90
 -1810   720 -1000   720
 -1180    90   870    90
/* UA.GU..GC */
 -1100   170   960   170
 -1470  -440   340  -440
 -1100   170   960   170
 -1390  -110  -580  -110
/* UA.UA..GC */
   390   410   390  -160
   -60   -40   -60  -850
  -800  -540  -800 -1590
   -60   -40   -60  -850
/* UA.UC..GC */
    20    40    20  -760
  -280  -260  -280 -1070
    20    40    20  -760
  -280  -260  -280 -1070
/* UA.UG..GC */
  -320   -60  -320 -1110
   -60   -40   -60  -850
   570   590   570 -1470
   -60   -40   -60  -850
/* UA.UU..GC */
    20    40    20  -760
  -590  -570  -590 -1380
    20    40    20  -760
  -260  -240  -260 -1050
/* UA.AA..GU */
  -420  -550 -2130  -550
  -240  -370 -1950  -370
  -260  -390 -1960  -390
  -240  -370 -1950  -370
/* UA.AC..GU */
  -240  -370 -1950  -370
  -240  -370 -1710  -370
  -240  -370 -1950  -370
  -240  -370 -1710  -370
/* UA.AG..GU */
   -70  -200 -1770  -200
  -240  -370 -1950  -370
  1010   880 -1950   880
  -240  -370 -1950  -370
/* UA.AU..GU */
  -240  -370 -1950  -370
  -240  -370 -1710  -370
  -240  -370 -1950  -370
     0  -370 -1950  -370
/* UA.CA..GU */
  -700  -550  -700  -990
  -520  -370  -520  -810
  -540  -150  -540  -590
  -520  -370  -520  -810
/* UA.CC..GU */
  -520  -370  -520  -810
  -520  -370  -520  -810
  -520  -370  -520  -810
  -520  -370  -520  -810
/* UA.CG..GU */
  -350    40  -350  -400
  -520  -370  -520  -810
   730   880   730   440
  -520  -370  -520  -810
/* UA.CU..GU */
  -520  -370  -520  -810
  -520  -370  -520  -810
  -520  -370  -520  -810
  -520  -370  -520  -810
/* UA.GA..GU */
 -1830  -550   230  -550
 -1650  -370   410  -370
 -1660  -390  -860  -390
 -1650  -370   410  -370
/* UA.GC..GU */
 -1650  -370   410  -370
 -1410  -370   410  -370
 -1650  -370   410  -370
 -1410  -370   410  -370
/* UA.GG..GU */
 -1470  -200  -670  -200
 -1650  -370   410  -370
 -1650   880  -840   880
 -1650  -370   410  -370
/* UA.GU..GU */
 -1650  -370   410  -370
 -1410  -370   410  -370
 -1650  -370   410  -370
 -1650  -370  -840  -370
/* UA.UA..GU */
  -700  -680  -700 -1250
  -520  -500  -520 -1310
  -540  -280  -540 -1330
  -520  -500  -520 -1310
/* UA.UC..GU */
  -520  -500  -520 -1310
  -520  -500  -520 -1310
  -520  -500  -520 -1310
  -520  -500  -520 -1310
/* UA.UG..GU */
  -350   -90  -350 -1140
  -520  -500  -520 -1310
   730   750   730 -1310
  -520  -500  -520 -1310
/* UA.UU..GU */
  -520  -500  -520 -1310
  -520  -500  -520 -1310
  -520  -500  -520 -1310
  -520  -500  -520 -1310
/* UA.AA..UG */
   820   690  -880   690
   310   180 -1390   180
   -30  -160 -1730  -160
   310   180 -1390   180
/* UA.AC..UG */
   310   180 -1390   180
   310   180 -1150   180
   310   180 -1390   180
   310   180 -1150   180
/* UA.AG..UG */
  -200  -330 -1900  -330
   310   180 -1390   180
  1560  1430 -1390  1430
   310   180 -1390   180
/* UA.AU..UG */
   310   180 -1390   180
   310   180 -1150   180
   310   180 -1390   180
   550   180 -1390   180
/* UA.CA..UG */
   540   690   540   250
    30   180    30  -260
  -310    80  -310  -360
    30   180    30  -260
/* UA.CC..UG */
    30   180    30  -260
    30   180    30  -260
    30   180    30  -260
    30   180    30  -260
/* UA.CG..UG */
  -480   -90  -480  -530
    30   180    30  -260
  1280  1430  1280   990
    30   180    30  -260
/* UA.CU..UG */
    30   180    30  -260
    30   180    30  -260
    30   180    30  -260
    30   180    30  -260
/* UA.GA..UG */
  -580   690  1470   690
 -1090   180   960   180
 -1430  -160  -630  -160
 -1090   180   960   180
/* UA.GC..UG */
 -1090   180   960   180
  -850   180   960   180
 -1090   180   960   180
  -850   180   960   180
/* UA.GG..UG */
 -1600  -330  -800  -330
 -1090   180   960   180
 -1090  1430  -290  1430
 -1090   180   960   180
/* UA.GU..UG */
 -1090   180   960   180
  -850   180   960   180
 -1090   180   960   180
 -1090   180  -290   180
/* UA.UA..UG */
   540   560   540   -10
    30    50    30  -760
  -310   DEF  -310 -1100
    30    50    30  -760
/* UA.UC..UG */
    30    50    30  -760
    30    50    30  -760
    30    50    30  -760
    30    50    30  -760
/* UA.UG..UG */
  -480  -220  -480 -1270
    30    50    30  -760
  1280  1300  1280  -760
    30    50    30  -760
/* UA.UU..UG */
    30    50    30  -760
    30    50    30  -760
    30    50    30  -760
    30    50    30  -760
/* UA.AA..AU */
  1400  1270  -300  1270
  1090   960  -610   960
    10  -110 -1690  -110
  1090   960  -610   960
/* UA.AC..AU */
  1110   980  -590   980
  1100   970  -360   970
  1110   980  -590   980
  1100   970  -360   970
/* UA.AG..AU */
   190    60 -1510    60
  1090   960  -610   960
  1930  1800 -1020  1800
  1090   960  -610   960
/* UA.AU..AU */
  1110   980  -590   980
  1100   970  -360   970
  1110   980  -590   980
   360     0 -1580     0
/* UA.CA..AU */
  1120  1270  1120   830
   810   960   810   520
  -260   130  -260  -310
   810   960   810   520
/* UA.CC..AU */
   830   980   830   540
   820   970   820   530
   830   980   830   540
   820   970   820   530
/* UA.CG..AU */
   -80   300   -80  -130
   810   960   810   520
  1650  1800  1650  1360
   810   960   810   520
/* UA.CU..AU */
   830   980   830   540
   820   970   820   530
   830   980   830   540
  -150     0  -150  -440
/* UA.GA..AU */
     0  1270  2050  1270
  -310   960  1740   960
 -1390  -110  -580  -110
  -310   960  1740   960
/* UA.GC..AU */
  -290   980  1760   980
   -60   970  1750   970
  -290   980  1760   980
   -60   970  1750   970
/* UA.GG..AU */
 -1210    60  -400    60
  -310   960  1740   960
  -720  1800    80  1800
  -310   960  1740   960
/* UA.GU..AU */
  -290   980  1760   980
   -60   970  1750   970
  -290   980  1760   980
 -1280     0  -470     0
/* UA.UA..AU */
  1120  1140  1120   570
   810   830   810    20
  -260     0  -260 -1050
   810   830   810    20
/* UA.UC..AU */
   830   850   830    40
   820   840   820    30
   830   850   830    40
   820   840   820    30
/* UA.UG..AU */
   -80   180   -80  -870
   810   830   810    20
  1650  1670  1650  -380
   810   830   810    20
/* UA.UU..AU */
   830   850   830    40
   820   840   820    30
   830   850   830    40
  -150  -130  -150  -940
/* UA.AA..UA */
  1470  1340  -230  1340
  1190  1060  -510  1060
    60   -60 -1640   -60
  1190  1060  -510  1060
/* UA.AC..UA */
  1340  1210  -360  1210
  1340  1210  -120  1210
  1340  1210  -360  1210
  1210  1080  -250  1080
/* UA.AG..UA */
  -230  -360 -1940  -360
  1190  1060  -510  1060
  2120  1990  -830  1990
  1190  1060  -510  1060
/* UA.AU..UA */
  1340  1210  -360  1210
   900   770  -560   770
  1340  1210  -360  1210
   640   270 -1300   270
/* UA.CA..UA */
  1190  1340  1190   900
   910  1060   910   620
  -210   180  -210  -260
   910  1060   910   620
/* UA.CC..UA */
  1060  1210  1060   770
  1060  1210  1060   770
  1060  1210  1060   770
   930  1080   930   640
/* UA.CG..UA */
  -510  -120  -510  -560
   910  1060   910   620
  1840  1990  1840  1550
   910  1060   910   620
/* UA.CU..UA */
  1060  1210  1060   770
   620   770   620   330
  1060  1210  1060   770
   120   270   120  -170
/* UA.GA..UA */
    60  1340  2120  1340
  -210  1060  1840  1060
 -1340   -60  -530   -60
  -210  1060  1840  1060
/* UA.GC..UA */
   -60  1210  1990  1210
   180  1210  1990  1210
   -60  1210  1990  1210
    50  1080  1860  1080
/* UA.GG..UA */
 -1640  -360  -830  -360
  -210  1060  1840  1060
  -530  1990   270  1990
  -210  1060  1840  1060
/* UA.GU..UA */
   -60  1210  1990  1210
  -260   770  1550   770
   -60  1210  1990  1210
 -1000   270  -200   270
/* UA.UA..UA */
  1190  1210  1190   640
   910   930   910   120
  -210    50  -210 -1000
   910   930   910   120
/* UA.UC..UA */
  1060  1080  1060   270
  1060  1080  1060   270
  1060  1080  1060   270
   930   950   930   140
/* UA.UG..UA */
  -510  -250  -510 -1300
   910   930   910   120
  1840  1860  1840  -200
   910   930   910   120
/* UA.UU..UA */
  1060  1080  1060   270
   620   640   620  -170
  1060  1080  1060   270
   120   140   120  -670

# hairpin
   INF   INF   INF   540   560   570   540   600   550   640
   650   660   670   680   690   690   700   710   710   720
   720   730   730   740   740   750   750   750   760   760
   770

# hairpin_enthalpies
   INF   INF   INF   130   480   360  -290   130  -290   500
   500   500   500   500   500   500   500   500   500   500
   500   500   500   500   500   500   500   500   500   500
   500

# bulge
   INF   380   280   320   360   400   440   460   470   480
   490   500   510   520   530   540   540   550   550   560
   570   570   580   580   580   590   590   600   600   600
   610

# bulge_enthalpies
   INF  1060   710   710   710   710   710   710   710   710
   710   710   710   710   710   710   710   710   710   710
   710   710   710   710   710   710   710   710   710   710
   710

# internal
   INF   INF   100   100   110   200   200   210   230   240
   250   260   270   280   290   290   300   310   310   320
   330   330   340   340   350   350   350   360   360   370
   370

# internal_enthalpies
   INF   INF  -720  -720  -720  -680  -130  -130  -130  -130
  -130  -130  -130  -130  -130  -130  -130  -130  -130  -130
  -130  -130  -130  -130  -130  -130  -130  -130  -130  -130
  -130

# ML_params
/* F = cu*n_unpaired + cc + ci*loop_degree (+TermAU) */
/*	    cu	 cu_dH	    cc	 cc_dH	    ci	 ci_dH  */
	     0	     0	   930	  3000	   -90	  -220

# NINIO
/* Ninio = MIN(max, m*|n1-n2| */
/*	    m	  m_dH     max  */
	    60	   320	   300

# Misc
/* all parameters are pairs of 'energy enthalpy' */
/*    DuplexInit     TerminalAU      LXC */
      410    360     50     370 107.856000      0

# Hexaloops
	ACAGUACU    280  -1680
	ACAGUGAU    360  -1140
	ACAGUGCU    290  -1280
	ACAGUGUU    180  -1540

# Tetraloops
	CAACGG    550    690
	CCAAGG    330  -1030
	CCACGG    370   -330
	CCCAGG    340   -890
	CCGAGG    350   -660
	CCGCGG    360   -750
	CCUAGG    370   -350
	CCUCGG    250  -1390
	CUAAGG    360   -760
	CUACGG    280  -1070
	CUCAGG    370   -660
	CUCCGG    270  -1290
	CUGCGG    280  -1070
	CUUAGG    350   -620
	CUUCGG    370  -1530
	CUUUGG    370   -680

# Triloops
	CAACG    680   2370
	GUUAC    690   1080

# END
