codon_1,codon_2,amino_acid_1,amino_acid_2,pair_count,amino_acid_pair_count,conditional_pair_frequency
AAA,AAA,K,K,32,969,0.033023735810113516
AAA,AAC,K,N,83,580,0.14310344827586208
AAA,AAG,K,K,127,969,0.13106295149638802
AAA,AAT,K,N,49,580,0.08448275862068966
AAA,ACA,K,T,33,1291,0.025561580170410533
AAA,ACC,K,T,140,1291,0.10844306738962045
AAA,ACG,K,T,65,1291,0.05034856700232378
AAA,ACT,K,T,58,1291,0.044926413632842756
AAA,AGA,K,R,12,1406,0.008534850640113799
AAA,AGC,K,S,29,1243,0.02333065164923572
AAA,AGG,K,R,25,1406,0.017780938833570414
AAA,AGT,K,S,22,1243,0.017699115044247787
AAA,ATA,K,I,17,1185,0.014345991561181435
AAA,ATC,K,I,144,1185,0.12151898734177215
AAA,ATG,K,M,71,380,0.1868421052631579
AAA,ATT,K,I,60,1185,0.05063291139240506
AAA,CAA,K,Q,34,654,0.05198776758409786
AAA,CAC,K,H,84,442,0.19004524886877827
AAA,CAG,K,Q,135,654,0.20642201834862386
AAA,CAT,K,H,45,442,0.10180995475113122
AAA,CCA,K,P,57,1283,0.044427123928293066
AAA,CCC,K,P,126,1283,0.09820732657833203
AAA,CCG,K,P,157,1283,0.12236944660950896
AAA,CCT,K,P,71,1283,0.05533904910366329
AAA,CGA,K,R,49,1406,0.03485064011379801
AAA,CGC,K,R,130,1406,0.09246088193456614
AAA,CGG,K,R,86,1406,0.06116642958748222
AAA,CGT,K,R,119,1406,0.08463726884779517
AAA,CTA,K,L,34,1905,0.01784776902887139
AAA,CTC,K,L,248,1905,0.13018372703412073
AAA,CTG,K,L,156,1905,0.08188976377952756
AAA,CTT,K,L,99,1905,0.05196850393700787
AAA,GAA,K,E,93,1082,0.08595194085027727
AAA,GAC,K,D,187,1197,0.15622389306599832
AAA,GAG,K,E,182,1082,0.16820702402957485
AAA,GAT,K,D,109,1197,0.0910609857978279
AAA,GCA,K,A,89,2812,0.031650071123755334
AAA,GCC,K,A,335,2812,0.11913229018492176
AAA,GCG,K,A,142,2812,0.050497866287339974
AAA,GCT,K,A,192,2812,0.06827880512091039
AAA,GGA,K,G,73,1623,0.04497843499691929
AAA,GGC,K,G,159,1623,0.09796672828096119
AAA,GGG,K,G,106,1623,0.06531115218730746
AAA,GGT,K,G,95,1623,0.0585335797905114
AAA,GTA,K,V,54,2118,0.025495750708215296
AAA,GTC,K,V,169,2118,0.07979225684608121
AAA,GTG,K,V,123,2118,0.05807365439093484
AAA,GTT,K,V,83,2118,0.03918791312559018
AAA,TAC,K,Y,106,492,0.21544715447154472
AAA,TAT,K,Y,49,492,0.09959349593495935
AAA,TCA,K,S,41,1243,0.03298471440064361
AAA,TCC,K,S,123,1243,0.09895414320193081
AAA,TCG,K,S,78,1243,0.06275140788415125
AAA,TCT,K,S,48,1243,0.038616251005631534
AAA,TGC,K,C,32,131,0.24427480916030533
AAA,TGG,K,W,70,253,0.2766798418972332
AAA,TGT,K,C,10,131,0.07633587786259542
AAA,TTA,K,L,11,1905,0.005774278215223097
AAA,TTC,K,F,110,524,0.2099236641221374
AAA,TTG,K,L,69,1905,0.03622047244094488
AAA,TTT,K,F,30,524,0.05725190839694656
AAC,AAA,N,K,74,556,0.13309352517985612
AAC,AAC,N,N,273,527,0.5180265654648957
AAC,AAG,N,K,346,556,0.6223021582733813
AAC,AAT,N,N,96,527,0.18216318785578747
AAC,ACA,N,T,37,1072,0.03451492537313433
AAC,ACC,N,T,483,1072,0.4505597014925373
AAC,ACG,N,T,138,1072,0.1287313432835821
AAC,ACT,N,T,119,1072,0.11100746268656717
AAC,AGA,N,R,18,1221,0.014742014742014743
AAC,AGC,N,S,103,1040,0.09903846153846153
AAC,AGG,N,R,39,1221,0.03194103194103194
AAC,AGT,N,S,48,1040,0.046153846153846156
AAC,ATA,N,I,16,843,0.018979833926453145
AAC,ATC,N,I,409,843,0.4851720047449585
AAC,ATG,N,M,166,300,0.5533333333333333
AAC,ATT,N,I,134,843,0.15895610913404506
AAC,CAA,N,Q,88,646,0.13622291021671826
AAC,CAC,N,H,269,560,0.48035714285714287
AAC,CAG,N,Q,371,646,0.5743034055727554
AAC,CAT,N,H,136,560,0.24285714285714285
AAC,CCA,N,P,121,1482,0.0816464237516869
AAC,CCC,N,P,251,1482,0.16936572199730093
AAC,CCG,N,P,454,1482,0.30634278002699056
AAC,CCT,N,P,110,1482,0.07422402159244265
AAC,CGA,N,R,105,1221,0.085995085995086
AAC,CGC,N,R,280,1221,0.22932022932022933
AAC,CGG,N,R,178,1221,0.1457821457821458
AAC,CGT,N,R,223,1221,0.18263718263718265
AAC,CTA,N,L,57,1817,0.03137039075399009
AAC,CTC,N,L,490,1817,0.26967528893780957
AAC,CTG,N,L,370,1817,0.20363236103467253
AAC,CTT,N,L,218,1817,0.11997798569069895
AAC,GAA,N,E,145,929,0.15608180839612487
AAC,GAC,N,D,536,1178,0.45500848896434637
AAC,GAG,N,E,478,929,0.5145317545748116
AAC,GAT,N,D,210,1178,0.17826825127334464
AAC,GCA,N,A,101,1938,0.0521155830753354
AAC,GCC,N,A,621,1938,0.3204334365325077
AAC,GCG,N,A,203,1938,0.10474716202270382
AAC,GCT,N,A,208,1938,0.10732714138286893
AAC,GGA,N,G,163,1713,0.09515469935785172
AAC,GGC,N,G,478,1713,0.27904261529480445
AAC,GGG,N,G,211,1713,0.12317571511967308
AAC,GGT,N,G,305,1713,0.1780502043199066
AAC,GTA,N,V,31,1413,0.021939136588818117
AAC,GTC,N,V,545,1413,0.3857041755130927
AAC,GTG,N,V,217,1413,0.15357395612172683
AAC,GTT,N,V,150,1413,0.10615711252653928
AAC,TAC,N,Y,249,479,0.5198329853862212
AAC,TAT,N,Y,88,479,0.1837160751565762
AAC,TCA,N,S,59,1040,0.05673076923076923
AAC,TCC,N,S,215,1040,0.20673076923076922
AAC,TCG,N,S,180,1040,0.17307692307692307
AAC,TCT,N,S,95,1040,0.09134615384615384
AAC,TGC,N,C,86,184,0.4673913043478261
AAC,TGG,N,W,204,265,0.769811320754717
AAC,TGT,N,C,54,184,0.29347826086956524
AAC,TTA,N,L,14,1817,0.007705008255365988
AAC,TTC,N,F,320,575,0.5565217391304348
AAC,TTG,N,L,129,1817,0.07099614749587231
AAC,TTT,N,F,71,575,0.12347826086956522
AAG,AAA,K,K,195,969,0.20123839009287925
AAG,AAC,K,N,320,580,0.5517241379310345
AAG,AAG,K,K,615,969,0.6346749226006192
AAG,AAT,K,N,128,580,0.2206896551724138
AAG,ACA,K,T,87,1291,0.06738962044926414
AAG,ACC,K,T,442,1291,0.3423702556158017
AAG,ACG,K,T,308,1291,0.238574748257165
AAG,ACT,K,T,158,1291,0.12238574748257165
AAG,AGA,K,R,47,1406,0.033428165007112376
AAG,AGC,K,S,119,1243,0.09573612228479485
AAG,AGG,K,R,82,1406,0.05832147937411095
AAG,AGT,K,S,55,1243,0.04424778761061947
AAG,ATA,K,I,28,1185,0.02362869198312236
AAG,ATC,K,I,683,1185,0.5763713080168776
AAG,ATG,K,M,309,380,0.8131578947368421
AAG,ATT,K,I,253,1185,0.21350210970464134
AAG,CAA,K,Q,99,654,0.15137614678899083
AAG,CAC,K,H,209,442,0.47285067873303166
AAG,CAG,K,Q,386,654,0.5902140672782875
AAG,CAT,K,H,104,442,0.23529411764705882
AAG,CCA,K,P,122,1283,0.0950896336710834
AAG,CCC,K,P,257,1283,0.20031176929072486
AAG,CCG,K,P,353,1283,0.2751363990646921
AAG,CCT,K,P,140,1283,0.10911925175370225
AAG,CGA,K,R,98,1406,0.06970128022759602
AAG,CGC,K,R,329,1406,0.23399715504978663
AAG,CGG,K,R,191,1406,0.13584637268847796
AAG,CGT,K,R,238,1406,0.16927453769559034
AAG,CTA,K,L,71,1905,0.03727034120734908
AAG,CTC,K,L,481,1905,0.25249343832021
AAG,CTG,K,L,388,1905,0.2036745406824147
AAG,CTT,K,L,180,1905,0.09448818897637795
AAG,GAA,K,E,253,1082,0.23382624768946395
AAG,GAC,K,D,586,1197,0.48955722639933164
AAG,GAG,K,E,554,1082,0.512014787430684
AAG,GAT,K,D,315,1197,0.2631578947368421
AAG,GCA,K,A,198,2812,0.07041251778093884
AAG,GCC,K,A,859,2812,0.3054765291607397
AAG,GCG,K,A,439,2812,0.15611664295874822
AAG,GCT,K,A,558,2812,0.1984352773826458
AAG,GGA,K,G,224,1623,0.13801601971657423
AAG,GGC,K,G,467,1623,0.28773875539125077
AAG,GGG,K,G,238,1623,0.14664202094886014
AAG,GGT,K,G,261,1623,0.16081330868761554
AAG,GTA,K,V,89,2118,0.042020774315391876
AAG,GTC,K,V,729,2118,0.34419263456090654
AAG,GTG,K,V,519,2118,0.24504249291784702
AAG,GTT,K,V,352,2118,0.16619452313503305
AAG,TAC,K,Y,276,492,0.5609756097560976
AAG,TAT,K,Y,61,492,0.12398373983739837
AAG,TCA,K,S,91,1243,0.07320997586484312
AAG,TCC,K,S,278,1243,0.2236524537409493
AAG,TCG,K,S,240,1243,0.19308125502815768
AAG,TCT,K,S,119,1243,0.09573612228479485
AAG,TGC,K,C,68,131,0.5190839694656488
AAG,TGG,K,W,183,253,0.7233201581027668
AAG,TGT,K,C,21,131,0.16030534351145037
AAG,TTA,K,L,20,1905,0.010498687664041995
AAG,TTC,K,F,318,524,0.6068702290076335
AAG,TTG,K,L,148,1905,0.07769028871391076
AAG,TTT,K,F,66,524,0.12595419847328243
AAT,AAA,N,K,30,556,0.0539568345323741
AAT,AAC,N,N,111,527,0.21062618595825428
AAT,AAG,N,K,106,556,0.1906474820143885
AAT,AAT,N,N,47,527,0.08918406072106262
AAT,ACA,N,T,9,1072,0.008395522388059701
AAT,ACC,N,T,182,1072,0.16977611940298507
AAT,ACG,N,T,44,1072,0.041044776119402986
AAT,ACT,N,T,60,1072,0.055970149253731345
AAT,AGA,N,R,10,1221,0.00819000819000819
AAT,AGC,N,S,33,1040,0.03173076923076923
AAT,AGG,N,R,18,1221,0.014742014742014743
AAT,AGT,N,S,21,1040,0.020192307692307693
AAT,ATA,N,I,6,843,0.0071174377224199285
AAT,ATC,N,I,190,843,0.22538552787663108
AAT,ATG,N,M,134,300,0.44666666666666666
AAT,ATT,N,I,88,843,0.10438908659549229
AAT,CAA,N,Q,44,646,0.06811145510835913
AAT,CAC,N,H,98,560,0.175
AAT,CAG,N,Q,143,646,0.22136222910216719
AAT,CAT,N,H,57,560,0.10178571428571428
AAT,CCA,N,P,65,1482,0.043859649122807015
AAT,CCC,N,P,169,1482,0.11403508771929824
AAT,CCG,N,P,229,1482,0.1545209176788124
AAT,CCT,N,P,83,1482,0.05600539811066127
AAT,CGA,N,R,50,1221,0.04095004095004095
AAT,CGC,N,R,135,1221,0.11056511056511056
AAT,CGG,N,R,79,1221,0.0647010647010647
AAT,CGT,N,R,86,1221,0.07043407043407043
AAT,CTA,N,L,24,1817,0.013208585580627407
AAT,CTC,N,L,186,1817,0.10236653824986242
AAT,CTG,N,L,185,1817,0.10181618051733626
AAT,CTT,N,L,85,1817,0.04678040726472207
AAT,GAA,N,E,81,929,0.08719052744886975
AAT,GAC,N,D,309,1178,0.2623089983022071
AAT,GAG,N,E,225,929,0.24219590958019377
AAT,GAT,N,D,123,1178,0.10441426146010187
AAT,GCA,N,A,49,1938,0.025283797729618165
AAT,GCC,N,A,408,1938,0.21052631578947367
AAT,GCG,N,A,162,1938,0.08359133126934984
AAT,GCT,N,A,186,1938,0.09597523219814241
AAT,GGA,N,G,65,1713,0.03794512551079977
AAT,GGC,N,G,239,1713,0.13952130764740223
AAT,GGG,N,G,103,1713,0.060128429655575015
AAT,GGT,N,G,149,1713,0.08698190309398715
AAT,GTA,N,V,17,1413,0.012031139419674451
AAT,GTC,N,V,215,1413,0.1521585279547063
AAT,GTG,N,V,146,1413,0.10332625619249823
AAT,GTT,N,V,92,1413,0.06510969568294409
AAT,TAC,N,Y,102,479,0.21294363256784968
AAT,TAT,N,Y,40,479,0.08350730688935282
AAT,TCA,N,S,41,1040,0.03942307692307692
AAT,TCC,N,S,114,1040,0.10961538461538461
AAT,TCG,N,S,76,1040,0.07307692307692308
AAT,TCT,N,S,55,1040,0.052884615384615384
AAT,TGC,N,C,31,184,0.16847826086956522
AAT,TGG,N,W,61,265,0.23018867924528302
AAT,TGT,N,C,13,184,0.07065217391304347
AAT,TTA,N,L,12,1817,0.006604292790313704
AAT,TTC,N,F,151,575,0.26260869565217393
AAT,TTG,N,L,47,1817,0.025866813428728673
AAT,TTT,N,F,33,575,0.057391304347826085
ACA,AAA,T,K,23,1364,0.01686217008797654
ACA,AAC,T,N,45,1176,0.03826530612244898
ACA,AAG,T,K,74,1364,0.054252199413489736
ACA,AAT,T,N,25,1176,0.021258503401360544
ACA,ACA,T,T,59,3363,0.017543859649122806
ACA,ACC,T,T,155,3363,0.046089800773119236
ACA,ACG,T,T,104,3363,0.030924769550996135
ACA,ACT,T,T,53,3363,0.01575973832887303
ACA,AGA,T,R,12,2830,0.004240282685512367
ACA,AGC,T,S,35,2988,0.011713520749665328
ACA,AGG,T,R,40,2830,0.014134275618374558
ACA,AGT,T,S,30,2988,0.010040160642570281
ACA,ATA,T,I,10,2516,0.00397456279809221
ACA,ATC,T,I,105,2516,0.0417329093799682
ACA,ATG,T,M,99,1145,0.08646288209606987
ACA,ATT,T,I,57,2516,0.022655007949125595
ACA,CAA,T,Q,19,1203,0.015793848711554447
ACA,CAC,T,H,37,1051,0.035204567078972404
ACA,CAG,T,Q,49,1203,0.040731504571903575
ACA,CAT,T,H,28,1051,0.02664129400570885
ACA,CCA,T,P,69,2702,0.02553663952627683
ACA,CCC,T,P,77,2702,0.02849740932642487
ACA,CCG,T,P,105,2702,0.038860103626943004
ACA,CCT,T,P,45,2702,0.016654330125832718
ACA,CGA,T,R,41,2830,0.014487632508833921
ACA,CGC,T,R,63,2830,0.02226148409893993
ACA,CGG,T,R,47,2830,0.016607773851590107
ACA,CGT,T,R,52,2830,0.018374558303886925
ACA,CTA,T,L,18,4039,0.004456548650656103
ACA,CTC,T,L,68,4039,0.016835850458034166
ACA,CTG,T,L,88,4039,0.021787571180985392
ACA,CTT,T,L,24,4039,0.0059420648675414705
ACA,GAA,T,E,45,2161,0.020823692734844978
ACA,GAC,T,D,89,2784,0.0319683908045977
ACA,GAG,T,E,75,2161,0.034706154558074964
ACA,GAT,T,D,77,2784,0.027658045977011495
ACA,GCA,T,A,110,4954,0.022204279370205894
ACA,GCC,T,A,228,4954,0.046023415421881306
ACA,GCG,T,A,169,4954,0.0341138473960436
ACA,GCT,T,A,121,4954,0.024424707307226484
ACA,GGA,T,G,62,4081,0.015192354814996324
ACA,GGC,T,G,71,4081,0.017397696642979663
ACA,GGG,T,G,67,4081,0.016417544719431514
ACA,GGT,T,G,95,4081,0.02327860818426856
ACA,GTA,T,V,31,4391,0.007059895240264177
ACA,GTC,T,V,139,4391,0.03165565930312002
ACA,GTG,T,V,158,4391,0.035982691869733546
ACA,GTT,T,V,68,4391,0.015486221817353677
ACA,TAC,T,Y,38,928,0.040948275862068964
ACA,TAT,T,Y,27,928,0.029094827586206896
ACA,TCA,T,S,47,2988,0.01572958500669344
ACA,TCC,T,S,72,2988,0.024096385542168676
ACA,TCG,T,S,93,2988,0.03112449799196787
ACA,TCT,T,S,52,2988,0.01740294511378849
ACA,TGC,T,C,21,490,0.04285714285714286
ACA,TGG,T,W,112,884,0.12669683257918551
ACA,TGT,T,C,17,490,0.03469387755102041
ACA,TTA,T,L,8,4039,0.0019806882891804903
ACA,TTC,T,F,75,1449,0.051759834368530024
ACA,TTG,T,L,66,4039,0.016340678385739046
ACA,TTT,T,F,30,1449,0.020703933747412008
ACC,AAA,T,K,167,1364,0.12243401759530792
ACC,AAC,T,N,432,1176,0.3673469387755102
ACC,AAG,T,K,541,1364,0.3966275659824047
ACC,AAT,T,N,207,1176,0.1760204081632653
ACC,ACA,T,T,118,3363,0.03508771929824561
ACC,ACC,T,T,758,3363,0.22539399345822184
ACC,ACG,T,T,301,3363,0.08950341956586381
ACC,ACT,T,T,226,3363,0.0672019030627416
ACC,AGA,T,R,45,2830,0.015901060070671377
ACC,AGC,T,S,325,2988,0.10876840696117805
ACC,AGG,T,R,92,2830,0.03250883392226148
ACC,AGT,T,S,125,2988,0.04183400267737617
ACC,ATA,T,I,25,2516,0.009936406995230525
ACC,ATC,T,I,789,2516,0.3135930047694754
ACC,ATG,T,M,385,1145,0.33624454148471616
ACC,ATT,T,I,237,2516,0.09419713831478538
ACC,CAA,T,Q,159,1203,0.13216957605985039
ACC,CAC,T,H,388,1051,0.3691722169362512
ACC,CAG,T,Q,550,1203,0.457190357439734
ACC,CAT,T,H,237,1051,0.22549952426260705
ACC,CCA,T,P,238,2702,0.08808290155440414
ACC,CCC,T,P,313,2702,0.115840118430792
ACC,CCG,T,P,584,2702,0.2161361954108068
ACC,CCT,T,P,185,2702,0.06846780162842339
ACC,CGA,T,R,187,2830,0.06607773851590105
ACC,CGC,T,R,489,2830,0.17279151943462898
ACC,CGG,T,R,260,2830,0.09187279151943463
ACC,CGT,T,R,359,2830,0.12685512367491167
ACC,CTA,T,L,95,4039,0.02352067343401832
ACC,CTC,T,L,780,4039,0.1931171081950978
ACC,CTG,T,L,688,4039,0.17033919286952215
ACC,CTT,T,L,292,4039,0.0722951225550879
ACC,GAA,T,E,379,2161,0.17538176770013883
ACC,GAC,T,D,1062,2784,0.38146551724137934
ACC,GAG,T,E,969,2161,0.44840351689032854
ACC,GAT,T,D,552,2784,0.19827586206896552
ACC,GCA,T,A,319,4954,0.06439241017359709
ACC,GCC,T,A,885,4954,0.1786435203875656
ACC,GCG,T,A,409,4954,0.08255954784012919
ACC,GCT,T,A,486,4954,0.09810254339927331
ACC,GGA,T,G,459,4081,0.11247243322715021
ACC,GGC,T,G,780,4081,0.19112962509188924
ACC,GGG,T,G,454,4081,0.11124724332271502
ACC,GGT,T,G,582,4081,0.1426121048762558
ACC,GTA,T,V,96,4391,0.021862901389205193
ACC,GTC,T,V,1128,4391,0.256889091323161
ACC,GTG,T,V,455,4391,0.10362104304258711
ACC,GTT,T,V,334,4391,0.07606467774994306
ACC,TAC,T,Y,402,928,0.4331896551724138
ACC,TAT,T,Y,191,928,0.20581896551724138
ACC,TCA,T,S,177,2988,0.05923694779116466
ACC,TCC,T,S,332,2988,0.1111111111111111
ACC,TCG,T,S,378,2988,0.12650602409638553
ACC,TCT,T,S,159,2988,0.05321285140562249
ACC,TGC,T,C,180,490,0.3673469387755102
ACC,TGG,T,W,435,884,0.4920814479638009
ACC,TGT,T,C,111,490,0.22653061224489796
ACC,TTA,T,L,50,4039,0.012379301807378064
ACC,TTC,T,F,716,1449,0.4941338854382333
ACC,TTG,T,L,405,4039,0.10027234463976231
ACC,TTT,T,F,167,1449,0.11525189786059352
ACG,AAA,T,K,107,1364,0.07844574780058651
ACG,AAC,T,N,194,1176,0.1649659863945578
ACG,AAG,T,K,284,1364,0.20821114369501467
ACG,AAT,T,N,133,1176,0.1130952380952381
ACG,ACA,T,T,157,3363,0.046684507879869164
ACG,ACC,T,T,451,3363,0.13410645257210824
ACG,ACG,T,T,487,3363,0.1448111804936069
ACG,ACT,T,T,178,3363,0.05292893250074338
ACG,AGA,T,R,37,2830,0.013074204946996466
ACG,AGC,T,S,151,2988,0.05053547523427041
ACG,AGG,T,R,96,2830,0.03392226148409894
ACG,AGT,T,S,93,2988,0.03112449799196787
ACG,ATA,T,I,49,2516,0.019475357710651828
ACG,ATC,T,I,642,2516,0.25516693163751986
ACG,ATG,T,M,555,1145,0.4847161572052402
ACG,ATT,T,I,259,2516,0.10294117647058823
ACG,CAA,T,Q,36,1203,0.029925187032418952
ACG,CAC,T,H,77,1051,0.07326355851569934
ACG,CAG,T,Q,123,1203,0.10224438902743142
ACG,CAT,T,H,41,1051,0.0390104662226451
ACG,CCA,T,P,80,2702,0.029607698001480384
ACG,CCC,T,P,120,2702,0.04441154700222058
ACG,CCG,T,P,220,2702,0.08142116950407106
ACG,CCT,T,P,68,2702,0.025166543301258327
ACG,CGA,T,R,65,2830,0.022968197879858657
ACG,CGC,T,R,130,2830,0.045936395759717315
ACG,CGG,T,R,101,2830,0.03568904593639576
ACG,CGT,T,R,85,2830,0.030035335689045935
ACG,CTA,T,L,45,4039,0.011141371626640258
ACG,CTC,T,L,147,4039,0.036395147313691506
ACG,CTG,T,L,244,4039,0.06041099282000495
ACG,CTT,T,L,59,4039,0.014607576132706116
ACG,GAA,T,E,72,2161,0.033317908375751965
ACG,GAC,T,D,150,2784,0.05387931034482758
ACG,GAG,T,E,156,2161,0.07218880148079593
ACG,GAT,T,D,125,2784,0.04489942528735632
ACG,GCA,T,A,217,4954,0.043802987484860716
ACG,GCC,T,A,377,4954,0.07610012111425112
ACG,GCG,T,A,333,4954,0.06721840936616875
ACG,GCT,T,A,273,4954,0.05510698425514735
ACG,GGA,T,G,135,4081,0.03308012741975006
ACG,GGC,T,G,176,4081,0.0431266846361186
ACG,GGG,T,G,146,4081,0.03577554520950747
ACG,GGT,T,G,160,4081,0.039206076941926
ACG,GTA,T,V,111,4391,0.025278979731268504
ACG,GTC,T,V,423,4391,0.09633340924618537
ACG,GTG,T,V,572,4391,0.13026645411068094
ACG,GTT,T,V,210,4391,0.047825096788886357
ACG,TAC,T,Y,101,928,0.10883620689655173
ACG,TAT,T,Y,68,928,0.07327586206896551
ACG,TCA,T,S,99,2988,0.03313253012048193
ACG,TCC,T,S,126,2988,0.04216867469879518
ACG,TCG,T,S,215,2988,0.07195448460508702
ACG,TCT,T,S,67,2988,0.02242302543507363
ACG,TGC,T,C,70,490,0.14285714285714285
ACG,TGG,T,W,261,884,0.29524886877828055
ACG,TGT,T,C,31,490,0.06326530612244897
ACG,TTA,T,L,36,4039,0.008913097301312206
ACG,TTC,T,F,163,1449,0.11249137336093858
ACG,TTG,T,L,167,4039,0.04134686803664273
ACG,TTT,T,F,52,1449,0.035886818495514144
ACT,AAA,T,K,43,1364,0.03152492668621701
ACT,AAC,T,N,87,1176,0.07397959183673469
ACT,AAG,T,K,125,1364,0.09164222873900293
ACT,AAT,T,N,53,1176,0.045068027210884355
ACT,ACA,T,T,22,3363,0.006541778174249183
ACT,ACC,T,T,170,3363,0.05055010407374368
ACT,ACG,T,T,69,3363,0.020517395182872437
ACT,ACT,T,T,55,3363,0.016354445435622957
ACT,AGA,T,R,6,2830,0.0021201413427561835
ACT,AGC,T,S,77,2988,0.025769745649263723
ACT,AGG,T,R,16,2830,0.005653710247349823
ACT,AGT,T,S,34,2988,0.011378848728246318
ACT,ATA,T,I,5,2516,0.001987281399046105
ACT,ATC,T,I,222,2516,0.08823529411764706
ACT,ATG,T,M,106,1145,0.0925764192139738
ACT,ATT,T,I,116,2516,0.046104928457869634
ACT,CAA,T,Q,62,1203,0.051537822111388194
ACT,CAC,T,H,154,1051,0.14652711703139867
ACT,CAG,T,Q,205,1203,0.17040731504571904
ACT,CAT,T,H,89,1051,0.08468125594671741
ACT,CCA,T,P,92,2702,0.034048852701702444
ACT,CCC,T,P,156,2702,0.05773501110288675
ACT,CCG,T,P,238,2702,0.08808290155440414
ACT,CCT,T,P,112,2702,0.04145077720207254
ACT,CGA,T,R,82,2830,0.028975265017667843
ACT,CGC,T,R,215,2830,0.07597173144876325
ACT,CGG,T,R,126,2830,0.04452296819787986
ACT,CGT,T,R,184,2830,0.06501766784452297
ACT,CTA,T,L,24,4039,0.0059420648675414705
ACT,CTC,T,L,245,4039,0.060658578856152515
ACT,CTG,T,L,257,4039,0.06362961128992325
ACT,CTT,T,L,100,4039,0.02475860361475613
ACT,GAA,T,E,120,2161,0.055529847292919945
ACT,GAC,T,D,459,2784,0.1648706896551724
ACT,GAG,T,E,345,2161,0.15964831096714485
ACT,GAT,T,D,270,2784,0.09698275862068965
ACT,GCA,T,A,117,4954,0.023617278966491725
ACT,GCC,T,A,403,4954,0.08134840532902705
ACT,GCG,T,A,267,4954,0.053895841744045214
ACT,GCT,T,A,240,4954,0.04844570044408559
ACT,GGA,T,G,128,4081,0.0313648615535408
ACT,GGC,T,G,345,4081,0.08453810340602794
ACT,GGG,T,G,182,4081,0.044596912521440824
ACT,GGT,T,G,239,4081,0.05856407743200196
ACT,GTA,T,V,25,4391,0.0056934639034388525
ACT,GTC,T,V,328,4391,0.07469824641311774
ACT,GTG,T,V,161,4391,0.036665907538146206
ACT,GTT,T,V,152,4391,0.03461626053290822
ACT,TAC,T,Y,63,928,0.06788793103448276
ACT,TAT,T,Y,38,928,0.040948275862068964
ACT,TCA,T,S,37,2988,0.012382864792503346
ACT,TCC,T,S,100,2988,0.03346720214190094
ACT,TCG,T,S,103,2988,0.034471218206157964
ACT,TCT,T,S,61,2988,0.020414993306559572
ACT,TGC,T,C,29,490,0.05918367346938776
ACT,TGG,T,W,76,884,0.08597285067873303
ACT,TGT,T,C,31,490,0.06326530612244897
ACT,TTA,T,L,14,4039,0.0034662045060658577
ACT,TTC,T,F,180,1449,0.12422360248447205
ACT,TTG,T,L,119,4039,0.029462738301559793
ACT,TTT,T,F,66,1449,0.045548654244306416
AGA,AAA,R,K,20,1471,0.013596193065941536
AGA,AAC,R,N,9,1311,0.006864988558352402
AGA,AAG,R,K,22,1471,0.01495581237253569
AGA,AAT,R,N,18,1311,0.013729977116704805
AGA,ACA,R,T,14,3048,0.004593175853018373
AGA,ACC,R,T,46,3048,0.015091863517060367
AGA,ACG,R,T,24,3048,0.007874015748031496
AGA,ACT,R,T,16,3048,0.005249343832020997
AGA,AGA,R,R,11,4713,0.0023339698705707617
AGA,AGC,R,S,13,2947,0.004411265693926026
AGA,AGG,R,R,6,4713,0.001273074474856779
AGA,AGT,R,S,8,2947,0.0027146250424160165
AGA,ATA,R,I,9,2774,0.0032444124008651765
AGA,ATC,R,I,65,2774,0.02343186733958183
AGA,ATG,R,M,36,1111,0.032403240324032405
AGA,ATT,R,I,31,2774,0.011175198269646719
AGA,CAA,R,Q,18,1782,0.010101010101010102
AGA,CAC,R,H,23,1577,0.014584654407102092
AGA,CAG,R,Q,24,1782,0.013468013468013467
AGA,CAT,R,H,15,1577,0.009511731135066582
AGA,CCA,R,P,17,2521,0.006743355811186037
AGA,CCC,R,P,14,2521,0.005553351844506148
AGA,CCG,R,P,35,2521,0.013883379611265371
AGA,CCT,R,P,11,2521,0.00436334787782626
AGA,CGA,R,R,41,4713,0.008699342244854658
AGA,CGC,R,R,56,4713,0.011882028431996604
AGA,CGG,R,R,30,4713,0.006365372374283896
AGA,CGT,R,R,28,4713,0.005941014215998302
AGA,CTA,R,L,6,4636,0.0012942191544434857
AGA,CTC,R,L,57,4636,0.012295081967213115
AGA,CTG,R,L,54,4636,0.011647972389991372
AGA,CTT,R,L,27,4636,0.005823986194995686
AGA,GAA,R,E,27,2703,0.009988901220865706
AGA,GAC,R,D,32,2878,0.011118832522585128
AGA,GAG,R,E,32,2703,0.011838697743248243
AGA,GAT,R,D,22,2878,0.007644197359277276
AGA,GCA,R,A,39,4884,0.007985257985257985
AGA,GCC,R,A,61,4884,0.012489762489762489
AGA,GCG,R,A,31,4884,0.006347256347256347
AGA,GCT,R,A,46,4884,0.009418509418509418
AGA,GGA,R,G,20,3628,0.005512679162072767
AGA,GGC,R,G,24,3628,0.006615214994487321
AGA,GGG,R,G,23,3628,0.006339581036383682
AGA,GGT,R,G,28,3628,0.007717750826901874
AGA,GTA,R,V,10,3822,0.0026164311878597592
AGA,GTC,R,V,38,3822,0.009942438513867086
AGA,GTG,R,V,47,3822,0.012297226582940869
AGA,GTT,R,V,35,3822,0.009157509157509158
AGA,TAC,R,Y,21,1105,0.019004524886877826
AGA,TAT,R,Y,5,1105,0.004524886877828055
AGA,TCA,R,S,23,2947,0.007804546996946046
AGA,TCC,R,S,24,2947,0.008143875127248049
AGA,TCG,R,S,30,2947,0.01017984390906006
AGA,TCT,R,S,15,2947,0.00508992195453003
AGA,TGC,R,C,11,571,0.01926444833625219
AGA,TGG,R,W,42,928,0.04525862068965517
AGA,TGT,R,C,10,571,0.017513134851138354
AGA,TTA,R,L,11,4636,0.002372735116479724
AGA,TTC,R,F,62,1470,0.04217687074829932
AGA,TTG,R,L,47,4636,0.010138050043140638
AGA,TTT,R,F,22,1470,0.014965986394557823
AGC,AAA,S,K,67,1274,0.05259026687598116
AGC,AAC,S,N,135,1054,0.12808349146110057
AGC,AAG,S,K,152,1274,0.11930926216640503
AGC,AAT,S,N,66,1054,0.06261859582542695
AGC,ACA,S,T,50,2923,0.017105713308244955
AGC,ACC,S,T,189,2923,0.06465959630516592
AGC,ACG,S,T,90,2923,0.030790283954840916
AGC,ACT,S,T,92,2923,0.03147451248717072
AGC,AGA,S,R,26,3262,0.00797057020232986
AGC,AGC,S,S,77,3051,0.025237627007538514
AGC,AGG,S,R,44,3262,0.0134886572654813
AGC,AGT,S,S,46,3051,0.015077023926581449
AGC,ATA,S,I,12,1937,0.00619514713474445
AGC,ATC,S,I,212,1937,0.10944759938048529
AGC,ATG,S,M,87,1001,0.08691308691308691
AGC,ATT,S,I,79,1937,0.04078471863706763
AGC,CAA,S,Q,67,1632,0.04105392156862745
AGC,CAC,S,H,187,1215,0.15390946502057612
AGC,CAG,S,Q,237,1632,0.14522058823529413
AGC,CAT,S,H,73,1215,0.060082304526748974
AGC,CCA,S,P,65,2400,0.027083333333333334
AGC,CCC,S,P,144,2400,0.06
AGC,CCG,S,P,173,2400,0.07208333333333333
AGC,CCT,S,P,83,2400,0.034583333333333334
AGC,CGA,S,R,67,3262,0.020539546290619253
AGC,CGC,S,R,137,3262,0.04199877375843041
AGC,CGG,S,R,97,3262,0.02973635806253832
AGC,CGT,S,R,116,3262,0.035561005518087066
AGC,CTA,S,L,41,4050,0.010123456790123457
AGC,CTC,S,L,211,4050,0.052098765432098765
AGC,CTG,S,L,246,4050,0.06074074074074074
AGC,CTT,S,L,112,4050,0.027654320987654323
AGC,GAA,S,E,121,2165,0.0558891454965358
AGC,GAC,S,D,280,2592,0.10802469135802469
AGC,GAG,S,E,306,2165,0.14133949191685913
AGC,GAT,S,D,143,2592,0.055169753086419755
AGC,GCA,S,A,86,4682,0.01836821870995301
AGC,GCC,S,A,320,4682,0.06834686031610424
AGC,GCG,S,A,121,4682,0.02584365655702691
AGC,GCT,S,A,142,4682,0.030328919265271252
AGC,GGA,S,G,113,4391,0.025734456843543613
AGC,GGC,S,G,217,4391,0.04941926668184924
AGC,GGG,S,G,138,4391,0.03142792074698247
AGC,GGT,S,G,140,4391,0.031883397859257576
AGC,GTA,S,V,32,3685,0.008683853459972864
AGC,GTC,S,V,286,3685,0.07761194029850746
AGC,GTG,S,V,148,3685,0.04016282225237449
AGC,GTT,S,V,98,3685,0.02659430122116689
AGC,TAC,S,Y,139,942,0.1475583864118896
AGC,TAT,S,Y,60,942,0.06369426751592357
AGC,TCA,S,S,42,3051,0.01376597836774828
AGC,TCC,S,S,88,3051,0.028843002294329727
AGC,TCG,S,S,73,3051,0.023926581448705343
AGC,TCT,S,S,36,3051,0.011799410029498525
AGC,TGC,S,C,38,448,0.08482142857142858
AGC,TGG,S,W,134,926,0.1447084233261339
AGC,TGT,S,C,29,448,0.06473214285714286
AGC,TTA,S,L,20,4050,0.0049382716049382715
AGC,TTC,S,F,163,1389,0.11735061195104392
AGC,TTG,S,L,130,4050,0.03209876543209877
AGC,TTT,S,F,48,1389,0.03455723542116631
AGG,AAA,R,K,29,1471,0.01971447994561523
AGG,AAC,R,N,37,1311,0.02822273073989321
AGG,AAG,R,K,62,1471,0.04214819850441876
AGG,AAT,R,N,27,1311,0.020594965675057208
AGG,ACA,R,T,24,3048,0.007874015748031496
AGG,ACC,R,T,59,3048,0.01935695538057743
AGG,ACG,R,T,52,3048,0.01706036745406824
AGG,ACT,R,T,29,3048,0.009514435695538058
AGG,AGA,R,R,21,4713,0.004455760661998727
AGG,AGC,R,S,24,2947,0.008143875127248049
AGG,AGG,R,R,35,4713,0.007426267769997878
AGG,AGT,R,S,19,2947,0.006447234475738039
AGG,ATA,R,I,11,2774,0.003965392934390771
AGG,ATC,R,I,135,2774,0.04866618601297765
AGG,ATG,R,M,84,1111,0.07560756075607561
AGG,ATT,R,I,55,2774,0.019826964671953856
AGG,CAA,R,Q,27,1782,0.015151515151515152
AGG,CAC,R,H,49,1577,0.031071655041217502
AGG,CAG,R,Q,62,1782,0.03479236812570146
AGG,CAT,R,H,19,1577,0.012048192771084338
AGG,CCA,R,P,28,2521,0.011106703689012296
AGG,CCC,R,P,29,2521,0.011503371677905593
AGG,CCG,R,P,61,2521,0.024196747322491077
AGG,CCT,R,P,34,2521,0.013486711622372074
AGG,CGA,R,R,45,4713,0.009548058561425843
AGG,CGC,R,R,63,4713,0.01336728198599618
AGG,CGG,R,R,53,4713,0.011245491194568216
AGG,CGT,R,R,52,4713,0.01103331211542542
AGG,CTA,R,L,16,4636,0.003451251078515962
AGG,CTC,R,L,103,4636,0.022217428817946507
AGG,CTG,R,L,126,4636,0.027178602243313203
AGG,CTT,R,L,43,4636,0.009275237273511648
AGG,GAA,R,E,55,2703,0.020347761746207917
AGG,GAC,R,D,64,2878,0.022237665045170257
AGG,GAG,R,E,68,2703,0.025157232704402517
AGG,GAT,R,D,51,2878,0.017720639332870047
AGG,GCA,R,A,45,4884,0.009213759213759214
AGG,GCC,R,A,103,4884,0.02108927108927109
AGG,GCG,R,A,66,4884,0.013513513513513514
AGG,GCT,R,A,89,4884,0.018222768222768224
AGG,GGA,R,G,61,3628,0.01681367144432194
AGG,GGC,R,G,61,3628,0.01681367144432194
AGG,GGG,R,G,48,3628,0.013230429988974642
AGG,GGT,R,G,37,3628,0.010198456449834619
AGG,GTA,R,V,23,3822,0.006017791732077446
AGG,GTC,R,V,115,3822,0.030088958660387233
AGG,GTG,R,V,132,3822,0.03453689167974882
AGG,GTT,R,V,52,3822,0.013605442176870748
AGG,TAC,R,Y,48,1105,0.04343891402714932
AGG,TAT,R,Y,29,1105,0.026244343891402715
AGG,TCA,R,S,38,2947,0.012894468951476078
AGG,TCC,R,S,72,2947,0.024431625381744145
AGG,TCG,R,S,72,2947,0.024431625381744145
AGG,TCT,R,S,35,2947,0.011876484560570071
AGG,TGC,R,C,20,571,0.03502626970227671
AGG,TGG,R,W,72,928,0.07758620689655173
AGG,TGT,R,C,26,571,0.04553415061295972
AGG,TTA,R,L,13,4636,0.0028041415012942193
AGG,TTC,R,F,129,1470,0.08775510204081632
AGG,TTG,R,L,78,4636,0.016824849007765316
AGG,TTT,R,F,44,1470,0.029931972789115645
AGT,AAA,S,K,15,1274,0.011773940345368918
AGT,AAC,S,N,44,1054,0.04174573055028463
AGT,AAG,S,K,49,1274,0.038461538461538464
AGT,AAT,S,N,19,1054,0.018026565464895637
AGT,ACA,S,T,15,2923,0.005131713992473486
AGT,ACC,S,T,63,2923,0.021553198768388643
AGT,ACG,S,T,32,2923,0.01094765651727677
AGT,ACT,S,T,26,2923,0.008894970920287376
AGT,AGA,S,R,5,3262,0.0015328019619865114
AGT,AGC,S,S,38,3051,0.01245493280891511
AGT,AGG,S,R,12,3262,0.003678724708767627
AGT,AGT,S,S,16,3051,0.005244182235332678
AGT,ATA,S,I,4,1937,0.002065049044914817
AGT,ATC,S,I,63,1937,0.03252452245740836
AGT,ATG,S,M,27,1001,0.026973026973026972
AGT,ATT,S,I,35,1937,0.018069179143004648
AGT,CAA,S,Q,32,1632,0.0196078431372549
AGT,CAC,S,H,76,1215,0.06255144032921811
AGT,CAG,S,Q,111,1632,0.06801470588235294
AGT,CAT,S,H,37,1215,0.030452674897119343
AGT,CCA,S,P,32,2400,0.013333333333333334
AGT,CCC,S,P,51,2400,0.02125
AGT,CCG,S,P,70,2400,0.029166666666666667
AGT,CCT,S,P,32,2400,0.013333333333333334
AGT,CGA,S,R,47,3262,0.014408338442673207
AGT,CGC,S,R,61,3262,0.01870018393623544
AGT,CGG,S,R,62,3262,0.01900674432863274
AGT,CGT,S,R,64,3262,0.019619865113427344
AGT,CTA,S,L,15,4050,0.003703703703703704
AGT,CTC,S,L,95,4050,0.02345679012345679
AGT,CTG,S,L,113,4050,0.027901234567901233
AGT,CTT,S,L,58,4050,0.014320987654320988
AGT,GAA,S,E,70,2165,0.03233256351039261
AGT,GAC,S,D,169,2592,0.06520061728395062
AGT,GAG,S,E,145,2165,0.06697459584295612
AGT,GAT,S,D,101,2592,0.03896604938271605
AGT,GCA,S,A,50,4682,0.010679196924391286
AGT,GCC,S,A,159,4682,0.03395984621956429
AGT,GCG,S,A,73,4682,0.015591627509611277
AGT,GCT,S,A,97,4682,0.020717642033319095
AGT,GGA,S,G,61,4391,0.013892051924390799
AGT,GGC,S,G,112,4391,0.02550671828740606
AGT,GGG,S,G,74,4391,0.016852653154179
AGT,GGT,S,G,87,4391,0.019813254383967204
AGT,GTA,S,V,8,3685,0.002170963364993216
AGT,GTC,S,V,125,3685,0.033921302578018994
AGT,GTG,S,V,86,3685,0.02333785617367707
AGT,GTT,S,V,72,3685,0.01953867028493894
AGT,TAC,S,Y,57,942,0.06050955414012739
AGT,TAT,S,Y,19,942,0.020169851380042462
AGT,TCA,S,S,29,3051,0.00950508030154048
AGT,TCC,S,S,88,3051,0.028843002294329727
AGT,TCG,S,S,60,3051,0.01966568338249754
AGT,TCT,S,S,44,3051,0.014421501147164863
AGT,TGC,S,C,29,448,0.06473214285714286
AGT,TGG,S,W,69,926,0.07451403887688984
AGT,TGT,S,C,21,448,0.046875
AGT,TTA,S,L,13,4050,0.0032098765432098763
AGT,TTC,S,F,113,1389,0.08135349172066235
AGT,TTG,S,L,60,4050,0.014814814814814815
AGT,TTT,S,F,38,1389,0.027357811375089993
ATA,AAA,I,K,15,988,0.015182186234817813
ATA,AAC,I,N,16,1040,0.015384615384615385
ATA,AAG,I,K,11,988,0.011133603238866396
ATA,AAT,I,N,17,1040,0.016346153846153847
ATA,ACA,I,T,11,2428,0.004530477759472817
ATA,ACC,I,T,43,2428,0.01771004942339374
ATA,ACG,I,T,25,2428,0.01029654036243822
ATA,ACT,I,T,23,2428,0.009472817133443162
ATA,AGA,I,R,6,2035,0.0029484029484029483
ATA,AGC,I,S,13,2220,0.005855855855855856
ATA,AGG,I,R,13,2035,0.0063882063882063885
ATA,AGT,I,S,6,2220,0.002702702702702703
ATA,ATA,I,I,5,1967,0.002541942043721403
ATA,ATC,I,I,28,1967,0.014234875444839857
ATA,ATG,I,M,16,779,0.02053915275994865
ATA,ATT,I,I,15,1967,0.007625826131164209
ATA,CAA,I,Q,8,808,0.009900990099009901
ATA,CAC,I,H,25,794,0.031486146095717885
ATA,CAG,I,Q,27,808,0.03341584158415842
ATA,CAT,I,H,10,794,0.012594458438287154
ATA,CCA,I,P,21,1982,0.010595358224016145
ATA,CCC,I,P,46,1982,0.02320887991927346
ATA,CCG,I,P,45,1982,0.022704339051463168
ATA,CCT,I,P,28,1982,0.014127144298688193
ATA,CGA,I,R,17,2035,0.008353808353808353
ATA,CGC,I,R,39,2035,0.019164619164619166
ATA,CGG,I,R,23,2035,0.011302211302211302
ATA,CGT,I,R,28,2035,0.013759213759213759
ATA,CTA,I,L,6,3103,0.0019336126329358686
ATA,CTC,I,L,56,3103,0.018047051240734774
ATA,CTG,I,L,47,3103,0.01514663229133097
ATA,CTT,I,L,40,3103,0.012890750886239123
ATA,GAA,I,E,24,1943,0.012352032938754504
ATA,GAC,I,D,43,2826,0.01521585279547063
ATA,GAG,I,E,40,1943,0.020586721564590838
ATA,GAT,I,D,29,2826,0.010261854210898797
ATA,GCA,I,A,34,4364,0.007791017415215398
ATA,GCC,I,A,86,4364,0.019706691109074245
ATA,GCG,I,A,75,4364,0.017186067827681027
ATA,GCT,I,A,46,4364,0.010540788267644362
ATA,GGA,I,G,23,3601,0.006387114690363788
ATA,GGC,I,G,42,3601,0.0116634268258817
ATA,GGG,I,G,23,3601,0.006387114690363788
ATA,GGT,I,G,42,3601,0.0116634268258817
ATA,GTA,I,V,9,3537,0.002544529262086514
ATA,GTC,I,V,37,3537,0.010460842521911224
ATA,GTG,I,V,38,3537,0.010743567995476393
ATA,GTT,I,V,23,3537,0.006502685891998869
ATA,TAC,I,Y,17,671,0.02533532041728763
ATA,TAT,I,Y,11,671,0.01639344262295082
ATA,TCA,I,S,9,2220,0.004054054054054054
ATA,TCC,I,S,36,2220,0.016216216216216217
ATA,TCG,I,S,47,2220,0.02117117117117117
ATA,TCT,I,S,24,2220,0.010810810810810811
ATA,TGC,I,C,25,482,0.05186721991701245
ATA,TGG,I,W,32,415,0.07710843373493977
ATA,TGT,I,C,17,482,0.035269709543568464
ATA,TTA,I,L,5,3103,0.0016113438607798904
ATA,TTC,I,F,42,1089,0.03856749311294766
ATA,TTG,I,L,30,3103,0.009668063164679342
ATA,TTT,I,F,14,1089,0.012855831037649219
ATC,AAA,I,K,184,988,0.1862348178137652
ATC,AAC,I,N,555,1040,0.5336538461538461
ATC,AAG,I,K,586,988,0.5931174089068826
ATC,AAT,I,N,244,1040,0.23461538461538461
ATC,ACA,I,T,115,2428,0.04736408566721582
ATC,ACC,I,T,1158,2428,0.4769357495881384
ATC,ACG,I,T,285,2428,0.11738056013179572
ATC,ACT,I,T,319,2428,0.1313838550247117
ATC,AGA,I,R,25,2035,0.012285012285012284
ATC,AGC,I,S,299,2220,0.1346846846846847
ATC,AGG,I,R,83,2035,0.04078624078624079
ATC,AGT,I,S,124,2220,0.055855855855855854
ATC,ATA,I,I,17,1967,0.00864260294865277
ATC,ATC,I,I,1158,1967,0.5887137773258769
ATC,ATG,I,M,638,779,0.8189987163029525
ATC,ATT,I,I,381,1967,0.19369598373157093
ATC,CAA,I,Q,135,808,0.1670792079207921
ATC,CAC,I,H,323,794,0.4068010075566751
ATC,CAG,I,Q,401,808,0.4962871287128713
ATC,CAT,I,H,185,794,0.23299748110831234
ATC,CCA,I,P,137,1982,0.06912209889001009
ATC,CCC,I,P,319,1982,0.16094853683148336
ATC,CCG,I,P,507,1982,0.2558022199798184
ATC,CCT,I,P,144,1982,0.07265388496468214
ATC,CGA,I,R,138,2035,0.06781326781326781
ATC,CGC,I,R,431,2035,0.21179361179361178
ATC,CGG,I,R,209,2035,0.10270270270270271
ATC,CGT,I,R,294,2035,0.14447174447174446
ATC,CTA,I,L,29,3103,0.009345794392523364
ATC,CTC,I,L,885,3103,0.2852078633580406
ATC,CTG,I,L,626,3103,0.20174025136964227
ATC,CTT,I,L,331,3103,0.10667096358362875
ATC,GAA,I,E,309,1943,0.15903242408646423
ATC,GAC,I,D,1276,2826,0.45152158527954706
ATC,GAG,I,E,985,1943,0.5069480185280494
ATC,GAT,I,D,540,2826,0.1910828025477707
ATC,GCA,I,A,262,4364,0.06003666361136572
ATC,GCC,I,A,1318,4364,0.3020164986251146
ATC,GCG,I,A,571,4364,0.13084326306141156
ATC,GCT,I,A,632,4364,0.14482126489459213
ATC,GGA,I,G,349,3601,0.0969175229103027
ATC,GGC,I,G,927,3601,0.2574284920855318
ATC,GGG,I,G,432,3601,0.11996667592335462
ATC,GGT,I,G,692,3601,0.1921688419883366
ATC,GTA,I,V,76,3537,0.021487135990952786
ATC,GTC,I,V,1581,3537,0.44698897370653096
ATC,GTG,I,V,584,3537,0.16511167656205825
ATC,GTT,I,V,460,3537,0.13005371783997738
ATC,TAC,I,Y,337,671,0.5022354694485842
ATC,TAT,I,Y,133,671,0.19821162444113263
ATC,TCA,I,S,115,2220,0.0518018018018018
ATC,TCC,I,S,387,2220,0.17432432432432432
ATC,TCG,I,S,337,2220,0.1518018018018018
ATC,TCT,I,S,181,2220,0.08153153153153153
ATC,TGC,I,C,225,482,0.46680497925311204
ATC,TGG,I,W,315,415,0.7590361445783133
ATC,TGT,I,C,120,482,0.24896265560165975
ATC,TTA,I,L,24,3103,0.007734450531743474
ATC,TTC,I,F,577,1089,0.5298438934802571
ATC,TTG,I,L,237,3103,0.0763776990009668
ATC,TTT,I,F,168,1089,0.15426997245179064
ATG,AAA,M,K,110,455,0.24175824175824176
ATG,AAC,M,N,278,419,0.6634844868735084
ATG,AAG,M,K,345,455,0.7582417582417582
ATG,AAT,M,N,141,419,0.33651551312649164
ATG,ACA,M,T,117,1199,0.097581317764804
ATG,ACC,M,T,470,1199,0.3919933277731443
ATG,ACG,M,T,435,1199,0.3628023352793995
ATG,ACT,M,T,177,1199,0.14762301918265222
ATG,AGA,M,R,58,1014,0.05719921104536489
ATG,AGC,M,S,298,1141,0.26117440841367223
ATG,AGG,M,R,161,1014,0.15877712031558186
ATG,AGT,M,S,138,1141,0.12094653812445223
ATG,ATA,M,I,16,799,0.02002503128911139
ATG,ATC,M,I,591,799,0.7396745932415519
ATG,ATG,M,M,366,366,1.0
ATG,ATT,M,I,192,799,0.24030037546933666
ATG,CAA,M,Q,73,383,0.1906005221932115
ATG,CAC,M,H,234,325,0.72
ATG,CAG,M,Q,310,383,0.8093994778067886
ATG,CAT,M,H,91,325,0.28
ATG,CCA,M,P,121,852,0.142018779342723
ATG,CCC,M,P,242,852,0.284037558685446
ATG,CCG,M,P,312,852,0.36619718309859156
ATG,CCT,M,P,177,852,0.20774647887323944
ATG,CGA,M,R,106,1014,0.10453648915187377
ATG,CGC,M,R,320,1014,0.3155818540433925
ATG,CGG,M,R,135,1014,0.13313609467455623
ATG,CGT,M,R,234,1014,0.23076923076923078
ATG,CTA,M,L,54,1419,0.03805496828752643
ATG,CTC,M,L,525,1419,0.3699788583509514
ATG,CTG,M,L,460,1419,0.32417195207892885
ATG,CTT,M,L,206,1419,0.14517265680056377
ATG,GAA,M,E,203,666,0.3048048048048048
ATG,GAC,M,D,500,794,0.6297229219143576
ATG,GAG,M,E,463,666,0.6951951951951952
ATG,GAT,M,D,294,794,0.3702770780856423
ATG,GCA,M,A,267,2169,0.12309820193637622
ATG,GCC,M,A,868,2169,0.4001844167819272
ATG,GCG,M,A,509,2169,0.2346703550023052
ATG,GCT,M,A,525,2169,0.24204702627939143
ATG,GGA,M,G,256,1409,0.1816891412349184
ATG,GGC,M,G,481,1409,0.34137686302342085
ATG,GGG,M,G,299,1409,0.21220723917672107
ATG,GGT,M,G,373,1409,0.26472675656493966
ATG,GTA,M,V,54,1467,0.03680981595092025
ATG,GTC,M,V,552,1467,0.37627811860940696
ATG,GTG,M,V,583,1467,0.39740967961826856
ATG,GTT,M,V,278,1467,0.18950238582140422
ATG,TAC,M,Y,190,271,0.7011070110701108
ATG,TAT,M,Y,81,271,0.2988929889298893
ATG,TCA,M,S,105,1141,0.09202453987730061
ATG,TCC,M,S,219,1141,0.19193689745836984
ATG,TCG,M,S,287,1141,0.25153374233128833
ATG,TCT,M,S,94,1141,0.08238387379491674
ATG,TGC,M,C,124,179,0.6927374301675978
ATG,TGG,M,W,267,267,1.0
ATG,TGT,M,C,55,179,0.30726256983240224
ATG,TTA,M,L,9,1419,0.006342494714587738
ATG,TTC,M,F,361,466,0.7746781115879828
ATG,TTG,M,L,165,1419,0.11627906976744186
ATG,TTT,M,F,105,466,0.22532188841201717
ATT,AAA,I,K,38,988,0.038461538461538464
ATT,AAC,I,N,136,1040,0.13076923076923078
ATT,AAG,I,K,154,988,0.15587044534412955
ATT,AAT,I,N,72,1040,0.06923076923076923
ATT,ACA,I,T,30,2428,0.012355848434925865
ATT,ACC,I,T,237,2428,0.09761120263591433
ATT,ACG,I,T,89,2428,0.036655683690280064
ATT,ACT,I,T,93,2428,0.03830313014827018
ATT,AGA,I,R,7,2035,0.0034398034398034397
ATT,AGC,I,S,95,2220,0.04279279279279279
ATT,AGG,I,R,24,2035,0.011793611793611793
ATT,AGT,I,S,47,2220,0.02117117117117117
ATT,ATA,I,I,11,1967,0.005592272496187087
ATT,ATC,I,I,204,1967,0.10371123538383324
ATT,ATG,I,M,125,779,0.16046213093709885
ATT,ATT,I,I,148,1967,0.07524148449415353
ATT,CAA,I,Q,55,808,0.06806930693069307
ATT,CAC,I,H,169,794,0.2128463476070529
ATT,CAG,I,Q,182,808,0.22524752475247525
ATT,CAT,I,H,82,794,0.10327455919395466
ATT,CCA,I,P,84,1982,0.04238143289606458
ATT,CCC,I,P,194,1982,0.09788092835519677
ATT,CCG,I,P,317,1982,0.15993945509586277
ATT,CCT,I,P,140,1982,0.07063572149344097
ATT,CGA,I,R,78,2035,0.03832923832923833
ATT,CGC,I,R,267,2035,0.1312039312039312
ATT,CGG,I,R,132,2035,0.06486486486486487
ATT,CGT,I,R,221,2035,0.10859950859950859
ATT,CTA,I,L,12,3103,0.003867225265871737
ATT,CTC,I,L,283,3103,0.0912020625201418
ATT,CTG,I,L,201,3103,0.0647760232033516
ATT,CTT,I,L,167,3103,0.05381888495004834
ATT,GAA,I,E,123,1943,0.06330416881111683
ATT,GAC,I,D,650,2826,0.2300070771408351
ATT,GAG,I,E,462,1943,0.2377766340710242
ATT,GAT,I,D,288,2826,0.10191082802547771
ATT,GCA,I,A,118,4364,0.027039413382218148
ATT,GCC,I,A,630,4364,0.14436296975252064
ATT,GCG,I,A,276,4364,0.06324472960586618
ATT,GCT,I,A,316,4364,0.07241063244729606
ATT,GGA,I,G,136,3601,0.03776728686475979
ATT,GGC,I,G,412,3601,0.11441266314912524
ATT,GGG,I,G,186,3601,0.05165231880033324
ATT,GGT,I,G,337,3601,0.09358511524576507
ATT,GTA,I,V,15,3537,0.004240882103477523
ATT,GTC,I,V,352,3537,0.09951936669493922
ATT,GTG,I,V,198,3537,0.05597964376590331
ATT,GTT,I,V,164,3537,0.046366977664687586
ATT,TAC,I,Y,121,671,0.18032786885245902
ATT,TAT,I,Y,52,671,0.07749627421758569
ATT,TCA,I,S,39,2220,0.01756756756756757
ATT,TCC,I,S,201,2220,0.09054054054054055
ATT,TCG,I,S,154,2220,0.06936936936936937
ATT,TCT,I,S,106,2220,0.047747747747747746
ATT,TGC,I,C,59,482,0.12240663900414937
ATT,TGG,I,W,68,415,0.163855421686747
ATT,TGT,I,C,36,482,0.07468879668049792
ATT,TTA,I,L,14,3103,0.0045117628101836935
ATT,TTC,I,F,194,1089,0.1781450872359963
ATT,TTG,I,L,110,3103,0.03544956493715759
ATT,TTT,I,F,94,1089,0.08631772268135904
CAA,AAA,Q,K,48,565,0.08495575221238938
CAA,AAC,Q,N,91,540,0.1685185185185185
CAA,AAG,Q,K,72,565,0.12743362831858407
CAA,AAT,Q,N,27,540,0.05
CAA,ACA,Q,T,32,1315,0.024334600760456272
CAA,ACC,Q,T,161,1315,0.12243346007604562
CAA,ACG,Q,T,69,1315,0.05247148288973384
CAA,ACT,Q,T,53,1315,0.0403041825095057
CAA,AGA,Q,R,13,1772,0.007336343115124154
CAA,AGC,Q,S,48,1127,0.04259094942324756
CAA,AGG,Q,R,22,1772,0.012415349887133182
CAA,AGT,Q,S,21,1127,0.018633540372670808
CAA,ATA,Q,I,22,1305,0.01685823754789272
CAA,ATC,Q,I,133,1305,0.10191570881226053
CAA,ATG,Q,M,75,545,0.13761467889908258
CAA,ATT,Q,I,53,1305,0.04061302681992337
CAA,CAA,Q,Q,42,847,0.049586776859504134
CAA,CAC,Q,H,88,508,0.1732283464566929
CAA,CAG,Q,Q,155,847,0.18299881936245574
CAA,CAT,Q,H,44,508,0.08661417322834646
CAA,CCA,Q,P,67,1190,0.05630252100840336
CAA,CCC,Q,P,109,1190,0.09159663865546218
CAA,CCG,Q,P,113,1190,0.0949579831932773
CAA,CCT,Q,P,56,1190,0.047058823529411764
CAA,CGA,Q,R,65,1772,0.03668171557562077
CAA,CGC,Q,R,175,1772,0.09875846501128668
CAA,CGG,Q,R,99,1772,0.055869074492099324
CAA,CGT,Q,R,111,1772,0.0626410835214447
CAA,CTA,Q,L,33,2335,0.014132762312633832
CAA,CTC,Q,L,214,2335,0.09164882226980728
CAA,CTG,Q,L,149,2335,0.06381156316916488
CAA,CTT,Q,L,88,2335,0.037687366167023555
CAA,GAA,Q,E,104,1027,0.10126582278481013
CAA,GAC,Q,D,167,998,0.16733466933867736
CAA,GAG,Q,E,153,1027,0.14897760467380722
CAA,GAT,Q,D,92,998,0.09218436873747494
CAA,GCA,Q,A,68,2838,0.023960535588442564
CAA,GCC,Q,A,299,2838,0.10535588442565187
CAA,GCG,Q,A,107,2838,0.03770260747004933
CAA,GCT,Q,A,189,2838,0.06659619450317125
CAA,GGA,Q,G,117,1682,0.06956004756242569
CAA,GGC,Q,G,190,1682,0.11296076099881094
CAA,GGG,Q,G,105,1682,0.0624256837098692
CAA,GGT,Q,G,124,1682,0.07372175980975029
CAA,GTA,Q,V,57,2214,0.025745257452574527
CAA,GTC,Q,V,164,2214,0.07407407407407407
CAA,GTG,Q,V,132,2214,0.05962059620596206
CAA,GTT,Q,V,79,2214,0.03568202348690153
CAA,TAC,Q,Y,79,470,0.16808510638297872
CAA,TAT,Q,Y,38,470,0.08085106382978724
CAA,TCA,Q,S,27,1127,0.023957409050576754
CAA,TCC,Q,S,79,1127,0.07009760425909495
CAA,TCG,Q,S,67,1127,0.05944986690328305
CAA,TCT,Q,S,38,1127,0.03371783496007098
CAA,TGC,Q,C,34,194,0.17525773195876287
CAA,TGG,Q,W,110,439,0.2505694760820046
CAA,TGT,Q,C,19,194,0.0979381443298969
CAA,TTA,Q,L,17,2335,0.007280513918629551
CAA,TTC,Q,F,116,625,0.1856
CAA,TTG,Q,L,77,2335,0.03297644539614561
CAA,TTT,Q,F,28,625,0.0448
CAC,AAA,H,K,72,429,0.16783216783216784
CAC,AAC,H,N,266,477,0.5576519916142557
CAC,AAG,H,K,260,429,0.6060606060606061
CAC,AAT,H,N,112,477,0.2348008385744235
CAC,ACA,H,T,34,1034,0.03288201160541586
CAC,ACC,H,T,518,1034,0.5009671179883946
CAC,ACG,H,T,102,1034,0.09864603481624758
CAC,ACT,H,T,141,1034,0.13636363636363635
CAC,AGA,H,R,19,1443,0.013167013167013167
CAC,AGC,H,S,137,990,0.1383838383838384
CAC,AGG,H,R,33,1443,0.02286902286902287
CAC,AGT,H,S,50,990,0.050505050505050504
CAC,ATA,H,I,17,839,0.02026221692491061
CAC,ATC,H,I,443,839,0.5280095351609059
CAC,ATG,H,M,231,326,0.7085889570552147
CAC,ATT,H,I,151,839,0.1799761620977354
CAC,CAA,H,Q,99,641,0.1544461778471139
CAC,CAC,H,H,259,625,0.4144
CAC,CAG,H,Q,299,641,0.4664586583463339
CAC,CAT,H,H,115,625,0.184
CAC,CCA,H,P,98,1330,0.07368421052631578
CAC,CCC,H,P,277,1330,0.20827067669172933
CAC,CCG,H,P,245,1330,0.18421052631578946
CAC,CCT,H,P,113,1330,0.0849624060150376
CAC,CGA,H,R,91,1443,0.06306306306306306
CAC,CGC,H,R,344,1443,0.2383922383922384
CAC,CGG,H,R,162,1443,0.11226611226611227
CAC,CGT,H,R,197,1443,0.1365211365211365
CAC,CTA,H,L,83,1757,0.04723961297666477
CAC,CTC,H,L,404,1757,0.22993739328400684
CAC,CTG,H,L,355,1757,0.2020489470688674
CAC,CTT,H,L,145,1757,0.08252703471826978
CAC,GAA,H,E,195,1009,0.19326065411298315
CAC,GAC,H,D,602,1355,0.444280442804428
CAC,GAG,H,E,464,1009,0.45986124876114964
CAC,GAT,H,D,257,1355,0.1896678966789668
CAC,GCA,H,A,84,1733,0.048470859780727064
CAC,GCC,H,A,540,1733,0.31159838430467396
CAC,GCG,H,A,141,1733,0.08136180034622043
CAC,GCT,H,A,243,1733,0.1402192729371033
CAC,GGA,H,G,141,1660,0.08493975903614458
CAC,GGC,H,G,474,1660,0.2855421686746988
CAC,GGG,H,G,179,1660,0.10783132530120482
CAC,GGT,H,G,299,1660,0.18012048192771085
CAC,GTA,H,V,45,1524,0.02952755905511811
CAC,GTC,H,V,621,1524,0.4074803149606299
CAC,GTG,H,V,229,1524,0.15026246719160105
CAC,GTT,H,V,165,1524,0.10826771653543307
CAC,TAC,H,Y,210,396,0.5303030303030303
CAC,TAT,H,Y,61,396,0.15404040404040403
CAC,TCA,H,S,39,990,0.03939393939393939
CAC,TCC,H,S,231,990,0.23333333333333334
CAC,TCG,H,S,116,990,0.11717171717171718
CAC,TCT,H,S,68,990,0.06868686868686869
CAC,TGC,H,C,99,200,0.495
CAC,TGG,H,W,179,256,0.69921875
CAC,TGT,H,C,45,200,0.225
CAC,TTA,H,L,21,1757,0.01195219123505976
CAC,TTC,H,F,262,477,0.549266247379455
CAC,TTG,H,L,115,1757,0.06545247581104155
CAC,TTT,H,F,63,477,0.1320754716981132
CAG,AAA,Q,K,125,565,0.22123893805309736
CAG,AAC,Q,N,298,540,0.5518518518518518
CAG,AAG,Q,K,320,565,0.5663716814159292
CAG,AAT,Q,N,124,540,0.22962962962962963
CAG,ACA,Q,T,83,1315,0.06311787072243347
CAG,ACC,Q,T,509,1315,0.3870722433460076
CAG,ACG,Q,T,258,1315,0.1961977186311787
CAG,ACT,Q,T,150,1315,0.11406844106463879
CAG,AGA,Q,R,23,1772,0.012979683972911963
CAG,AGC,Q,S,114,1127,0.10115350488021295
CAG,AGG,Q,R,53,1772,0.029909706546275394
CAG,AGT,Q,S,51,1127,0.04525288376220053
CAG,ATA,Q,I,54,1305,0.041379310344827586
CAG,ATC,Q,I,776,1305,0.5946360153256705
CAG,ATG,Q,M,470,545,0.8623853211009175
CAG,ATT,Q,I,267,1305,0.2045977011494253
CAG,CAA,Q,Q,149,847,0.17591499409681227
CAG,CAC,Q,H,248,508,0.4881889763779528
CAG,CAG,Q,Q,501,847,0.5914994096812278
CAG,CAT,Q,H,128,508,0.25196850393700787
CAG,CCA,Q,P,116,1190,0.09747899159663866
CAG,CCC,Q,P,289,1190,0.24285714285714285
CAG,CCG,Q,P,281,1190,0.2361344537815126
CAG,CCT,Q,P,159,1190,0.13361344537815126
CAG,CGA,Q,R,155,1772,0.08747178329571106
CAG,CGC,Q,R,454,1772,0.2562076749435666
CAG,CGG,Q,R,246,1772,0.13882618510158012
CAG,CGT,Q,R,356,1772,0.20090293453724606
CAG,CTA,Q,L,115,2335,0.04925053533190578
CAG,CTC,Q,L,558,2335,0.23897216274089936
CAG,CTG,Q,L,467,2335,0.2
CAG,CTT,Q,L,239,2335,0.10235546038543897
CAG,GAA,Q,E,246,1027,0.2395326192794547
CAG,GAC,Q,D,488,998,0.48897795591182364
CAG,GAG,Q,E,524,1027,0.5102239532619279
CAG,GAT,Q,D,251,998,0.251503006012024
CAG,GCA,Q,A,258,2838,0.09090909090909091
CAG,GCC,Q,A,971,2838,0.34214235377026075
CAG,GCG,Q,A,419,2838,0.14763918252290345
CAG,GCT,Q,A,527,2838,0.1856941508104299
CAG,GGA,Q,G,244,1682,0.1450653983353151
CAG,GGC,Q,G,419,1682,0.24910820451843044
CAG,GGG,Q,G,272,1682,0.16171224732461356
CAG,GGT,Q,G,211,1682,0.12544589774078477
CAG,GTA,Q,V,178,2214,0.08039747064137308
CAG,GTC,Q,V,635,2214,0.2868112014453478
CAG,GTG,Q,V,670,2214,0.3026196928635953
CAG,GTT,Q,V,299,2214,0.13504968383017163
CAG,TAC,Q,Y,275,470,0.5851063829787234
CAG,TAT,Q,Y,78,470,0.16595744680851063
CAG,TCA,Q,S,95,1127,0.08429458740017746
CAG,TCC,Q,S,272,1127,0.24134871339840283
CAG,TCG,Q,S,212,1127,0.1881100266193434
CAG,TCT,Q,S,103,1127,0.09139307897071872
CAG,TGC,Q,C,104,194,0.5360824742268041
CAG,TGG,Q,W,329,439,0.7494305239179955
CAG,TGT,Q,C,37,194,0.19072164948453607
CAG,TTA,Q,L,63,2335,0.026980728051391862
CAG,TTC,Q,F,386,625,0.6176
CAG,TTG,Q,L,315,2335,0.1349036402569593
CAG,TTT,Q,F,95,625,0.152
CAT,AAA,H,K,19,429,0.04428904428904429
CAT,AAC,H,N,70,477,0.14675052410901468
CAT,AAG,H,K,78,429,0.18181818181818182
CAT,AAT,H,N,29,477,0.06079664570230608
CAT,ACA,H,T,12,1034,0.01160541586073501
CAT,ACC,H,T,156,1034,0.15087040618955513
CAT,ACG,H,T,29,1034,0.02804642166344294
CAT,ACT,H,T,42,1034,0.04061895551257253
CAT,AGA,H,R,9,1443,0.006237006237006237
CAT,AGC,H,S,38,990,0.03838383838383838
CAT,AGG,H,R,13,1443,0.009009009009009009
CAT,AGT,H,S,17,990,0.01717171717171717
CAT,ATA,H,I,11,839,0.013110846245530394
CAT,ATC,H,I,143,839,0.17044100119189512
CAT,ATG,H,M,95,326,0.29141104294478526
CAT,ATT,H,I,74,839,0.08820023837902265
CAT,CAA,H,Q,75,641,0.11700468018720749
CAT,CAC,H,H,163,625,0.2608
CAT,CAG,H,Q,168,641,0.2620904836193448
CAT,CAT,H,H,88,625,0.1408
CAT,CCA,H,P,75,1330,0.05639097744360902
CAT,CCC,H,P,201,1330,0.1511278195488722
CAT,CCG,H,P,224,1330,0.16842105263157894
CAT,CCT,H,P,97,1330,0.07293233082706767
CAT,CGA,H,R,71,1443,0.0492030492030492
CAT,CGC,H,R,232,1443,0.16077616077616078
CAT,CGG,H,R,98,1443,0.06791406791406791
CAT,CGT,H,R,174,1443,0.12058212058212059
CAT,CTA,H,L,50,1757,0.028457598178713718
CAT,CTC,H,L,189,1757,0.10756972111553785
CAT,CTG,H,L,218,1757,0.12407512805919181
CAT,CTT,H,L,87,1757,0.04951622083096187
CAT,GAA,H,E,108,1009,0.10703666997026759
CAT,GAC,H,D,356,1355,0.26273062730627306
CAT,GAG,H,E,242,1009,0.2398414271555996
CAT,GAT,H,D,140,1355,0.1033210332103321
CAT,GCA,H,A,54,1733,0.031159838430467397
CAT,GCC,H,A,372,1733,0.21465666474321984
CAT,GCG,H,A,127,1733,0.07328332371609925
CAT,GCT,H,A,172,1733,0.09924985574148874
CAT,GGA,H,G,64,1660,0.03855421686746988
CAT,GGC,H,G,272,1660,0.163855421686747
CAT,GGG,H,G,102,1660,0.06144578313253012
CAT,GGT,H,G,129,1660,0.07771084337349397
CAT,GTA,H,V,26,1524,0.01706036745406824
CAT,GTC,H,V,203,1524,0.1332020997375328
CAT,GTG,H,V,142,1524,0.09317585301837271
CAT,GTT,H,V,93,1524,0.0610236220472441
CAT,TAC,H,Y,97,396,0.24494949494949494
CAT,TAT,H,Y,28,396,0.0707070707070707
CAT,TCA,H,S,30,990,0.030303030303030304
CAT,TCC,H,S,141,990,0.14242424242424243
CAT,TCG,H,S,75,990,0.07575757575757576
CAT,TCT,H,S,48,990,0.048484848484848485
CAT,TGC,H,C,41,200,0.205
CAT,TGG,H,W,77,256,0.30078125
CAT,TGT,H,C,15,200,0.075
CAT,TTA,H,L,18,1757,0.010244735344336939
CAT,TTC,H,F,107,477,0.22431865828092243
CAT,TTG,H,L,72,1757,0.040978941377347755
CAT,TTT,H,F,45,477,0.09433962264150944
CCA,AAA,P,K,30,1114,0.026929982046678635
CCA,AAC,P,N,57,1016,0.05610236220472441
CCA,AAG,P,K,61,1114,0.05475763016157989
CCA,AAT,P,N,31,1016,0.03051181102362205
CCA,ACA,P,T,34,2603,0.013061851709565886
CCA,ACC,P,T,147,2603,0.05647330003841721
CCA,ACG,P,T,73,2603,0.028044563964656165
CCA,ACT,P,T,74,2603,0.028428736073761045
CCA,AGA,P,R,11,2350,0.004680851063829788
CCA,AGC,P,S,58,2489,0.023302531137002813
CCA,AGG,P,R,24,2350,0.010212765957446808
CCA,AGT,P,S,29,2489,0.011651265568501407
CCA,ATA,P,I,17,1646,0.010328068043742407
CCA,ATC,P,I,93,1646,0.056500607533414335
CCA,ATG,P,M,70,791,0.08849557522123894
CCA,ATT,P,I,54,1646,0.032806804374240585
CCA,CAA,P,Q,75,1348,0.055637982195845696
CCA,CAC,P,H,93,1039,0.08950914340712224
CCA,CAG,P,Q,168,1348,0.12462908011869436
CCA,CAT,P,H,62,1039,0.059672762271414825
CCA,CCA,P,P,68,1392,0.04885057471264368
CCA,CCC,P,P,76,1392,0.05459770114942529
CCA,CCG,P,P,112,1392,0.08045977011494253
CCA,CCT,P,P,56,1392,0.040229885057471264
CCA,CGA,P,R,66,2350,0.028085106382978724
CCA,CGC,P,R,146,2350,0.062127659574468086
CCA,CGG,P,R,68,2350,0.02893617021276596
CCA,CGT,P,R,101,2350,0.04297872340425532
CCA,CTA,P,L,50,3192,0.015664160401002505
CCA,CTC,P,L,122,3192,0.03822055137844611
CCA,CTG,P,L,196,3192,0.06140350877192982
CCA,CTT,P,L,40,3192,0.012531328320802004
CCA,GAA,P,E,108,2573,0.04197434900893898
CCA,GAC,P,D,189,2938,0.06432947583390061
CCA,GAG,P,E,190,2573,0.07384376214535561
CCA,GAT,P,D,121,2938,0.04118447923757658
CCA,GCA,P,A,129,4031,0.03200198461920119
CCA,GCC,P,A,311,4031,0.07715207144629124
CCA,GCG,P,A,152,4031,0.03770776482262466
CCA,GCT,P,A,172,4031,0.04266931282560159
CCA,GGA,P,G,129,3556,0.03627671541057368
CCA,GGC,P,G,154,3556,0.04330708661417323
CCA,GGG,P,G,93,3556,0.026152980877390326
CCA,GGT,P,G,118,3556,0.033183352080989874
CCA,GTA,P,V,76,3446,0.022054556006964595
CCA,GTC,P,V,170,3446,0.04933255948926291
CCA,GTG,P,V,205,3446,0.059489262913522925
CCA,GTT,P,V,98,3446,0.028438769587928032
CCA,TAC,P,Y,56,799,0.07008760951188986
CCA,TAT,P,Y,31,799,0.03879849812265332
CCA,TCA,P,S,52,2489,0.020891924467657693
CCA,TCC,P,S,96,2489,0.038569706709521895
CCA,TCG,P,S,115,2489,0.046203294495781436
CCA,TCT,P,S,58,2489,0.023302531137002813
CCA,TGC,P,C,46,350,0.13142857142857142
CCA,TGG,P,W,131,705,0.18581560283687942
CCA,TGT,P,C,19,350,0.054285714285714284
CCA,TTA,P,L,27,3192,0.008458646616541353
CCA,TTC,P,F,118,1104,0.1068840579710145
CCA,TTG,P,L,112,3192,0.03508771929824561
CCA,TTT,P,F,41,1104,0.03713768115942029
CCC,AAA,P,K,101,1114,0.09066427289048475
CCC,AAC,P,N,273,1016,0.2687007874015748
CCC,AAG,P,K,314,1114,0.28186714542190305
CCC,AAT,P,N,146,1016,0.1437007874015748
CCC,ACA,P,T,78,2603,0.029965424510180562
CCC,ACC,P,T,490,2603,0.1882443334613907
CCC,ACG,P,T,132,2603,0.050710718401844025
CCC,ACT,P,T,178,2603,0.06838263542066846
CCC,AGA,P,R,30,2350,0.01276595744680851
CCC,AGC,P,S,209,2489,0.08396946564885496
CCC,AGG,P,R,49,2350,0.020851063829787235
CCC,AGT,P,S,71,2489,0.028525512253917237
CCC,ATA,P,I,30,1646,0.018226002430133656
CCC,ATC,P,I,354,1646,0.21506682867557717
CCC,ATG,P,M,197,791,0.24905183312262957
CCC,ATT,P,I,123,1646,0.07472660996354799
CCC,CAA,P,Q,75,1348,0.055637982195845696
CCC,CAC,P,H,178,1039,0.17131857555341676
CCC,CAG,P,Q,239,1348,0.17729970326409494
CCC,CAT,P,H,131,1039,0.1260827718960539
CCC,CCA,P,P,35,1392,0.02514367816091954
CCC,CCC,P,P,30,1392,0.021551724137931036
CCC,CCG,P,P,94,1392,0.06752873563218391
CCC,CCT,P,P,30,1392,0.021551724137931036
CCC,CGA,P,R,87,2350,0.03702127659574468
CCC,CGC,P,R,166,2350,0.07063829787234042
CCC,CGG,P,R,93,2350,0.03957446808510638
CCC,CGT,P,R,95,2350,0.04042553191489362
CCC,CTA,P,L,35,3192,0.010964912280701754
CCC,CTC,P,L,217,3192,0.06798245614035088
CCC,CTG,P,L,158,3192,0.04949874686716792
CCC,CTT,P,L,75,3192,0.023496240601503758
CCC,GAA,P,E,313,2573,0.12164788184998057
CCC,GAC,P,D,843,2938,0.28692988427501703
CCC,GAG,P,E,649,2573,0.2522347454333463
CCC,GAT,P,D,382,2938,0.1300204220558203
CCC,GCA,P,A,151,4031,0.03745968742247581
CCC,GCC,P,A,427,4031,0.10592904986355743
CCC,GCG,P,A,146,4031,0.03621930042173158
CCC,GCT,P,A,211,4031,0.0523443314314066
CCC,GGA,P,G,261,3556,0.07339707536557931
CCC,GGC,P,G,472,3556,0.1327334083239595
CCC,GGG,P,G,232,3556,0.06524184476940383
CCC,GGT,P,G,337,3556,0.09476940382452194
CCC,GTA,P,V,52,3446,0.015089959373186303
CCC,GTC,P,V,385,3446,0.11172373766686013
CCC,GTG,P,V,162,3446,0.047011027278003485
CCC,GTT,P,V,143,3446,0.041497388276262336
CCC,TAC,P,Y,245,799,0.30663329161451813
CCC,TAT,P,Y,101,799,0.12640801001251564
CCC,TCA,P,S,78,2489,0.03133788670148654
CCC,TCC,P,S,188,2489,0.07553234230614704
CCC,TCG,P,S,152,2489,0.061068702290076333
CCC,TCT,P,S,66,2489,0.026516673362796304
CCC,TGC,P,C,83,350,0.23714285714285716
CCC,TGG,P,W,131,705,0.18581560283687942
CCC,TGT,P,C,36,350,0.10285714285714286
CCC,TTA,P,L,32,3192,0.010025062656641603
CCC,TTC,P,F,318,1104,0.28804347826086957
CCC,TTG,P,L,92,3192,0.02882205513784461
CCC,TTT,P,F,95,1104,0.08605072463768115
CCG,AAA,P,K,136,1114,0.12208258527827648
CCG,AAC,P,N,249,1016,0.24507874015748032
CCG,AAG,P,K,346,1114,0.3105924596050269
CCG,AAT,P,N,133,1016,0.1309055118110236
CCG,ACA,P,T,129,2603,0.04955820207452939
CCG,ACC,P,T,428,2603,0.16442566269688821
CCG,ACG,P,T,375,2603,0.14406454091432963
CCG,ACT,P,T,191,2603,0.07337687283903188
CCG,AGA,P,R,44,2350,0.01872340425531915
CCG,AGC,P,S,143,2489,0.05745279228605866
CCG,AGG,P,R,93,2350,0.03957446808510638
CCG,AGT,P,S,90,2489,0.03615910004017678
CCG,ATA,P,I,54,1646,0.032806804374240585
CCG,ATC,P,I,547,1646,0.33232077764277035
CCG,ATG,P,M,459,791,0.5802781289506953
CCG,ATT,P,I,223,1646,0.13547995139732685
CCG,CAA,P,Q,139,1348,0.10311572700296735
CCG,CAC,P,H,263,1039,0.2531280076997113
CCG,CAG,P,Q,436,1348,0.32344213649851633
CCG,CAT,P,H,113,1039,0.10875842155919153
CCG,CCA,P,P,117,1392,0.08405172413793104
CCG,CCC,P,P,139,1392,0.09985632183908046
CCG,CCG,P,P,279,1392,0.20043103448275862
CCG,CCT,P,P,93,1392,0.0668103448275862
CCG,CGA,P,R,114,2350,0.04851063829787234
CCG,CGC,P,R,342,2350,0.14553191489361703
CCG,CGG,P,R,111,2350,0.04723404255319149
CCG,CGT,P,R,269,2350,0.11446808510638298
CCG,CTA,P,L,157,3192,0.04918546365914787
CCG,CTC,P,L,291,3192,0.09116541353383459
CCG,CTG,P,L,684,3192,0.21428571428571427
CCG,CTT,P,L,139,3192,0.043546365914786965
CCG,GAA,P,E,253,2573,0.09832879906723668
CCG,GAC,P,D,383,2938,0.13036078965282505
CCG,GAG,P,E,486,2573,0.18888457054022542
CCG,GAT,P,D,262,2938,0.08917631041524847
CCG,GCA,P,A,241,4031,0.05978665343587199
CCG,GCC,P,A,620,4031,0.1538079880922848
CCG,GCG,P,A,343,4031,0.08509054825105433
CCG,GCT,P,A,388,4031,0.09625403125775242
CCG,GGA,P,G,232,3556,0.06524184476940383
CCG,GGC,P,G,319,3556,0.08970753655793026
CCG,GGG,P,G,234,3556,0.06580427446569179
CCG,GGT,P,G,209,3556,0.05877390326209224
CCG,GTA,P,V,233,3446,0.06761462565293093
CCG,GTC,P,V,571,3446,0.1656993615786419
CCG,GTG,P,V,692,3446,0.2008125362739408
CCG,GTT,P,V,298,3446,0.08647707486941382
CCG,TAC,P,Y,160,799,0.2002503128911139
CCG,TAT,P,Y,79,799,0.09887359198998748
CCG,TCA,P,S,132,2489,0.05303334672559261
CCG,TCC,P,S,207,2489,0.0831659300924066
CCG,TCG,P,S,275,2489,0.11048613901165126
CCG,TCT,P,S,98,2489,0.03937324226597027
CCG,TGC,P,C,82,350,0.2342857142857143
CCG,TGG,P,W,378,705,0.5361702127659574
CCG,TGT,P,C,34,350,0.09714285714285714
CCG,TTA,P,L,55,3192,0.017230576441102756
CCG,TTC,P,F,268,1104,0.2427536231884058
CCG,TTG,P,L,339,3192,0.106203007518797
CCG,TTT,P,F,77,1104,0.06974637681159421
CCT,AAA,P,K,32,1114,0.02872531418312388
CCT,AAC,P,N,74,1016,0.07283464566929133
CCT,AAG,P,K,94,1114,0.0843806104129264
CCT,AAT,P,N,53,1016,0.05216535433070866
CCT,ACA,P,T,24,2603,0.009220130618517095
CCT,ACC,P,T,138,2603,0.0530157510564733
CCT,ACG,P,T,47,2603,0.018056089127929314
CCT,ACT,P,T,65,2603,0.024971187091817133
CCT,AGA,P,R,8,2350,0.003404255319148936
CCT,AGC,P,S,66,2489,0.026516673362796304
CCT,AGG,P,R,16,2350,0.006808510638297872
CCT,AGT,P,S,33,2489,0.013258336681398152
CCT,ATA,P,I,13,1646,0.007897934386391251
CCT,ATC,P,I,87,1646,0.05285540704738761
CCT,ATG,P,M,65,791,0.08217446270543616
CCT,ATT,P,I,51,1646,0.030984204131227218
CCT,CAA,P,Q,59,1348,0.04376854599406528
CCT,CAC,P,H,123,1039,0.11838306063522618
CCT,CAG,P,Q,157,1348,0.11646884272997032
CCT,CAT,P,H,76,1039,0.07314725697786333
CCT,CCA,P,P,40,1392,0.028735632183908046
CCT,CCC,P,P,87,1392,0.0625
CCT,CCG,P,P,88,1392,0.06321839080459771
CCT,CCT,P,P,48,1392,0.034482758620689655
CCT,CGA,P,R,73,2350,0.031063829787234043
CCT,CGC,P,R,160,2350,0.06808510638297872
CCT,CGG,P,R,74,2350,0.03148936170212766
CCT,CGT,P,R,110,2350,0.04680851063829787
CCT,CTA,P,L,31,3192,0.009711779448621553
CCT,CTC,P,L,131,3192,0.041040100250626564
CCT,CTG,P,L,84,3192,0.02631578947368421
CCT,CTT,P,L,56,3192,0.017543859649122806
CCT,GAA,P,E,175,2573,0.06801399144966964
CCT,GAC,P,D,530,2938,0.18039482641252552
CCT,GAG,P,E,399,2573,0.1550719005052468
CCT,GAT,P,D,228,2938,0.07760381211708646
CCT,GCA,P,A,73,4031,0.01810965021086579
CCT,GCC,P,A,343,4031,0.08509054825105433
CCT,GCG,P,A,146,4031,0.03621930042173158
CCT,GCT,P,A,178,4031,0.044157777226494666
CCT,GGA,P,G,131,3556,0.03683914510686164
CCT,GGC,P,G,294,3556,0.08267716535433071
CCT,GGG,P,G,144,3556,0.04049493813273341
CCT,GGT,P,G,197,3556,0.05539932508436445
CCT,GTA,P,V,22,3446,0.006384213580963436
CCT,GTC,P,V,162,3446,0.047011027278003485
CCT,GTG,P,V,98,3446,0.028438769587928032
CCT,GTT,P,V,79,3446,0.022925130586186882
CCT,TAC,P,Y,85,799,0.10638297872340426
CCT,TAT,P,Y,42,799,0.052565707133917394
CCT,TCA,P,S,40,2489,0.016070711128967456
CCT,TCC,P,S,113,2489,0.04539975893933307
CCT,TCG,P,S,78,2489,0.03133788670148654
CCT,TCT,P,S,42,2489,0.01687424668541583
CCT,TGC,P,C,31,350,0.08857142857142856
CCT,TGG,P,W,65,705,0.09219858156028368
CCT,TGT,P,C,19,350,0.054285714285714284
CCT,TTA,P,L,14,3192,0.0043859649122807015
CCT,TTC,P,F,150,1104,0.1358695652173913
CCT,TTG,P,L,55,3192,0.017230576441102756
CCT,TTT,P,F,37,1104,0.03351449275362319
CGA,AAA,R,K,35,1471,0.02379333786539769
CGA,AAC,R,N,85,1311,0.06483600305110603
CGA,AAG,R,K,70,1471,0.04758667573079538
CGA,AAT,R,N,45,1311,0.034324942791762014
CGA,ACA,R,T,37,3048,0.012139107611548556
CGA,ACC,R,T,127,3048,0.041666666666666664
CGA,ACG,R,T,54,3048,0.017716535433070866
CGA,ACT,R,T,71,3048,0.023293963254593177
CGA,AGA,R,R,16,4713,0.003394865266284744
CGA,AGC,R,S,45,2947,0.015269765863590091
CGA,AGG,R,R,26,4713,0.00551665605771271
CGA,AGT,R,S,27,2947,0.009161859518154056
CGA,ATA,R,I,25,2774,0.009012256669069935
CGA,ATC,R,I,175,2774,0.06308579668348954
CGA,ATG,R,M,158,1111,0.1422142214221422
CGA,ATT,R,I,70,2774,0.025234318673395817
CGA,CAA,R,Q,47,1782,0.026374859708193043
CGA,CAC,R,H,90,1577,0.05707038681039949
CGA,CAG,R,Q,102,1782,0.05723905723905724
CGA,CAT,R,H,56,1577,0.03551046290424857
CGA,CCA,R,P,46,2521,0.01824672748909163
CGA,CCC,R,P,96,2521,0.038080126933756446
CGA,CCG,R,P,89,2521,0.035303451011503374
CGA,CCT,R,P,59,2521,0.023403411344704483
CGA,CGA,R,R,120,4713,0.025461489497135583
CGA,CGC,R,R,321,4713,0.06810948440483769
CGA,CGG,R,R,105,4713,0.022278803309993635
CGA,CGT,R,R,202,4713,0.0428601739868449
CGA,CTA,R,L,60,4636,0.012942191544434857
CGA,CTC,R,L,177,4636,0.03817946505608283
CGA,CTG,R,L,193,4636,0.04163071613459879
CGA,CTT,R,L,109,4636,0.02351164797238999
CGA,GAA,R,E,116,2703,0.04291527931927488
CGA,GAC,R,D,163,2878,0.056636553161918
CGA,GAG,R,E,136,2703,0.050314465408805034
CGA,GAT,R,D,116,2878,0.04030576789437109
CGA,GCA,R,A,108,4884,0.022113022113022112
CGA,GCC,R,A,346,4884,0.07084357084357085
CGA,GCG,R,A,124,4884,0.025389025389025387
CGA,GCT,R,A,201,4884,0.041154791154791155
CGA,GGA,R,G,103,3628,0.028390297684674753
CGA,GGC,R,G,163,3628,0.044928335170893056
CGA,GGG,R,G,101,3628,0.027839029768467475
CGA,GGT,R,G,115,3628,0.03169790518191841
CGA,GTA,R,V,75,3822,0.019623233908948195
CGA,GTC,R,V,224,3822,0.05860805860805861
CGA,GTG,R,V,209,3822,0.05468341182626897
CGA,GTT,R,V,101,3822,0.02642595499738357
CGA,TAC,R,Y,77,1105,0.06968325791855204
CGA,TAT,R,Y,30,1105,0.027149321266968326
CGA,TCA,R,S,37,2947,0.012555140821174076
CGA,TCC,R,S,105,2947,0.035629453681710214
CGA,TCG,R,S,70,2947,0.023752969121140142
CGA,TCT,R,S,63,2947,0.021377672209026127
CGA,TGC,R,C,45,571,0.07880910683012259
CGA,TGG,R,W,112,928,0.1206896551724138
CGA,TGT,R,C,30,571,0.05253940455341506
CGA,TTA,R,L,29,4636,0.006255392579810181
CGA,TTC,R,F,196,1470,0.13333333333333333
CGA,TTG,R,L,92,4636,0.01984469370146678
CGA,TTT,R,F,52,1470,0.03537414965986395
CGC,AAA,R,K,209,1471,0.14208021753908906
CGC,AAC,R,N,502,1311,0.38291380625476734
CGC,AAG,R,K,628,1471,0.42692046227056424
CGC,AAT,R,N,262,1311,0.19984744469870327
CGC,ACA,R,T,96,3048,0.031496062992125984
CGC,ACC,R,T,900,3048,0.2952755905511811
CGC,ACG,R,T,186,3048,0.0610236220472441
CGC,ACT,R,T,322,3048,0.10564304461942257
CGC,AGA,R,R,64,4713,0.013579461065138977
CGC,AGC,R,S,265,2947,0.08992195453003055
CGC,AGG,R,R,86,4713,0.0182474008062805
CGC,AGT,R,S,146,2947,0.0495419070240923
CGC,ATA,R,I,33,2774,0.011896178803172314
CGC,ATC,R,I,784,2774,0.28262436914203315
CGC,ATG,R,M,287,1111,0.2583258325832583
CGC,ATT,R,I,286,2774,0.10310021629416005
CGC,CAA,R,Q,116,1782,0.06509539842873176
CGC,CAC,R,H,333,1577,0.21116043119847813
CGC,CAG,R,Q,326,1782,0.1829405162738496
CGC,CAT,R,H,169,1577,0.10716550412175016
CGC,CCA,R,P,112,2521,0.044426814756049184
CGC,CCC,R,P,275,2521,0.10908369694565649
CGC,CCG,R,P,255,2521,0.10115033716779057
CGC,CCT,R,P,105,2521,0.04165013883379611
CGC,CGA,R,R,135,4713,0.02864417568427753
CGC,CGC,R,R,440,4713,0.09335879482283047
CGC,CGG,R,R,160,4713,0.033948652662847446
CGC,CGT,R,R,319,4713,0.0676851262465521
CGC,CTA,R,L,82,4636,0.017687661777394306
CGC,CTC,R,L,382,4636,0.08239861949956859
CGC,CTG,R,L,304,4636,0.06557377049180328
CGC,CTT,R,L,155,4636,0.033433994823123384
CGC,GAA,R,E,334,2703,0.12356640769515354
CGC,GAC,R,D,748,2878,0.2599027102154274
CGC,GAG,R,E,747,2703,0.2763596004439512
CGC,GAT,R,D,401,2878,0.1393328700486449
CGC,GCA,R,A,140,4884,0.028665028665028666
CGC,GCC,R,A,731,4884,0.14967239967239968
CGC,GCG,R,A,217,4884,0.04443079443079443
CGC,GCT,R,A,372,4884,0.07616707616707617
CGC,GGA,R,G,193,3628,0.0531973539140022
CGC,GGC,R,G,540,3628,0.14884233737596472
CGC,GGG,R,G,235,3628,0.06477398015435501
CGC,GGT,R,G,372,3628,0.10253583241455347
CGC,GTA,R,V,50,3822,0.013082155939298797
CGC,GTC,R,V,616,3822,0.16117216117216118
CGC,GTG,R,V,192,3822,0.05023547880690738
CGC,GTT,R,V,199,3822,0.05206698063840921
CGC,TAC,R,Y,319,1105,0.28868778280542984
CGC,TAT,R,Y,121,1105,0.10950226244343891
CGC,TCA,R,S,75,2947,0.025449609772650154
CGC,TCC,R,S,287,2947,0.09738717339667459
CGC,TCG,R,S,161,2947,0.05463182897862233
CGC,TCT,R,S,114,2947,0.03868340685442823
CGC,TGC,R,C,132,571,0.23117338003502627
CGC,TGG,R,W,351,928,0.37823275862068967
CGC,TGT,R,C,79,571,0.138353765323993
CGC,TTA,R,L,33,4636,0.007118205349439172
CGC,TTC,R,F,253,1470,0.17210884353741496
CGC,TTG,R,L,98,4636,0.02113891285591027
CGC,TTT,R,F,65,1470,0.04421768707482993
CGG,AAA,R,K,46,1471,0.03127124405166554
CGG,AAC,R,N,68,1311,0.05186880244088482
CGG,AAG,R,K,82,1471,0.0557443915703603
CGG,AAT,R,N,27,1311,0.020594965675057208
CGG,ACA,R,T,50,3048,0.016404199475065617
CGG,ACC,R,T,158,3048,0.05183727034120735
CGG,ACG,R,T,98,3048,0.03215223097112861
CGG,ACT,R,T,87,3048,0.028543307086614175
CGG,AGA,R,R,18,4713,0.0038192234245703373
CGG,AGC,R,S,55,2947,0.018663047166610113
CGG,AGG,R,R,28,4713,0.005941014215998302
CGG,AGT,R,S,27,2947,0.009161859518154056
CGG,ATA,R,I,44,2774,0.015861571737563085
CGG,ATC,R,I,416,2774,0.1499639509733237
CGG,ATG,R,M,426,1111,0.38343834383438347
CGG,ATT,R,I,168,2774,0.06056236481614996
CGG,CAA,R,Q,69,1782,0.03872053872053872
CGG,CAC,R,H,118,1577,0.07482561826252378
CGG,CAG,R,Q,182,1782,0.10213243546576879
CGG,CAT,R,H,70,1577,0.04438807863031072
CGG,CCA,R,P,62,2521,0.02459341531138437
CGG,CCC,R,P,114,2521,0.04522015073383578
CGG,CCG,R,P,108,2521,0.042840142800476
CGG,CCT,R,P,63,2521,0.024990083300277667
CGG,CGA,R,R,82,4713,0.017398684489709316
CGG,CGC,R,R,204,4713,0.04328453214513049
CGG,CGG,R,R,124,4713,0.02631020581370677
CGG,CGT,R,R,192,4713,0.04073838319541693
CGG,CTA,R,L,113,4636,0.02437446074201898
CGG,CTC,R,L,226,4636,0.04874892148403796
CGG,CTG,R,L,389,4636,0.08390854184641933
CGG,CTT,R,L,117,4636,0.02523727351164797
CGG,GAA,R,E,172,2703,0.06363300036995931
CGG,GAC,R,D,189,2878,0.06567060458651841
CGG,GAG,R,E,330,2703,0.1220865704772475
CGG,GAT,R,D,120,2878,0.04169562195969423
CGG,GCA,R,A,147,4884,0.030098280098280097
CGG,GCC,R,A,373,4884,0.07637182637182637
CGG,GCG,R,A,247,4884,0.050573300573300575
CGG,GCT,R,A,272,4884,0.055692055692055695
CGG,GGA,R,G,106,3628,0.029217199558985666
CGG,GGC,R,G,165,3628,0.04547960308710033
CGG,GGG,R,G,100,3628,0.027563395810363836
CGG,GGT,R,G,84,3628,0.023153252480705624
CGG,GTA,R,V,131,3822,0.03427524856096285
CGG,GTC,R,V,381,3822,0.09968602825745683
CGG,GTG,R,V,483,3822,0.12637362637362637
CGG,GTT,R,V,197,3822,0.05154369440083726
CGG,TAC,R,Y,117,1105,0.10588235294117647
CGG,TAT,R,Y,80,1105,0.07239819004524888
CGG,TCA,R,S,61,2947,0.020699015948422123
CGG,TCC,R,S,119,2947,0.040380047505938245
CGG,TCG,R,S,143,2947,0.04852392263318629
CGG,TCT,R,S,78,2947,0.02646759416355616
CGG,TGC,R,C,69,571,0.12084063047285463
CGG,TGG,R,W,202,928,0.21767241379310345
CGG,TGT,R,C,43,571,0.07530647985989491
CGG,TTA,R,L,62,4636,0.013373597929249352
CGG,TTC,R,F,257,1470,0.17482993197278912
CGG,TTG,R,L,243,4636,0.05241587575496117
CGG,TTT,R,F,103,1470,0.07006802721088436
CGT,AAA,R,K,64,1471,0.043507817811012914
CGT,AAC,R,N,168,1311,0.12814645308924486
CGT,AAG,R,K,204,1471,0.13868116927260368
CGT,AAT,R,N,63,1311,0.04805491990846682
CGT,ACA,R,T,20,3048,0.006561679790026247
CGT,ACC,R,T,384,3048,0.12598425196850394
CGT,ACG,R,T,59,3048,0.01935695538057743
CGT,ACT,R,T,135,3048,0.04429133858267716
CGT,AGA,R,R,16,4713,0.003394865266284744
CGT,AGC,R,S,96,2947,0.032575500508992196
CGT,AGG,R,R,35,4713,0.007426267769997878
CGT,AGT,R,S,43,2947,0.014591109602986088
CGT,ATA,R,I,19,2774,0.00684931506849315
CGT,ATC,R,I,295,2774,0.10634462869502523
CGT,ATG,R,M,120,1111,0.10801080108010801
CGT,ATT,R,I,153,2774,0.055155010814708
CGT,CAA,R,Q,214,1782,0.12008978675645342
CGT,CAC,R,H,416,1577,0.2637920101458465
CGT,CAG,R,Q,595,1782,0.3338945005611672
CGT,CAT,R,H,219,1577,0.1388712745719721
CGT,CCA,R,P,142,2521,0.05632685442284808
CGT,CCC,R,P,301,2521,0.11939706465688218
CGT,CCG,R,P,286,2521,0.11344704482348275
CGT,CCT,R,P,179,2521,0.07100357001190004
CGT,CGA,R,R,182,4713,0.038616592403988965
CGT,CGC,R,R,611,4713,0.12964141735624868
CGT,CGG,R,R,256,4713,0.05431784426055591
CGT,CGT,R,R,530,4713,0.11245491194568216
CGT,CTA,R,L,95,4636,0.020491803278688523
CGT,CTC,R,L,353,4636,0.07614322691975842
CGT,CTG,R,L,433,4636,0.09339948231233822
CGT,CTT,R,L,175,4636,0.037748058671268334
CGT,GAA,R,E,195,2703,0.07214206437291898
CGT,GAC,R,D,696,2878,0.24183460736622656
CGT,GAG,R,E,491,2703,0.18165001849796522
CGT,GAT,R,D,276,2878,0.09589993050729674
CGT,GCA,R,A,93,4884,0.019041769041769043
CGT,GCC,R,A,617,4884,0.12633087633087633
CGT,GCG,R,A,161,4884,0.03296478296478297
CGT,GCT,R,A,255,4884,0.05221130221130221
CGT,GGA,R,G,127,3628,0.03500551267916207
CGT,GGC,R,G,472,3628,0.13009922822491732
CGT,GGG,R,G,137,3628,0.03776185226019846
CGT,GGT,R,G,313,3628,0.08627342888643881
CGT,GTA,R,V,29,3822,0.007587650444793302
CGT,GTC,R,V,245,3822,0.0641025641025641
CGT,GTG,R,V,132,3822,0.03453689167974882
CGT,GTT,R,V,106,3822,0.02773417059131345
CGT,TAC,R,Y,189,1105,0.17104072398190046
CGT,TAT,R,Y,69,1105,0.06244343891402715
CGT,TCA,R,S,49,2947,0.0166270783847981
CGT,TCC,R,S,262,2947,0.08890397013912453
CGT,TCG,R,S,138,2947,0.04682728198167628
CGT,TCT,R,S,108,2947,0.03664743807261622
CGT,TGC,R,C,65,571,0.1138353765323993
CGT,TGG,R,W,149,928,0.16056034482758622
CGT,TGT,R,C,41,571,0.07180385288966724
CGT,TTA,R,L,26,4636,0.0056082830025884385
CGT,TTC,R,F,211,1470,0.1435374149659864
CGT,TTG,R,L,109,4636,0.02351164797238999
CGT,TTT,R,F,76,1470,0.05170068027210884
CTA,AAA,L,K,14,1767,0.00792303338992643
CTA,AAC,L,N,21,1698,0.012367491166077738
CTA,AAG,L,K,23,1767,0.013016411997736276
CTA,AAT,L,N,6,1698,0.0035335689045936395
CTA,ACA,L,T,19,4654,0.0040825096691018475
CTA,ACC,L,T,87,4654,0.01869359690588741
CTA,ACG,L,T,50,4654,0.010743446497636441
CTA,ACT,L,T,39,4654,0.008379888268156424
CTA,AGA,L,R,10,4433,0.0022558087074216106
CTA,AGC,L,S,30,4508,0.006654835847382431
CTA,AGG,L,R,13,4433,0.002932551319648094
CTA,AGT,L,S,19,4508,0.004214729370008873
CTA,ATA,L,I,4,3246,0.0012322858903265558
CTA,ATC,L,I,19,3246,0.00585335797905114
CTA,ATG,L,M,21,1397,0.015032211882605583
CTA,ATT,L,I,10,3246,0.0030807147258163892
CTA,CAA,L,Q,36,1579,0.022799240025332488
CTA,CAC,L,H,55,1475,0.03728813559322034
CTA,CAG,L,Q,76,1579,0.048131728942368585
CTA,CAT,L,H,59,1475,0.04
CTA,CCA,L,P,47,3774,0.012453630100688924
CTA,CCC,L,P,141,3774,0.037360890302066775
CTA,CCG,L,P,123,3774,0.03259141494435612
CTA,CCT,L,P,81,3774,0.021462639109697933
CTA,CGA,L,R,57,4433,0.012858109632303182
CTA,CGC,L,R,158,4433,0.035641777577261446
CTA,CGG,L,R,60,4433,0.013534852244529664
CTA,CGT,L,R,95,4433,0.0214301827205053
CTA,CTA,L,L,43,6336,0.006786616161616162
CTA,CTC,L,L,167,6336,0.026357323232323232
CTA,CTG,L,L,154,6336,0.024305555555555556
CTA,CTT,L,L,64,6336,0.010101010101010102
CTA,GAA,L,E,80,3344,0.023923444976076555
CTA,GAC,L,D,109,4744,0.022976391231028667
CTA,GAG,L,E,140,3344,0.041866028708133975
CTA,GAT,L,D,79,4744,0.016652613827993254
CTA,GCA,L,A,98,8816,0.011116152450090745
CTA,GCC,L,A,348,8816,0.039473684210526314
CTA,GCG,L,A,135,8816,0.015313067150635209
CTA,GCT,L,A,181,8816,0.020530852994555353
CTA,GGA,L,G,98,6112,0.016034031413612565
CTA,GGC,L,G,122,6112,0.019960732984293194
CTA,GGG,L,G,99,6112,0.016197643979057593
CTA,GGT,L,G,93,6112,0.015215968586387435
CTA,GTA,L,V,30,6735,0.004454342984409799
CTA,GTC,L,V,104,6735,0.015441722345953972
CTA,GTG,L,V,121,6735,0.017965850037119525
CTA,GTT,L,V,66,6735,0.009799554565701559
CTA,TAC,L,Y,39,1122,0.034759358288770054
CTA,TAT,L,Y,16,1122,0.0142602495543672
CTA,TCA,L,S,48,4508,0.01064773735581189
CTA,TCC,L,S,99,4508,0.021960958296362024
CTA,TCG,L,S,99,4508,0.021960958296362024
CTA,TCT,L,S,62,4508,0.013753327417923691
CTA,TGC,L,C,54,727,0.07427785419532325
CTA,TGG,L,W,87,887,0.09808342728297632
CTA,TGT,L,C,25,727,0.0343878954607978
CTA,TTA,L,L,20,6336,0.0031565656565656565
CTA,TTC,L,F,104,1900,0.05473684210526316
CTA,TTG,L,L,86,6336,0.013573232323232324
CTA,TTT,L,F,42,1900,0.022105263157894735
CTC,AAA,L,K,293,1767,0.1658177702320317
CTC,AAC,L,N,755,1698,0.444640753828033
CTC,AAG,L,K,752,1767,0.4255800792303339
CTC,AAT,L,N,327,1698,0.19257950530035337
CTC,ACA,L,T,112,4654,0.024065320154705628
CTC,ACC,L,T,1092,4654,0.2346368715083799
CTC,ACG,L,T,229,4654,0.049204984959174906
CTC,ACT,L,T,320,4654,0.06875805758487323
CTC,AGA,L,R,36,4433,0.008120911346717798
CTC,AGC,L,S,230,4508,0.05102040816326531
CTC,AGG,L,R,60,4433,0.013534852244529664
CTC,AGT,L,S,86,4508,0.019077196095829637
CTC,ATA,L,I,67,3246,0.020640788662969808
CTC,ATC,L,I,1520,3246,0.4682686383240912
CTC,ATG,L,M,828,1397,0.5926986399427344
CTC,ATT,L,I,527,3246,0.16235366605052373
CTC,CAA,L,Q,81,1579,0.0512982900569981
CTC,CAC,L,H,177,1475,0.12
CTC,CAG,L,Q,181,1579,0.11462951234958835
CTC,CAT,L,H,116,1475,0.07864406779661016
CTC,CCA,L,P,54,3774,0.014308426073131956
CTC,CCC,L,P,171,3774,0.04531001589825119
CTC,CCG,L,P,124,3774,0.03285638579756227
CTC,CCT,L,P,50,3774,0.013248542660307366
CTC,CGA,L,R,36,4433,0.008120911346717798
CTC,CGC,L,R,83,4433,0.018723212271599367
CTC,CGG,L,R,54,4433,0.012181367020076697
CTC,CGT,L,R,56,4433,0.01263252876156102
CTC,CTA,L,L,42,6336,0.006628787878787879
CTC,CTC,L,L,405,6336,0.06392045454545454
CTC,CTG,L,L,251,6336,0.03961489898989899
CTC,CTT,L,L,143,6336,0.022569444444444444
CTC,GAA,L,E,336,3344,0.10047846889952153
CTC,GAC,L,D,1518,4744,0.3199831365935919
CTC,GAG,L,E,645,3344,0.1928827751196172
CTC,GAT,L,D,598,4744,0.1260539629005059
CTC,GCA,L,A,185,8816,0.02098457350272232
CTC,GCC,L,A,903,8816,0.10242740471869329
CTC,GCG,L,A,309,8816,0.03504990925589837
CTC,GCT,L,A,385,8816,0.04367059891107078
CTC,GGA,L,G,276,6112,0.045157068062827224
CTC,GGC,L,G,831,6112,0.13596204188481675
CTC,GGG,L,G,292,6112,0.047774869109947646
CTC,GGT,L,G,529,6112,0.08655104712041885
CTC,GTA,L,V,136,6735,0.020193021529324423
CTC,GTC,L,V,1466,6735,0.21766889383815888
CTC,GTG,L,V,452,6735,0.06711210096510764
CTC,GTT,L,V,444,6735,0.06592427616926504
CTC,TAC,L,Y,328,1122,0.29233511586452765
CTC,TAT,L,Y,97,1122,0.08645276292335116
CTC,TCA,L,S,67,4508,0.014862466725820762
CTC,TCC,L,S,233,4508,0.05168589174800355
CTC,TCG,L,S,234,4508,0.051907719609582965
CTC,TCT,L,S,84,4508,0.018633540372670808
CTC,TGC,L,C,49,727,0.06740027510316368
CTC,TGG,L,W,85,887,0.09582863585118377
CTC,TGT,L,C,15,727,0.02063273727647868
CTC,TTA,L,L,35,6336,0.005523989898989899
CTC,TTC,L,F,433,1900,0.22789473684210526
CTC,TTG,L,L,101,6336,0.015940656565656564
CTC,TTT,L,F,143,1900,0.07526315789473684
CTG,AAA,L,K,86,1767,0.04867006225240521
CTG,AAC,L,N,159,1698,0.09363957597173145
CTG,AAG,L,K,203,1767,0.11488398415393322
CTG,AAT,L,N,67,1698,0.039458186101295645
CTG,ACA,L,T,163,4654,0.0350236355822948
CTG,ACC,L,T,606,4654,0.13021057155135368
CTG,ACG,L,T,507,4654,0.10893854748603352
CTG,ACT,L,T,235,4654,0.050494198538891276
CTG,AGA,L,R,78,4433,0.017595307917888565
CTG,AGC,L,S,196,4508,0.043478260869565216
CTG,AGG,L,R,117,4433,0.026392961876832845
CTG,AGT,L,S,95,4508,0.021073646850044366
CTG,ATA,L,I,56,3246,0.01725200246457178
CTG,ATC,L,I,268,3246,0.08256315465187923
CTG,ATG,L,M,239,1397,0.17108088761632068
CTG,ATT,L,I,82,3246,0.025261860751694395
CTG,CAA,L,Q,197,1579,0.12476250791640278
CTG,CAC,L,H,409,1475,0.27728813559322035
CTG,CAG,L,Q,399,1579,0.2526915769474351
CTG,CAT,L,H,172,1475,0.11661016949152542
CTG,CCA,L,P,221,3774,0.05855855855855856
CTG,CCC,L,P,497,3774,0.13169051404345522
CTG,CCG,L,P,551,3774,0.14599894011658718
CTG,CCT,L,P,248,3774,0.06571277159512454
CTG,CGA,L,R,228,4433,0.051432438529212726
CTG,CGC,L,R,844,4433,0.19039025490638395
CTG,CGG,L,R,263,4433,0.05932776900518836
CTG,CGT,L,R,613,4433,0.13828107376494472
CTG,CTA,L,L,219,6336,0.034564393939393936
CTG,CTC,L,L,822,6336,0.12973484848484848
CTG,CTG,L,L,950,6336,0.14993686868686867
CTG,CTT,L,L,313,6336,0.04940025252525253
CTG,GAA,L,E,356,3344,0.10645933014354067
CTG,GAC,L,D,497,4744,0.10476391231028667
CTG,GAG,L,E,573,3344,0.17135167464114834
CTG,GAT,L,D,326,4744,0.06871838111298482
CTG,GCA,L,A,443,8816,0.05024954627949183
CTG,GCC,L,A,1360,8816,0.1542649727767695
CTG,GCG,L,A,606,8816,0.06873865698729582
CTG,GCT,L,A,795,8816,0.09017695099818512
CTG,GGA,L,G,428,6112,0.0700261780104712
CTG,GGC,L,G,524,6112,0.08573298429319372
CTG,GGG,L,G,359,6112,0.0587369109947644
CTG,GGT,L,G,350,6112,0.057264397905759164
CTG,GTA,L,V,228,6735,0.033853006681514475
CTG,GTC,L,V,620,6735,0.09205642167780252
CTG,GTG,L,V,814,6735,0.1208611729769859
CTG,GTT,L,V,296,6735,0.043949517446176686
CTG,TAC,L,Y,265,1122,0.23618538324420676
CTG,TAT,L,Y,84,1122,0.0748663101604278
CTG,TCA,L,S,204,4508,0.04525288376220053
CTG,TCC,L,S,495,4508,0.10980479148181012
CTG,TCG,L,S,498,4508,0.11047027506654836
CTG,TCT,L,S,244,4508,0.05412599822537711
CTG,TGC,L,C,243,727,0.3342503438789546
CTG,TGG,L,W,438,887,0.49379932356257045
CTG,TGT,L,C,120,727,0.16506189821182943
CTG,TTA,L,L,76,6336,0.011994949494949494
CTG,TTC,L,F,497,1900,0.2615789473684211
CTG,TTG,L,L,400,6336,0.06313131313131314
CTG,TTT,L,F,164,1900,0.0863157894736842
CTT,AAA,L,K,70,1767,0.039615166949632144
CTT,AAC,L,N,159,1698,0.09363957597173145
CTT,AAG,L,K,155,1767,0.08771929824561403
CTT,AAT,L,N,80,1698,0.04711425206124853
CTT,ACA,L,T,19,4654,0.0040825096691018475
CTT,ACC,L,T,222,4654,0.047700902449505804
CTT,ACG,L,T,53,4654,0.011388053287494627
CTT,ACT,L,T,104,4654,0.0223463687150838
CTT,AGA,L,R,8,4433,0.0018046469659372885
CTT,AGC,L,S,58,4508,0.012866015971606033
CTT,AGG,L,R,8,4433,0.0018046469659372885
CTT,AGT,L,S,19,4508,0.004214729370008873
CTT,ATA,L,I,15,3246,0.0046210720887245845
CTT,ATC,L,I,289,3246,0.08903265557609365
CTT,ATG,L,M,180,1397,0.12884753042233357
CTT,ATT,L,I,166,3246,0.051139864448552064
CTT,CAA,L,Q,51,1579,0.03229892336922103
CTT,CAC,L,H,134,1475,0.09084745762711864
CTT,CAG,L,Q,133,1579,0.08423052564914503
CTT,CAT,L,H,81,1475,0.05491525423728814
CTT,CCA,L,P,83,3774,0.02199258081611023
CTT,CCC,L,P,219,3774,0.05802861685214626
CTT,CCG,L,P,203,3774,0.05378908320084791
CTT,CCT,L,P,165,3774,0.04372019077901431
CTT,CGA,L,R,48,4433,0.010827881795623731
CTT,CGC,L,R,143,4433,0.03225806451612903
CTT,CGG,L,R,66,4433,0.01488833746898263
CTT,CGT,L,R,125,4433,0.028197608842770134
CTT,CTA,L,L,27,6336,0.004261363636363636
CTT,CTC,L,L,202,6336,0.03188131313131313
CTT,CTG,L,L,105,6336,0.016571969696969696
CTT,CTT,L,L,102,6336,0.016098484848484848
CTT,GAA,L,E,172,3344,0.05143540669856459
CTT,GAC,L,D,769,4744,0.16209949409780774
CTT,GAG,L,E,418,3344,0.125
CTT,GAT,L,D,340,4744,0.07166947723440135
CTT,GCA,L,A,90,8816,0.010208711433756805
CTT,GCC,L,A,595,8816,0.06749092558983666
CTT,GCG,L,A,171,8816,0.01939655172413793
CTT,GCT,L,A,315,8816,0.03573049001814882
CTT,GGA,L,G,134,6112,0.021924083769633507
CTT,GGC,L,G,424,6112,0.0693717277486911
CTT,GGG,L,G,167,6112,0.02732329842931937
CTT,GGT,L,G,258,6112,0.04221204188481675
CTT,GTA,L,V,44,6735,0.006533036377134373
CTT,GTC,L,V,442,6735,0.06562731997030438
CTT,GTG,L,V,166,6735,0.024647364513734223
CTT,GTT,L,V,200,6735,0.02969561989606533
CTT,TAC,L,Y,100,1122,0.08912655971479501
CTT,TAT,L,Y,50,1122,0.044563279857397504
CTT,TCA,L,S,49,4508,0.010869565217391304
CTT,TCC,L,S,134,4508,0.029724933451641525
CTT,TCG,L,S,110,4508,0.024401064773735583
CTT,TCT,L,S,80,4508,0.01774622892635315
CTT,TGC,L,C,18,727,0.024759284731774415
CTT,TGG,L,W,19,887,0.02142051860202931
CTT,TGT,L,C,10,727,0.013755158184319119
CTT,TTA,L,L,18,6336,0.002840909090909091
CTT,TTC,L,F,168,1900,0.08842105263157894
CTT,TTG,L,L,63,6336,0.009943181818181818
CTT,TTT,L,F,64,1900,0.03368421052631579
GAA,AAA,E,K,115,1370,0.08394160583941605
GAA,AAC,E,N,191,970,0.19690721649484536
GAA,AAG,E,K,226,1370,0.16496350364963502
GAA,AAT,E,N,87,970,0.08969072164948454
GAA,ACA,E,T,60,2082,0.02881844380403458
GAA,ACC,E,T,325,2082,0.15609990393852066
GAA,ACG,E,T,126,2082,0.06051873198847262
GAA,ACT,E,T,122,2082,0.05859750240153699
GAA,AGA,E,R,43,2742,0.015681983953318747
GAA,AGC,E,S,66,2187,0.03017832647462277
GAA,AGG,E,R,57,2742,0.020787746170678335
GAA,AGT,E,S,35,2187,0.01600365797896662
GAA,ATA,E,I,35,2069,0.016916384726921217
GAA,ATC,E,I,328,2069,0.15853069115514742
GAA,ATG,E,M,174,862,0.20185614849187936
GAA,ATT,E,I,112,2069,0.0541324311261479
GAA,CAA,E,Q,106,1430,0.07412587412587412
GAA,CAC,E,H,209,1040,0.20096153846153847
GAA,CAG,E,Q,298,1430,0.2083916083916084
GAA,CAT,E,H,90,1040,0.08653846153846154
GAA,CCA,E,P,127,2028,0.0626232741617357
GAA,CCC,E,P,214,2028,0.10552268244575937
GAA,CCG,E,P,245,2028,0.1208086785009862
GAA,CCT,E,P,123,2028,0.060650887573964495
GAA,CGA,E,R,115,2742,0.041940189642596645
GAA,CGC,E,R,288,2742,0.1050328227571116
GAA,CGG,E,R,160,2742,0.058351568198395334
GAA,CGT,E,R,200,2742,0.07293946024799416
GAA,CTA,E,L,115,4022,0.028592739930382895
GAA,CTC,E,L,454,4022,0.11287916459472899
GAA,CTG,E,L,405,4022,0.10069617105917454
GAA,CTT,E,L,210,4022,0.052212829438090504
GAA,GAA,E,E,234,2327,0.1005586592178771
GAA,GAC,E,D,319,2086,0.1529242569511026
GAA,GAG,E,E,418,2327,0.1796304254404813
GAA,GAT,E,D,191,2086,0.09156279961649089
GAA,GCA,E,A,149,4540,0.03281938325991189
GAA,GCC,E,A,533,4540,0.11740088105726872
GAA,GCG,E,A,224,4540,0.04933920704845815
GAA,GCT,E,A,306,4540,0.06740088105726873
GAA,GGA,E,G,184,2893,0.06360179744210162
GAA,GGC,E,G,337,2893,0.11648807466297961
GAA,GGG,E,G,211,2893,0.07293466989284479
GAA,GGT,E,G,227,2893,0.07846526097476668
GAA,GTA,E,V,69,3602,0.019156024430871738
GAA,GTC,E,V,313,3602,0.08689616879511383
GAA,GTG,E,V,221,3602,0.06135480288728484
GAA,GTT,E,V,139,3602,0.03858967240421988
GAA,TAC,E,Y,201,824,0.24393203883495146
GAA,TAT,E,Y,67,824,0.08131067961165049
GAA,TCA,E,S,88,2187,0.040237768632830365
GAA,TCC,E,S,249,2187,0.11385459533607682
GAA,TCG,E,S,206,2187,0.09419295839048926
GAA,TCT,E,S,114,2187,0.05212620027434842
GAA,TGC,E,C,74,316,0.23417721518987342
GAA,TGG,E,W,220,593,0.37099494097807756
GAA,TGT,E,C,31,316,0.0981012658227848
GAA,TTA,E,L,70,4022,0.0174042764793635
GAA,TTC,E,F,243,1206,0.20149253731343283
GAA,TTG,E,L,229,4022,0.05693684733963202
GAA,TTT,E,F,104,1206,0.08623548922056384
GAC,AAA,D,K,202,1274,0.15855572998430142
GAC,AAC,D,N,536,1011,0.5301681503461919
GAC,AAG,D,K,814,1274,0.6389324960753532
GAC,AAT,D,N,226,1011,0.22354104846686448
GAC,ACA,D,T,106,2235,0.04742729306487696
GAC,ACC,D,T,1022,2235,0.45727069351230426
GAC,ACG,D,T,224,2235,0.10022371364653244
GAC,ACT,D,T,297,2235,0.13288590604026845
GAC,AGA,D,R,37,3042,0.012163050624589087
GAC,AGC,D,S,184,2355,0.0781316348195329
GAC,AGG,D,R,97,3042,0.03188691650230112
GAC,AGT,D,S,81,2355,0.034394904458598725
GAC,ATA,D,I,46,2078,0.02213666987487969
GAC,ATC,D,I,1125,2078,0.541385948026949
GAC,ATG,D,M,601,809,0.7428924598269468
GAC,ATT,D,I,407,2078,0.1958614051973051
GAC,CAA,D,Q,184,1400,0.13142857142857142
GAC,CAC,D,H,542,1316,0.41185410334346506
GAC,CAG,D,Q,681,1400,0.48642857142857143
GAC,CAT,D,H,248,1316,0.1884498480243161
GAC,CCA,D,P,222,3083,0.0720077846253649
GAC,CCC,D,P,480,3083,0.15569250729808629
GAC,CCG,D,P,600,3083,0.19461563412260785
GAC,CCT,D,P,215,3083,0.06973726889393447
GAC,CGA,D,R,179,3042,0.058842866535174225
GAC,CGC,D,R,625,3042,0.205456936226167
GAC,CGG,D,R,378,3042,0.1242603550295858
GAC,CGT,D,R,453,3042,0.14891518737672585
GAC,CTA,D,L,169,4758,0.03551912568306011
GAC,CTC,D,L,1115,4758,0.23434216057166876
GAC,CTG,D,L,831,4758,0.1746532156368222
GAC,CTT,D,L,478,4758,0.10046237915090374
GAC,GAA,D,E,569,3258,0.17464702271332105
GAC,GAC,D,D,1576,3359,0.4691872581125335
GAC,GAG,D,E,1747,3258,0.5362185389809699
GAC,GAT,D,D,774,3359,0.23042572194105387
GAC,GCA,D,A,228,4909,0.046445304542676716
GAC,GCC,D,A,1683,4909,0.3428396822163373
GAC,GCG,D,A,505,4909,0.10287227541250764
GAC,GCT,D,A,753,4909,0.15339172947647178
GAC,GGA,D,G,388,4027,0.09634963993046933
GAC,GGC,D,G,1163,4027,0.2888005959771542
GAC,GGG,D,G,523,4027,0.12987335485473056
GAC,GGT,D,G,739,4027,0.18351129873354854
GAC,GTA,D,V,105,4094,0.025647288715192965
GAC,GTC,D,V,1686,4094,0.41182217879824135
GAC,GTG,D,V,515,4094,0.12579384465070836
GAC,GTT,D,V,534,4094,0.13043478260869565
GAC,TAC,D,Y,505,976,0.5174180327868853
GAC,TAT,D,Y,173,976,0.17725409836065573
GAC,TCA,D,S,109,2355,0.04628450106157112
GAC,TCC,D,S,468,2355,0.19872611464968154
GAC,TCG,D,S,323,2355,0.13715498938428874
GAC,TCT,D,S,207,2355,0.08789808917197452
GAC,TGC,D,C,157,348,0.4511494252873563
GAC,TGG,D,W,468,632,0.740506329113924
GAC,TGT,D,C,77,348,0.22126436781609196
GAC,TTA,D,L,57,4758,0.01197982345523329
GAC,TTC,D,F,604,1206,0.5008291873963516
GAC,TTG,D,L,241,4758,0.050651534258091636
GAC,TTT,D,F,188,1206,0.1558872305140962
GAG,AAA,E,K,268,1370,0.19562043795620437
GAG,AAC,E,N,490,970,0.5051546391752577
GAG,AAG,E,K,761,1370,0.5554744525547445
GAG,AAT,E,N,202,970,0.20824742268041238
GAG,ACA,E,T,127,2082,0.06099903938520653
GAG,ACC,E,T,680,2082,0.3266090297790586
GAG,ACG,E,T,378,2082,0.18155619596541786
GAG,ACT,E,T,264,2082,0.12680115273775217
GAG,AGA,E,R,89,2742,0.032458059810357404
GAG,AGC,E,S,140,2187,0.06401463191586648
GAG,AGG,E,R,188,2742,0.06856309263311451
GAG,AGT,E,S,64,2187,0.029263831732967534
GAG,ATA,E,I,58,2069,0.02803286611889802
GAG,ATC,E,I,1117,2069,0.5398743354277429
GAG,ATG,E,M,688,862,0.7981438515081206
GAG,ATT,E,I,419,2069,0.20251329144514257
GAG,CAA,E,Q,218,1430,0.15244755244755245
GAG,CAC,E,H,472,1040,0.45384615384615384
GAG,CAG,E,Q,808,1430,0.5650349650349651
GAG,CAT,E,H,269,1040,0.2586538461538462
GAG,CCA,E,P,202,2028,0.09960552268244575
GAG,CCC,E,P,399,2028,0.19674556213017752
GAG,CCG,E,P,489,2028,0.2411242603550296
GAG,CCT,E,P,229,2028,0.11291913214990137
GAG,CGA,E,R,181,2742,0.06601021152443472
GAG,CGC,E,R,601,2742,0.21918307804522247
GAG,CGG,E,R,334,2742,0.12180889861415026
GAG,CGT,E,R,486,2742,0.1772428884026258
GAG,CTA,E,L,158,4022,0.03928393833913476
GAG,CTC,E,L,666,4022,0.165589259075087
GAG,CTG,E,L,762,4022,0.1894579811039284
GAG,CTT,E,L,354,4022,0.08801591248135256
GAG,GAA,E,E,517,2327,0.2221744735711216
GAG,GAC,E,D,1009,2086,0.48370086289549374
GAG,GAG,E,E,1158,2327,0.49763644177051997
GAG,GAT,E,D,567,2086,0.27181208053691275
GAG,GCA,E,A,354,4540,0.07797356828193833
GAG,GCC,E,A,1447,4540,0.31872246696035245
GAG,GCG,E,A,676,4540,0.14889867841409693
GAG,GCT,E,A,851,4540,0.18744493392070485
GAG,GGA,E,G,386,2893,0.13342550985136536
GAG,GGC,E,G,681,2893,0.23539578292430002
GAG,GGG,E,G,498,2893,0.17213964742481852
GAG,GGT,E,G,369,2893,0.12754925682682336
GAG,GTA,E,V,218,3602,0.06052193225985564
GAG,GTC,E,V,1175,3602,0.32620766240977234
GAG,GTG,E,V,912,3602,0.2531926707384786
GAG,GTT,E,V,555,3602,0.1540810660744031
GAG,TAC,E,Y,424,824,0.5145631067961165
GAG,TAT,E,Y,132,824,0.16019417475728157
GAG,TCA,E,S,138,2187,0.06310013717421124
GAG,TCC,E,S,478,2187,0.21856424325560128
GAG,TCG,E,S,417,2187,0.1906721536351166
GAG,TCT,E,S,192,2187,0.0877914951989026
GAG,TGC,E,C,138,316,0.43670886075949367
GAG,TGG,E,W,373,593,0.6290050590219224
GAG,TGT,E,C,73,316,0.2310126582278481
GAG,TTA,E,L,86,4022,0.02138239681750373
GAG,TTC,E,F,666,1206,0.5522388059701493
GAG,TTG,E,L,513,4022,0.12754848334162108
GAG,TTT,E,F,193,1206,0.16003316749585406
GAT,AAA,D,K,64,1274,0.05023547880690738
GAT,AAC,D,N,169,1011,0.1671612265084075
GAT,AAG,D,K,194,1274,0.152276295133438
GAT,AAT,D,N,80,1011,0.0791295746785361
GAT,ACA,D,T,33,2235,0.01476510067114094
GAT,ACC,D,T,339,2235,0.15167785234899328
GAT,ACG,D,T,86,2235,0.03847874720357942
GAT,ACT,D,T,128,2235,0.05727069351230425
GAT,AGA,D,R,15,3042,0.004930966469428008
GAT,AGC,D,S,76,2355,0.03227176220806794
GAT,AGG,D,R,41,3042,0.013477975016436555
GAT,AGT,D,S,34,2355,0.014437367303609342
GAT,ATA,D,I,24,2078,0.011549566891241578
GAT,ATC,D,I,295,2078,0.14196342637151108
GAT,ATG,D,M,208,809,0.25710754017305315
GAT,ATT,D,I,181,2078,0.08710298363811357
GAT,CAA,D,Q,120,1400,0.08571428571428572
GAT,CAC,D,H,342,1316,0.25987841945288753
GAT,CAG,D,Q,415,1400,0.29642857142857143
GAT,CAT,D,H,184,1316,0.1398176291793313
GAT,CCA,D,P,181,3083,0.0587090496269867
GAT,CCC,D,P,457,3083,0.1482322413233863
GAT,CCG,D,P,645,3083,0.20921180668180345
GAT,CCT,D,P,283,3083,0.09179370742783004
GAT,CGA,D,R,144,3042,0.047337278106508875
GAT,CGC,D,R,464,3042,0.1525312294543064
GAT,CGG,D,R,252,3042,0.08284023668639054
GAT,CGT,D,R,357,3042,0.11735700197238659
GAT,CTA,D,L,136,4758,0.028583438419503993
GAT,CTC,D,L,581,4758,0.12211013030685162
GAT,CTG,D,L,631,4758,0.13261874737284574
GAT,CTT,D,L,299,4758,0.06284153005464481
GAT,GAA,D,E,239,3258,0.07335788827501534
GAT,GAC,D,D,686,3359,0.2042274486454302
GAT,GAG,D,E,703,3258,0.21577655003069368
GAT,GAT,D,D,323,3359,0.09615957130098243
GAT,GCA,D,A,120,4909,0.024444897127724588
GAT,GCC,D,A,883,4909,0.1798737013648401
GAT,GCG,D,A,323,4909,0.06579751476879202
GAT,GCT,D,A,414,4909,0.08433489509064983
GAT,GGA,D,G,175,4027,0.04345666749441272
GAT,GGC,D,G,480,4027,0.11919543084181773
GAT,GGG,D,G,241,4027,0.05984603923516265
GAT,GGT,D,G,318,4027,0.07896697293270424
GAT,GTA,D,V,69,4094,0.016853932584269662
GAT,GTC,D,V,597,4094,0.14582315583781144
GAT,GTG,D,V,333,4094,0.08133854421104054
GAT,GTT,D,V,255,4094,0.06228627259404006
GAT,TAC,D,Y,209,976,0.21413934426229508
GAT,TAT,D,Y,89,976,0.09118852459016394
GAT,TCA,D,S,79,2355,0.03354564755838641
GAT,TCC,D,S,420,2355,0.17834394904458598
GAT,TCG,D,S,224,2355,0.0951167728237792
GAT,TCT,D,S,150,2355,0.06369426751592357
GAT,TGC,D,C,79,348,0.22701149425287356
GAT,TGG,D,W,164,632,0.25949367088607594
GAT,TGT,D,C,35,348,0.10057471264367816
GAT,TTA,D,L,52,4758,0.01092896174863388
GAT,TTC,D,F,309,1206,0.2562189054726368
GAT,TTG,D,L,168,4758,0.03530895334174023
GAT,TTT,D,F,105,1206,0.08706467661691543
GCA,AAA,A,K,46,2599,0.017699115044247787
GCA,AAC,A,N,103,1940,0.05309278350515464
GCA,AAG,A,K,113,2599,0.043478260869565216
GCA,AAT,A,N,56,1940,0.0288659793814433
GCA,ACA,A,T,87,5006,0.017379145025968837
GCA,ACC,A,T,277,5006,0.05533359968038354
GCA,ACG,A,T,144,5006,0.028765481422293248
GCA,ACT,A,T,112,5006,0.022373152217339192
GCA,AGA,A,R,33,5402,0.006108848574601999
GCA,AGC,A,S,96,4874,0.019696347968814115
GCA,AGG,A,R,57,5402,0.010551647537948908
GCA,AGT,A,S,62,4874,0.01272055806319245
GCA,ATA,A,I,40,4186,0.009555661729574774
GCA,ATC,A,I,191,4186,0.045628284758719544
GCA,ATG,A,M,186,2044,0.09099804305283757
GCA,ATT,A,I,102,4186,0.024366937410415672
GCA,CAA,A,Q,75,2648,0.028323262839879154
GCA,CAC,A,H,120,1962,0.06116207951070336
GCA,CAG,A,Q,205,2648,0.07741691842900301
GCA,CAT,A,H,72,1962,0.03669724770642202
GCA,CCA,A,P,93,3475,0.026762589928057554
GCA,CCC,A,P,145,3475,0.041726618705035974
GCA,CCG,A,P,239,3475,0.06877697841726618
GCA,CCT,A,P,95,3475,0.027338129496402876
GCA,CGA,A,R,111,5402,0.02054794520547945
GCA,CGC,A,R,191,5402,0.035357275083302483
GCA,CGG,A,R,155,5402,0.028693076638282116
GCA,CGT,A,R,154,5402,0.02850796001480933
GCA,CTA,A,L,71,7715,0.009202851587815943
GCA,CTC,A,L,167,7715,0.021646143875567077
GCA,CTG,A,L,295,7715,0.03823720025923526
GCA,CTT,A,L,76,7715,0.00985093972780298
GCA,GAA,A,E,152,4679,0.032485573840564226
GCA,GAC,A,D,270,5085,0.05309734513274336
GCA,GAG,A,E,269,4679,0.05749091686257747
GCA,GAT,A,D,197,5085,0.038741396263520154
GCA,GCA,A,A,277,9922,0.02791775851642814
GCA,GCC,A,A,668,9922,0.06732513606127796
GCA,GCG,A,A,342,9922,0.034468857085265064
GCA,GCT,A,A,400,9922,0.04031445273130417
GCA,GGA,A,G,211,7331,0.028781885145273495
GCA,GGC,A,G,251,7331,0.034238166689401175
GCA,GGG,A,G,191,7331,0.026053744373209658
GCA,GGT,A,G,207,7331,0.028236256990860728
GCA,GTA,A,V,112,7042,0.015904572564612324
GCA,GTC,A,V,278,7042,0.039477421187162735
GCA,GTG,A,V,347,7042,0.0492757739278614
GCA,GTT,A,V,122,7042,0.01732462368645271
GCA,TAC,A,Y,79,1433,0.05512909979064899
GCA,TAT,A,Y,63,1433,0.04396371249127704
GCA,TCA,A,S,118,4874,0.02421009437833402
GCA,TCC,A,S,247,4874,0.05067706196142799
GCA,TCG,A,S,192,4874,0.03939269593762823
GCA,TCT,A,S,117,4874,0.024004924086992202
GCA,TGC,A,C,73,955,0.07643979057591622
GCA,TGG,A,W,293,1295,0.22625482625482626
GCA,TGT,A,C,67,955,0.07015706806282722
GCA,TTA,A,L,59,7715,0.007647440051847051
GCA,TTC,A,F,161,2204,0.07304900181488204
GCA,TTG,A,L,185,7715,0.023979261179520414
GCA,TTT,A,F,72,2204,0.032667876588021776
GCC,AAA,A,K,339,2599,0.13043478260869565
GCC,AAC,A,N,705,1940,0.3634020618556701
GCC,AAG,A,K,1139,2599,0.4382454790303963
GCC,AAT,A,N,380,1940,0.1958762886597938
GCC,ACA,A,T,189,5006,0.037754694366759885
GCC,ACC,A,T,1333,5006,0.26628046344386735
GCC,ACG,A,T,396,5006,0.07910507391130643
GCC,ACT,A,T,402,5006,0.08030363563723532
GCC,AGA,A,R,89,5402,0.01647537948907812
GCC,AGC,A,S,442,4874,0.09068526877308165
GCC,AGG,A,R,189,5402,0.034987041836356904
GCC,AGT,A,S,221,4874,0.04534263438654083
GCC,ATA,A,I,76,4186,0.018155757286192068
GCC,ATC,A,I,1390,4186,0.3320592451027234
GCC,ATG,A,M,867,2044,0.4241682974559687
GCC,ATT,A,I,502,4186,0.11992355470616341
GCC,CAA,A,Q,283,2648,0.10687311178247734
GCC,CAC,A,H,613,1962,0.31243628950050967
GCC,CAG,A,Q,971,2648,0.3666918429003021
GCC,CAT,A,H,362,1962,0.18450560652395515
GCC,CCA,A,P,210,3475,0.060431654676258995
GCC,CCC,A,P,400,3475,0.11510791366906475
GCC,CCG,A,P,560,3475,0.16115107913669063
GCC,CCT,A,P,198,3475,0.05697841726618705
GCC,CGA,A,R,302,5402,0.055905220288781934
GCC,CGC,A,R,763,5402,0.14124398370973715
GCC,CGG,A,R,436,5402,0.0807108478341355
GCC,CGT,A,R,520,5402,0.09626064420584969
GCC,CTA,A,L,223,7715,0.028904731043421904
GCC,CTC,A,L,1036,7715,0.13428386260531433
GCC,CTG,A,L,1002,7715,0.12987686325340247
GCC,CTT,A,L,419,7715,0.054309786130913806
GCC,GAA,A,E,640,4679,0.13678136353921777
GCC,GAC,A,D,1596,5085,0.31386430678466076
GCC,GAG,A,E,1653,4679,0.35328061551613593
GCC,GAT,A,D,863,5085,0.1697148475909538
GCC,GCA,A,A,549,9922,0.05533158637371498
GCC,GCC,A,A,1467,9922,0.14785325539205804
GCC,GCG,A,A,558,9922,0.05623866156016932
GCC,GCT,A,A,758,9922,0.0763958879258214
GCC,GGA,A,G,756,7331,0.1031237211840131
GCC,GGC,A,G,798,7331,0.10885281680534716
GCC,GGG,A,G,818,7331,0.11158095757741099
GCC,GGT,A,G,833,7331,0.11362706315645887
GCC,GTA,A,V,165,7042,0.023430843510366374
GCC,GTC,A,V,1550,7042,0.22010792388525988
GCC,GTG,A,V,603,7042,0.08562908264697529
GCC,GTT,A,V,479,7042,0.0680204487361545
GCC,TAC,A,Y,542,1433,0.3782274947662247
GCC,TAT,A,Y,265,1433,0.18492672714584787
GCC,TCA,A,S,183,4874,0.03754616331555191
GCC,TCC,A,S,524,4874,0.10750923266311038
GCC,TCG,A,S,441,4874,0.09048009848173984
GCC,TCT,A,S,214,4874,0.043906442347148134
GCC,TGC,A,C,300,955,0.31413612565445026
GCC,TGG,A,W,437,1295,0.33745173745173745
GCC,TGT,A,C,155,955,0.16230366492146597
GCC,TTA,A,L,123,7715,0.01594296824368114
GCC,TTC,A,F,876,2204,0.397459165154265
GCC,TTG,A,L,569,7715,0.07375243033052495
GCC,TTT,A,F,250,2204,0.11343012704174228
GCG,AAA,A,K,170,2599,0.06540977298961138
GCG,AAC,A,N,226,1940,0.11649484536082474
GCG,AAG,A,K,365,2599,0.1404386302424009
GCG,AAT,A,N,148,1940,0.07628865979381444
GCG,ACA,A,T,133,5006,0.02656811825809029
GCG,ACC,A,T,496,5006,0.09908110267678785
GCG,ACG,A,T,469,5006,0.09368757491010787
GCG,ACT,A,T,210,5006,0.04194966040751099
GCG,AGA,A,R,39,5402,0.0072195483154387265
GCG,AGC,A,S,143,4874,0.02933935166187936
GCG,AGG,A,R,115,5402,0.021288411699370603
GCG,AGT,A,S,96,4874,0.019696347968814115
GCG,ATA,A,I,71,4186,0.016961299569995224
GCG,ATC,A,I,762,4186,0.18203535594839942
GCG,ATG,A,M,716,2044,0.350293542074364
GCG,ATT,A,I,287,4186,0.06856187290969899
GCG,CAA,A,Q,98,2648,0.03700906344410876
GCG,CAC,A,H,169,1962,0.08613659531090724
GCG,CAG,A,Q,317,2648,0.1197129909365559
GCG,CAT,A,H,100,1962,0.0509683995922528
GCG,CCA,A,P,121,3475,0.03482014388489209
GCG,CCC,A,P,130,3475,0.03741007194244604
GCG,CCG,A,P,262,3475,0.07539568345323741
GCG,CCT,A,P,107,3475,0.03079136690647482
GCG,CGA,A,R,153,5402,0.028322843391336543
GCG,CGC,A,R,266,5402,0.04924102184376157
GCG,CGG,A,R,207,5402,0.038319141058867086
GCG,CGT,A,R,194,5402,0.03591262495372084
GCG,CTA,A,L,130,7715,0.016850291639662993
GCG,CTC,A,L,322,7715,0.04173687621516526
GCG,CTG,A,L,704,7715,0.09125081011017498
GCG,CTT,A,L,153,7715,0.01983149708360337
GCG,GAA,A,E,175,4679,0.037401154092754865
GCG,GAC,A,D,281,5085,0.05526057030481809
GCG,GAG,A,E,387,4679,0.08270998076512075
GCG,GAT,A,D,216,5085,0.04247787610619469
GCG,GCA,A,A,378,9922,0.038097157831082445
GCG,GCC,A,A,768,9922,0.07740374924410401
GCG,GCG,A,A,507,9922,0.05109856883692804
GCG,GCT,A,A,508,9922,0.0511993549687563
GCG,GGA,A,G,239,7331,0.03260128222616287
GCG,GGC,A,G,302,7331,0.04119492565816396
GCG,GGG,A,G,260,7331,0.0354658300368299
GCG,GGT,A,G,232,7331,0.03164643295594052
GCG,GTA,A,V,235,7042,0.03337120136324908
GCG,GTC,A,V,574,7042,0.08151093439363817
GCG,GTG,A,V,845,7042,0.11999431979551264
GCG,GTT,A,V,266,7042,0.03777335984095427
GCG,TAC,A,Y,134,1433,0.09351011863224006
GCG,TAT,A,Y,83,1433,0.05792044661549198
GCG,TCA,A,S,167,4874,0.03426343865408289
GCG,TCC,A,S,251,4874,0.05149774312679524
GCG,TCG,A,S,339,4874,0.06955272876487485
GCG,TCT,A,S,109,4874,0.022363561756257692
GCG,TGC,A,C,128,955,0.13403141361256546
GCG,TGG,A,W,405,1295,0.3127413127413127
GCG,TGT,A,C,71,955,0.0743455497382199
GCG,TTA,A,L,83,7715,0.010758263123784835
GCG,TTC,A,F,237,2204,0.1075317604355717
GCG,TTG,A,L,348,7715,0.04510693454309786
GCG,TTT,A,F,94,2204,0.0426497277676951
GCT,AAA,A,K,114,2599,0.04386302424009234
GCT,AAC,A,N,216,1940,0.11134020618556702
GCT,AAG,A,K,313,2599,0.12043093497499038
GCT,AAT,A,N,106,1940,0.05463917525773196
GCT,ACA,A,T,45,5006,0.00898921294446664
GCT,ACC,A,T,412,5006,0.08230123851378346
GCT,ACG,A,T,126,5006,0.025169796244506593
GCT,ACT,A,T,175,5006,0.03495805033959249
GCT,AGA,A,R,30,5402,0.0055534987041836355
GCT,AGC,A,S,133,4874,0.02728764874846122
GCT,AGG,A,R,49,5402,0.009070714550166606
GCT,AGT,A,S,83,4874,0.017029134181370538
GCT,ATA,A,I,28,4186,0.006688963210702341
GCT,ATC,A,I,473,4186,0.1129956999522217
GCT,ATG,A,M,275,2044,0.13454011741682975
GCT,ATT,A,I,264,4186,0.0630673674151935
GCT,CAA,A,Q,169,2648,0.06382175226586102
GCT,CAC,A,H,331,1962,0.16870540265035677
GCT,CAG,A,Q,530,2648,0.2001510574018127
GCT,CAT,A,H,195,1962,0.09938837920489296
GCT,CCA,A,P,107,3475,0.03079136690647482
GCT,CCC,A,P,305,3475,0.08776978417266187
GCT,CCG,A,P,324,3475,0.09323741007194244
GCT,CCT,A,P,179,3475,0.05151079136690648
GCT,CGA,A,R,197,5402,0.03646797482413921
GCT,CGC,A,R,488,5402,0.09033691225472047
GCT,CGG,A,R,256,5402,0.04738985560903369
GCT,CGT,A,R,408,5402,0.07552758237689744
GCT,CTA,A,L,108,7715,0.013998703823720026
GCT,CTC,A,L,441,7715,0.057161373946856775
GCT,CTG,A,L,566,7715,0.07336357744653273
GCT,CTT,A,L,238,7715,0.03084899546338302
GCT,GAA,A,E,376,4679,0.08035905107929045
GCT,GAC,A,D,1036,5085,0.20373647984267454
GCT,GAG,A,E,1027,4679,0.21949134430433853
GCT,GAT,A,D,626,5085,0.12310717797443461
GCT,GCA,A,A,271,9922,0.02731304172545858
GCT,GCC,A,A,1182,9922,0.11912920782100384
GCT,GCG,A,A,554,9922,0.05583551703285628
GCT,GCT,A,A,735,9922,0.07407780689377141
GCT,GGA,A,G,401,7331,0.05469922247987996
GCT,GGC,A,G,752,7331,0.10257809302960033
GCT,GGG,A,G,468,7331,0.06383849406629383
GCT,GGT,A,G,612,7331,0.08348110762515346
GCT,GTA,A,V,80,7042,0.01136040897472309
GCT,GTC,A,V,676,7042,0.09599545583641012
GCT,GTG,A,V,407,7042,0.05779608065890372
GCT,GTT,A,V,303,7042,0.043027548991763705
GCT,TAC,A,Y,176,1433,0.12281926029309141
GCT,TAT,A,Y,91,1433,0.06350314026517795
GCT,TCA,A,S,89,4874,0.01826015592942142
GCT,TCC,A,S,290,4874,0.05949938448912597
GCT,TCG,A,S,196,4874,0.04021337710299549
GCT,TCT,A,S,121,4874,0.024825605252359457
GCT,TGC,A,C,88,955,0.09214659685863874
GCT,TGG,A,W,160,1295,0.12355212355212356
GCT,TGT,A,C,73,955,0.07643979057591622
GCT,TTA,A,L,76,7715,0.00985093972780298
GCT,TTC,A,F,368,2204,0.16696914700544466
GCT,TTG,A,L,321,7715,0.04160725858716786
GCT,TTT,A,F,146,2204,0.0662431941923775
GGA,AAA,G,K,103,2197,0.04688211197086937
GGA,AAC,G,N,162,1600,0.10125
GGA,AAG,G,K,210,2197,0.09558488848429676
GGA,AAT,G,N,101,1600,0.063125
GGA,ACA,G,T,94,3831,0.02453667449752023
GGA,ACC,G,T,368,3831,0.09605847037327069
GGA,ACG,G,T,188,3831,0.04907334899504046
GGA,ACT,G,T,150,3831,0.03915426781519186
GGA,AGA,G,R,25,4464,0.005600358422939068
GGA,AGC,G,S,90,3990,0.022556390977443608
GGA,AGG,G,R,55,4464,0.01232078853046595
GGA,AGT,G,S,56,3990,0.014035087719298246
GGA,ATA,G,I,38,3468,0.010957324106113034
GGA,ATC,G,I,380,3468,0.10957324106113034
GGA,ATG,G,M,260,1557,0.16698779704560052
GGA,ATT,G,I,192,3468,0.05536332179930796
GGA,CAA,G,Q,79,2128,0.03712406015037594
GGA,CAC,G,H,191,1794,0.1064659977703456
GGA,CAG,G,Q,273,2128,0.12828947368421054
GGA,CAT,G,H,114,1794,0.06354515050167224
GGA,CCA,G,P,95,2798,0.03395282344531808
GGA,CCC,G,P,94,2798,0.03359542530378842
GGA,CCG,G,P,188,2798,0.06719085060757685
GGA,CCT,G,P,68,2798,0.024303073624017155
GGA,CGA,G,R,200,4464,0.044802867383512544
GGA,CGC,G,R,442,4464,0.09901433691756273
GGA,CGG,G,R,207,4464,0.046370967741935484
GGA,CGT,G,R,263,4464,0.058915770609319
GGA,CTA,G,L,86,6257,0.013744606041233818
GGA,CTC,G,L,247,6257,0.03947578711842736
GGA,CTG,G,L,340,6257,0.05433914016301742
GGA,CTT,G,L,107,6257,0.01710084705130254
GGA,GAA,G,E,157,3078,0.051007147498375566
GGA,GAC,G,D,250,3356,0.07449344457687723
GGA,GAG,G,E,235,3078,0.07634827810266406
GGA,GAT,G,D,171,3356,0.05095351609058403
GGA,GCA,G,A,175,6246,0.028017931476144734
GGA,GCC,G,A,512,6246,0.08197246237592058
GGA,GCG,G,A,285,6246,0.04562920268972142
GGA,GCT,G,A,321,6246,0.05139289145052834
GGA,GGA,G,G,143,4829,0.029612756264236904
GGA,GGC,G,G,225,4829,0.046593497618554566
GGA,GGG,G,G,98,4829,0.02029405674052599
GGA,GGT,G,G,120,4829,0.024849865396562434
GGA,GTA,G,V,89,5606,0.01587584730645737
GGA,GTC,G,V,358,5606,0.06386014983945773
GGA,GTG,G,V,286,5606,0.05101676774884053
GGA,GTT,G,V,180,5606,0.03210845522654299
GGA,TAC,G,Y,222,1621,0.13695249845774213
GGA,TAT,G,Y,128,1621,0.07896360271437385
GGA,TCA,G,S,140,3990,0.03508771929824561
GGA,TCC,G,S,260,3990,0.06516290726817042
GGA,TCG,G,S,350,3990,0.08771929824561403
GGA,TCT,G,S,112,3990,0.028070175438596492
GGA,TGC,G,C,113,767,0.14732724902216426
GGA,TGG,G,W,312,1329,0.23476297968397292
GGA,TGT,G,C,52,767,0.06779661016949153
GGA,TTA,G,L,53,6257,0.00847051302541154
GGA,TTC,G,F,497,2179,0.2280862781092244
GGA,TTG,G,L,206,6257,0.03292312609876938
GGA,TTT,G,F,168,2179,0.07709958696649839
GGC,AAA,G,K,260,2197,0.11834319526627218
GGC,AAC,G,N,544,1600,0.34
GGC,AAG,G,K,958,2197,0.4360491579426491
GGC,AAT,G,N,284,1600,0.1775
GGC,ACA,G,T,136,3831,0.03549986948577395
GGC,ACC,G,T,965,3831,0.25189245627773427
GGC,ACG,G,T,339,3831,0.08848864526233359
GGC,ACT,G,T,335,3831,0.08744453145392848
GGC,AGA,G,R,57,4464,0.012768817204301076
GGC,AGC,G,S,219,3990,0.05488721804511278
GGC,AGG,G,R,129,4464,0.02889784946236559
GGC,AGT,G,S,111,3990,0.027819548872180452
GGC,ATA,G,I,55,3468,0.015859284890426758
GGC,ATC,G,I,1029,3468,0.2967128027681661
GGC,ATG,G,M,663,1557,0.4258188824662813
GGC,ATT,G,I,348,3468,0.10034602076124567
GGC,CAA,G,Q,171,2128,0.08035714285714286
GGC,CAC,G,H,425,1794,0.23690078037904125
GGC,CAG,G,Q,592,2128,0.2781954887218045
GGC,CAT,G,H,241,1794,0.1343366778149387
GGC,CCA,G,P,141,2798,0.05039313795568263
GGC,CCC,G,P,324,2798,0.11579699785561115
GGC,CCG,G,P,464,2798,0.1658327376697641
GGC,CCT,G,P,152,2798,0.054324517512508934
GGC,CGA,G,R,159,4464,0.035618279569892476
GGC,CGC,G,R,375,4464,0.08400537634408602
GGC,CGG,G,R,220,4464,0.0492831541218638
GGC,CGT,G,R,299,4464,0.06698028673835126
GGC,CTA,G,L,153,6257,0.02445261307335784
GGC,CTC,G,L,415,6257,0.06632571519897715
GGC,CTG,G,L,726,6257,0.11603004634809014
GGC,CTT,G,L,208,6257,0.0332427680997283
GGC,GAA,G,E,260,3078,0.08447043534762833
GGC,GAC,G,D,814,3356,0.24255065554231228
GGC,GAG,G,E,841,3078,0.2732293697205978
GGC,GAT,G,D,409,3356,0.12187127532777116
GGC,GCA,G,A,226,6246,0.036183157220621195
GGC,GCC,G,A,754,6246,0.12071725904578931
GGC,GCG,G,A,355,6246,0.05683637528017931
GGC,GCT,G,A,427,6246,0.06836375280179315
GGC,GGA,G,G,380,4829,0.07869124042244771
GGC,GGC,G,G,761,4829,0.15758956305653343
GGC,GGG,G,G,396,4829,0.08200455580865604
GGC,GGT,G,G,488,4829,0.1010561192793539
GGC,GTA,G,V,114,5606,0.02033535497681056
GGC,GTC,G,V,964,5606,0.17195861576881913
GGC,GTG,G,V,430,5606,0.07670353193007493
GGC,GTT,G,V,308,5606,0.054941134498751334
GGC,TAC,G,Y,426,1621,0.2628007402837754
GGC,TAT,G,Y,154,1621,0.09500308451573103
GGC,TCA,G,S,114,3990,0.02857142857142857
GGC,TCC,G,S,287,3990,0.07192982456140351
GGC,TCG,G,S,298,3990,0.07468671679197995
GGC,TCT,G,S,140,3990,0.03508771929824561
GGC,TGC,G,C,206,767,0.2685788787483703
GGC,TGG,G,W,503,1329,0.3784800601956358
GGC,TGT,G,C,95,767,0.12385919165580182
GGC,TTA,G,L,68,6257,0.010867828032603484
GGC,TTC,G,F,359,2179,0.16475447452960074
GGC,TTG,G,L,286,6257,0.04570880613712642
GGC,TTT,G,F,102,2179,0.046810463515374025
GGG,AAA,G,K,103,2197,0.04688211197086937
GGG,AAC,G,N,121,1600,0.075625
GGG,AAG,G,K,156,2197,0.07100591715976332
GGG,AAT,G,N,83,1600,0.051875
GGG,ACA,G,T,81,3831,0.021143304620203602
GGG,ACC,G,T,216,3831,0.056382145653876274
GGG,ACG,G,T,225,3831,0.058731401722787784
GGG,ACT,G,T,100,3831,0.026102845210127904
GGG,AGA,G,R,41,4464,0.009184587813620072
GGG,AGC,G,S,59,3990,0.014786967418546366
GGG,AGG,G,R,65,4464,0.014560931899641577
GGG,AGT,G,S,37,3990,0.009273182957393484
GGG,ATA,G,I,47,3468,0.013552479815455595
GGG,ATC,G,I,446,3468,0.12860438292964244
GGG,ATG,G,M,366,1557,0.2350674373795761
GGG,ATT,G,I,208,3468,0.05997693194925029
GGG,CAA,G,Q,112,2128,0.05263157894736842
GGG,CAC,G,H,220,1794,0.12263099219620958
GGG,CAG,G,Q,328,2128,0.15413533834586465
GGG,CAT,G,H,132,1794,0.07357859531772576
GGG,CCA,G,P,135,2798,0.048248749106504646
GGG,CCC,G,P,114,2798,0.0407433881343817
GGG,CCG,G,P,321,2798,0.11472480343102216
GGG,CCT,G,P,114,2798,0.0407433881343817
GGG,CGA,G,R,145,4464,0.032482078853046596
GGG,CGC,G,R,284,4464,0.06362007168458782
GGG,CGG,G,R,173,4464,0.03875448028673835
GGG,CGT,G,R,279,4464,0.0625
GGG,CTA,G,L,135,6257,0.021575835064727506
GGG,CTC,G,L,355,6257,0.056736455170209366
GGG,CTG,G,L,654,6257,0.10452293431356881
GGG,CTT,G,L,189,6257,0.030206169090618507
GGG,GAA,G,E,195,3078,0.06335282651072124
GGG,GAC,G,D,307,3356,0.09147794994040524
GGG,GAG,G,E,412,3078,0.13385315139701104
GGG,GAT,G,D,239,3356,0.07121573301549464
GGG,GCA,G,A,242,6246,0.038744796669868714
GGG,GCC,G,A,470,6246,0.07524815882164586
GGG,GCG,G,A,361,6246,0.057796990073647136
GGG,GCT,G,A,303,6246,0.04851104707012488
GGG,GGA,G,G,155,4829,0.032097742803893145
GGG,GGC,G,G,141,4829,0.029198591840960863
GGG,GGG,G,G,38,4829,0.007869124042244772
GGG,GGT,G,G,86,4829,0.017809070200869744
GGG,GTA,G,V,161,5606,0.028719229397074563
GGG,GTC,G,V,491,5606,0.08758473064573671
GGG,GTG,G,V,571,5606,0.10185515519086692
GGG,GTT,G,V,262,5606,0.04673564038530146
GGG,TAC,G,Y,214,1621,0.13201727328809376
GGG,TAT,G,Y,137,1621,0.08451573103022826
GGG,TCA,G,S,140,3990,0.03508771929824561
GGG,TCC,G,S,205,3990,0.05137844611528822
GGG,TCG,G,S,274,3990,0.06867167919799498
GGG,TCT,G,S,133,3990,0.03333333333333333
GGG,TGC,G,C,111,767,0.14471968709256844
GGG,TGG,G,W,255,1329,0.19187358916478556
GGG,TGT,G,C,58,767,0.07561929595827901
GGG,TTA,G,L,79,6257,0.012625859037877578
GGG,TTC,G,F,440,2179,0.20192748967416246
GGG,TTG,G,L,306,6257,0.04890522614671568
GGG,TTT,G,F,154,2179,0.07067462138595686
GGT,AAA,G,K,116,2197,0.05279927173418298
GGT,AAC,G,N,201,1600,0.125625
GGT,AAG,G,K,291,2197,0.13245334547109694
GGT,AAT,G,N,104,1600,0.065
GGT,ACA,G,T,36,3831,0.009397024275646046
GGT,ACC,G,T,301,3831,0.07856956408248499
GGT,ACG,G,T,121,3831,0.03158444270425476
GGT,ACT,G,T,176,3831,0.04594100756982511
GGT,AGA,G,R,18,4464,0.004032258064516129
GGT,AGC,G,S,106,3990,0.026566416040100252
GGT,AGG,G,R,55,4464,0.01232078853046595
GGT,AGT,G,S,51,3990,0.012781954887218045
GGT,ATA,G,I,24,3468,0.006920415224913495
GGT,ATC,G,I,450,3468,0.12975778546712802
GGT,ATG,G,M,268,1557,0.17212588310854207
GGT,ATT,G,I,251,3468,0.0723760092272203
GGT,CAA,G,Q,106,2128,0.04981203007518797
GGT,CAC,G,H,287,1794,0.15997770345596432
GGT,CAG,G,Q,467,2128,0.21945488721804512
GGT,CAT,G,H,184,1794,0.10256410256410256
GGT,CCA,G,P,89,2798,0.0318084345961401
GGT,CCC,G,P,147,2798,0.05253752680486062
GGT,CCG,G,P,260,2798,0.09292351679771266
GGT,CCT,G,P,92,2798,0.032880629020729094
GGT,CGA,G,R,123,4464,0.027553763440860215
GGT,CGC,G,R,342,4464,0.07661290322580645
GGT,CGG,G,R,202,4464,0.04525089605734767
GGT,CGT,G,R,306,4464,0.06854838709677419
GGT,CTA,G,L,136,6257,0.021735656065206967
GGT,CTC,G,L,288,6257,0.04602844813808534
GGT,CTG,G,L,675,6257,0.10787917532363753
GGT,CTT,G,L,187,6257,0.02988652708965958
GGT,GAA,G,E,242,3078,0.07862248213125406
GGT,GAC,G,D,802,3356,0.23897497020262218
GGT,GAG,G,E,736,3078,0.23911630929174787
GGT,GAT,G,D,364,3356,0.10846245530393325
GGT,GCA,G,A,150,6246,0.024015369836695485
GGT,GCC,G,A,802,6246,0.12840217739353185
GGT,GCG,G,A,392,6246,0.0627601665065642
GGT,GCT,G,A,471,6246,0.07540826128722382
GGT,GGA,G,G,272,4829,0.05632636156554152
GGT,GGC,G,G,709,4829,0.14682128805135639
GGT,GGG,G,G,355,4829,0.0735141851314972
GGT,GGT,G,G,462,4829,0.09567198177676538
GGT,GTA,G,V,86,5606,0.015340706386014985
GGT,GTC,G,V,542,5606,0.09668212629325723
GGT,GTG,G,V,478,5606,0.08526578665715305
GGT,GTT,G,V,286,5606,0.05101676774884053
GGT,TAC,G,Y,243,1621,0.1499074645280691
GGT,TAT,G,Y,97,1621,0.05983960518198643
GGT,TCA,G,S,115,3990,0.02882205513784461
GGT,TCC,G,S,270,3990,0.06766917293233082
GGT,TCG,G,S,270,3990,0.06766917293233082
GGT,TCT,G,S,153,3990,0.038345864661654135
GGT,TGC,G,C,89,767,0.11603650586701435
GGT,TGG,G,W,259,1329,0.1948833709556057
GGT,TGT,G,C,43,767,0.0560625814863103
GGT,TTA,G,L,64,6257,0.010228544030685632
GGT,TTC,G,F,322,2179,0.14777420835245525
GGT,TTG,G,L,294,6257,0.04698737414096212
GGT,TTT,G,F,137,2179,0.06287287746672786
GTA,AAA,V,K,26,1859,0.013986013986013986
GTA,AAC,V,N,38,1786,0.02127659574468085
GTA,AAG,V,K,60,1859,0.0322754168908015
GTA,AAT,V,N,33,1786,0.018477043673012318
GTA,ACA,V,T,37,4629,0.007993087059840137
GTA,ACC,V,T,112,4629,0.024195290559516094
GTA,ACG,V,T,86,4629,0.018578526679628428
GTA,ACT,V,T,51,4629,0.01101749837977965
GTA,AGA,V,R,9,4078,0.002206964198136341
GTA,AGC,V,S,46,4059,0.011332840601133284
GTA,AGG,V,R,21,4078,0.005149583128984796
GTA,AGT,V,S,23,4059,0.005666420300566642
GTA,ATA,V,I,13,3614,0.0035971223021582736
GTA,ATC,V,I,54,3614,0.014941892639734366
GTA,ATG,V,M,42,1571,0.02673456397199236
GTA,ATT,V,I,26,3614,0.007194244604316547
GTA,CAA,V,Q,39,1519,0.025674786043449638
GTA,CAC,V,H,71,1380,0.05144927536231884
GTA,CAG,V,Q,91,1519,0.059907834101382486
GTA,CAT,V,H,51,1380,0.03695652173913044
GTA,CCA,V,P,63,3312,0.019021739130434784
GTA,CCC,V,P,93,3312,0.028079710144927536
GTA,CCG,V,P,141,3312,0.042572463768115944
GTA,CCT,V,P,40,3312,0.012077294685990338
GTA,CGA,V,R,71,4078,0.01741049534085336
GTA,CGC,V,R,153,4078,0.037518391368317805
GTA,CGG,V,R,60,4078,0.014713094654242276
GTA,CGT,V,R,112,4078,0.02746444335458558
GTA,CTA,V,L,40,6220,0.006430868167202572
GTA,CTC,V,L,179,6220,0.028778135048231512
GTA,CTG,V,L,204,6220,0.03279742765273312
GTA,CTT,V,L,82,6220,0.013183279742765274
GTA,GAA,V,E,70,3778,0.018528321863419798
GTA,GAC,V,D,117,4345,0.026927502876869965
GTA,GAG,V,E,116,3778,0.03070407623080995
GTA,GAT,V,D,73,4345,0.016800920598388953
GTA,GCA,V,A,83,7312,0.011351203501094092
GTA,GCC,V,A,262,7312,0.035831509846827134
GTA,GCG,V,A,126,7312,0.01723194748358862
GTA,GCT,V,A,179,7312,0.024480306345733043
GTA,GGA,V,G,65,5318,0.012222640090259496
GTA,GGC,V,G,116,5318,0.02181271154569387
GTA,GGG,V,G,91,5318,0.017111696126363294
GTA,GGT,V,G,91,5318,0.017111696126363294
GTA,GTA,V,V,24,6679,0.003593352298248241
GTA,GTC,V,V,113,6679,0.016918700404252134
GTA,GTG,V,V,134,6679,0.020062883665219345
GTA,GTT,V,V,45,6679,0.006737535559215451
GTA,TAC,V,Y,37,1064,0.03477443609022556
GTA,TAT,V,Y,25,1064,0.023496240601503758
GTA,TCA,V,S,29,4059,0.007144616900714462
GTA,TCC,V,S,96,4059,0.023651145602365115
GTA,TCG,V,S,93,4059,0.022912047302291204
GTA,TCT,V,S,51,4059,0.012564671101256468
GTA,TGC,V,C,60,790,0.0759493670886076
GTA,TGG,V,W,102,915,0.11147540983606558
GTA,TGT,V,C,29,790,0.03670886075949367
GTA,TTA,V,L,19,6220,0.003054662379421222
GTA,TTC,V,F,148,1875,0.07893333333333333
GTA,TTG,V,L,116,6220,0.01864951768488746
GTA,TTT,V,F,48,1875,0.0256
GTC,AAA,V,K,290,1859,0.15599784830554062
GTC,AAC,V,N,730,1786,0.4087346024636058
GTC,AAG,V,K,846,1859,0.45508337816030126
GTC,AAT,V,N,400,1786,0.22396416573348266
GTC,ACA,V,T,163,4629,0.03521278893929575
GTC,ACC,V,T,1298,4629,0.2804061352343919
GTC,ACG,V,T,353,4629,0.07625837113847483
GTC,ACT,V,T,424,4629,0.09159645711816806
GTC,AGA,V,R,57,4078,0.013977439921530162
GTC,AGC,V,S,372,4059,0.09164818920916482
GTC,AGG,V,R,133,4078,0.032614026483570376
GTC,AGT,V,S,206,4059,0.05075141660507514
GTC,ATA,V,I,81,3614,0.02241283895960155
GTC,ATC,V,I,1672,3614,0.4626452684006641
GTC,ATG,V,M,924,1571,0.5881604073838319
GTC,ATT,V,I,635,3614,0.17570558937465414
GTC,CAA,V,Q,125,1519,0.08229098090849243
GTC,CAC,V,H,344,1380,0.2492753623188406
GTC,CAG,V,Q,415,1519,0.27320605661619485
GTC,CAT,V,H,202,1380,0.1463768115942029
GTC,CCA,V,P,102,3312,0.030797101449275364
GTC,CCC,V,P,315,3312,0.09510869565217392
GTC,CCG,V,P,359,3312,0.10839371980676328
GTC,CCT,V,P,108,3312,0.03260869565217391
GTC,CGA,V,R,99,4078,0.024276606179499755
GTC,CGC,V,R,323,4078,0.07920549288867092
GTC,CGG,V,R,168,4078,0.04119666503187837
GTC,CGT,V,R,236,4078,0.05787150564001962
GTC,CTA,V,L,94,6220,0.015112540192926046
GTC,CTC,V,L,663,6220,0.10659163987138263
GTC,CTG,V,L,487,6220,0.07829581993569132
GTC,CTT,V,L,301,6220,0.048392282958199355
GTC,GAA,V,E,480,3778,0.12705134992059292
GTC,GAC,V,D,1514,4345,0.3484464902186421
GTC,GAG,V,E,1496,3778,0.39597670725251455
GTC,GAT,V,D,853,4345,0.19631760644418872
GTC,GCA,V,A,362,7312,0.04950765864332604
GTC,GCC,V,A,1354,7312,0.1851750547045952
GTC,GCG,V,A,509,7312,0.06961159737417943
GTC,GCT,V,A,603,7312,0.0824671772428884
GTC,GGA,V,G,459,5318,0.08631064309890936
GTC,GGC,V,G,868,5318,0.16321925535915757
GTC,GGG,V,G,608,5318,0.1143286949981196
GTC,GGT,V,G,753,5318,0.14159458443023692
GTC,GTA,V,V,161,6679,0.024105405000748616
GTC,GTC,V,V,2148,6679,0.32160503069321755
GTC,GTG,V,V,652,6679,0.09761940410241055
GTC,GTT,V,V,639,6679,0.09567300494085941
GTC,TAC,V,Y,417,1064,0.3919172932330827
GTC,TAT,V,Y,147,1064,0.13815789473684212
GTC,TCA,V,S,153,4059,0.037694013303769404
GTC,TCC,V,S,506,4059,0.12466124661246612
GTC,TCG,V,S,349,4059,0.08598176890859818
GTC,TCT,V,S,197,4059,0.04853412170485341
GTC,TGC,V,C,172,790,0.21772151898734177
GTC,TGG,V,W,226,915,0.24699453551912567
GTC,TGT,V,C,107,790,0.13544303797468354
GTC,TTA,V,L,51,6220,0.00819935691318328
GTC,TTC,V,F,514,1875,0.27413333333333334
GTC,TTG,V,L,234,6220,0.03762057877813505
GTC,TTT,V,F,258,1875,0.1376
GTG,AAA,V,K,128,1859,0.06885422270037654
GTG,AAC,V,N,195,1786,0.10918253079507279
GTG,AAG,V,K,291,1859,0.1565357719203873
GTG,AAT,V,N,128,1786,0.07166853303471445
GTG,ACA,V,T,178,4629,0.03845322963923094
GTG,ACC,V,T,560,4629,0.12097645279758047
GTG,ACG,V,T,655,4629,0.14149924389717
GTG,ACT,V,T,237,4629,0.05119896305897602
GTG,AGA,V,R,79,4078,0.01937224129475233
GTG,AGC,V,S,282,4059,0.06947524020694752
GTG,AGG,V,R,174,4078,0.0426679744973026
GTG,AGT,V,S,131,4059,0.0322739591032274
GTG,ATA,V,I,42,3614,0.01162147205312673
GTG,ATC,V,I,410,3614,0.11344770337576093
GTG,ATG,V,M,445,1571,0.2832590706556333
GTG,ATT,V,I,165,3614,0.04565578306585501
GTG,CAA,V,Q,132,1519,0.086899275839368
GTG,CAC,V,H,233,1380,0.16884057971014493
GTG,CAG,V,Q,429,1519,0.282422646477946
GTG,CAT,V,H,144,1380,0.10434782608695652
GTG,CCA,V,P,190,3312,0.057367149758454104
GTG,CCC,V,P,302,3312,0.09118357487922706
GTG,CCG,V,P,559,3312,0.16878019323671498
GTG,CCT,V,P,176,3312,0.05314009661835749
GTG,CGA,V,R,222,4078,0.05443845022069642
GTG,CGC,V,R,653,4078,0.16012751348700344
GTG,CGG,V,R,298,4078,0.07307503678273664
GTG,CGT,V,R,522,4078,0.1280039234919078
GTG,CTA,V,L,186,6220,0.02990353697749196
GTG,CTC,V,L,720,6220,0.1157556270096463
GTG,CTG,V,L,1063,6220,0.17090032154340837
GTG,CTT,V,L,296,6220,0.047588424437299034
GTG,GAA,V,E,241,3778,0.06379036527263102
GTG,GAC,V,D,357,4345,0.08216340621403913
GTG,GAG,V,E,546,3778,0.14452091053467442
GTG,GAT,V,D,242,4345,0.05569620253164557
GTG,GCA,V,A,386,7312,0.05278993435448578
GTG,GCC,V,A,872,7312,0.11925601750547046
GTG,GCG,V,A,591,7312,0.08082603938730853
GTG,GCT,V,A,511,7312,0.06988512035010941
GTG,GGA,V,G,264,5318,0.04964272282813088
GTG,GGC,V,G,358,5318,0.06731854080481384
GTG,GGG,V,G,293,5318,0.05509590071455434
GTG,GGT,V,G,289,5318,0.05434373824746145
GTG,GTA,V,V,138,6679,0.020661775714927385
GTG,GTC,V,V,508,6679,0.0760592903129211
GTG,GTG,V,V,718,6679,0.1075011229225932
GTG,GTT,V,V,260,6679,0.03892798323102261
GTG,TAC,V,Y,190,1064,0.17857142857142858
GTG,TAT,V,Y,73,1064,0.06860902255639098
GTG,TCA,V,S,114,4059,0.028085735402808575
GTG,TCC,V,S,280,4059,0.06898250800689826
GTG,TCG,V,S,319,4059,0.07859078590785908
GTG,TCT,V,S,153,4059,0.037694013303769404
GTG,TGC,V,C,228,790,0.28860759493670884
GTG,TGG,V,W,534,915,0.5836065573770491
GTG,TGT,V,C,122,790,0.15443037974683543
GTG,TTA,V,L,67,6220,0.010771704180064309
GTG,TTC,V,F,402,1875,0.2144
GTG,TTG,V,L,458,6220,0.07363344051446945
GTG,TTT,V,F,152,1875,0.08106666666666666
GTT,AAA,V,K,53,1859,0.028509951586874662
GTT,AAC,V,N,163,1786,0.09126539753639418
GTT,AAG,V,K,165,1859,0.08875739644970414
GTT,AAT,V,N,99,1786,0.055431131019036954
GTT,ACA,V,T,26,4629,0.005616763879887665
GTT,ACC,V,T,265,4629,0.057247785698855046
GTT,ACG,V,T,72,4629,0.015554115359688918
GTT,ACT,V,T,112,4629,0.024195290559516094
GTT,AGA,V,R,9,4078,0.002206964198136341
GTT,AGC,V,S,53,4059,0.013057403301305741
GTT,AGG,V,R,21,4078,0.005149583128984796
GTT,AGT,V,S,44,4059,0.01084010840108401
GTT,ATA,V,I,13,3614,0.0035971223021582736
GTT,ATC,V,I,322,3614,0.08909795240730492
GTT,ATG,V,M,160,1571,0.10184595798854233
GTT,ATT,V,I,181,3614,0.05008301051466519
GTT,CAA,V,Q,64,1519,0.04213298222514812
GTT,CAC,V,H,209,1380,0.15144927536231884
GTT,CAG,V,Q,224,1519,0.14746543778801843
GTT,CAT,V,H,126,1380,0.09130434782608696
GTT,CCA,V,P,94,3312,0.028381642512077296
GTT,CCC,V,P,295,3312,0.08907004830917874
GTT,CCG,V,P,297,3312,0.08967391304347826
GTT,CCT,V,P,178,3312,0.05374396135265701
GTT,CGA,V,R,83,4078,0.020353114271701816
GTT,CGC,V,R,260,4078,0.06375674350171653
GTT,CGG,V,R,123,4078,0.030161844041196664
GTT,CGT,V,R,192,4078,0.047081902893575285
GTT,CTA,V,L,42,6220,0.006752411575562701
GTT,CTC,V,L,360,6220,0.05787781350482315
GTT,CTG,V,L,221,6220,0.035530546623794214
GTT,CTT,V,L,181,6220,0.02909967845659164
GTT,GAA,V,E,168,3778,0.04446797247220752
GTT,GAC,V,D,785,4345,0.1806674338319908
GTT,GAG,V,E,661,3778,0.1749602964531498
GTT,GAT,V,D,404,4345,0.09298043728423475
GTT,GCA,V,A,116,7312,0.01586433260393873
GTT,GCC,V,A,718,7312,0.09819474835886215
GTT,GCG,V,A,270,7312,0.036925601750547044
GTT,GCT,V,A,370,7312,0.05060175054704595
GTT,GGA,V,G,128,5318,0.024069198946972545
GTT,GGC,V,G,403,5318,0.07578036855960887
GTT,GGG,V,G,193,5318,0.03629183903723204
GTT,GGT,V,G,339,5318,0.0637457690861226
GTT,GTA,V,V,61,6679,0.009133103758047613
GTT,GTC,V,V,541,6679,0.08100014972301242
GTT,GTG,V,V,264,6679,0.03952687528073065
GTT,GTT,V,V,273,6679,0.04087438239257374
GTT,TAC,V,Y,114,1064,0.10714285714285714
GTT,TAT,V,Y,61,1064,0.05733082706766917
GTT,TCA,V,S,61,4059,0.015028332101502834
GTT,TCC,V,S,228,4059,0.05617147080561715
GTT,TCG,V,S,162,4059,0.03991130820399113
GTT,TCT,V,S,111,4059,0.027346637102734665
GTT,TGC,V,C,40,790,0.05063291139240506
GTT,TGG,V,W,53,915,0.05792349726775956
GTT,TGT,V,C,32,790,0.04050632911392405
GTT,TTA,V,L,27,6220,0.004340836012861737
GTT,TTC,V,F,260,1875,0.13866666666666666
GTT,TTG,V,L,129,6220,0.020739549839228297
GTT,TTT,V,F,93,1875,0.0496
TAC,AAA,Y,K,53,349,0.1518624641833811
TAC,AAC,Y,N,286,379,0.7546174142480211
TAC,AAG,Y,K,223,349,0.6389684813753582
TAC,AAT,Y,N,21,379,0.055408970976253295
TAC,ACA,Y,T,37,828,0.04468599033816425
TAC,ACC,Y,T,521,828,0.6292270531400966
TAC,ACG,Y,T,110,828,0.13285024154589373
TAC,ACT,Y,T,32,828,0.03864734299516908
TAC,AGA,Y,R,10,1221,0.00819000819000819
TAC,AGC,Y,S,90,912,0.09868421052631579
TAC,AGG,Y,R,17,1221,0.013923013923013924
TAC,AGT,Y,S,18,912,0.019736842105263157
TAC,ATA,Y,I,9,527,0.017077798861480076
TAC,ATC,Y,I,346,527,0.6565464895635673
TAC,ATG,Y,M,178,234,0.7606837606837606
TAC,ATT,Y,I,85,527,0.16129032258064516
TAC,CAA,Y,Q,89,547,0.16270566727605118
TAC,CAC,Y,H,218,359,0.6072423398328691
TAC,CAG,Y,Q,291,547,0.5319926873857403
TAC,CAT,Y,H,40,359,0.11142061281337047
TAC,CCA,Y,P,68,834,0.0815347721822542
TAC,CCC,Y,P,164,834,0.19664268585131894
TAC,CCG,Y,P,271,834,0.3249400479616307
TAC,CCT,Y,P,38,834,0.045563549160671464
TAC,CGA,Y,R,151,1221,0.12366912366912367
TAC,CGC,Y,R,362,1221,0.2964782964782965
TAC,CGG,Y,R,196,1221,0.16052416052416052
TAC,CGT,Y,R,149,1221,0.12203112203112203
TAC,CTA,Y,L,71,1633,0.043478260869565216
TAC,CTC,Y,L,410,1633,0.25107164727495407
TAC,CTG,Y,L,374,1633,0.2290263319044703
TAC,CTT,Y,L,106,1633,0.06491120636864667
TAC,GAA,Y,E,124,725,0.17103448275862068
TAC,GAC,Y,D,598,1028,0.5817120622568094
TAC,GAG,Y,E,387,725,0.5337931034482759
TAC,GAT,Y,D,111,1028,0.10797665369649806
TAC,GCA,Y,A,93,1414,0.06577086280056577
TAC,GCC,Y,A,535,1414,0.3783592644978784
TAC,GCG,Y,A,177,1414,0.12517680339462517
TAC,GCT,Y,A,134,1414,0.09476661951909476
TAC,GGA,Y,G,131,1341,0.0976882923191648
TAC,GGC,Y,G,404,1341,0.3012677106636838
TAC,GGG,Y,G,172,1341,0.12826249067859807
TAC,GGT,Y,G,189,1341,0.14093959731543623
TAC,GTA,Y,V,43,1214,0.03542009884678748
TAC,GTC,Y,V,468,1214,0.385502471169687
TAC,GTG,Y,V,188,1214,0.15485996705107083
TAC,GTT,Y,V,109,1214,0.08978583196046129
TAC,TAC,Y,Y,211,342,0.6169590643274854
TAC,TAT,Y,Y,35,342,0.1023391812865497
TAC,TCA,Y,S,65,912,0.0712719298245614
TAC,TCC,Y,S,263,912,0.2883771929824561
TAC,TCG,Y,S,162,912,0.17763157894736842
TAC,TCT,Y,S,45,912,0.049342105263157895
TAC,TGC,Y,C,104,166,0.6265060240963856
TAC,TGG,Y,W,187,268,0.6977611940298507
TAC,TGT,Y,C,20,166,0.12048192771084337
TAC,TTA,Y,L,31,1633,0.018983466013472138
TAC,TTC,Y,F,274,499,0.5490981963927856
TAC,TTG,Y,L,122,1633,0.0747091243110839
TAC,TTT,Y,F,70,499,0.1402805611222445
TAT,AAA,Y,K,18,349,0.05157593123209169
TAT,AAC,Y,N,60,379,0.158311345646438
TAT,AAG,Y,K,55,349,0.15759312320916904
TAT,AAT,Y,N,12,379,0.0316622691292876
TAT,ACA,Y,T,8,828,0.00966183574879227
TAT,ACC,Y,T,88,828,0.10628019323671498
TAT,ACG,Y,T,25,828,0.030193236714975844
TAT,ACT,Y,T,7,828,0.008454106280193236
TAT,AGA,Y,R,8,1221,0.006552006552006552
TAT,AGC,Y,S,21,912,0.023026315789473683
TAT,AGG,Y,R,3,1221,0.002457002457002457
TAT,AGT,Y,S,4,912,0.0043859649122807015
TAT,ATA,Y,I,4,527,0.007590132827324478
TAT,ATC,Y,I,66,527,0.1252371916508539
TAT,ATG,Y,M,56,234,0.23931623931623933
TAT,ATT,Y,I,17,527,0.03225806451612903
TAT,CAA,Y,Q,42,547,0.07678244972577697
TAT,CAC,Y,H,87,359,0.24233983286908078
TAT,CAG,Y,Q,125,547,0.22851919561243145
TAT,CAT,Y,H,14,359,0.03899721448467967
TAT,CCA,Y,P,42,834,0.050359712230215826
TAT,CCC,Y,P,101,834,0.1211031175059952
TAT,CCG,Y,P,123,834,0.1474820143884892
TAT,CCT,Y,P,27,834,0.03237410071942446
TAT,CGA,Y,R,53,1221,0.043407043407043405
TAT,CGC,Y,R,135,1221,0.11056511056511056
TAT,CGG,Y,R,88,1221,0.07207207207207207
TAT,CGT,Y,R,49,1221,0.04013104013104013
TAT,CTA,Y,L,30,1633,0.01837109614206981
TAT,CTC,Y,L,137,1633,0.0838946723821188
TAT,CTG,Y,L,191,1633,0.11696264543784446
TAT,CTT,Y,L,73,1633,0.04470300061236987
TAT,GAA,Y,E,43,725,0.05931034482758621
TAT,GAC,Y,D,277,1028,0.2694552529182879
TAT,GAG,Y,E,171,725,0.23586206896551723
TAT,GAT,Y,D,42,1028,0.04085603112840467
TAT,GCA,Y,A,37,1414,0.02616690240452617
TAT,GCC,Y,A,272,1414,0.19236209335219237
TAT,GCG,Y,A,119,1414,0.08415841584158416
TAT,GCT,Y,A,47,1414,0.03323903818953324
TAT,GGA,Y,G,69,1341,0.05145413870246085
TAT,GGC,Y,G,210,1341,0.15659955257270694
TAT,GGG,Y,G,83,1341,0.061894108873974646
TAT,GGT,Y,G,83,1341,0.061894108873974646
TAT,GTA,Y,V,21,1214,0.01729818780889621
TAT,GTC,Y,V,198,1214,0.1630971993410214
TAT,GTG,Y,V,136,1214,0.11202635914332784
TAT,GTT,Y,V,51,1214,0.042009884678747944
TAT,TAC,Y,Y,87,342,0.2543859649122807
TAT,TAT,Y,Y,9,342,0.02631578947368421
TAT,TCA,Y,S,35,912,0.03837719298245614
TAT,TCC,Y,S,101,912,0.11074561403508772
TAT,TCG,Y,S,93,912,0.10197368421052631
TAT,TCT,Y,S,15,912,0.01644736842105263
TAT,TGC,Y,C,34,166,0.20481927710843373
TAT,TGG,Y,W,81,268,0.30223880597014924
TAT,TGT,Y,C,8,166,0.04819277108433735
TAT,TTA,Y,L,13,1633,0.007960808328230252
TAT,TTC,Y,F,130,499,0.2605210420841683
TAT,TTG,Y,L,75,1633,0.04592774035517452
TAT,TTT,Y,F,25,499,0.050100200400801605
TCA,AAA,S,K,30,1274,0.023547880690737835
TCA,AAC,S,N,59,1054,0.055977229601518026
TCA,AAG,S,K,74,1274,0.058084772370486655
TCA,AAT,S,N,33,1054,0.031309297912713474
TCA,ACA,S,T,67,2923,0.022921655833048237
TCA,ACC,S,T,142,2923,0.04858022579541567
TCA,ACG,S,T,97,2923,0.03318508381799521
TCA,ACT,S,T,52,2923,0.017789941840574752
TCA,AGA,S,R,19,3262,0.005824647455548743
TCA,AGC,S,S,39,3051,0.012782694198623401
TCA,AGG,S,R,16,3262,0.004904966278356836
TCA,AGT,S,S,29,3051,0.00950508030154048
TCA,ATA,S,I,13,1937,0.006711409395973154
TCA,ATC,S,I,100,1937,0.05162622612287042
TCA,ATG,S,M,127,1001,0.12687312687312688
TCA,ATT,S,I,53,1937,0.027361899845121322
TCA,CAA,S,Q,33,1632,0.02022058823529412
TCA,CAC,S,H,73,1215,0.060082304526748974
TCA,CAG,S,Q,97,1632,0.05943627450980392
TCA,CAT,S,H,26,1215,0.02139917695473251
TCA,CCA,S,P,40,2400,0.016666666666666666
TCA,CCC,S,P,66,2400,0.0275
TCA,CCG,S,P,122,2400,0.050833333333333335
TCA,CCT,S,P,44,2400,0.018333333333333333
TCA,CGA,S,R,75,3262,0.02299202942979767
TCA,CGC,S,R,94,3262,0.028816676885346414
TCA,CGG,S,R,96,3262,0.029429797670141016
TCA,CGT,S,R,78,3262,0.023911710606989576
TCA,CTA,S,L,25,4050,0.006172839506172839
TCA,CTC,S,L,48,4050,0.011851851851851851
TCA,CTG,S,L,135,4050,0.03333333333333333
TCA,CTT,S,L,37,4050,0.009135802469135803
TCA,GAA,S,E,62,2165,0.028637413394919167
TCA,GAC,S,D,103,2592,0.03973765432098766
TCA,GAG,S,E,85,2165,0.03926096997690531
TCA,GAT,S,D,81,2592,0.03125
TCA,GCA,S,A,141,4682,0.030115335326783427
TCA,GCC,S,A,264,4682,0.05638615976078599
TCA,GCG,S,A,175,4682,0.0373771892353695
TCA,GCT,S,A,154,4682,0.03289192652712516
TCA,GGA,S,G,131,4391,0.029833750854019587
TCA,GGC,S,G,140,4391,0.031883397859257576
TCA,GGG,S,G,90,4391,0.020496470052379867
TCA,GGT,S,G,111,4391,0.025278979731268504
TCA,GTA,S,V,67,3685,0.01818181818181818
TCA,GTC,S,V,121,3685,0.03283582089552239
TCA,GTG,S,V,207,3685,0.05617367706919946
TCA,GTT,S,V,65,3685,0.017639077340569877
TCA,TAC,S,Y,28,942,0.029723991507430998
TCA,TAT,S,Y,30,942,0.03184713375796178
TCA,TCA,S,S,34,3051,0.011143887250081941
TCA,TCC,S,S,65,3051,0.021304490331039004
TCA,TCG,S,S,106,3051,0.03474270730907899
TCA,TCT,S,S,42,3051,0.01376597836774828
TCA,TGC,S,C,29,448,0.06473214285714286
TCA,TGG,S,W,133,926,0.14362850971922247
TCA,TGT,S,C,22,448,0.049107142857142856
TCA,TTA,S,L,13,4050,0.0032098765432098763
TCA,TTC,S,F,61,1389,0.043916486681065514
TCA,TTG,S,L,65,4050,0.016049382716049384
TCA,TTT,S,F,25,1389,0.017998560115190784
TCC,AAA,S,K,108,1274,0.0847723704866562
TCC,AAC,S,N,233,1054,0.22106261859582543
TCC,AAG,S,K,308,1274,0.24175824175824176
TCC,AAT,S,N,90,1054,0.08538899430740038
TCC,ACA,S,T,63,2923,0.021553198768388643
TCC,ACC,S,T,437,2923,0.1495039343140609
TCC,ACG,S,T,148,2923,0.05063291139240506
TCC,ACT,S,T,143,2923,0.04892234006158057
TCC,AGA,S,R,34,3262,0.010423053341508276
TCC,AGC,S,S,169,3051,0.05539167486070141
TCC,AGG,S,R,44,3262,0.0134886572654813
TCC,AGT,S,S,68,3051,0.022287774500163882
TCC,ATA,S,I,28,1937,0.014455343314403717
TCC,ATC,S,I,376,1937,0.19411461022199278
TCC,ATG,S,M,248,1001,0.24775224775224775
TCC,ATT,S,I,127,1937,0.06556530717604543
TCC,CAA,S,Q,132,1632,0.08088235294117647
TCC,CAC,S,H,267,1215,0.21975308641975308
TCC,CAG,S,Q,418,1632,0.25612745098039214
TCC,CAT,S,H,134,1215,0.1102880658436214
TCC,CCA,S,P,98,2400,0.04083333333333333
TCC,CCC,S,P,229,2400,0.09541666666666666
TCC,CCG,S,P,282,2400,0.1175
TCC,CCT,S,P,78,2400,0.0325
TCC,CGA,S,R,110,3262,0.03372164316370325
TCC,CGC,S,R,275,3262,0.08430410790925813
TCC,CGG,S,R,210,3262,0.06437768240343347
TCC,CGT,S,R,168,3262,0.05150214592274678
TCC,CTA,S,L,96,4050,0.023703703703703703
TCC,CTC,S,L,370,4050,0.09135802469135802
TCC,CTG,S,L,417,4050,0.10296296296296296
TCC,CTT,S,L,118,4050,0.029135802469135802
TCC,GAA,S,E,177,2165,0.08175519630484988
TCC,GAC,S,D,531,2592,0.2048611111111111
TCC,GAG,S,E,462,2165,0.2133949191685912
TCC,GAT,S,D,295,2592,0.11381172839506173
TCC,GCA,S,A,125,4682,0.026697992310978216
TCC,GCC,S,A,343,4682,0.07325929090132421
TCC,GCG,S,A,177,4682,0.03780435711234515
TCC,GCT,S,A,183,4682,0.039085860743272104
TCC,GGA,S,G,240,4391,0.05465725347301298
TCC,GGC,S,G,366,4391,0.0833523115463448
TCC,GGG,S,G,311,4391,0.07082669095877932
TCC,GGT,S,G,358,4391,0.08153040309724437
TCC,GTA,S,V,43,3685,0.011668928086838535
TCC,GTC,S,V,264,3685,0.07164179104477612
TCC,GTG,S,V,170,3685,0.04613297150610583
TCC,GTT,S,V,95,3685,0.025780189959294438
TCC,TAC,S,Y,229,942,0.24309978768577495
TCC,TAT,S,Y,111,942,0.1178343949044586
TCC,TCA,S,S,119,3051,0.03900360537528679
TCC,TCC,S,S,216,3051,0.07079646017699115
TCC,TCG,S,S,290,3051,0.09505080301540479
TCC,TCT,S,S,95,3051,0.031137332022287776
TCC,TGC,S,C,106,448,0.23660714285714285
TCC,TGG,S,W,243,926,0.26241900647948163
TCC,TGT,S,C,49,448,0.109375
TCC,TTA,S,L,39,4050,0.00962962962962963
TCC,TTC,S,F,443,1389,0.31893448524118073
TCC,TTG,S,L,208,4050,0.05135802469135802
TCC,TTT,S,F,120,1389,0.08639308855291576
TCG,AAA,S,K,88,1274,0.06907378335949764
TCG,AAC,S,N,176,1054,0.16698292220113853
TCG,AAG,S,K,277,1274,0.217425431711146
TCG,AAT,S,N,114,1054,0.10815939278937381
TCG,ACA,S,T,108,2923,0.0369483407458091
TCG,ACC,S,T,345,2923,0.11802942182689018
TCG,ACG,S,T,402,2923,0.13752993499828942
TCG,ACT,S,T,156,2923,0.05336982552172426
TCG,AGA,S,R,29,3262,0.008890251379521767
TCG,AGC,S,S,103,3051,0.033759423139954114
TCG,AGG,S,R,74,3262,0.022685469037400367
TCG,AGT,S,S,77,3051,0.025237627007538514
TCG,ATA,S,I,41,1937,0.021166752710376872
TCG,ATC,S,I,467,1937,0.24109447599380485
TCG,ATG,S,M,457,1001,0.4565434565434565
TCG,ATT,S,I,160,1937,0.08260196179659267
TCG,CAA,S,Q,64,1632,0.0392156862745098
TCG,CAC,S,H,85,1215,0.06995884773662552
TCG,CAG,S,Q,196,1632,0.12009803921568628
TCG,CAT,S,H,58,1215,0.047736625514403296
TCG,CCA,S,P,72,2400,0.03
TCG,CCC,S,P,99,2400,0.04125
TCG,CCG,S,P,186,2400,0.0775
TCG,CCT,S,P,60,2400,0.025
TCG,CGA,S,R,108,3262,0.03310852237890864
TCG,CGC,S,R,222,3262,0.06805640711220111
TCG,CGG,S,R,198,3262,0.06069895769466585
TCG,CGT,S,R,197,3262,0.060392397302268544
TCG,CTA,S,L,72,4050,0.017777777777777778
TCG,CTC,S,L,131,4050,0.03234567901234568
TCG,CTG,S,L,369,4050,0.09111111111111111
TCG,CTT,S,L,65,4050,0.016049382716049384
TCG,GAA,S,E,125,2165,0.057736720554272515
TCG,GAC,S,D,211,2592,0.08140432098765432
TCG,GAG,S,E,247,2165,0.1140877598152425
TCG,GAT,S,D,157,2592,0.060570987654320986
TCG,GCA,S,A,249,4682,0.053182400683468606
TCG,GCC,S,A,548,4682,0.11704399829132849
TCG,GCG,S,A,359,4682,0.07667663391712944
TCG,GCT,S,A,332,4682,0.07090986757795814
TCG,GGA,S,G,228,4391,0.051924390799362334
TCG,GGC,S,G,271,4391,0.06171714871327716
TCG,GGG,S,G,242,4391,0.05511273058528809
TCG,GGT,S,G,235,4391,0.05351856069232521
TCG,GTA,S,V,164,3685,0.044504748982360925
TCG,GTC,S,V,372,3685,0.10094979647218454
TCG,GTG,S,V,729,3685,0.19782903663500678
TCG,GTT,S,V,208,3685,0.05644504748982361
TCG,TAC,S,Y,98,942,0.1040339702760085
TCG,TAT,S,Y,57,942,0.06050955414012739
TCG,TCA,S,S,115,3051,0.03769255981645362
TCG,TCC,S,S,131,3051,0.0429367420517863
TCG,TCG,S,S,266,3051,0.08718452966240577
TCG,TCT,S,S,89,3051,0.02917076368403802
TCG,TGC,S,C,54,448,0.12053571428571429
TCG,TGG,S,W,287,926,0.3099352051835853
TCG,TGT,S,C,33,448,0.07366071428571429
TCG,TTA,S,L,33,4050,0.008148148148148147
TCG,TTC,S,F,136,1389,0.09791216702663787
TCG,TTG,S,L,200,4050,0.04938271604938271
TCG,TTT,S,F,48,1389,0.03455723542116631
TCT,AAA,S,K,29,1274,0.022762951334379906
TCT,AAC,S,N,55,1054,0.05218216318785579
TCT,AAG,S,K,77,1274,0.06043956043956044
TCT,AAT,S,N,30,1054,0.028462998102466792
TCT,ACA,S,T,19,2923,0.006500171057133082
TCT,ACC,S,T,114,2923,0.03900102634279849
TCT,ACG,S,T,41,2923,0.014026684912760863
TCT,ACT,S,T,32,2923,0.01094765651727677
TCT,AGA,S,R,8,3262,0.002452483139178418
TCT,AGC,S,S,49,3051,0.016060308095706327
TCT,AGG,S,R,13,3262,0.00398528510116493
TCT,AGT,S,S,24,3051,0.007866273352999017
TCT,ATA,S,I,7,1937,0.0036138358286009293
TCT,ATC,S,I,112,1937,0.05782137325761487
TCT,ATG,S,M,55,1001,0.054945054945054944
TCT,ATT,S,I,48,1937,0.0247805885389778
TCT,CAA,S,Q,58,1632,0.03553921568627451
TCT,CAC,S,H,123,1215,0.10123456790123457
TCT,CAG,S,Q,187,1632,0.11458333333333333
TCT,CAT,S,H,76,1215,0.06255144032921811
TCT,CCA,S,P,42,2400,0.0175
TCT,CCC,S,P,131,2400,0.05458333333333333
TCT,CCG,S,P,142,2400,0.059166666666666666
TCT,CCT,S,P,59,2400,0.024583333333333332
TCT,CGA,S,R,86,3262,0.026364193746167996
TCT,CGC,S,R,129,3262,0.039546290619251995
TCT,CGG,S,R,108,3262,0.03310852237890864
TCT,CGT,S,R,133,3262,0.0407725321888412
TCT,CTA,S,L,29,4050,0.007160493827160494
TCT,CTC,S,L,113,4050,0.027901234567901233
TCT,CTG,S,L,144,4050,0.035555555555555556
TCT,CTT,S,L,65,4050,0.016049382716049384
TCT,GAA,S,E,107,2165,0.04942263279445727
TCT,GAC,S,D,356,2592,0.13734567901234568
TCT,GAG,S,E,258,2165,0.11916859122401847
TCT,GAT,S,D,165,2592,0.06365740740740741
TCT,GCA,S,A,65,4682,0.013882956001708672
TCT,GCC,S,A,244,4682,0.05211448099102947
TCT,GCG,S,A,121,4682,0.02584365655702691
TCT,GCT,S,A,154,4682,0.03289192652712516
TCT,GGA,S,G,125,4391,0.02846731951719426
TCT,GGC,S,G,233,4391,0.0530630835800501
TCT,GGG,S,G,181,4391,0.04122067866089729
TCT,GGT,S,G,187,4391,0.04258710999772262
TCT,GTA,S,V,34,3685,0.009226594301221167
TCT,GTC,S,V,123,3685,0.033378561736770694
TCT,GTG,S,V,104,3685,0.028222523744911805
TCT,GTT,S,V,64,3685,0.017367706919945727
TCT,TAC,S,Y,74,942,0.07855626326963906
TCT,TAT,S,Y,40,942,0.04246284501061571
TCT,TCA,S,S,38,3051,0.01245493280891511
TCT,TCC,S,S,94,3051,0.030809570632579483
TCT,TCG,S,S,110,3051,0.03605375286791216
TCT,TCT,S,S,46,3051,0.015077023926581449
TCT,TGC,S,C,25,448,0.05580357142857143
TCT,TGG,S,W,60,926,0.06479481641468683
TCT,TGT,S,C,13,448,0.029017857142857144
TCT,TTA,S,L,25,4050,0.006172839506172839
TCT,TTC,S,F,141,1389,0.10151187904967603
TCT,TTG,S,L,119,4050,0.029382716049382716
TCT,TTT,S,F,53,1389,0.03815694744420446
TGC,AAA,C,K,36,142,0.2535211267605634
TGC,AAC,C,N,85,162,0.5246913580246914
TGC,AAG,C,K,78,142,0.5492957746478874
TGC,AAT,C,N,43,162,0.2654320987654321
TGC,ACA,C,T,27,422,0.06398104265402843
TGC,ACC,C,T,186,422,0.44075829383886256
TGC,ACG,C,T,69,422,0.16350710900473933
TGC,ACT,C,T,60,422,0.14218009478672985
TGC,AGA,C,R,4,566,0.007067137809187279
TGC,AGC,C,S,49,524,0.09351145038167939
TGC,AGG,C,R,10,566,0.0176678445229682
TGC,AGT,C,S,27,524,0.05152671755725191
TGC,ATA,C,I,9,294,0.030612244897959183
TGC,ATC,C,I,164,294,0.5578231292517006
TGC,ATG,C,M,90,120,0.75
TGC,ATT,C,I,56,294,0.19047619047619047
TGC,CAA,C,Q,44,288,0.1527777777777778
TGC,CAC,C,H,97,241,0.4024896265560166
TGC,CAG,C,Q,149,288,0.5173611111111112
TGC,CAT,C,H,39,241,0.16182572614107885
TGC,CCA,C,P,54,505,0.10693069306930693
TGC,CCC,C,P,75,505,0.1485148514851485
TGC,CCG,C,P,160,505,0.31683168316831684
TGC,CCT,C,P,61,505,0.12079207920792079
TGC,CGA,C,R,52,566,0.09187279151943463
TGC,CGC,C,R,142,566,0.2508833922261484
TGC,CGG,C,R,72,566,0.127208480565371
TGC,CGT,C,R,103,566,0.18197879858657243
TGC,CTA,C,L,43,756,0.056878306878306875
TGC,CTC,C,L,102,756,0.1349206349206349
TGC,CTG,C,L,180,756,0.23809523809523808
TGC,CTT,C,L,66,756,0.0873015873015873
TGC,GAA,C,E,78,404,0.19306930693069307
TGC,GAC,C,D,194,511,0.3796477495107632
TGC,GAG,C,E,171,404,0.42326732673267325
TGC,GAT,C,D,103,511,0.20156555772994128
TGC,GCA,C,A,53,782,0.06777493606138107
TGC,GCC,C,A,224,782,0.2864450127877238
TGC,GCG,C,A,82,782,0.10485933503836317
TGC,GCT,C,A,93,782,0.11892583120204604
TGC,GGA,C,G,94,871,0.1079219288174512
TGC,GGC,C,G,174,871,0.1997703788748565
TGC,GGG,C,G,114,871,0.13088404133180254
TGC,GGT,C,G,151,871,0.17336394948335246
TGC,GTA,C,V,34,602,0.05647840531561462
TGC,GTC,C,V,194,602,0.3222591362126246
TGC,GTG,C,V,101,602,0.16777408637873753
TGC,GTT,C,V,62,602,0.10299003322259136
TGC,TAC,C,Y,98,175,0.56
TGC,TAT,C,Y,30,175,0.17142857142857143
TGC,TCA,C,S,44,524,0.08396946564885496
TGC,TCC,C,S,84,524,0.16030534351145037
TGC,TCG,C,S,105,524,0.20038167938931298
TGC,TCT,C,S,36,524,0.06870229007633588
TGC,TGC,C,C,63,127,0.49606299212598426
TGC,TGG,C,W,84,130,0.6461538461538462
TGC,TGT,C,C,21,127,0.16535433070866143
TGC,TTA,C,L,14,756,0.018518518518518517
TGC,TTC,C,F,104,224,0.4642857142857143
TGC,TTG,C,L,60,756,0.07936507936507936
TGC,TTT,C,F,28,224,0.125
TGG,AAA,W,K,87,334,0.26047904191616766
TGG,AAC,W,N,220,350,0.6285714285714286
TGG,AAG,W,K,247,334,0.7395209580838323
TGG,AAT,W,N,130,350,0.37142857142857144
TGG,ACA,W,T,84,738,0.11382113821138211
TGG,ACC,W,T,294,738,0.3983739837398374
TGG,ACG,W,T,240,738,0.3252032520325203
TGG,ACT,W,T,120,738,0.16260162601626016
TGG,AGA,W,R,28,950,0.029473684210526315
TGG,AGC,W,S,125,803,0.15566625155666253
TGG,AGG,W,R,39,950,0.04105263157894737
TGG,AGT,W,S,77,803,0.0958904109589041
TGG,ATA,W,I,48,627,0.07655502392344497
TGG,ATC,W,I,407,627,0.6491228070175439
TGG,ATG,W,M,260,260,1.0
TGG,ATT,W,I,172,627,0.2743221690590112
TGG,CAA,W,Q,118,532,0.22180451127819548
TGG,CAC,W,H,205,326,0.6288343558282209
TGG,CAG,W,Q,414,532,0.7781954887218046
TGG,CAT,W,H,121,326,0.37116564417177916
TGG,CCA,W,P,101,549,0.18397085610200364
TGG,CCC,W,P,132,549,0.24043715846994534
TGG,CCG,W,P,217,549,0.39526411657559196
TGG,CCT,W,P,99,549,0.18032786885245902
TGG,CGA,W,R,126,950,0.13263157894736843
TGG,CGC,W,R,276,950,0.2905263157894737
TGG,CGG,W,R,206,950,0.2168421052631579
TGG,CGT,W,R,275,950,0.2894736842105263
TGG,CTA,W,L,120,1310,0.0916030534351145
TGG,CTC,W,L,311,1310,0.23740458015267177
TGG,CTG,W,L,431,1310,0.3290076335877863
TGG,CTT,W,L,152,1310,0.11603053435114503
TGG,GAA,W,E,144,437,0.3295194508009153
TGG,GAC,W,D,337,584,0.577054794520548
TGG,GAG,W,E,293,437,0.6704805491990846
TGG,GAT,W,D,247,584,0.4229452054794521
TGG,GCA,W,A,162,1131,0.14323607427055704
TGG,GCC,W,A,417,1131,0.3687002652519894
TGG,GCG,W,A,299,1131,0.26436781609195403
TGG,GCT,W,A,253,1131,0.22369584438549955
TGG,GGA,W,G,275,882,0.31179138321995464
TGG,GGC,W,G,265,882,0.30045351473922904
TGG,GGG,W,G,151,882,0.1712018140589569
TGG,GGT,W,G,191,882,0.2165532879818594
TGG,GTA,W,V,126,986,0.12778904665314403
TGG,GTC,W,V,288,986,0.2920892494929006
TGG,GTG,W,V,403,986,0.40872210953346855
TGG,GTT,W,V,169,986,0.17139959432048682
TGG,TAC,W,Y,180,257,0.7003891050583657
TGG,TAT,W,Y,77,257,0.29961089494163423
TGG,TCA,W,S,103,803,0.12826899128268993
TGG,TCC,W,S,145,803,0.18057285180572852
TGG,TCG,W,S,246,803,0.30635118306351183
TGG,TCT,W,S,107,803,0.13325031133250312
TGG,TGC,W,C,110,172,0.6395348837209303
TGG,TGG,W,W,318,318,1.0
TGG,TGT,W,C,62,172,0.36046511627906974
TGG,TTA,W,L,64,1310,0.04885496183206107
TGG,TTC,W,F,338,484,0.6983471074380165
TGG,TTG,W,L,232,1310,0.17709923664122137
TGG,TTT,W,F,146,484,0.30165289256198347
TGT,AAA,C,K,4,142,0.028169014084507043
TGT,AAC,C,N,18,162,0.1111111111111111
TGT,AAG,C,K,24,142,0.16901408450704225
TGT,AAT,C,N,16,162,0.09876543209876543
TGT,ACA,C,T,7,422,0.016587677725118485
TGT,ACC,C,T,46,422,0.10900473933649289
TGT,ACG,C,T,11,422,0.026066350710900472
TGT,ACT,C,T,16,422,0.037914691943127965
TGT,AGA,C,R,3,566,0.00530035335689046
TGT,AGC,C,S,13,524,0.02480916030534351
TGT,AGG,C,R,4,566,0.007067137809187279
TGT,AGT,C,S,6,524,0.011450381679389313
TGT,ATA,C,I,4,294,0.013605442176870748
TGT,ATC,C,I,35,294,0.11904761904761904
TGT,ATG,C,M,30,120,0.25
TGT,ATT,C,I,26,294,0.08843537414965986
TGT,CAA,C,Q,25,288,0.08680555555555555
TGT,CAC,C,H,72,241,0.2987551867219917
TGT,CAG,C,Q,70,288,0.24305555555555555
TGT,CAT,C,H,33,241,0.13692946058091288
TGT,CCA,C,P,28,505,0.055445544554455446
TGT,CCC,C,P,58,505,0.11485148514851486
TGT,CCG,C,P,50,505,0.09900990099009901
TGT,CCT,C,P,19,505,0.03762376237623762
TGT,CGA,C,R,29,566,0.05123674911660778
TGT,CGC,C,R,48,566,0.08480565371024736
TGT,CGG,C,R,48,566,0.08480565371024736
TGT,CGT,C,R,51,566,0.09010600706713781
TGT,CTA,C,L,28,756,0.037037037037037035
TGT,CTC,C,L,51,756,0.06746031746031746
TGT,CTG,C,L,113,756,0.14947089947089948
TGT,CTT,C,L,32,756,0.042328042328042326
TGT,GAA,C,E,37,404,0.09158415841584158
TGT,GAC,C,D,149,511,0.29158512720156554
TGT,GAG,C,E,118,404,0.29207920792079206
TGT,GAT,C,D,65,511,0.12720156555772993
TGT,GCA,C,A,36,782,0.04603580562659847
TGT,GCC,C,A,143,782,0.18286445012787725
TGT,GCG,C,A,78,782,0.09974424552429667
TGT,GCT,C,A,73,782,0.09335038363171355
TGT,GGA,C,G,48,871,0.05510907003444317
TGT,GGC,C,G,123,871,0.14121699196326062
TGT,GGG,C,G,74,871,0.08495981630309989
TGT,GGT,C,G,93,871,0.10677382319173363
TGT,GTA,C,V,17,602,0.02823920265780731
TGT,GTC,C,V,83,602,0.1378737541528239
TGT,GTG,C,V,71,602,0.11794019933554817
TGT,GTT,C,V,40,602,0.0664451827242525
TGT,TAC,C,Y,27,175,0.15428571428571428
TGT,TAT,C,Y,20,175,0.11428571428571428
TGT,TCA,C,S,25,524,0.04770992366412214
TGT,TCC,C,S,54,524,0.10305343511450382
TGT,TCG,C,S,60,524,0.11450381679389313
TGT,TCT,C,S,21,524,0.04007633587786259
TGT,TGC,C,C,27,127,0.2125984251968504
TGT,TGG,C,W,46,130,0.35384615384615387
TGT,TGT,C,C,16,127,0.12598425196850394
TGT,TTA,C,L,11,756,0.01455026455026455
TGT,TTC,C,F,61,224,0.27232142857142855
TGT,TTG,C,L,56,756,0.07407407407407407
TGT,TTT,C,F,31,224,0.13839285714285715
TTA,AAA,L,K,2,1767,0.0011318619128466328
TTA,AAC,L,N,11,1698,0.006478209658421673
TTA,AAG,L,K,12,1767,0.006791171477079796
TTA,AAT,L,N,10,1698,0.005889281507656066
TTA,ACA,L,T,13,4654,0.002793296089385475
TTA,ACC,L,T,43,4654,0.00923936398796734
TTA,ACG,L,T,28,4654,0.006016330038676407
TTA,ACT,L,T,16,4654,0.0034379028792436614
TTA,AGA,L,R,8,4433,0.0018046469659372885
TTA,AGC,L,S,19,4508,0.004214729370008873
TTA,AGG,L,R,13,4433,0.002932551319648094
TTA,AGT,L,S,11,4508,0.0024401064773735583
TTA,ATA,L,I,5,3246,0.0015403573629081946
TTA,ATC,L,I,28,3246,0.00862600123228589
TTA,ATG,L,M,15,1397,0.010737294201861132
TTA,ATT,L,I,17,3246,0.005237215033887862
TTA,CAA,L,Q,17,1579,0.010766307789740342
TTA,CAC,L,H,31,1475,0.021016949152542375
TTA,CAG,L,Q,49,1579,0.03103229892336922
TTA,CAT,L,H,19,1475,0.01288135593220339
TTA,CCA,L,P,25,3774,0.006624271330153683
TTA,CCC,L,P,48,3774,0.012718600953895072
TTA,CCG,L,P,45,3774,0.01192368839427663
TTA,CCT,L,P,24,3774,0.006359300476947536
TTA,CGA,L,R,25,4433,0.005639521768554027
TTA,CGC,L,R,76,4433,0.01714414617640424
TTA,CGG,L,R,40,4433,0.009023234829686443
TTA,CGT,L,R,36,4433,0.008120911346717798
TTA,CTA,L,L,11,6336,0.001736111111111111
TTA,CTC,L,L,76,6336,0.011994949494949494
TTA,CTG,L,L,72,6336,0.011363636363636364
TTA,CTT,L,L,28,6336,0.004419191919191919
TTA,GAA,L,E,51,3344,0.015251196172248804
TTA,GAC,L,D,61,4744,0.012858347386172007
TTA,GAG,L,E,74,3344,0.022129186602870814
TTA,GAT,L,D,37,4744,0.0077993254637436765
TTA,GCA,L,A,41,8816,0.004650635208711434
TTA,GCC,L,A,144,8816,0.016333938294010888
TTA,GCG,L,A,80,8816,0.009074410163339383
TTA,GCT,L,A,81,8816,0.009187840290381125
TTA,GGA,L,G,47,6112,0.007689790575916231
TTA,GGC,L,G,63,6112,0.01030759162303665
TTA,GGG,L,G,52,6112,0.008507853403141362
TTA,GGT,L,G,47,6112,0.007689790575916231
TTA,GTA,L,V,21,6735,0.0031180400890868597
TTA,GTC,L,V,57,6735,0.008463251670378619
TTA,GTG,L,V,66,6735,0.009799554565701559
TTA,GTT,L,V,35,6735,0.005196733481811433
TTA,TAC,L,Y,12,1122,0.0106951871657754
TTA,TAT,L,Y,13,1122,0.011586452762923352
TTA,TCA,L,S,23,4508,0.00510204081632653
TTA,TCC,L,S,51,4508,0.011313220940550133
TTA,TCG,L,S,40,4508,0.008873114463176575
TTA,TCT,L,S,34,4508,0.0075421472937000885
TTA,TGC,L,C,18,727,0.024759284731774415
TTA,TGG,L,W,44,887,0.0496054114994363
TTA,TGT,L,C,15,727,0.02063273727647868
TTA,TTA,L,L,11,6336,0.001736111111111111
TTA,TTC,L,F,31,1900,0.01631578947368421
TTA,TTG,L,L,49,6336,0.007733585858585859
TTA,TTT,L,F,13,1900,0.006842105263157895
TTC,AAA,F,K,102,507,0.20118343195266272
TTC,AAC,F,N,372,660,0.5636363636363636
TTC,AAG,F,K,305,507,0.6015779092702169
TTC,AAT,F,N,143,660,0.21666666666666667
TTC,ACA,F,T,85,1441,0.05898681471200555
TTC,ACC,F,T,714,1441,0.4954892435808466
TTC,ACG,F,T,172,1441,0.1193615544760583
TTC,ACT,F,T,186,1441,0.12907702984038863
TTC,AGA,F,R,17,1141,0.014899211218229623
TTC,AGC,F,S,201,1449,0.13871635610766045
TTC,AGG,F,R,33,1141,0.028921998247151623
TTC,AGT,F,S,91,1449,0.06280193236714976
TTC,ATA,F,I,30,1108,0.02707581227436823
TTC,ATC,F,I,646,1108,0.5830324909747292
TTC,ATG,F,M,360,446,0.8071748878923767
TTC,ATT,F,I,200,1108,0.18050541516245489
TTC,CAA,F,Q,122,582,0.20962199312714777
TTC,CAC,F,H,287,519,0.5529865125240848
TTC,CAG,F,Q,345,582,0.5927835051546392
TTC,CAT,F,H,120,519,0.23121387283236994
TTC,CCA,F,P,104,938,0.11087420042643924
TTC,CCC,F,P,203,938,0.21641791044776118
TTC,CCG,F,P,324,938,0.34541577825159914
TTC,CCT,F,P,98,938,0.1044776119402985
TTC,CGA,F,R,101,1141,0.08851884312007012
TTC,CGC,F,R,342,1141,0.2997370727432077
TTC,CGG,F,R,185,1141,0.16213847502191062
TTC,CGT,F,R,227,1141,0.19894829097283084
TTC,CTA,F,L,82,2016,0.040674603174603176
TTC,CTC,F,L,562,2016,0.2787698412698413
TTC,CTG,F,L,494,2016,0.24503968253968253
TTC,CTT,F,L,246,2016,0.12202380952380952
TTC,GAA,F,E,146,938,0.15565031982942432
TTC,GAC,F,D,796,1584,0.5025252525252525
TTC,GAG,F,E,485,938,0.5170575692963753
TTC,GAT,F,D,343,1584,0.21654040404040403
TTC,GCA,F,A,152,2338,0.06501283147989735
TTC,GCC,F,A,804,2338,0.3438836612489307
TTC,GCG,F,A,326,2338,0.1394354148845167
TTC,GCT,F,A,367,2338,0.15697177074422583
TTC,GGA,F,G,273,2225,0.12269662921348315
TTC,GGC,F,G,568,2225,0.2552808988764045
TTC,GGG,F,G,309,2225,0.13887640449438202
TTC,GGT,F,G,398,2225,0.17887640449438202
TTC,GTA,F,V,70,1937,0.036138358286009295
TTC,GTC,F,V,830,1937,0.4284976768198245
TTC,GTG,F,V,351,1937,0.18120805369127516
TTC,GTT,F,V,238,1937,0.12287041817243159
TTC,TAC,F,Y,252,464,0.5431034482758621
TTC,TAT,F,Y,99,464,0.21336206896551724
TTC,TCA,F,S,62,1449,0.04278812974465148
TTC,TCC,F,S,345,1449,0.23809523809523808
TTC,TCG,F,S,230,1449,0.15873015873015872
TTC,TCT,F,S,139,1449,0.09592822636300898
TTC,TGC,F,C,146,278,0.5251798561151079
TTC,TGG,F,W,289,350,0.8257142857142857
TTC,TGT,F,C,75,278,0.2697841726618705
TTC,TTA,F,L,29,2016,0.014384920634920634
TTC,TTC,F,F,491,774,0.6343669250645995
TTC,TTG,F,L,172,2016,0.08531746031746032
TTC,TTT,F,F,138,774,0.17829457364341086
TTG,AAA,L,K,39,1767,0.022071307300509338
TTG,AAC,L,N,62,1698,0.03651354534746761
TTG,AAG,L,K,118,1767,0.06677985285795134
TTG,AAT,L,N,41,1698,0.024146054181389872
TTG,ACA,L,T,77,4654,0.01654490760636012
TTG,ACC,L,T,259,4654,0.05565105285775677
TTG,ACG,L,T,265,4654,0.056940266437473144
TTG,ACT,L,T,96,4654,0.020627417275461968
TTG,AGA,L,R,44,4433,0.009925558312655087
TTG,AGC,L,S,108,4508,0.023957409050576754
TTG,AGG,L,R,64,4433,0.014437175727498308
TTG,AGT,L,S,45,4508,0.009982253771073648
TTG,ATA,L,I,20,3246,0.0061614294516327784
TTG,ATC,L,I,91,3246,0.028034504004929142
TTG,ATG,L,M,114,1397,0.0816034359341446
TTG,ATT,L,I,62,3246,0.019100431300061615
TTG,CAA,L,Q,82,1579,0.051931602279924
TTG,CAC,L,H,151,1475,0.1023728813559322
TTG,CAG,L,Q,277,1579,0.17542748575047498
TTG,CAT,L,H,71,1475,0.04813559322033898
TTG,CCA,L,P,70,3774,0.018547959724430314
TTG,CCC,L,P,166,3774,0.04398516163222046
TTG,CCG,L,P,278,3774,0.07366189719130896
TTG,CCT,L,P,140,3774,0.03709591944886063
TTG,CGA,L,R,100,4433,0.022558087074216106
TTG,CGC,L,R,310,4433,0.06993006993006994
TTG,CGG,L,R,174,4433,0.039251071509136023
TTG,CGT,L,R,284,4433,0.06406496729077374
TTG,CTA,L,L,92,6336,0.01452020202020202
TTG,CTC,L,L,310,6336,0.04892676767676768
TTG,CTG,L,L,474,6336,0.07481060606060606
TTG,CTT,L,L,143,6336,0.022569444444444444
TTG,GAA,L,E,157,3344,0.04694976076555024
TTG,GAC,L,D,251,4744,0.05290893760539629
TTG,GAG,L,E,342,3344,0.10227272727272728
TTG,GAT,L,D,159,4744,0.03351602023608769
TTG,GCA,L,A,219,8816,0.024841197822141562
TTG,GCC,L,A,558,8816,0.0632940108892922
TTG,GCG,L,A,392,8816,0.04446460980036298
TTG,GCT,L,A,382,8816,0.04333030852994555
TTG,GGA,L,G,220,6112,0.03599476439790576
TTG,GGC,L,G,261,6112,0.042702879581151834
TTG,GGG,L,G,235,6112,0.03844895287958115
TTG,GGT,L,G,203,6112,0.033213350785340316
TTG,GTA,L,V,87,6735,0.012917594654788419
TTG,GTC,L,V,262,6735,0.03890126206384558
TTG,GTG,L,V,443,6735,0.0657757980697847
TTG,GTT,L,V,135,6735,0.0200445434298441
TTG,TAC,L,Y,77,1122,0.06862745098039216
TTG,TAT,L,Y,41,1122,0.036541889483065956
TTG,TCA,L,S,115,4508,0.025510204081632654
TTG,TCC,L,S,200,4508,0.044365572315882874
TTG,TCG,L,S,266,4508,0.059006211180124224
TTG,TCT,L,S,123,4508,0.027284826974267967
TTG,TGC,L,C,101,727,0.13892709766162312
TTG,TGG,L,W,214,887,0.24126268320180383
TTG,TGT,L,C,59,727,0.0811554332874828
TTG,TTA,L,L,35,6336,0.005523989898989899
TTG,TTC,L,F,186,1900,0.09789473684210526
TTG,TTG,L,L,227,6336,0.0358270202020202
TTG,TTT,L,F,55,1900,0.02894736842105263
TTT,AAA,F,K,27,507,0.05325443786982249
TTT,AAC,F,N,103,660,0.15606060606060607
TTT,AAG,F,K,73,507,0.14398422090729784
TTT,AAT,F,N,42,660,0.06363636363636363
TTT,ACA,F,T,13,1441,0.009021512838306732
TTT,ACC,F,T,165,1441,0.11450381679389313
TTT,ACG,F,T,47,1441,0.03261623872310895
TTT,ACT,F,T,59,1441,0.040943789035392086
TTT,AGA,F,R,5,1141,0.0043821209465381246
TTT,AGC,F,S,54,1449,0.037267080745341616
TTT,AGG,F,R,9,1141,0.007887817703768623
TTT,AGT,F,S,18,1449,0.012422360248447204
TTT,ATA,F,I,19,1108,0.017148014440433214
TTT,ATC,F,I,131,1108,0.11823104693140794
TTT,ATG,F,M,86,446,0.19282511210762332
TTT,ATT,F,I,82,1108,0.0740072202166065
TTT,CAA,F,Q,41,582,0.070446735395189
TTT,CAC,F,H,82,519,0.1579961464354528
TTT,CAG,F,Q,74,582,0.12714776632302405
TTT,CAT,F,H,30,519,0.057803468208092484
TTT,CCA,F,P,25,938,0.026652452025586353
TTT,CCC,F,P,66,938,0.07036247334754797
TTT,CCG,F,P,78,938,0.08315565031982942
TTT,CCT,F,P,40,938,0.042643923240938165
TTT,CGA,F,R,29,1141,0.025416301489921123
TTT,CGC,F,R,76,1141,0.06660823838737949
TTT,CGG,F,R,55,1141,0.04820333041191937
TTT,CGT,F,R,62,1141,0.05433829973707274
TTT,CTA,F,L,25,2016,0.01240079365079365
TTT,CTC,F,L,113,2016,0.056051587301587304
TTT,CTG,F,L,126,2016,0.0625
TTT,CTT,F,L,76,2016,0.037698412698412696
TTT,GAA,F,E,89,938,0.09488272921108742
TTT,GAC,F,D,303,1584,0.19128787878787878
TTT,GAG,F,E,218,938,0.232409381663113
TTT,GAT,F,D,142,1584,0.08964646464646464
TTT,GCA,F,A,68,2338,0.0290846877673225
TTT,GCC,F,A,303,2338,0.12959794696321641
TTT,GCG,F,A,152,2338,0.06501283147989735
TTT,GCT,F,A,166,2338,0.07100085543199315
TTT,GGA,F,G,88,2225,0.039550561797752806
TTT,GGC,F,G,268,2225,0.1204494382022472
TTT,GGG,F,G,129,2225,0.05797752808988764
TTT,GGT,F,G,192,2225,0.08629213483146067
TTT,GTA,F,V,22,1937,0.011357769747031492
TTT,GTC,F,V,192,1937,0.0991223541559112
TTT,GTG,F,V,140,1937,0.07227671657201859
TTT,GTT,F,V,94,1937,0.048528652555498195
TTT,TAC,F,Y,78,464,0.16810344827586207
TTT,TAT,F,Y,35,464,0.07543103448275862
TTT,TCA,F,S,39,1449,0.026915113871635612
TTT,TCC,F,S,131,1449,0.0904071773636991
TTT,TCG,F,S,75,1449,0.051759834368530024
TTT,TCT,F,S,64,1449,0.04416839199447895
TTT,TGC,F,C,33,278,0.11870503597122302
TTT,TGG,F,W,61,350,0.1742857142857143
TTT,TGT,F,C,24,278,0.08633093525179857
TTT,TTA,F,L,15,2016,0.00744047619047619
TTT,TTC,F,F,123,774,0.15891472868217055
TTT,TTG,F,L,76,2016,0.037698412698412696
TTT,TTT,F,F,22,774,0.028423772609819122
