gene_id,gene_symbol,log2fc,pvalue,padj
YPL033C,SRL4,7.4,3.09167544446809e-124,
YLR307C-A,,6.7,1.02355833844268e-35,
YPR151C,SUE1,6.1,1.78916754180928e-47,
YEL039C,CYC7,5.8,3.23762529867912e-57,
tA(AGC)F,,5.7,1.99766428001314e-16,
YFR032C,RRT5,-5.7,2.59148417207859e-113,
snR59,,-5.6,7.3230398206918e-30,
YDR119W-A,COX26,5.4,5.69665083601128e-20,
YER024W,YAT2,5.3,0.0,
tH(GUG)G1,,-5.1,1.75877523254396e-17,
YJL225C,,-5.1,7.02603932156335e-17,
YPL080C,,-5.1,1.38972310362039e-69,
YPL198W,RPL7B,-5.1,3.73113717231602e-133,
YCL026C-A,FRM2,5.0,1.76529156068263e-108,
YCL074W,,5.0,4.89910223255015e-12,
YDR399W,HPT1,-5.0,0.0,
YHR022C,,5.0,9.8936943705123e-77,
YOR121C,,-5.0,2.52523185334989e-28,
YGR055W,MUP1,-4.9,0.0,
YMR119W-A,,-4.9,5.67908025935647e-32,
YAL018C,LDS1,4.8,3.39373670568688e-11,
YHR071C-A,,4.8,4.41132614813968e-11,
snR128,,-4.7,1.15459030792058e-20,
snR24,,-4.7,3.00318679083904e-30,
YDR077W,SED1,4.7,0.0,
YER175C,TMT1,4.7,0.0,
YKR091W,SRL3,4.7,0.0,
snR39,,-4.6,4.44723997500899e-89,
snR61,,-4.6,1.38672438645182e-30,
YHR021W-A,ECM12,4.6,4.28671441838681e-33,
YJR009C,TDH2,-4.6,0.0,
YOR293C-A,,-4.6,1.26232023967504e-12,
HRA1,,4.5,1.02669552776442e-08,
YBR047W,FMP23,4.5,1.60819889862602e-153,
YCR013C,,-4.5,1.83381454577499e-25,
YMR107W,SPG4,4.5,4.00283905640798e-15,
YOL155W-A,,-4.5,2.2623783445871e-16,
YPR078C,,4.5,1.33038539885706e-40,
YLL066C,,-4.4,4.81907842057496e-21,
YOR100C,CRC1,4.4,7.81592857754621e-89,
YOR314W,,-4.4,2.22015110996018e-15,
snR18,,-4.3,6.63117480741008e-83,
snR44,,-4.3,4.92509353347676e-110,
snR54,,-4.3,3.75623571603843e-14,
YKL001C,MET14,-4.3,0.0,
YMR096W,SNZ1,4.3,0.0,
YMR195W,ICY1,4.3,0.0,
YOL086C,ADH1,-4.3,0.0,
YGR248W,SOL4,4.2,2.85534467904512e-58,
YLR342W-A,,-4.2,1.80652693573224e-39,
YLR466W,YRF1-4,-4.2,1.43100021003259e-18,
YAL037C-A,,-4.1,9.11275849333665e-43,
YBR046C,ZTA1,4.1,4.12653637758163e-268,
YDL085W,NDE2,4.1,1.91589098412536e-94,
YOR392W,,4.1,1.68361598838547e-08,
YBR126W-A,MEO1,4.0,7.02798687523816e-08,
YGL030W,RPL30,-4.0,0.0,
YLL061W,MMP1,-4.0,0.0,
YLR053C,,4.0,6.61230643158228e-113,
YPL130W,SPO19,-4.0,2.41028085564113e-58,
tV(AAC)M2,,-3.9,4.35663671130239e-11,
YAL016C-A,,3.9,1.19021286419824e-06,
YDR523C,SPS1,3.9,4.53273730502023e-67,
YEL045C,,3.9,3.15797212057184e-10,
YGL147C,RPL9A,-3.9,0.0,
YHR071W,PCL5,3.9,0.0,
YJL166W,QCR8,3.9,1.2894944891531e-11,
YLL062C,MHT1,-3.9,0.0,
snR38,,-3.8,2.24562797287027e-16,
snR47,,-3.8,6.8637036446012e-14,
snR63,,-3.8,1.79624755550424e-61,
YBL111C,,-3.8,1.38304718251888e-07,
YCL076W,,3.8,3.41299908511199e-07,
YEL076C,,-3.8,3.48732466941373e-07,
YER160C,,-3.8,5.81622323112704e-06,
YGR088W,CTT1,3.8,3.95472615863143e-172,
YIL117C,PRM5,3.8,0.0,
YIL177C,,-3.8,8.37451400790121e-26,
YJR010W,MET3,-3.8,7.74593884674379e-79,
YKL153W,,-3.8,7.22787827776913e-09,
YLR167W,RPS31,-3.8,0.0,
YLR267W,BOP2,3.8,7.4772197117104e-176,
YDR502C,SAM2,-3.7,1.39561912060516e-175,
YFL066C,,-3.7,2.07050410275271e-61,
YGR273C,,3.7,6.3944564928461e-07,
YLR400W,,-3.7,6.51371469571734e-22,
YLR406C,RPL31B,-3.7,0.0,
snR79,,-3.6,9.40066114935201e-09,
snR80,,-3.6,2.0649943534816e-07,
YDL070W,BDF2,-3.6,0.0,
YER074W,RPS24A,-3.6,0.0,
YGL118C,,3.6,7.64131132101112e-06,
YJL222W,VTH2,-3.6,9.0017817651639e-28,
YLL024C,SSA2,-3.6,0.0,
YMR194W,RPL36A,-3.6,0.0,
snR65,,-3.5,4.15052897806458e-16,
YBR147W,RTC2,3.5,0.0,
YCR012W,PGK1,-3.5,3.66508489042798e-278,
YDR064W,RPS13,-3.5,6.66823897012807e-196,
YGL076C,RPL7A,-3.5,2.09697033573374e-187,
YGR254W,ENO1,-3.5,4.49671129739915e-220,
YHR092C,HXT4,-3.5,1.37778792018206e-288,
YJR111C,PXP2,3.5,0.0,
YLR180W,SAM1,-3.5,1.5627829988951e-272,
YLR205C,HMX1,3.5,0.0,
YLR333C,RPS25B,-3.5,0.0,
YNL162W,RPL42A,-3.5,3.03879398328475e-101,
YOR329W-A,,3.5,5.32684359736563e-06,
YPL095C,EEB1,-3.5,0.0,
YPR043W,RPL43A,-3.5,6.22913272902886e-14,
snR66,,-3.4,1.31520313919984e-17,
tK(UUU)L,,-3.4,2.26965145636981e-07,
tL(CAA)L,,-3.4,5.67271484404029e-08,
tN(GUU)K,,-3.4,1.48039348881939e-06,
tV(AAC)O,,-3.4,7.17093471009667e-06,
YAR035C-A,,3.4,0.000214432976932174,
YAR075W,,-3.4,1.75440591719697e-08,
YEL034C-A,,3.4,0.000293402884242743,
YFL014W,HSP12,3.4,6.84543690297159e-144,
YGL117W,,3.4,0.0,
YGL224C,SDT1,3.4,0.0,
YHL033C,RPL8A,-3.4,1.12070162977788e-253,
YIL111W,COX5B,3.4,1.29416657731933e-95,
YJL142C,IRC9,-3.4,5.21837947220584e-12,
YJL169W,,-3.4,1.16730329751906e-11,
YJR130C,STR2,3.4,0.0,
YKL036C,,3.4,0.000108368702734405,
YLR185W,RPL37A,-3.4,1.46287839311344e-283,
YNL043C,,-3.4,3.9718904212543e-23,
YNL339C,YRF1-6,-3.4,7.93194255513136e-06,
YNR058W,BIO3,3.4,0.0,
YOR044W,IRC23,3.4,4.5529768135208e-109,
YPL261C,,3.4,8.03046101095709e-07,
snR36,,-3.3,3.41955562920122e-33,
snR81,,-3.3,5.94959759724578e-05,
tF(GAA)P1,,-3.3,3.2870791966115e-08,
YCR101C,,3.3,1.52616776747445e-97,
YER087C-A,,-3.3,0.000166368334234226,
YHR094C,HXT1,-3.3,0.0,
YHR137W,ARO9,3.3,5.39007327738684e-40,
YHR174W,ENO2,-3.3,2.41547691757284e-157,
YHR183W,GND1,-3.3,0.0,
YJL191W,RPS14B,-3.3,0.0,
YJL213W,,3.3,0.0,
YOR096W,RPS7A,-3.3,0.0,
YPR204W,,-3.3,4.36538985294286e-93,
snR41,,-3.2,1.60185075464248e-31,
snR49,,-3.2,8.51941587523703e-41,
snR55,,-3.2,8.04593325330554e-07,
tE(UUC)G1,SOE1,-3.2,3.20643131382221e-12,
YAL060W,BDH1,-3.2,0.0,
YBR224W,,3.2,0.000255510703637008,
YDL151C,BUD30,3.2,1.36954848500473e-05,
YDR036C,EHD3,3.2,2.13333077220801e-05,
YDR345C,HXT3,-3.2,0.0,
YER084W,,3.2,5.58806672884228e-14,
YGL008C,PMA1,-3.2,0.0,
YGL103W,RPL28,-3.2,2.42347892746306e-07,
YGL135W,RPL1B,-3.2,0.0,
YGR023W,MTL1,3.2,5.69103600242658e-172,
YIR005W,IST3,3.2,2.72239574625542e-216,
YIR019C,,-3.2,4.85721446981814e-288,
YJL072C,PSF2,3.2,0.0,
YJL075C,APQ13,-3.2,3.83433817976864e-07,
YJL189W,RPL39,-3.2,4.90350194121772e-10,
YJR094W-A,RPL43B,-3.2,0.0,
YJR148W,BAT2,3.2,4.94510852284715e-183,
YJR154W,,3.2,1.37802072691405e-300,
YKL136W,,-3.2,0.000117938329031075,
YKR034W,DAL80,3.2,2.12144523621643e-05,
YLR367W,RPS22B,-3.2,4.44729616110587e-47,
YNR056C,BIO5,3.2,2.51219495164106e-143,
YOR369C,RPS12,-3.2,0.0,
YPL081W,RPS9A,-3.2,5.68101922327625e-32,
YPL090C,RPS6A,-3.2,0.0,
YPR102C,RPL11A,-3.2,0.0,
SCR1,,-3.1,6.50525766363221e-88,
snR46,,-3.1,3.11898620232755e-17,
YBR291C,CTP1,-3.1,0.0,
YDL184C,RPL41A,-3.1,2.07468080358022e-11,
YDL185C-A,,3.1,0.00121961455823931,
YDR385W,EFT2,-3.1,2.43923408735675e-40,
YDR446W,ECM11,3.1,8.0042724494214e-15,
YER189W,,-3.1,4.22050378608995e-07,
YHL021C,AIM17,3.1,3.56033084484986e-168,
YHR050W-A,,3.1,1.87110456687356e-08,
YIL173W,VTH1,-3.1,3.74880417658055e-10,
YKL006W,RPL14A,-3.1,3.62220957302992e-280,
YKR057W,RPS21A,-3.1,0.0,
YLL067C,,-3.1,1.90339335003335e-09,
YLR044C,PDC1,-3.1,0.0,
YLR198C,,-3.1,6.21272313246188e-06,
YLR264W,RPS28B,-3.1,2.30114405976733e-32,
YLR434C,,3.1,0.000100380803386238,
YML056C,IMD4,-3.1,0.0,
YMR116C,ASC1,-3.1,0.0,
YNL301C,RPL18B,-3.1,1.75511562338556e-135,
YOL050C,,-3.1,1.50083733433051e-11,
YOL120C,RPL18A,-3.1,1.44996944911105e-147,
YOR221C,MCT1,3.1,0.0,
RDN5-1,,-3.0,8.19433995455466e-12,
snR78,,-3.0,1.95025640112522e-06,
tP(UGG)N2,,-3.0,0.000928082810400568,
YAR035W,YAT1,3.0,6.90947160922733e-120,
YBL092W,RPL32,-3.0,1.96259883892448e-248,
YBR027C,,3.0,5.10724621475525e-05,
YBR190W,,3.0,1.3472138961294e-08,
YBR196C-A,,-3.0,2.46862457937091e-12,
YDL083C,RPS16B,-3.0,0.0,
YDL130W,RPP1B,-3.0,2.54508753112689e-126,
YDL214C,PRR2,3.0,7.0206336462075e-48,
YDR316W-B,,-3.0,0.00161333633846571,
YDR374C,PHO92,3.0,1.74591610792256e-13,
YEL059W,HHY1,3.0,3.15522604769706e-15,
YFR031C-A,RPL2A,-3.0,0.0,
YGL059W,PKP2,3.0,0.0,
YGL123W,RPS2,-3.0,1.78957326654978e-301,
YGR296W,YRF1-3,-3.0,0.000587746958103166,
YHR175W-A,,-3.0,6.7281690582344e-31,
YIL018W,RPL2B,-3.0,0.0,
YIL069C,RPS24B,-3.0,1.08398924531665e-214,
YKL212W,SAC1,-3.0,0.0,
YMR173W,DDR48,3.0,1.27176731687952e-101,
YMR315W-A,,3.0,1.44276659499428e-14,
YNL178W,RPS3,-3.0,0.0,
YNL302C,RPS19B,-3.0,0.0,
YNR016C,ACC1,-3.0,0.0,
YOR182C,RPS30B,-3.0,3.00384086352771e-66,
YPR160W,GPH1,3.0,2.32189229145475e-52,
snR77,,-2.9,4.56686399117427e-09,
SRG1,,2.9,2.21111220988856e-94,
YBR189W,RPS9B,-2.9,6.84013065868845e-133,
YCL058C,FYV5,2.9,0.00036669810487093,
YDR247W,VHS1,-2.9,1.6823963873777e-132,
YER091C,MET6,-2.9,0.0,
YFL019C,,2.9,1.50097052538801e-08,
YFL034C-A,RPL22B,-2.9,0.0,
YFL065C,,-2.9,2.46742340628542e-11,
YGL222C,EDC1,2.9,1.95682222764874e-133,
YGR038C-B,,-2.9,4.87107505345919e-08,
YGR192C,TDH3,-2.9,0.0,
YHR029C,YHI9,2.9,0.0,
YIL074C,SER33,-2.9,0.0,
YKL068W-A,,-2.9,1.17871395566764e-134,
YKL096C-B,,2.9,0.00018672414571518,
YKL111C,,-2.9,0.00159321239570107,
YKL218C,SRY1,2.9,0.0,
YLR101C,,2.9,0.000164222859884886,
YLR149C,,2.9,2.33489925491985e-104,
YLR171W,,-2.9,0.0016260889026962,
YLR296W,,-2.9,9.9321551647602e-06,
YMR052C-A,,2.9,0.000219154210202752,
YMR141W-A,,-2.9,1.89759296541893e-55,
YMR153C-A,,2.9,0.000179408657419754,
YMR172C-A,,-2.9,0.00101726103808273,
YMR174C,PAI3,2.9,1.45237299233136e-73,
YOR135C,IRC14,2.9,0.00122565275409711,
YOR318C,,-2.9,3.2316641807305e-12,
YOR375C,GDH1,-2.9,5.37020864339909e-290,
YPR001W,CIT3,2.9,1.36236610663762e-153,
YPR150W,,-2.9,0.000236155031235127,
RUF23,,2.8,2.7030872936448e-05,
RUF5-2,,-2.8,0.00343135807938618,
snR32,,-2.8,2.80451984309334e-16,
YBR032W,,-2.8,9.80907540205702e-28,
YBR187W,GDT1,-2.8,3.34315807923509e-262,
YDR025W,RPS11A,-2.8,0.0,
YDR136C,VPS61,2.8,0.00135389462159867,
YDR225W,HTA1,-2.8,0.0,
YDR450W,RPS18A,-2.8,0.0,
YEL017C-A,PMP2,-2.8,4.86888061797681e-18,
YGL006W-A,,-2.8,3.02704579280473e-08,
YGR034W,RPL26B,-2.8,4.13575714283547e-188,
YHL005C,,2.8,0.000487536960952767,
YHR180W,,2.8,7.86102491101569e-105,
YHR203C,RPS4B,-2.8,4.47836913371087e-207,
YJR145C,RPS4A,-2.8,7.21701069867539e-138,
YKL170W,MRPL38,2.8,2.26891616897686e-11,
YKR047W,,-2.8,1.35190649694671e-09,
YLR343W,GAS2,-2.8,1.17890729198164e-51,
YML018C,,-2.8,0.0,
YML026C,RPS18B,-2.8,0.0,
YMR019W,STB4,2.8,0.0,
YMR095C,SNO1,2.8,7.03806805326859e-211,
YMR194C-B,CMC4,2.8,4.24837216625366e-35,
YNL149C,PGA2,2.8,2.51284254834517e-05,
YOL091W,SPO21,2.8,1.43610081826979e-147,
YOL118C,,2.8,9.8195544058104e-80,
YOR072W-A,,-2.8,2.84020069835433e-05,
YOR248W,,-2.8,7.82607062259285e-08,
YOR309C,,-2.8,0.000190814782713629,
snR83,,-2.7,3.20059888571618e-19,
tD(GUC)G1,,-2.7,0.00289521920423223,
tP(UGG)O3,,-2.7,0.00015097082714698,
YAL047W-A,,2.7,0.00209484890551223,
YBR294W,SUL1,-2.7,0.0,
YCL025C,AGP1,-2.7,0.0,
YCL048W-A,,2.7,1.19707489616749e-08,
YDL055C,PSA1,-2.7,0.0,
YDL061C,RPS29B,-2.7,8.44936949801237e-223,
YDL075W,RPL31A,-2.7,0.0,
YDR080W,VPS41,2.7,3.07100693834724e-198,
YDR447C,RPS17B,-2.7,6.63345752395903e-219,
YEL054C,RPL12A,-2.7,1.4526829383642e-28,
YER102W,RPS8B,-2.7,2.41949791138035e-113,
YER131W,RPS26B,-2.7,1.3002403060063e-235,
YFR032C-A,RPL29,-2.7,1.58821520696626e-49,
YGL249W,ZIP2,2.7,1.34687149577543e-06,
YGR148C,RPL24B,-2.7,5.71490431969825e-243,
YIL052C,RPL34B,-2.7,0.0,
YJL177W,RPL17B,-2.7,1.71701122581725e-295,
YJR095W,SFC1,2.7,4.24613202831005e-17,
YMR251W-A,HOR7,2.7,4.62974608579411e-178,
YMR322C,SNO4,2.7,2.27495413802967e-19,
YNL171C,,2.7,0.000629568789695376,
YNR069C,BSC5,2.7,8.25970417261513e-119,
YOL039W,RPP2A,-2.7,1.2415274781252e-237,
YOL127W,RPL25,-2.7,4.72412647386612e-206,
YOL143C,RIB4,2.7,0.0,
YOR235W,IRC13,2.7,1.34214873414881e-09,
YOR347C,PYK2,2.7,3.41613582881715e-144,
YPL079W,RPL21B,-2.7,0.0,
YPL249C-A,RPL36B,-2.7,3.62781008425754e-12,
ETS2-1,,-2.6,0.0090901941943665,
snR191,,-2.6,3.29563207175837e-09,
snR40,,-2.6,4.60230229954237e-08,
YBL013W,FMT1,-2.6,3.27165211948359e-39,
YBL027W,RPL19B,-2.6,2.39283569507718e-258,
YBL113C,,-2.6,1.52490608641679e-221,
YCR031C,RPS14A,-2.6,0.0,
YCR100C,,2.6,9.7852674322107e-134,
YDL071C,,-2.6,6.55587151306991e-21,
YDR038C,ENA5,2.6,0.000959634112325316,
YDR171W,HSP42,2.6,4.43986312463314e-69,
YDR545W,YRF1-1,-2.6,3.03118025098873e-05,
YER117W,RPL23B,-2.6,8.08377371596122e-182,
YER190W,YRF1-2,-2.6,1.07000749292276e-05,
YFL067W,,-2.6,3.78314529911016e-61,
YFR017C,IGD1,2.6,4.29067324677509e-34,
YGR085C,RPL11B,-2.6,0.0,
YHL001W,RPL14B,-2.6,0.0,
YHL012W,,-2.6,4.84309226838685e-82,
YHL015W,RPS20,-2.6,2.49038820736076e-127,
YHR028W-A,,2.6,0.000484457533227981,
YHR136C,SPL2,2.6,6.56951900049759e-05,
YIR030W-A,,-2.6,0.000292266124297138,
YJL037W,IRC18,2.6,2.36916340833624e-26,
YJL190C,RPS22A,-2.6,1.18442148568782e-248,
YJR087W,,2.6,0.00516913841614997,
YKL060C,FBA1,-2.6,3.80941033604391e-102,
YLR041W,,2.6,7.39770338848694e-06,
YLR162W-A,RRT15,-2.6,9.41873816540415e-07,
YLR290C,COQ11,2.6,2.93154665543763e-195,
YLR355C,ILV5,-2.6,0.0,
YLR432W,IMD3,-2.6,0.0,
YML039W,,-2.6,5.28278114522866e-14,
YMR017W,SPO20,2.6,7.89637183056931e-30,
YMR045C,,-2.6,3.07561282524619e-39,
YMR050C,,-2.6,2.0313081660903e-30,
YMR069W,NAT4,-2.6,1.05659441612431e-29,
YMR175W,SIP18,2.6,1.0538853823505e-07,
YMR271C,URA10,2.6,2.15147939630501e-78,
YNR066C,,2.6,3.73773643788521e-73,
YOR103C,OST2,2.6,2.23217887262071e-13,
YPL220W,RPL1A,-2.6,0.0,
YPR080W,TEF1,-2.6,0.0,
YPR132W,RPS23B,-2.6,1.24643898067214e-227,
snR70,,-2.5,1.41697207738669e-24,
snR72,,-2.5,3.0097319177307e-05,
snR75,,-2.5,0.00162418382951666,
snR85,,-2.5,1.62534750280397e-07,
tF(GAA)D,,2.5,7.43064225015228e-05,
YAL003W,EFB1,-2.5,4.96011880169688e-272,
YAL005C,SSA1,-2.5,1.72064173819301e-74,
YAL064W-B,,-2.5,5.15158646528149e-07,
YAR064W,,-2.5,1.43677603259916e-05,
YBL030C,PET9,-2.5,1.38394140408024e-146,
YBR118W,TEF2,-2.5,8.88158588568759e-203,
YBR302C,COS2,-2.5,6.81469271233284e-06,
YCL005W-A,VMA9,2.5,1.40010259766024e-10,
YCL075W,,2.5,0.000945687220930556,
YCR099C,,2.5,1.44554305497201e-56,
YDL059C,RAD59,-2.5,8.69005467926202e-147,
YDL081C,RPP1A,-2.5,0.0,
YDL162C,,-2.5,6.03804158451693e-06,
YDL191W,RPL35A,-2.5,5.20863477413678e-21,
YDR382W,RPP2B,-2.5,3.39745008100912e-156,
YDR514C,,-2.5,2.15649323242331e-144,
YEL008W,,2.5,4.11441695199816e-07,
YER096W,SHC1,2.5,9.66134391895852e-43,
YFR053C,HXK1,2.5,9.38375205043489e-34,
YGL041W-A,,2.5,7.48964712814587e-25,
YGL248W,PDE1,2.5,0.0,
YGL253W,HXK2,-2.5,0.0,
YGR161W-C,,2.5,1.48478013111569e-88,
YHR054C,,-2.5,3.64167304544941e-09,
YHR086W-A,,2.5,0.000187851221561897,
YIL003W,CFD1,2.5,1.99133567388102e-214,
YIL102C,,-2.5,1.45175322236616e-05,
YIL133C,RPL16A,-2.5,2.93415506224552e-238,
YIR041W,PAU15,2.5,0.000799083605666386,
YJR029W,,-2.5,3.27007305400703e-07,
YJR155W,AAD10,2.5,1.11446440676406e-206,
YKL180W,RPL17A,-2.5,3.9773348164963e-169,
YLL047W,,2.5,0.00184138344879912,
YLR149C-A,,2.5,0.00154187475191206,
YLR269C,,2.5,5.0785145122157e-09,
YLR303W,MET17,-2.5,0.0,
YLR327C,TMA10,2.5,2.82745183581521e-51,
YLR372W,,-2.5,0.0,
YMR230W-A,,-2.5,4.95676808261993e-05,
YNL103W-A,,2.5,5.64270232730985e-05,
YNL259C,ATX1,-2.5,6.72029510273689e-26,
YNL311C,SKP2,2.5,0.0,
YOL121C,RPS19A,-2.5,0.0,
YOL124C,TRM11,-2.5,1.1886173085223e-286,
YOR082C,,2.5,0.00362926385274944,
YOR339C,UBC11,2.5,3.93032524787079e-65,
YPL189C-A,COA2,2.5,9.04876447873601e-76,
YPR111W,DBF20,2.5,1.0441890305099e-277,
ITS2-1,,-2.4,0.00235202175613541,
snR17b,,-2.4,7.81781993858711e-24,
snR30,,-2.4,2.13900496587014e-30,
snR31,,-2.4,2.05587851110904e-21,
snR57,,-2.4,8.57764978045696e-13,
tL(UAG)L1,,-2.4,0.000158312138364304,
tR(UCU)M1,,-2.4,0.0190591735166478,
YAL068C,PAU8,2.4,0.00111127825234537,
YBR012C,,2.4,1.17026916997992e-53,
YBR085W,AAC3,-2.4,1.5054207543642e-92,
YBR181C,RPS6B,-2.4,1.08127388305157e-117,
YDL247W-A,,-2.4,0.000234166421600528,
YDR043C,NRG1,2.4,7.07486543858052e-55,
YDR242W,AMD2,2.4,5.09733056879528e-162,
YDR500C,RPL37B,-2.4,3.60697155516846e-235,
YER070W,RNR1,-2.4,0.0,
YGL031C,RPL24A,-2.4,1.7661378232232e-129,
YGL189C,RPS26A,-2.4,2.2461586533637e-209,
YGR045C,,2.4,0.00382356465097151,
YGR176W,,-2.4,4.0706259090974e-06,
YHR010W,RPL27A,-2.4,7.42468442872597e-183,
YHR021C,RPS27B,-2.4,0.0,
YHR047C,AAP1,2.4,0.0,
YHR141C,RPL42B,-2.4,1.26905736026786e-47,
YIL141W,,2.4,4.6220509064159e-06,
YIL148W,RPL40A,-2.4,0.0,
YJL212C,OPT1,-2.4,4.15225493991468e-225,
YJR077C,MIR1,-2.4,0.0,
YJR123W,RPS5,-2.4,0.0,
YKL085W,MDH1,-2.4,1.72204972423988e-216,
YLL059C,,2.4,7.36648627185395e-13,
YLR162W,,-2.4,0.00245937205030082,
YLR311C,,2.4,8.15931379662432e-05,
YLR312C,,2.4,4.46398707897676e-20,
YLR325C,RPL38,-2.4,1.32881505576042e-146,
YML009C-A,,-2.4,7.70918947049965e-05,
YML089C,,-2.4,0.00106075325382749,
YNL067W,RPL9B,-2.4,0.0,
YNL097C-B,,-2.4,1.71915324382406e-20,
YOL099C,,-2.4,0.0108252370238903,
YOL103W-B,,-2.4,0.00092467109568342,
YOL119C,MCH4,2.4,0.0,
YOR139C,,-2.4,0.000205104675302987,
YOR312C,RPL20B,-2.4,6.92726527256683e-278,
YOR317W,FAA1,2.4,0.0,
YPL142C,,-2.4,0.000804259601982013,
YPL188W,POS5,2.4,0.0,
YPL250C,ATG41,2.4,8.8026031809721e-162,
YPR044C,OPI11,-2.4,8.33110029717131e-07,
YPR136C,,2.4,0.00629793619177757,
snR86,,-2.3,2.5956193508032e-31,
tG(GCC)G1,,-2.3,0.0203315535750249,
tR(UCU)K,,-2.3,0.0224775904793842,
YAL048C,GEM1,2.3,9.20945529879018e-251,
YBR105C,VID24,2.3,3.44636461420542e-156,
YBR183W,YPC1,2.3,7.3134169152419e-80,
YBR249C,ARO4,-2.3,0.0,
YCL048W,SPS22,2.3,1.12956235913379e-10,
YDL136W,RPL35B,-2.3,6.29951624644423e-13,
YDR309C,GIC2,2.3,1.56909076229234e-60,
YDR471W,RPL27B,-2.3,0.0,
YFL011W,HXT10,2.3,0.00237315627980891,
YFL029C,CAK1,2.3,2.0272079455019e-144,
YGL170C,SPO74,-2.3,2.68171974092134e-09,
YGR074W,SMD1,2.3,1.4398283493381e-12,
YGR079W,,-2.3,1.24449773556861e-122,
YGR118W,RPS23A,-2.3,0.0,
YIR017C,MET28,2.3,0.0189042434273253,
YJL089W,SIP4,2.3,4.17935740838376e-69,
YJL217W,REE1,2.3,0.0,
YJR101W,RSM26,-2.3,3.35508783520526e-305,
YKL023W,,2.3,3.74901929294655e-290,
YKL081W,TEF4,-2.3,1.65506669633289e-247,
YKL161C,KDX1,2.3,4.52412412912719e-110,
YLR109W,AHP1,-2.3,0.0,
YLR172C,DPH5,-2.3,2.0174532400739e-209,
YLR279W,,-2.3,3.98270854371442e-09,
YLR462W,,-2.3,0.00670439354190563,
YML057C-A,,2.3,0.000674458607844362,
YMR006C,PLB2,-2.3,5.79535466223635e-133,
YMR242C,RPL20A,-2.3,0.0,
YNL058C,,2.3,1.77898238358324e-240,
YNR025C,,-2.3,1.02919935862817e-07,
YOL052C-A,DDR2,2.3,3.41656174321493e-25,
YOR173W,DCS2,2.3,7.8558013124377e-47,
YOR202W,HIS3,2.3,6.89928153632625e-69,
YOR391C,HSP33,2.3,8.5250186097184e-06,
YPL280W,HSP32,-2.3,0.00137941664181861,
YPR005C,HAL1,2.3,1.8039216766701e-129,
YPR083W,MDM36,2.3,1.3658418146727e-147,
snR11,,2.2,2.77614614471684e-16,
snR17a,,2.2,3.61042398816641e-25,
snR62,,-2.2,1.01711775997129e-08,
tI(AAU)G,,-2.2,0.0299281209258166,
tN(GUU)N1,,2.2,0.00474195703159792,
tS(UGA)I,SUP17,2.2,0.00429649083051596,
YBL087C,RPL23A,-2.2,3.63967572699663e-147,
YBR048W,RPS11B,-2.2,6.37125176394498e-256,
YBR090C,,-2.2,4.02000597312396e-05,
YBR191W,RPL21A,-2.2,8.13694191382116e-168,
YBR196C-B,,-2.2,4.36701721064516e-11,
YBR255W,MTC4,2.2,1.06588844500324e-223,
YCL018W,LEU2,-2.2,0.0,
YCR024C-B,,-2.2,6.33231463017191e-26,
YDL192W,ARF1,-2.2,5.51499340960654e-208,
YDR001C,NTH1,2.2,0.0,
YDR413C,,-2.2,0.00209850737396041,
YDR418W,RPL12B,-2.2,8.22452799549594e-32,
YDR425W,SNX41,2.2,2.64122983440979e-141,
YDR441C,APT2,-2.2,7.49660195989178e-283,
YEL077C,,-2.2,9.98997789809193e-62,
YER006C-A,,-2.2,0.0192031435635005,
YER145C-A,,-2.2,3.65121831204082e-05,
YER146W,LSM5,2.2,0.0119492936460269,
YFL020C,PAU5,2.2,3.12299527239656e-07,
YFL045C,SEC53,-2.2,2.2921953613484e-192,
YGL102C,,-2.2,4.90066658217067e-18,
YGL188C-A,,-2.2,2.78400317687698e-27,
YGR110W,CLD1,2.2,1.94040331722685e-61,
YGR157W,CHO2,-2.2,2.08855129230574e-92,
YGR243W,MPC3,2.2,4.78315488854307e-99,
YHL048W,COS8,2.2,0.00100663177853183,
YKL054C,DEF1,-2.2,0.0,
YKL076C,PSY1,-2.2,2.98828077978648e-05,
YKL151C,NNR2,2.2,3.93784302192507e-204,
YKL216W,URA1,2.2,0.0,
YKR073C,,2.2,6.39721280798408e-08,
YKR094C,RPL40B,-2.2,4.96051873034503e-274,
YLR152C,,2.2,2.49832588718176e-173,
YLR193C,UPS1,2.2,2.15390033795669e-162,
YLR211C,ATG38,2.2,3.64088863155167e-137,
YLR249W,YEF3,-2.2,0.0,
YLR356W,ATG33,2.2,5.21060781436055e-232,
YLR359W,ADE13,-2.2,0.0,
YML024W,RPS17A,-2.2,0.0,
YML034C-A,,2.2,0.0130556264988929,
YML054C,CYB2,2.2,1.09734085553265e-138,
YMR030W-A,,2.2,0.00481981115775439,
YMR143W,RPS16A,-2.2,1.32930304706337e-135,
YNL004W,HRB1,2.2,0.0,
YNL069C,RPL16B,-2.2,2.44027828505746e-180,
YNL093W,YPT53,2.2,5.13159533820183e-10,
YNL303W,,-2.2,0.00405933149848442,
YNL318C,HXT14,2.2,0.00352254206070775,
YNR068C,,2.2,2.77074289224794e-76,
YOL126C,MDH2,2.2,5.4894260528969e-103,
YOR133W,EFT1,-2.2,3.35448191517301e-28,
YOR234C,RPL33B,-2.2,1.48699582073326e-284,
YOR265W,RBL2,2.2,2.34063813152181e-186,
YOR365C,,2.2,1.58346916938045e-50,
YPL057C,SUR1,-2.2,3.18682805754421e-142,
YPL061W,ALD6,-2.2,0.0,
YPL092W,SSU1,2.2,4.93903146107233e-150,
YPL200W,CSM4,-2.2,0.000223694418053229,
YPR124W,CTR1,-2.2,3.73538389833195e-89,
snR52,,-2.1,0.00537924299777412,
snR58,,2.1,0.0110661533424391,
tG(GCC)D2,,-2.1,3.66868498610336e-05,
YAL015C,NTG1,2.1,5.62797700644403e-165,
YAL023C,PMT2,-2.1,0.0,
YBL072C,RPS8A,-2.1,3.25356833076187e-111,
YBL095W,MRX3,2.1,3.05813234472408e-37,
YBR031W,RPL4A,-2.1,1.94171647574658e-174,
YBR084C-A,RPL19A,-2.1,1.32754929949838e-215,
YBR085C-A,,2.1,8.16417560666184e-124,
YBR221W-A,,2.1,0.0127236708444674,
YCL019W,,-2.1,1.67062370951756e-32,
YCR034W,,-2.1,3.14734158730937e-133,
YDL025C,RTK1,2.1,0.0,
YDL049C,KNH1,-2.1,4.71025238387201e-89,
YDL066W,IDP1,2.1,0.0,
YDL082W,RPL13A,-2.1,1.64310854777601e-286,
YDR033W,MRH1,-2.1,4.4091019389217e-56,
YDR035W,ARO3,2.1,8.87406992029155e-255,
YDR492W,IZH1,2.1,1.88823316494014e-163,
YDR540C,IRC4,2.1,1.67719787322497e-50,
YEL017W,GTT3,-2.1,1.99764709208616e-185,
YER028C,MIG3,-2.1,9.68319320725975e-62,
YER079W,,2.1,1.89799637080433e-114,
YER088C-A,,-2.1,4.08041616705114e-14,
YER145C,FTR1,-2.1,2.01503316303112e-116,
YFR023W,PES4,2.1,5.54952079456425e-16,
YGL045W,RIM8,2.1,1.88591667642884e-77,
YGR027C,RPS25A,-2.1,3.97702459554379e-89,
YGR043C,NQM1,2.1,1.36399076707714e-49,
YHL032C,GUT1,-2.1,1.24598029603238e-222,
YHR006W,STP2,2.1,5.61071961375666e-173,
YHR130C,,-2.1,1.14375810927686e-08,
YHR179W,OYE2,-2.1,0.0,
YIL164C,NIT1,2.1,4.01790750874576e-153,
YJL038C,LOH1,2.1,7.00694320407389e-24,
YJL133C-A,,-2.1,2.69436194428633e-113,
YJL199C,MBB1,2.1,5.15353548443018e-49,
YJR070C,LIA1,-2.1,1.51082000829696e-249,
YKL055C,OAR1,2.1,4.04225794038391e-23,
YKL083W,,2.1,0.0255738474862482,
YKL089W,MIF2,2.1,9.23091175224206e-112,
YLR157C-B,,-2.1,7.84169124702133e-05,
YLR160C,ASP3-4,-2.1,0.000661766952614232,
YLR209C,PNP1,-2.1,2.1092722138054e-196,
YLR214W,FRE1,-2.1,4.8043302217064e-198,
YLR225C,,2.1,1.08787206083552e-252,
YLR382C,NAM2,-2.1,1.06831814624945e-202,
YLR448W,RPL6B,-2.1,2.12730919276477e-184,
YML042W,CAT2,2.1,8.07050252958531e-44,
YML097C,VPS9,2.1,0.0,
YMR040W,YET2,-2.1,1.58804142892891e-15,
YMR106C,YKU80,2.1,1.77123035600883e-148,
YMR120C,ADE17,-2.1,0.0,
YMR142C,RPL13B,-2.1,0.0,
YMR159C,ATG16,2.1,0.0221501704134404,
YMR186W,HSC82,-2.1,3.33182349547436e-124,
YMR193C-A,,-2.1,2.94895895368359e-36,
YMR251W,GTO3,2.1,1.17085426605948e-11,
YNL096C,RPS7B,-2.1,3.92037176512002e-209,
YNR034W-A,EGO4,2.1,1.84970342396037e-15,
YOL040C,RPS15,-2.1,9.30118866264808e-196,
YOL161C,PAU20,2.1,0.00770408269280911,
YOR008C-A,,-2.1,3.76388376197719e-08,
YOR063W,RPL3,-2.1,0.0,
YOR168W,GLN4,-2.1,1.15629508985043e-264,
YOR204W,DED1,-2.1,0.0,
YOR302W,,2.1,4.06779666420853e-65,
YPL170W,DAP1,2.1,4.35588881884905e-256,
YPL229W,,2.1,7.14721158246153e-70,
YPL264C,,2.1,1.55876970527008e-185,
YPR123C,,-2.1,1.32194310313242e-06,
YPR133W-A,TOM5,-2.1,1.84842890384481e-66,
YPR145C-A,,2.1,1.75413093947746e-16,
YPR156C,TPO3,-2.1,1.88641236870795e-279,
YPR202W,,-2.1,1.13183148250946e-05,
NME1,,-2.0,2.78429462792899e-14,
RNA170,,2.0,5.01040249153289e-05,
snR37,,-2.0,1.98545636346023e-12,
YBL103C,RTG3,2.0,0.0,
YBR025C,OLA1,-2.0,1.54646195591241e-100,
YBR256C,RIB5,2.0,0.0,
YBR258C,SHG1,2.0,6.04328243391425e-70,
YCL054W-A,RDT1,-2.0,1.87707117694382e-24,
YDL104C,QRI7,2.0,8.3373903120752e-70,
YDL125C,HNT1,-2.0,0.0,
YDL170W,UGA3,2.0,2.29850017815606e-235,
YDL229W,SSB1,-2.0,4.02594886372408e-101,
YDR012W,RPL4B,-2.0,4.45593953249966e-143,
YDR072C,IPT1,-2.0,4.99068047319301e-288,
YDR078C,SHU2,-2.0,1.23628828610967e-79,
YDR115W,MRX14,-2.0,1.16382032186709e-79,
YDR126W,SWF1,2.0,3.35868407797897e-128,
YDR342C,HXT7,2.0,3.78931167508443e-10,
YDR508C,GNP1,-2.0,0.0,
YEL057C,SDD1,2.0,1.44098634957015e-18,
YER043C,SAH1,-2.0,7.03200652730989e-136,
YFL064C,,-2.0,1.29849548892768e-05,
YGL096W,TOS8,2.0,3.09298912181344e-41,
YGL185C,,2.0,2.71651206792234e-112,
YGL225W,VRG4,-2.0,0.0,
YGR025W,,2.0,0.00542683866045621,
YGR066C,,2.0,1.55883055178712e-40,
YGR177C,ATF2,-2.0,7.2521184378036e-163,
YHL027W,RIM101,2.0,7.99010183231051e-300,
YHR087W,RTC3,2.0,5.54045168888156e-21,
YHR163W,SOL3,-2.0,0.0,
YIL009C-A,EST3,2.0,1.59111462528288e-97,
YIL030C,SSM4,-2.0,4.56901606618958e-159,
YIL070C,MAM33,-2.0,0.0,
YIL132C,CSM2,-2.0,2.59456118502238e-34,
YIL155C,GUT2,2.0,1.63761529057329e-63,
YIL165C,,2.0,8.92108850442662e-92,
YJL136C,RPS21B,-2.0,2.52893738781102e-196,
YJR024C,MDE1,-2.0,1.91718303651737e-73,
YJR025C,BNA1,2.0,5.8814859251842e-258,
YJR037W,,2.0,0.0100855133017661,
YJR133W,XPT1,-2.0,3.4675593103528e-205,
YKL056C,TMA19,-2.0,2.29288768635201e-122,
YKL087C,CYT2,-2.0,1.06677571131647e-249,
YKL103C,,2.0,2.90608318468727e-232,
YKR014C,YPT52,2.0,0.0,
YKR076W,ECM4,2.0,1.31126959691131e-48,
YLR029C,RPL15A,-2.0,6.46225721239963e-98,
YLR075W,RPL10,-2.0,5.06959552829396e-64,
YLR106C,MDN1,-2.0,7.91571887634718e-192,
YML063W,RPS1B,-2.0,1.16809860962659e-125,
YML073C,RPL6A,-2.0,1.8605608283098e-113,
YML084W,,2.0,0.0122288620307515,
YMR059W,SEN15,2.0,2.90811829128435e-49,
YNL018C,,2.0,9.41836997540261e-08,
YNL064C,YDJ1,-2.0,0.0,
YNL112W,DBP2,-2.0,5.37214552492859e-109,
YNL198C,,2.0,0.00605244028157385,
YNR057C,BIO4,2.0,2.04041676696249e-85,
YOL082W,ATG19,2.0,1.19417971186366e-172,
YOL162W,,-2.0,3.67679181995762e-23,
YOL163W,,-2.0,1.86633067454061e-40,
YOL164W,BDS1,-2.0,0.0,
YOR095C,RKI1,-2.0,6.67354645605923e-197,
YOR271C,FSF1,-2.0,0.0,
YPR035W,GLN1,-2.0,7.38436051799053e-151,
snR190,,-1.9,5.26576467196561e-06,
tE(UUC)K,,-1.9,0.0100336974757003,
tH(GUG)E2,,-1.9,7.51244291860967e-05,
tV(AAC)K2,,-1.9,0.0548498971938779,
YBL099W,ATP1,-1.9,0.0,
YBR106W,PHO88,-1.9,8.62148577191886e-288,
YBR214W,SDS24,1.9,2.13806496184312e-88,
YCL001W,RER1,-1.9,1.52129691936028e-237,
YDR050C,TPI1,-1.9,0.0,
YDR173C,ARG82,-1.9,1.33175768947397e-58,
YDR187C,,1.9,7.91197732962263e-06,
YER103W,SSA4,1.9,7.34088122727797e-39,
YFL051C,,1.9,0.00121961455823931,
YGL009C,LEU1,-1.9,1.02009364031062e-89,
YGL037C,PNC1,1.9,5.16759474533418e-106,
YGL202W,ARO8,1.9,1.03177901514019e-300,
YGR063C,SPT4,1.9,0.00108261983136906,
YHR214C-B,,-1.9,2.03493224071877e-48,
YIL169C,,-1.9,4.74461556555726e-126,
YJL035C,TAD2,-1.9,8.85707650676614e-67,
YJL086C,,1.9,0.0380116338533965,
YJL152W,,-1.9,0.0102401341810008,
YJL202C,,1.9,0.000797919751167058,
YJR020W,,-1.9,0.0167248458714625,
YKL152C,GPM1,-1.9,9.29083007448013e-22,
YKL182W,FAS1,-1.9,0.0,
YKL211C,TRP3,1.9,0.0,
YKR035C,OPI8,1.9,0.0460533398247072,
YLL045C,RPL8B,-1.9,7.72068945176256e-195,
YLR179C,,-1.9,7.52173020328019e-275,
YLR264C-A,,-1.9,7.3105423180014e-07,
YLR334C,,1.9,0.01840777780667,
YLR410W-B,,-1.9,0.000366833202158974,
YLR420W,URA4,1.9,0.0,
YLR467W,YRF1-5,-1.9,0.0629882777263937,
YML100W,TSL1,1.9,4.5213926806143e-75,
YMR094W,CTF13,1.9,1.08587649370435e-26,
YMR205C,PFK2,-1.9,0.0,
YMR325W,PAU19,-1.9,0.0149134890274771,
YNL037C,IDH1,-1.9,2.4380519200671e-173,
YNL067W-A,,1.9,0.00899636113393084,
YNL133C,FYV6,1.9,3.44868590102044e-88,
YNL179C,,1.9,1.4350109994444e-101,
YNL209W,SSB2,-1.9,1.48711349859332e-153,
YNL241C,ZWF1,-1.9,3.92598002492702e-158,
YNR022C,MRPL50,-1.9,6.80079899801963e-192,
YOL117W,RRI2,1.9,1.57966037003857e-84,
YOR045W,TOM6,-1.9,1.38554006084255e-199,
YOR104W,PIN2,1.9,4.12059350517657e-90,
YOR208W,PTP2,1.9,3.8761199966001e-119,
YOR307C,SLY41,1.9,4.77056166930219e-177,
YOR355W,GDS1,-1.9,0.0,
YOR363C,PIP2,1.9,1.07165885280533e-77,
YPL089C,RLM1,1.9,1.58597026613738e-156,
YPL218W,SAR1,-1.9,0.0,
snR161,,1.8,0.00275546461781939,
snR53,,-1.8,0.0653477600593654,
snR82,,1.8,5.81758055461797e-20,
tD(GUC)G2,,1.8,0.0264826476742016,
YAL037C-B,,-1.8,0.0130836670714003,
YAL056C-A,,-1.8,0.0510324785112189,
YBL005W-B,,-1.8,0.000126500044690449,
YBR005W,RCR1,1.8,7.81806027056746e-100,
YBR029C,CDS1,-1.8,0.0,
YBR035C,PDX3,1.8,8.71862275836772e-304,
YBR054W,YRO2,-1.8,1.08344754740891e-59,
YBR065C,ECM2,1.8,6.60201829018125e-105,
YBR191W-A,,-1.8,0.0239479992008275,
YDL014W,NOP1,-1.8,3.86146748494023e-164,
YDL118W,,1.8,0.00035674380778212,
YDL133C-A,RPL41B,-1.8,1.87565271894208e-42,
YDL169C,UGX2,1.8,4.28420207241049e-24,
YDR024W,FYV1,-1.8,2.03824968741385e-05,
YDR163W,CWC15,1.8,2.98939217601862e-141,
YDR258C,HSP78,1.8,0.0,
YDR360W,OPI7,-1.8,7.55091654256187e-05,
YDR473C,PRP3,1.8,2.51813424424369e-145,
YER018C,SPC25,-1.8,7.52951028899871e-70,
YER056C-A,RPL34A,-1.8,2.1223900956391e-80,
YER076W-A,,1.8,3.29631227348973e-06,
YER135C,,1.8,6.88783427875184e-05,
YFL046W,FMP32,1.8,8.30088962160357e-228,
YGL068W,MNP1,-1.8,7.7396324192375e-36,
YGL087C,MMS2,1.8,1.9039794286646e-214,
YGL143C,MRF1,-1.8,1.46619434996304e-149,
YGL234W,"ADE5,7",-1.8,0.0,
YGR021W,,-1.8,1.03541798436265e-101,
YGR078C,PAC10,1.8,9.822054676001e-139,
YGR108W,CLB1,1.8,4.4119183040631e-116,
YGR161C,RTS3,1.8,6.34630729181075e-57,
YGR214W,RPS0A,-1.8,9.26035042495042e-218,
YGR230W,BNS1,1.8,1.56035692077627e-46,
YHR125W,,1.8,0.0041678804088182,
YIL042C,PKP1,1.8,5.80264272462729e-78,
YIL045W,PIG2,1.8,2.49196402329626e-55,
YIL056W,VHR1,1.8,1.27620404411556e-74,
YIL119C,RPI1,1.8,1.39692506850998e-65,
YJL024C,APS3,1.8,3.50722509917397e-188,
YJL102W,MEF2,-1.8,9.40884742537379e-20,
YJL120W,,-1.8,0.000211380535515738,
YJL151C,SNA3,1.8,1.00999914810329e-34,
YJL158C,CIS3,-1.8,4.06691599245662e-182,
YJR161C,COS5,-1.8,5.75555258671602e-19,
YKL086W,SRX1,1.8,1.39043338145313e-05,
YKL114C,APN1,1.8,3.27236505832851e-105,
YKL183W,LOT5,-1.8,1.619629706845e-112,
YKL188C,PXA2,1.8,8.10852883169136e-68,
YKL224C,PAU16,1.8,0.0400358199952562,
YKR066C,CCP1,1.8,2.43651818113659e-227,
YLR150W,STM1,-1.8,3.4805636875412e-99,
YLR223C,IFH1,1.8,1.3993227316947e-66,
YLR258W,GSY2,1.8,3.40275918613285e-105,
YLR344W,RPL26A,-1.8,0.0,
YLR358C,,1.8,0.00452604365401233,
YLR414C,PUN1,1.8,9.78403007118798e-77,
YLR441C,RPS1A,-1.8,1.64436099277695e-217,
YML015C,TAF11,1.8,1.02182008598161e-242,
YML076C,WAR1,1.8,3.77859235332315e-218,
YML118W,NGL3,1.8,6.92867982456728e-19,
YML119W,,1.8,3.15725849577115e-49,
YMR042W,ARG80,1.8,3.22614420572225e-125,
YMR052W,FAR3,1.8,7.55581401214888e-30,
YMR214W,SCJ1,-1.8,1.26336014823973e-105,
YMR217W,GUA1,-1.8,0.0,
YMR267W,PPA2,-1.8,1.09742292418404e-86,
YMR307W,GAS1,-1.8,0.0,
YNL073W,MSK1,-1.8,1.38803851536331e-242,
YOL025W,LAG2,1.8,7.94971075834995e-108,
YOL114C,PTH4,1.8,1.78485996345611e-18,
YOL140W,ARG8,1.8,2.70938345677021e-192,
YOR020C,HSP10,-1.8,1.99416462983746e-99,
YOR092W,ECM3,-1.8,0.0,
YOR167C,RPS28A,-1.8,3.76593507878203e-99,
YOR293W,RPS10A,-1.8,3.03531149557092e-149,
YPL135W,ISU1,1.8,1.22675765087689e-109,
YPL149W,ATG5,-1.8,7.35472845613205e-122,
YPL177C,CUP9,1.8,1.9291499636755e-81,
YPR007C,REC8,1.8,7.34124822771591e-10,
YPR037C,ERV2,-1.8,9.66106137028371e-37,
YPR052C,NHP6A,-1.8,5.09436080431675e-05,
YPR120C,CLB5,-1.8,5.18032435268031e-61,
YPR130C,,-1.8,0.0204741192424344,
snR39B,,-1.7,3.56049449755455e-05,
YAL038W,CDC19,-1.7,4.69825810102158e-98,
YBL042C,FUI1,1.7,2.78589601059709e-196,
YBL064C,PRX1,1.7,8.31832725143358e-72,
YBL078C,ATG8,1.7,3.18148671345537e-35,
YBR009C,HHF1,-1.7,1.09294143918359e-109,
YBR070C,ALG14,-1.7,1.86105145154013e-77,
YBR133C,HSL7,-1.7,1.86428306394944e-200,
YBR139W,,1.7,8.46113066340033e-110,
YBR186W,PCH2,-1.7,3.80497333686629e-31,
YBR301W,PAU24,-1.7,0.00421270510095873,
YCL036W,GFD2,-1.7,1.37760613558231e-166,
YCR020C-A,MAK31,1.7,5.11293579252518e-78,
YCR102C,,-1.7,1.1421585151808e-73,
YDL026W,,1.7,0.0352557006300399,
YDL143W,CCT4,-1.7,4.49622688296284e-225,
YDL227C,HO,-1.7,1.40173583481447e-56,
YDR010C,,-1.7,0.000843899027816779,
YDR034W-B,,1.7,2.81115775663228e-15,
YDR070C,FMP16,1.7,5.60687566242963e-11,
YDR089W,VTC5,-1.7,8.17374918122264e-141,
YDR194C,MSS116,-1.7,5.30894461900067e-208,
YDR199W,,1.7,0.0294118551621394,
YDR207C,UME6,-1.7,1.33752682605046e-75,
YDR223W,CRF1,1.7,7.81839919022043e-49,
YDR233C,RTN1,-1.7,3.41043923277046e-192,
YDR244W,PEX5,1.7,1.02147272312859e-119,
YDR253C,MET32,-1.7,8.46586908320036e-97,
YDR286C,,-1.7,4.77521489742123e-36,
YDR359C,EAF1,-1.7,1.06577387058484e-81,
YDR491C,,1.7,0.0021032270996742,
YEL005C,VAB2,1.7,1.47886321891254e-53,
YGL041C-B,,-1.7,0.0984588827475201,
YGL108C,,1.7,1.33398571529748e-32,
YGL121C,GPG1,1.7,4.07139593179719e-17,
YGL138C,,1.7,0.000744251758231084,
YGL188C,,-1.7,5.15305251906542e-05,
YGL239C,,1.7,0.0167763912510408,
YGR059W,SPR3,1.7,1.73457303834368e-08,
YGR208W,SER2,-1.7,2.68221075632518e-282,
YGR288W,MAL13,1.7,1.4366537735036e-65,
YHR116W,COX23,-1.7,1.34219574442909e-68,
YHR209W,CRG1,1.7,1.40649138669702e-79,
YHR218W,,-1.7,0.0785794995564936,
YIL053W,,-1.7,0.0,
YIL059C,,1.7,0.04248834240331,
YIL092W,,1.7,3.63336456285666e-71,
YIL115W-A,,-1.7,0.0536866267012245,
YJL048C,UBX6,1.7,1.41822749903843e-262,
YJL065C,DLS1,1.7,2.07471019741641e-22,
YJL206C,,1.7,2.14896918205318e-34,
YJR008W,MHO1,1.7,9.46895306704447e-85,
YJR035W,RAD26,1.7,7.57320488506192e-152,
YJR045C,SSC1,-1.7,1.2476336906299e-225,
YJR047C,ANB1,-1.7,5.61800030324039e-11,
YJR141W,IPA1,-1.7,3.47300154020968e-83,
YKL132C,RMA1,-1.7,2.89357414851214e-27,
YKL138C,MRPL31,-1.7,8.08380232088188e-102,
YKR099W,BAS1,1.7,9.59681360901203e-224,
YKR102W,FLO10,-1.7,1.81034511270575e-72,
YLL006W-A,,1.7,0.0441754994179671,
YLR025W,SNF7,1.7,0.0,
YLR074C,BUD20,-1.7,8.28765450861835e-306,
YLR089C,ALT1,1.7,1.92372310300584e-67,
YLR145W,RMP1,1.7,3.63053089119456e-94,
YLR186W,EMG1,-1.7,0.0,
YLR256W-A,,1.7,0.000292588623206973,
YLR304C,ACO1,-1.7,6.05664919637558e-91,
YLR340W,RPP0,-1.7,4.98184104543683e-79,
YLR354C,TAL1,-1.7,8.32688573265539e-97,
YLR405W,DUS4,-1.7,5.93529143849312e-106,
YML100W-A,,-1.7,0.00060489118649913,
YMR024W,MRPL3,-1.7,2.12424988840323e-209,
YMR066W,SOV1,1.7,8.78510088255687e-121,
YMR158W,MRPS8,-1.7,1.16752527272081e-89,
YMR197C,VTI1,1.7,1.69453874316526e-168,
YMR294W-A,,1.7,0.0577440181995487,
YNL024C,EFM6,-1.7,5.57543764032574e-21,
YNL041C,COG6,1.7,5.46144085452155e-177,
YNL074C,MLF3,1.7,1.08650016784199e-241,
YNL134C,,-1.7,0.0,
YNL184C,,1.7,0.0648184676785457,
YNL285W,,-1.7,0.043753028531236,
YOL158C,ENB1,-1.7,2.11901747204428e-168,
YOR028C,CIN5,1.7,1.44401544754159e-43,
YPL107W,,1.7,4.08395821479485e-126,
YPR013C,CMR3,1.7,9.12677425432485e-44,
YPR058W,YMC1,1.7,3.71871874342566e-117,
Q0160,SCEI,-1.6,0.112508518405294,
RPR1,,-1.6,1.29535199645217e-17,
snR50,,-1.6,0.00163008411585718,
tK(UUU)O,,-1.6,0.0354292610106321,
tR(UCU)G3,,-1.6,0.0419395926128835,
YAL061W,BDH2,1.6,2.3497272196604e-61,
YBL004W,UTP20,-1.6,9.89190264876194e-105,
YBL011W,SCT1,-1.6,1.44180165447445e-183,
YBL039C,URA7,-1.6,0.0,
YBL063W,KIP1,-1.6,1.8612937574211e-37,
YBL073W,,1.6,0.00224725194036746,
YBL102W,SFT2,1.6,1.87222580558076e-177,
YBR028C,YPK3,1.6,4.94571361582402e-156,
YBR165W,UBS1,1.6,1.6353027323733e-104,
YBR166C,TYR1,1.6,1.90839062570951e-210,
YBR178W,,1.6,0.0364875975866202,
YBR243C,ALG7,-1.6,2.18878329364952e-176,
YBR247C,ENP1,-1.6,2.37200906147854e-71,
YBR298C-A,,-1.6,0.0388245278514482,
YCL040W,GLK1,1.6,5.24308126719673e-67,
YCR024C-A,PMP1,-1.6,7.91806672577441e-288,
YCR046C,IMG1,-1.6,6.5077397935671e-185,
YCR085W,,-1.6,0.000657351643083111,
YDL054C,MCH1,1.6,2.0900963179766e-153,
YDL130W-A,STF1,1.6,1.76772371784272e-53,
YDL181W,INH1,-1.6,4.77581272189591e-47,
YDL234C,GYP7,1.6,5.65335438252155e-141,
YDL248W,COS7,-1.6,6.4912036965924e-19,
YDR014W-A,HED1,1.6,0.0375879036030287,
YDR246W-A,,-1.6,2.09854446074866e-06,
YDR263C,DIN7,-1.6,3.11531336332499e-23,
YDR276C,PMP3,-1.6,6.97396772753665e-15,
YDR320C-A,DAD4,1.6,1.02244243138207e-21,
YDR341C,,1.6,5.29853110009569e-262,
YDR358W,GGA1,1.6,3.77621595141836e-68,
YDR379C-A,SDH6,1.6,1.45258052802936e-10,
YDR444W,,-1.6,4.9310603758746e-114,
YDR455C,,-1.6,0.0201491747871224,
YDR486C,VPS60,1.6,1.47567522545722e-135,
YDR521W,,1.6,0.081711326327587,
YER039C-A,,1.6,5.03660287993193e-13,
YER039C,HVG1,1.6,2.08148674579662e-14,
YER042W,MXR1,-1.6,1.03286033199388e-283,
YER128W,VFA1,1.6,1.318574574747e-84,
YER185W,PUG1,1.6,3.3637697005678e-18,
YFL010W-A,AUA1,1.6,0.000199208832052994,
YFL039C,ACT1,-1.6,5.29094585738272e-124,
YFR035C,,-1.6,5.50732490370484e-11,
YFR036W,CDC26,-1.6,4.22972139335591e-56,
YFR046C,CNN1,1.6,3.104654234758e-60,
YGL015C,,1.6,1.19477692426081e-07,
YGL063W,PUS2,-1.6,1.4285823839323e-22,
YGL104C,VPS73,1.6,3.05849006503238e-41,
YGL156W,AMS1,1.6,3.40169556430035e-60,
YGL255W,ZRT1,-1.6,5.10086193114499e-103,
YGR097W,ASK10,1.6,1.90296824084451e-232,
YGR127W,,1.6,7.41151260996115e-49,
YGR174W-A,,1.6,0.000899654675051532,
YGR193C,PDX1,1.6,0.0,
YGR197C,SNG1,1.6,1.27986033536198e-93,
YGR237C,,1.6,5.20187469161644e-127,
YGR238C,KEL2,-1.6,2.94761129779144e-128,
YGR278W,CWC22,1.6,7.90816670118321e-101,
YHL006W-A,,1.6,2.6907955937553e-07,
YHL030W,ECM29,-1.6,1.24544539997789e-25,
YHL040C,ARN1,-1.6,3.9064731577274e-47,
YHL050C,,-1.6,0.0146517542940077,
YHR126C,ANS1,1.6,0.0305930805801908,
YHR219W,,-1.6,0.000876425833639508,
YIL030W-A,,1.6,0.0800385664120398,
YIL083C,CAB2,1.6,3.22433838007158e-104,
YIL116W,HIS5,1.6,5.70919354760572e-252,
YJL034W,KAR2,-1.6,2.0229384124435e-243,
YJL052C-A,,1.6,0.0490952868398614,
YJL063C,MRPL8,-1.6,1.6674075002817e-216,
YJL157C,FAR1,-1.6,1.51276737237156e-275,
YJR062C,NTA1,1.6,5.44904611700648e-96,
YJR104C,SOD1,-1.6,0.0,
YJR129C,EFM3,-1.6,1.50214754935866e-30,
YKL033W-A,,1.6,6.90349110296174e-183,
YKL122C,SRP21,1.6,1.38315128424428e-244,
YKL137W,CMC1,-1.6,2.25515975084541e-42,
YKR012C,,-1.6,0.000481766814618927,
YKR041W,,-1.6,5.80559578729169e-08,
YLL055W,YCT1,1.6,1.94454859796452e-133,
YLR110C,CCW12,-1.6,8.04416791083547e-87,
YLR183C,TOS4,-1.6,1.27986033536198e-93,
YLR250W,SSP120,1.6,3.23656474731125e-286,
YLR259C,HSP60,-1.6,0.0,
YLR275W,SMD2,1.6,7.58904141898943e-75,
YLR347C,KAP95,-1.6,3.52447872908701e-153,
YLR456W,,1.6,1.96789238385506e-37,
YML022W,APT1,-1.6,1.33366159912834e-265,
YML045W,,-1.6,3.81897956411656e-13,
YML065W,ORC1,-1.6,3.50637196019023e-102,
YML122C,,-1.6,6.43740918372987e-15,
YMR104C,YPK2,1.6,6.6616205877365e-102,
YMR182C,RGM1,-1.6,1.00958455079476e-57,
YMR230W,RPS10B,-1.6,5.20635412672796e-246,
YNL030W,HHF2,-1.6,0.0,
YNL116W,DMA2,1.6,6.3119677836794e-97,
YNL170W,,1.6,0.0223379211563204,
YNL185C,MRPL19,-1.6,4.42623832677958e-98,
YNR023W,SNF12,1.6,1.6573621461015e-129,
YNR065C,,1.6,1.14805050403773e-81,
YOL012C,HTZ1,-1.6,1.58505731272714e-146,
YOL033W,MSE1,-1.6,1.60539809681325e-96,
YOR114W,,1.6,4.11186159476461e-46,
YOR225W,,1.6,0.075492091404637,
YPL029W,SUV3,-1.6,7.73374325817569e-146,
YPL082C,MOT1,-1.6,2.2935483651073e-204,
YPL088W,,1.6,2.38476096028703e-73,
YPL093W,NOG1,-1.6,0.0,
YPL131W,RPL5,-1.6,2.9869681331294e-148,
YPL159C,PET20,1.6,4.67870078487916e-96,
YPL197C,,1.6,0.0766651318853796,
YPR016W-A,,1.6,0.00162250781572566,
YPR061C,JID1,1.6,7.95282187198369e-33,
RME2,,-1.5,0.144011051950649,
snR35,,-1.5,6.64470988303692e-05,
tI(AAU)L1,,-1.5,0.0888442471298485,
tL(CAA)C,SUP53,-1.5,0.0167522109161038,
tV(UAC)D,,-1.5,0.117644380682351,
YAL044W-A,BOL1,1.5,0.0339979764411915,
YBL003C,HTA2,-1.5,2.05783254282873e-94,
YBL033C,RIB1,1.5,3.73068330333942e-144,
YBL046W,PSY4,1.5,5.14593956232794e-119,
YBL086C,,1.5,2.00110037793957e-89,
YBR084W,MIS1,-1.5,3.45388257034088e-156,
YBR116C,,1.5,0.0598387111092598,
YBR120C,CBP6,-1.5,1.87134790127541e-68,
YBR128C,ATG14,1.5,1.36176085802717e-24,
YBR132C,AGP2,1.5,5.84827148072385e-26,
YBR134W,,1.5,0.0265978325843325,
YBR137W,,1.5,6.80230401752718e-126,
YBR196C,PGI1,-1.5,0.0,
YCR009C,RVS161,1.5,7.60819040427771e-194,
YCR022C,,-1.5,4.87504375629806e-06,
YDL095W,PMT1,-1.5,5.39736911727476e-190,
YDL115C,IWR1,1.5,9.85416029208958e-94,
YDL199C,,1.5,1.22241705637964e-27,
YDR037W,KRS1,1.5,6.68300643415995e-79,
YDR042C,,1.5,4.16012765092638e-08,
YDR053W,,-1.5,0.0247632995311498,
YDR116C,MRPL1,-1.5,4.5529768135208e-109,
YDR144C,MKC7,-1.5,9.70114333250956e-221,
YDR226W,ADK1,-1.5,0.0,
YDR371W,CTS2,1.5,3.70000374874753e-88,
YDR463W,STP1,1.5,5.25351162217473e-148,
YDR481C,PHO8,1.5,1.42715498219747e-140,
YDR493W,MZM1,-1.5,5.77122965026008e-34,
YDR496C,PUF6,-1.5,6.69796209998512e-257,
YDR525W-A,SNA2,1.5,5.05625864840364e-23,
YEL026W,SNU13,-1.5,3.6826820742303e-39,
YEL029C,BUD16,1.5,1.76946801399404e-131,
YEL042W,GDA1,-1.5,1.46758376827752e-304,
YER038C,KRE29,1.5,3.48808553906735e-42,
YER090W,TRP2,1.5,2.20643078745829e-183,
YER118C,SHO1,-1.5,8.07157513002058e-167,
YER148W-A,,-1.5,0.114731896919464,
YFL002W-A,,-1.5,0.07514955231161,
YFL015C,,1.5,0.00328475076848229,
YFL022C,FRS2,-1.5,7.24280745096424e-198,
YFR040W,SAP155,-1.5,1.7657914644652e-193,
YGL077C,HNM1,-1.5,0.0,
YGL114W,,1.5,2.5936592382791e-170,
YGL153W,PEX14,1.5,1.93995335251738e-32,
YGL214W,,-1.5,0.0947880517016057,
YGL219C,MDM34,1.5,2.23322677033354e-99,
YGL236C,MTO1,-1.5,1.96680111473193e-126,
YGR067C,,1.5,1.19679421176644e-19,
YGR069W,,1.5,0.0228850269755664,
YGR099W,TEL2,-1.5,4.68254975688515e-80,
YGR123C,PPT1,-1.5,1.26589610027473e-66,
YGR142W,BTN2,-1.5,5.74766924410364e-193,
YGR240C,PFK1,-1.5,0.0,
YGR290W,,-1.5,0.0142381914835944,
YHL036W,MUP3,-1.5,6.48017687023555e-61,
YHR005C-A,TIM10,-1.5,3.22896989025383e-262,
YHR011W,DIA4,-1.5,4.52617142660345e-39,
YHR089C,GAR1,-1.5,0.0,
YHR106W,TRR2,1.5,5.38191665071671e-112,
YHR195W,NVJ1,1.5,3.99906942750936e-130,
YIL071W-A,,1.5,0.0173780013105273,
YIL094C,LYS12,-1.5,0.0,
YIL099W,SGA1,1.5,4.88944935582314e-10,
YIL105C,SLM1,1.5,2.22969112064603e-118,
YJL052W,TDH1,1.5,5.17035418871093e-38,
YJL101C,GSH1,-1.5,4.26673732171422e-148,
YJL107C,,1.5,3.88885873014422e-45,
YJL136W-A,,1.5,0.0696165113801119,
YJL143W,TIM17,-1.5,8.71949975946115e-163,
YJL144W,,1.5,1.81790866442161e-13,
YJL147C,MRX5,1.5,2.09498253654383e-49,
YJL149W,DAS1,1.5,2.68179685409488e-72,
YJL197W,UBP12,-1.5,5.87877852590306e-116,
YJL210W,PEX2,-1.5,2.39304410888938e-47,
YJL216C,IMA5,-1.5,5.16528201239046e-27,
YJR048W,CYC1,1.5,1.73989900568257e-57,
YJR124C,,-1.5,2.6996046174468e-152,
YJR128W,,-1.5,0.0015264138780097,
YJR143C,PMT4,-1.5,2.07391894411554e-125,
YKL053C-A,MDM35,-1.5,2.20179327674891e-98,
YKL072W,STB6,1.5,2.97666614763075e-101,
YKL078W,DHR2,-1.5,2.33250420646686e-77,
YKL088W,CAB3,1.5,1.53942390504896e-227,
YKL104C,GFA1,1.5,0.0,
YKL125W,RRN3,-1.5,2.89446643033756e-114,
YKR064W,OAF3,1.5,3.30226971216025e-118,
YKR085C,MRPL20,-1.5,1.29557847528646e-69,
YKR104W,,-1.5,2.30098932286936e-12,
YLR048W,RPS0B,-1.5,7.98814774191499e-138,
YLR058C,SHM2,-1.5,0.0,
YLR092W,SUL2,-1.5,2.1198643623321e-88,
YLR134W,PDC5,-1.5,1.51981471325266e-25,
YLR146C,SPE4,-1.5,1.16330103597482e-81,
YLR184W,,-1.5,0.0955186706800834,
YLR315W,NKP2,-1.5,1.59300992405442e-14,
YLR362W,STE11,1.5,2.35266700347034e-89,
YLR364W,GRX8,-1.5,5.65192958355682e-78,
YLR395C,COX8,-1.5,2.19753323674153e-196,
YLR411W,CTR3,-1.5,2.32302298403806e-43,
YLR430W,SEN1,-1.5,6.43487999504931e-245,
YML131W,,1.5,8.38568686208223e-78,
YMR012W,CLU1,-1.5,5.37307257347637e-69,
YMR020W,FMS1,1.5,3.70509068768508e-87,
YMR158W-B,,-1.5,0.113895881279684,
YMR173W-A,,1.5,0.0088042495446917,
YMR244C-A,COA6,1.5,0.0552038137299518,
YMR250W,GAD1,1.5,5.6950778653904e-27,
YMR255W,GFD1,1.5,2.5397630069048e-142,
YNL040W,,1.5,2.17219131961621e-209,
YNL086W,SNN1,1.5,1.56349921491111e-28,
YNL146W,,1.5,1.8132301546355e-27,
YNL200C,NNR1,1.5,1.03201081357893e-45,
YNL269W,BSC4,1.5,0.00694557254315562,
YNL298W,CLA4,1.5,5.77864641518817e-126,
YNR039C,ZRG17,1.5,4.23600277903933e-104,
YOL011W,PLB3,-1.5,2.02569304280328e-158,
YOL084W,PHM7,1.5,1.17297915858665e-23,
YOL122C,SMF1,-1.5,2.36480465829781e-117,
YOL156W,HXT11,-1.5,1.4395371805795e-13,
YOR008W-B,,-1.5,0.000114855361633662,
YOR027W,STI1,-1.5,0.0,
YOR113W,AZF1,1.5,5.73511541467369e-106,
YOR136W,IDH2,-1.5,3.73593415910162e-261,
YOR215C,AIM41,1.5,2.15329629596547e-138,
YOR257W,CDC31,1.5,6.28314451822495e-114,
YOR298W,MUM3,1.5,2.49639129182518e-23,
YOR301W,RAX1,-1.5,5.66931140366701e-54,
YOR310C,NOP58,-1.5,4.8009955588022e-117,
YOR315W,SFG1,-1.5,4.41241321750831e-262,
YOR321W,PMT3,-1.5,9.62283093940328e-113,
YOR341W,RPA190,-1.5,1.57488908003474e-164,
YOR344C,TYE7,-1.5,1.05670488529602e-38,
YOR388C,FDH1,-1.5,4.30108231431492e-10,
YPL046C,ELC1,1.5,4.88803464905487e-33,
YPL056C,LCL1,-1.5,2.15953876036445e-12,
YPL123C,RNY1,1.5,2.33222322884249e-41,
YPL183W-A,RTC6,-1.5,2.93132311567609e-106,
YPL211W,NIP7,-1.5,6.12346417089593e-142,
YPL230W,USV1,1.5,3.36055773819161e-27,
YPL237W,SUI3,-1.5,4.59090931819188e-75,
YPR024W,YME1,-1.5,1.37739437310153e-286,
YPR116W,RRG8,1.5,0.000776860428201206,
snR76,,-1.4,6.86542430796804e-05,
tD(GUC)J4,,-1.4,0.163690679944735,
tK(UUU)P,,-1.4,0.163690679944735,
tL(UAA)B2,,-1.4,0.163945119078777,
tM(CAU)O1,IMT1,-1.4,0.183486762449255,
tV(AAC)G1,,-1.4,0.0765998712565552,
YAL026C,DRS2,1.4,9.46522291501282e-83,
YAL030W,SNC1,1.4,4.72408207539439e-78,
YAL034C-B,,-1.4,0.0315118390054204,
YBL021C,HAP3,-1.4,9.56930426493254e-67,
YBL032W,HEK2,-1.4,4.09438866244827e-220,
YBL061C,SKT5,1.4,5.50288617836865e-197,
YBL065W,,1.4,0.135257377345042,
YBR007C,DSF2,1.4,1.62615140127633e-98,
YBR012W-B,,-1.4,0.00696845733837542,
YBR019C,GAL10,1.4,3.03546336805834e-31,
YBR045C,GIP1,1.4,2.7029986813435e-18,
YBR081C,SPT7,1.4,4.13455291585338e-143,
YBR089C-A,NHP6B,-1.4,3.10748965788474e-08,
YBR103W,SIF2,1.4,2.16944246434116e-164,
YBR138C,,1.4,2.86406243601115e-50,
YCL024W,KCC4,-1.4,8.41121974025541e-74,
YCL027W,FUS1,1.4,2.32841683042691e-23,
YCL034W,LSB5,1.4,1.35590333793571e-235,
YDL037C,BSC1,-1.4,1.16498714977218e-46,
YDL050C,,1.4,0.117866918008338,
YDL086W,,1.4,3.27029218518195e-66,
YDL110C,TMA17,1.4,8.61488635293366e-97,
YDL216C,RRI1,1.4,8.44011030083749e-32,
YDR057W,YOS9,1.4,4.2990410858938e-135,
YDR059C,UBC5,1.4,5.82393696192903e-57,
YDR092W,UBC13,1.4,8.84909594959887e-197,
YDR093W,DNF2,-1.4,1.12604671484352e-80,
YDR133C,,1.4,2.71499229079678e-15,
YDR214W,AHA1,-1.4,3.61517519274405e-147,
YDR229W,IVY1,1.4,1.87142939940498e-143,
YDR259C,YAP6,1.4,8.77748632430571e-35,
YDR261W-B,,-1.4,9.43408408403864e-21,
YDR281C,PHM6,-1.4,3.02595299810431e-11,
YDR361C,BCP1,-1.4,1.25279182294501e-125,
YDR374W-A,WIP1,1.4,3.17256721756018e-53,
YDR377W,ATP17,-1.4,8.78889885283045e-59,
YDR383C,NKP1,1.4,3.241853923416e-63,
YDR384C,ATO3,-1.4,6.69287060404436e-60,
YDR404C,RPB7,-1.4,1.50703002016467e-131,
YDR461C-A,,1.4,6.18475162765009e-26,
YEL053W-A,,1.4,0.106138747952979,
YEL055C,POL5,-1.4,9.83463733990765e-101,
YER003C,PMI40,-1.4,3.4080161031723e-59,
YER177W,BMH1,-1.4,9.12795611467585e-89,
YFL007W,BLM10,-1.4,2.23674282524446e-50,
YFR025C,HIS2,1.4,1.86958740546651e-103,
YFR029W,PTR3,1.4,1.01665615460579e-74,
YFR034W-A,,-1.4,0.0411687174741653,
YFR055W,IRC7,1.4,3.89118422924694e-40,
YGL012W,ERG4,-1.4,0.0,
YGL021W,ALK1,1.4,2.35113277180022e-119,
YGL040C,HEM2,-1.4,1.83613715953367e-210,
YGL042C,,1.4,3.58055636428479e-06,
YGR109C,CLB6,-1.4,7.61176368627759e-23,
YGR160W,,1.4,0.105778668369185,
YGR166W,TRS65,1.4,9.3616750134675e-121,
YGR202C,PCT1,1.4,0.0,
YGR210C,,-1.4,2.346885783978e-165,
YGR268C,HUA1,1.4,4.89368808431557e-61,
YHL029C,OCA5,1.4,3.43801012430283e-135,
YHR005C,GPA1,1.4,5.38935988233083e-101,
YHR128W,FUR1,-1.4,2.89946034971371e-95,
YHR202W,,1.4,9.44078653911689e-40,
YHR204W,MNL1,-1.4,1.15447617818383e-118,
YIL009W,FAA3,-1.4,1.85786272677994e-282,
YIL064W,EFM4,-1.4,2.68565078414086e-63,
YIL152W,,1.4,1.03111438732988e-43,
YIR034C,LYS1,1.4,0.0,
YJL011C,RPC17,-1.4,2.87191787949247e-55,
YJL047C-A,,-1.4,0.0052881626180437,
YJL047C,RTT101,1.4,3.15394414335413e-90,
YJL071W,ARG2,1.4,2.17904643514434e-211,
YJL074C,SMC3,-1.4,5.40902474066891e-80,
YJL077W-B,,-1.4,1.3827493743858e-05,
YJL134W,LCB3,-1.4,8.49944349313898e-121,
YJL173C,RFA3,-1.4,8.6676100216278e-36,
YJR038C,,1.4,0.0249209911897835,
YJR050W,ISY1,1.4,2.03732180200204e-68,
YJR055W,HIT1,-1.4,2.20445193473471e-28,
YJR064W,CCT5,-1.4,1.1565322746885e-125,
YJR083C,ACF4,1.4,1.77757672925269e-58,
YJR113C,RSM7,-1.4,4.77698621375849e-82,
YJR118C,ILM1,-1.4,2.93473528412387e-75,
YJR121W,ATP2,-1.4,3.64612658632163e-69,
YJR135W-A,TIM8,-1.4,1.97617481509038e-63,
YKL022C,CDC16,1.4,2.98827848699986e-102,
YKL062W,MSN4,1.4,2.18856951757409e-41,
YKL097C,,1.4,0.0743190239365346,
YKL107W,,1.4,1.74615932202833e-11,
YKL124W,SSH4,1.4,3.47897400309313e-39,
YKL147C,,1.4,0.114043469586754,
YKL156W,RPS27A,-1.4,1.09088455390736e-115,
YKL191W,DPH2,-1.4,1.22631966204538e-155,
YKL217W,JEN1,1.4,7.2333402451134e-26,
YKR078W,,1.4,3.00381191984075e-84,
YKR080W,MTD1,-1.4,0.0,
YLL007C,LMO1,1.4,3.25033875775332e-37,
YLR009W,RLP24,-1.4,5.69046846644424e-139,
YLR032W,RAD5,1.4,8.80456269682214e-84,
YLR262C-A,TMA7,-1.4,1.65266912119312e-160,
YLR305C,STT4,-1.4,7.2894010527392e-156,
YLR376C,PSY3,1.4,1.4793109318996e-36,
YLR388W,RPS29A,-1.4,5.51872849479888e-240,
YLR460C,,-1.4,5.89202878681757e-150,
YML060W,OGG1,-1.4,9.72777424546033e-61,
YML066C,SMA2,-1.4,3.85062769865675e-18,
YMR001C-A,,-1.4,2.1875221679841e-06,
YMR031W-A,,1.4,0.0991005063182194,
YMR055C,BUB2,1.4,1.29602551299557e-29,
YMR062C,ARG7,1.4,5.08514948584524e-287,
YMR135W-A,,1.4,0.107029273451724,
YMR136W,GAT2,1.4,3.97041884301082e-70,
YMR156C,TPP1,1.4,1.83653464468208e-23,
YMR194C-A,,1.4,5.70602031640216e-07,
YMR211W,DML1,1.4,7.44968952939959e-87,
YMR220W,ERG8,1.4,1.31880365632042e-73,
YMR284W,YKU70,1.4,7.42582181859696e-56,
YMR290C,HAS1,-1.4,3.21741477318009e-124,
YMR323W,ERR3,1.4,0.000203684841309104,
YNL009W,IDP3,1.4,1.6957974246856e-25,
YNL033W,,-1.4,0.00222330975221049,
YNL117W,MLS1,1.4,9.73572838555193e-12,
YNL229C,URE2,1.4,6.91428116498263e-100,
YNL293W,MSB3,1.4,2.38517551152482e-92,
YNL315C,ATP11,-1.4,8.08442496338955e-164,
YNR002C,ATO2,1.4,7.65479254759025e-18,
YNR006W,VPS27,1.4,1.17973446354387e-123,
YNR037C,RSM19,-1.4,1.80233455545201e-73,
YOR004W,UTP23,-1.4,8.53352180243673e-106,
YOR032W-A,,-1.4,0.0707131003455514,
YOR070C,GYP1,1.4,2.80914076986352e-103,
YOR080W,DIA2,1.4,3.39161798758365e-76,
YOR130C,ORT1,1.4,1.06046874476331e-160,
YOR192C-B,,-1.4,2.89405240337688e-09,
YOR222W,ODC2,-1.4,1.36003635072767e-37,
YOR226C,ISU2,-1.4,9.16619341471559e-88,
YOR276W,CAF20,-1.4,0.000161122782711577,
YOR348C,PUT4,1.4,7.62068389057324e-09,
YOR362C,PRE10,-1.4,3.64805777095284e-48,
YPL015C,HST2,-1.4,2.55465485316694e-17,
YPL018W,CTF19,1.4,9.06659105310775e-29,
YPL040C,ISM1,-1.4,2.1923076319164e-94,
YPL047W,SGF11,1.4,2.23680784588752e-47,
YPL075W,GCR1,-1.4,2.13563772529985e-251,
YPL119C-A,,-1.4,6.50163061855589e-08,
YPL240C,HSP82,-1.4,8.92610280824606e-14,
YPL246C,RBD2,-1.4,1.32751532167614e-114,
YPL272C,PBI1,1.4,1.23913614476791e-14,
YPR148C,,1.4,4.73017506292317e-161,
YPR158C-D,,-1.4,0.00299915967056913,
YPR193C,HPA2,1.4,3.44314153601703e-12,
LSR1,,-1.3,1.51515182816139e-08,
Q0130,OLI1,-1.3,0.171687809042568,
snR14,,1.3,5.16655479611762e-05,
snR3,,-1.3,2.67615392681316e-05,
snR42,,-1.3,1.32675585217785e-05,
snR56,,-1.3,0.211826331693144,
snR5,,-1.3,1.20654270169311e-05,
snR67,,-1.3,1.73149782040615e-07,
tK(CUU)P,,-1.3,0.143911900286989,
tN(GUU)P,,1.3,0.037632854897295,
YAR028W,,1.3,1.83345793291837e-33,
YAR071W,PHO11,-1.3,1.18082910356493e-09,
YBL043W,ECM13,1.3,3.39238613972024e-29,
YBL096C,,1.3,0.059507899644026,
YBL107C,MIX23,-1.3,8.27437658601547e-75,
YBR237W,PRP5,1.3,3.62540099396921e-75,
YBR250W,SPO23,1.3,5.92843451613585e-09,
YBR279W,PAF1,1.3,0.0,
YCR019W,MAK32,1.3,1.39904866471542e-63,
YCR036W,RBK1,1.3,9.4320980279853e-128,
YCR057C,PWP2,-1.3,5.48895779369902e-125,
YCR081W,SRB8,1.3,4.43717588514713e-36,
YCR097W-A,,-1.3,0.214079304671341,
YDL033C,SLM3,-1.3,1.04854727898312e-44,
YDL039C,PRM7,-1.3,1.46851615654872e-175,
YDL051W,LHP1,-1.3,2.28002360028066e-43,
YDL093W,PMT5,-1.3,4.20708437419548e-59,
YDL140C,RPO21,-1.3,2.2825583423341e-215,
YDL198C,GGC1,1.3,0.0,
YDL205C,HEM3,-1.3,6.91751167667976e-66,
YDR044W,HEM13,-1.3,2.03029979200321e-38,
YDR045C,RPC11,-1.3,3.87504883395955e-68,
YDR155C,CPR1,-1.3,1.28563299137223e-10,
YDR157W,,-1.3,0.0132815065370598,
YDR188W,CCT6,-1.3,1.12474416388346e-103,
YDR209C,,-1.3,1.01442063252056e-54,
YDR230W,,1.3,0.10855854915807,
YDR272W,GLO2,1.3,8.91957722459042e-129,
YDR351W,SBE2,1.3,7.73597157793816e-114,
YDR354W,TRP4,1.3,6.47943132699879e-112,
YDR397C,NCB2,1.3,0.114731896919464,
YDR398W,UTP5,-1.3,1.36926143311123e-124,
YDR408C,ADE8,-1.3,3.01773460703493e-262,
YDR478W,SNM1,1.3,5.80589630673855e-36,
YDR488C,PAC11,-1.3,1.90590073082746e-27,
YDR506C,GMC1,1.3,3.88172878633688e-41,
YDR524W-C,,-1.3,2.24740159130243e-05,
YDR526C,,1.3,0.133630218526338,
YEL009C-A,,-1.3,0.150354667183008,
YEL062W,NPR2,1.3,2.06374053968908e-67,
YER036C,ARB1,-1.3,1.23673155337778e-206,
YER053C,PIC2,1.3,8.10644950451469e-32,
YER110C,KAP123,-1.3,2.74805570046943e-298,
YER139C,RTR1,1.3,3.90872129162348e-34,
YFL053W,DAK2,-1.3,2.43178053983901e-06,
YGL073W,HSF1,1.3,1.73122474566191e-85,
YGL115W,SNF4,-1.3,6.70147736686019e-104,
YGL130W,CEG1,1.3,2.79734630654343e-148,
YGL141W,HUL5,1.3,1.36697664469612e-159,
YGL221C,NIF3,1.3,1.88935903113532e-106,
YGR062C,COX18,-1.3,1.97724795674301e-54,
YGR065C,VHT1,1.3,2.67029605949644e-290,
YGR129W,SYF2,1.3,5.06314866125097e-45,
YGR155W,CYS4,-1.3,8.42582341591976e-131,
YGR159C,NSR1,-1.3,1.16037419695821e-111,
YGR162W,TIF4631,-1.3,1.06803520286136e-60,
YHL004W,MRP4,-1.3,7.29827578087564e-253,
YHL026C,,-1.3,2.11749753362335e-43,
YHR022C-A,,1.3,0.0492727228241591,
YHR033W,,-1.3,7.31107331912081e-36,
YHR093W,AHT1,-1.3,0.000846770078077432,
YHR161C,YAP1801,1.3,1.50248317308221e-274,
YHR200W,RPN10,-1.3,3.25020466634758e-188,
YHR201C,PPX1,1.3,4.32470657282779e-145,
YHR216W,IMD2,-1.3,2.09458489291572e-76,
YIL024C,,-1.3,1.95523315966881e-18,
YIL032C,,-1.3,0.0338092120542293,
YIL040W,APQ12,1.3,5.38455364899463e-76,
YIR009W,MSL1,1.3,8.35347002624381e-16,
YJL058C,BIT61,1.3,2.58483192113377e-48,
YJL084C,ALY2,1.3,1.67118054493022e-70,
YJL096W,MRPL49,-1.3,1.87264027310589e-63,
YJL100W,LSB6,1.3,3.02769902895081e-89,
YJL109C,UTP10,-1.3,3.18062701530496e-179,
YJL138C,TIF2,-1.3,1.05856058459218e-75,
YJL141C,YAK1,1.3,8.63148918490719e-57,
YJL201W,ECM25,1.3,4.65079386504617e-50,
YJL204C,RCY1,1.3,6.37329707805479e-66,
YJR027W,,-1.3,3.03331456366267e-10,
YJR074W,MOG1,-1.3,8.11693058592938e-28,
YJR120W,,-1.3,0.02945807472452,
YKL164C,PIR1,-1.3,1.28429542684048e-124,
YKL197C,PEX1,1.3,5.77410557367315e-70,
YKL202W,,-1.3,0.0114758276012713,
YKR058W,GLG1,1.3,1.01337289309407e-53,
YKR101W,SIR1,1.3,4.11215380581301e-62,
YLR011W,LOT6,1.3,1.92535755739911e-28,
YLR080W,EMP46,1.3,1.22648780246039e-23,
YLR094C,GIS3,1.3,4.70172021498835e-22,
YLR117C,CLF1,1.3,1.34673337369527e-134,
YLR128W,DCN1,1.3,4.17699130098778e-34,
YLR147C,SMD3,1.3,1.80433408495977e-58,
YLR218C,COA4,-1.3,2.62263020324132e-29,
YLR293C,GSP1,-1.3,0.0,
YLR312W-A,MRPL15,-1.3,2.11992954357496e-106,
YLR409C,UTP21,-1.3,3.75095474497683e-93,
YLR433C,CNA1,1.3,2.64875803868108e-120,
YLR439W,MRPL4,-1.3,5.99158586562695e-87,
YML009C,MRPL39,-1.3,2.06539936634895e-81,
YML068W,ITT1,1.3,2.01491626172912e-38,
YML071C,COG8,1.3,1.54462360809698e-127,
YML125C,PGA3,-1.3,9.20750260767443e-76,
YML132W,COS3,-1.3,0.117560504975345,
YMR076C,PDS5,-1.3,1.23793404708777e-59,
YMR086C-A,,1.3,4.72326161228827e-07,
YMR086W,SEG1,1.3,1.82060395745507e-59,
YMR146C,TIF34,-1.3,0.0,
YMR241W,YHM2,-1.3,2.39220609427346e-84,
YMR290W-A,,-1.3,0.202722759580086,
YMR292W,GOT1,-1.3,4.0336979577058e-50,
YMR293C,HER2,-1.3,2.97389310165719e-56,
YMR304C-A,,1.3,0.00372140585681311,
YMR309C,NIP1,-1.3,8.26612205964233e-81,
YNL042W-B,,-1.3,0.130289111955162,
YNL057W,,1.3,0.174053080523598,
YNL141W,AAH1,-1.3,4.32505353832582e-114,
YNL172W,APC1,1.3,2.43902899513549e-75,
YNL214W,PEX17,1.3,1.98958301044054e-26,
YNR017W,TIM23,-1.3,1.69799027780771e-124,
YOL010W,RCL1,-1.3,1.58600289950977e-120,
YOL037C,,1.3,0.10288790270987,
YOL113W,SKM1,1.3,1.29927790742675e-81,
YOR003W,YSP3,1.3,1.17272088552222e-41,
YOR024W,,1.3,0.10606507675532,
YOR030W,DFG16,1.3,1.33718192673515e-77,
YOR050C,,-1.3,8.21313780447186e-15,
YOR084W,LPX1,-1.3,2.4734962146605e-59,
YOR116C,RPO31,-1.3,6.42863258269258e-202,
YOR177C,MPC54,1.3,1.16864930198514e-10,
YOR178C,GAC1,-1.3,2.45745697000157e-39,
YOR187W,TUF1,-1.3,3.77906451663803e-293,
YOR218C,,-1.3,0.173164616972929,
YOR253W,NAT5,-1.3,2.38439174379676e-72,
YOR278W,HEM4,-1.3,7.85820721479753e-43,
YOR313C,SPS4,-1.3,1.08200581606703e-11,
YOR354C,MSC6,-1.3,1.47924999111383e-169,
YOR374W,ALD4,1.3,1.87503389677273e-82,
YPL055C,LGE1,1.3,7.29266331664592e-84,
YPL071C,,1.3,7.6795419841501e-56,
YPL096W,PNG1,1.3,7.29123767273052e-89,
YPL172C,COX10,-1.3,9.30685442725204e-106,
YPL207W,TYW1,-1.3,5.43972514939731e-83,
YPL226W,NEW1,-1.3,0.0,
YPL238C,,-1.3,0.122087230464421,
YPR016C,TIF6,-1.3,2.55597534535646e-169,
YPR018W,RLF2,1.3,2.71436914911749e-123,
YPR040W,TIP41,1.3,2.47975546783763e-58,
YPR045C,THP3,1.3,2.52391699982225e-85,
YPR077C,,1.3,0.138258725084509,
YPR087W,VPS69,-1.3,0.0828004945264459,
YPR092W,,1.3,0.0984588827475201,
YPR117W,,-1.3,3.10623851808721e-90,
YPR128C,ANT1,1.3,1.12070762191387e-102,
YPR137C-B,,-1.3,0.199804580442746,
YPR167C,MET16,1.3,1.03488049073571e-162,
YPR170C,,1.3,0.0645682311435124,
snR19,,-1.2,9.35564082663933e-15,
snR34,,-1.2,0.10906565554348,
YAR019W-A,,1.2,0.113964572337487,
YBL002W,HTB2,-1.2,1.73609798022945e-174,
YBL041W,PRE7,-1.2,1.60422750337892e-102,
YBL070C,,1.2,0.165646653026722,
YBR056W,,1.2,5.66787612720959e-44,
YBR071W,,1.2,5.05709357282746e-58,
YBR078W,ECM33,-1.2,1.95476679055182e-230,
YBR102C,EXO84,1.2,3.63162005516482e-99,
YBR146W,MRPS9,-1.2,7.14129519464053e-134,
YBR150C,TBS1,-1.2,7.70083274964786e-51,
YBR201C-A,,1.2,1.03735080085431e-07,
YBR225W,,1.2,2.55362029809782e-50,
YBR232C,,1.2,0.152916572725445,
YBR241C,,1.2,3.66510740083523e-35,
YBR298C,MAL31,-1.2,4.34353834774971e-50,
YCL009C,ILV6,1.2,3.11223277768104e-147,
YCL010C,SGF29,-1.2,1.45806168927929e-90,
YCL044C,MGR1,1.2,4.59042588462583e-55,
YCR006C,,1.2,0.000847842862078617,
YCR018C,SRD1,1.2,3.66456838880436e-42,
YCR038C,BUD5,1.2,9.94124456901784e-14,
YCR045C,RRT12,-1.2,5.63818047322743e-31,
YDL006W,PTC1,1.2,1.59428361420768e-56,
YDL034W,,-1.2,0.031547779251935,
YDL035C,GPR1,1.2,1.3638322250493e-90,
YDL060W,TSR1,-1.2,1.16197219227708e-169,
YDL062W,,1.2,0.106099655023025,
YDL154W,MSH5,1.2,1.7078005682038e-24,
YDL173W,PAR32,1.2,2.27125786816964e-48,
YDL182W,LYS20,-1.2,1.44061490610851e-155,
YDL220C,CDC13,-1.2,4.41785611448055e-24,
YDR006C,SOK1,1.2,4.43997247877257e-110,
YDR023W,SES1,-1.2,1.76043546758612e-117,
YDR034C-D,,-1.2,0.097578929045873,
YDR085C,AFR1,1.2,3.41131524246461e-28,
YDR112W,IRC2,-1.2,0.000569549029259659,
YDR172W,SUP35,-1.2,9.94792032889966e-82,
YDR306C,,1.2,1.1660367108324e-56,
YDR317W,HIM1,1.2,9.81002968992262e-27,
YDR343C,HXT6,-1.2,0.00211397929733989,
YDR412W,RRP17,1.2,0.0117669722798337,
YDR469W,SDC1,1.2,2.35909349244257e-103,
YDR524C-B,,-1.2,0.000576582919877156,
YDR530C,APA2,1.2,4.96691372482776e-44,
YEL010W,,-1.2,0.222988743696509,
YEL033W,MTC7,1.2,0.130457477356951,
YER001W,MNN1,-1.2,1.58140731456092e-42,
YER033C,ZRG8,1.2,2.17259537255568e-33,
YER040W,GLN3,1.2,4.20571126364686e-98,
YER061C,CEM1,1.2,2.53063726464891e-78,
YER062C,,1.2,2.66480091131044e-93,
YER083C,GET2,1.2,4.5071187905656e-46,
YER087W,AIM10,-1.2,2.1205674693081e-28,
YER093C-A,AIM11,-1.2,4.532700193234e-22,
YER104W,RTT105,1.2,1.76890616240039e-40,
YER150W,SPI1,1.2,2.19791654857908e-25,
YER154W,OXA1,-1.2,5.36177647736201e-116,
YER159C,BUR6,1.2,3.8735131539951e-49,
YFL010C,WWM1,1.2,2.77528966332249e-55,
YFL017W-A,SMX2,1.2,4.25399003911111e-38,
YFL036W,RPO41,-1.2,4.46055717201865e-54,
YFL037W,TUB2,-1.2,1.61483436957791e-70,
YFL042C,,1.2,1.87338596169629e-53,
YFL055W,AGP3,-1.2,6.23881466287111e-13,
YFL061W,DDI2,-1.2,0.00814374091081584,
YFR006W,,1.2,4.38656779087452e-184,
YFR026C,ULI1,1.2,7.80242642613086e-11,
YFR043C,IRC6,1.2,3.70385208171095e-50,
YGL004C,RPN14,1.2,1.61424388166774e-67,
YGL048C,RPT6,-1.2,1.11996754263656e-17,
YGL055W,OLE1,-1.2,0.0,
YGL082W,,1.2,4.40373893945779e-169,
YGL091C,NBP35,1.2,3.45510681299555e-107,
YGL101W,,1.2,4.23614702381345e-92,
YGL107C,RMD9,-1.2,6.5580064715629e-164,
YGL194C,HOS2,1.2,7.65014104578761e-28,
YGL195W,GCN1,-1.2,3.56981137924517e-54,
YGL256W,ADH4,-1.2,1.4291362831406e-99,
YGR004W,PEX31,-1.2,2.11501988437948e-44,
YGR029W,ERV1,1.2,1.54342588762341e-128,
YGR149W,GPC1,1.2,2.32470363170434e-64,
YGR169C,PUS6,-1.2,1.23276674149489e-45,
YGR189C,CRH1,1.2,4.74125157448294e-220,
YGR200C,ELP2,-1.2,3.84466220935537e-75,
YGR220C,MRPL9,-1.2,1.64516552530717e-43,
YGR239C,PEX21,1.2,5.04713116091502e-94,
YHL025W,SNF6,-1.2,5.59542791392612e-106,
YHR018C,ARG4,1.2,3.66325358976172e-293,
YHR038W,RRF1,-1.2,4.27999171999107e-35,
YHR040W,BCD1,-1.2,2.4524742678217e-63,
YHR068W,DYS1,-1.2,9.22827066792879e-195,
YHR097C,,1.2,4.04736850262465e-68,
YHR112C,,-1.2,1.3475578325784e-50,
YHR115C,DMA1,-1.2,3.10522035367545e-107,
YHR122W,CIA2,1.2,2.68526023310665e-59,
YHR123W,EPT1,-1.2,4.56921373530364e-80,
YHR131C,,-1.2,2.76507176224287e-82,
YHR213W-B,,-1.2,0.000162644385152504,
YIL087C,AIM19,1.2,7.34333628980271e-31,
YIL144W,,1.2,6.47355309794046e-75,
YJL028W,,-1.2,0.162725069401003,
YJL056C,ZAP1,1.2,1.9658933301396e-53,
YJL062W-A,COA3,-1.2,5.0475574562152e-59,
YJL097W,PHS1,-1.2,1.16916451422511e-91,
YJL148W,RPA34,-1.2,8.30276130945449e-155,
YJL161W,FMP33,1.2,1.27355221060229e-06,
YJL188C,BUD19,-1.2,0.046010561609877,
YJL215C,,-1.2,0.00107034676994359,
YJR052W,RAD7,1.2,1.30533373697602e-80,
YJR116W,TDA4,1.2,1.58523179541008e-19,
YJR119C,JHD2,1.2,7.20221966977744e-39,
YJR138W,IML1,1.2,1.68975653234812e-65,
YJR147W,HMS2,-1.2,6.49145874794944e-48,
YKL005C,BYE1,-1.2,1.02287683413579e-71,
YKL102C,,1.2,0.040488500920193,
YKL106W,AAT1,1.2,7.94111672605754e-118,
YKL142W,MRP8,1.2,8.9474434067529e-109,
YKL162C,,1.2,2.15669089062776e-16,
YKL195W,MIA40,-1.2,1.35079144546132e-48,
YKR029C,SET3,1.2,7.03753206051712e-86,
YKR036C,CAF4,1.2,2.25502295219323e-83,
YKR046C,PET10,1.2,2.30937862844495e-284,
YKR059W,TIF1,-1.2,1.12051148738025e-10,
YKR074W,AIM29,-1.2,9.21170049465703e-33,
YLL002W,RTT109,-1.2,5.2856768443852e-49,
YLL006W,MMM1,1.2,2.72239340052766e-40,
YLL014W,EMC6,-1.2,1.861326611551e-66,
YLL046C,RNP1,1.2,0.0532766202510721,
YLL054C,,-1.2,6.64020724992316e-44,
YLR069C,MEF1,-1.2,4.9087536518099e-123,
YLR085C,ARP6,1.2,1.16390760367549e-79,
YLR093C,NYV1,1.2,3.57245888802963e-160,
YLR140W,,1.2,0.0455823948619592,
YLR174W,IDP2,-1.2,2.88269010143108e-20,
YLR219W,MSC3,1.2,2.30520517102394e-71,
YLR229C,CDC42,-1.2,1.41360362973582e-37,
YLR301W,HRI1,-1.2,7.7758438776957e-41,
YLR412C-A,,-1.2,0.0898620828675525,
YML058W-A,HUG1,1.2,0.000652447309797521,
YML091C,RPM2,-1.2,4.28228747194438e-42,
YML104C,MDM1,-1.2,6.96563619809433e-55,
YMR011W,HXT2,-1.2,1.91787762005977e-26,
YMR105W-A,,1.2,0.0310807364698815,
YMR114C,,1.2,2.65088202632707e-49,
YMR132C,JLP2,1.2,3.576133522768e-54,
YMR196W,,1.2,9.79715113139749e-58,
YMR200W,ROT1,1.2,1.05583717143368e-187,
YMR236W,TAF9,1.2,8.17232858480223e-67,
YMR276W,DSK2,-1.2,2.54990438823369e-22,
YMR278W,PRM15,1.2,1.43889709568905e-29,
YMR308C,PSE1,-1.2,0.0,
YMR311C,GLC8,1.2,8.72676445386364e-202,
YMR316C-B,,-1.2,0.134425725087837,
YNL036W,NCE103,1.2,0.0,
YNL052W,COX5A,1.2,1.05156780832784e-135,
YNL115C,,1.2,1.10015981073578e-63,
YNL124W,NAF1,1.2,3.61601131256461e-180,
YNL167C,SKO1,1.2,1.24824420385206e-94,
YNL180C,RHO5,1.2,4.02534082227467e-163,
YNL186W,UBP10,-1.2,1.34050945402598e-270,
YNL204C,SPS18,-1.2,3.13162027008787e-10,
YNL321W,VNX1,-1.2,1.51238773274863e-41,
YNR044W,AGA1,1.2,4.3090959012573e-13,
YNR050C,LYS9,-1.2,2.24536552883383e-64,
YOL008W,COQ10,1.2,8.88113860851794e-25,
YOL036W,,1.2,2.03486304615637e-127,
YOL058W,ARG1,1.2,6.32083771611881e-99,
YOL062C,APM4,-1.2,2.13762258194571e-143,
YOL080C,REX4,-1.2,1.6304745449366e-42,
YOL083W,ATG34,1.2,4.21361626102901e-15,
YOL101C,IZH4,1.2,1.59027871677908e-05,
YOL106W,,-1.2,0.00831542283698629,
YOL123W,HRP1,-1.2,4.61247186689219e-20,
YOR009W,TIR4,-1.2,7.17756944616945e-12,
YOR067C,ALG8,-1.2,2.2775534532178e-65,
YOR099W,KTR1,-1.2,5.23876764750147e-199,
YOR102W,,-1.2,0.0881992257742438,
YOR194C,TOA1,1.2,3.74202037866813e-91,
YOR263C,,-1.2,0.0537569159689149,
YOR279C,RFM1,1.2,1.35418210440644e-38,
YOR284W,HUA2,-1.2,4.95958478467699e-21,
YOR308C,SNU66,1.2,1.35142283349278e-45,
YOR337W,TEA1,1.2,2.78715641821534e-91,
YOR361C,PRT1,-1.2,2.48557966126222e-155,
YOR371C,GPB1,1.2,3.63811053191111e-38,
YOR383C,FIT3,-1.2,2.49015073663429e-17,
YOR387C,,-1.2,1.57236162104898e-06,
YPL016W,SWI1,-1.2,1.02847054955287e-65,
YPL067C,,-1.2,3.78770303338142e-22,
YPL097W,MSY1,-1.2,9.09853833024197e-71,
YPL120W,VPS30,1.2,2.23467894586377e-60,
YPL141C,FRK1,1.2,2.70845963649809e-84,
YPL185W,,-1.2,0.0180264744794872,
YPL189W,GUP2,-1.2,1.65639263895946e-13,
YPL212C,PUS1,1.2,1.83223990463208e-216,
YPL223C,GRE1,1.2,1.53366286393057e-06,
YPL263C,KEL3,-1.2,4.66610485532732e-103,
YPR012W,,1.2,0.00245313781768899,
YPR065W,ROX1,1.2,4.89319560680833e-33,
YPR185W,ATG13,1.2,2.25766983562195e-115,
YPR194C,OPT2,-1.2,7.18242726805056e-23,
ETS1-1,,-1.1,0.0321230999843718,
IRT1,,-1.1,1.85777729516514e-09,
tC(GCA)P2,,1.1,0.257870365963726,
tE(UUC)C,,1.1,0.167329808641804,
tT(AGU)D,,-1.1,0.271126883622979,
tT(AGU)N1,,-1.1,0.270648342708555,
YAR027W,UIP3,1.1,1.1681906653623e-34,
YBL036C,,1.1,3.88873290654136e-91,
YBR018C,GAL7,1.1,1.05140342214293e-05,
YBR040W,FIG1,1.1,0.0349173791843306,
YBR121C,GRS1,-1.1,2.42681730560087e-144,
YBR145W,ADH5,1.1,8.99835152344304e-129,
YBR161W,CSH1,-1.1,1.14834454387736e-37,
YBR163W,EXO5,-1.1,4.45833474770861e-50,
YBR169C,SSE2,1.1,2.618365132311e-39,
YBR185C,MBA1,-1.1,2.68663606600725e-61,
YBR209W,,-1.1,2.04447601162485e-05,
YBR228W,SLX1,1.1,1.58625238759202e-44,
YBR230W-A,,1.1,6.68889254308239e-11,
YBR240C,THI2,1.1,4.00824058141969e-07,
YBR248C,HIS7,1.1,1.28786180960416e-147,
YBR257W,POP4,1.1,4.417831509945e-51,
YBR278W,DPB3,-1.1,3.40886436694271e-11,
YBR284W,,-1.1,3.72658965312483e-17,
YBR285W,,1.1,4.72737604521342e-05,
YBR289W,SNF5,1.1,3.9979497609716e-76,
YCL026C-B,HBN1,-1.1,8.1580625680646e-23,
YCR008W,SAT4,-1.1,3.01891274673408e-143,
YCR028C,FEN2,-1.1,3.15806240399695e-57,
YCR050C,,1.1,0.224746882099161,
YCR089W,FIG2,1.1,4.59290850988125e-53,
YDL005C,MED2,1.1,7.84847638594447e-112,
YDL021W,GPM2,1.1,1.37333158448227e-20,
YDL084W,SUB2,-1.1,2.2319819082738e-96,
YDL139C,SCM3,1.1,1.49854836468102e-23,
YDL149W,ATG9,-1.1,1.64480533632024e-29,
YDL171C,GLT1,-1.1,0.0,
YDL202W,MRPL11,-1.1,4.27792653697647e-92,
YDL208W,NHP2,-1.1,3.39451687097203e-139,
YDL235C,YPD1,1.1,1.24080533904535e-67,
YDR002W,YRB1,-1.1,7.02410936868434e-55,
YDR040C,ENA1,1.1,5.55634660889225e-06,
YDR088C,SLU7,1.1,1.05184866549372e-52,
YDR091C,RLI1,-1.1,5.87031106955214e-105,
YDR111C,ALT2,-1.1,8.00674358076671e-29,
YDR119W,VBA4,-1.1,7.91908233956531e-140,
YDR152W,GIR2,1.1,2.38173428801436e-101,
YDR174W,HMO1,-1.1,1.30649716636054e-229,
YDR180W,SCC2,-1.1,6.41063548782533e-35,
YDR181C,SAS4,1.1,5.51263878529234e-67,
YDR327W,,1.1,0.0142509825867285,
YDR330W,UBX5,1.1,1.00201462549885e-92,
YDR367W,KEI1,-1.1,5.54015558248272e-34,
YDR396W,,1.1,0.097892573363524,
YDR461W,MFA1,-1.1,3.54078292628816e-39,
YDR497C,ITR1,-1.1,0.0,
YDR515W,SLF1,-1.1,2.61128674127221e-16,
YEL031W,SPF1,-1.1,2.33149667086514e-77,
YEL070W,DSF1,1.1,0.0224308285181678,
YER007C-A,TMA20,-1.1,9.41592272154147e-92,
YER007W,PAC2,-1.1,1.58455682851487e-23,
YER011W,TIR1,-1.1,2.95666173242567e-09,
YER037W,PHM8,1.1,2.27339995580634e-14,
YER045C,ACA1,1.1,1.50910258294237e-12,
YER125W,RSP5,-1.1,7.62670831989974e-124,
YER134C,,1.1,1.01478909141376e-06,
YER153C,PET122,-1.1,1.43413269856461e-10,
YER162C,RAD4,1.1,9.88800482978535e-40,
YER187W,,1.1,3.54215719674696e-08,
YER188C-A,,-1.1,0.0150818762507968,
YFL009W,CDC4,1.1,2.11254932263917e-108,
YFL030W,AGX1,1.1,3.1478983181784e-19,
YFL056C,AAD6,-1.1,2.07891336769701e-14,
YFR008W,FAR7,1.1,3.72492833626289e-22,
YFR016C,,1.1,7.85546096807527e-92,
YFR034C,PHO4,-1.1,1.65710311962732e-71,
YGL044C,RNA15,1.1,8.73341578112376e-67,
YGL049C,TIF4632,1.1,7.12183263002854e-144,
YGL053W,PRM8,1.1,1.00933062013727e-35,
YGL064C,MRH4,-1.1,8.20911724865518e-52,
YGL095C,VPS45,1.1,3.33863251661879e-114,
YGL164C,YRB30,1.1,2.24608727051793e-47,
YGL187C,COX4,-1.1,1.41310979731607e-17,
YGL209W,MIG2,-1.1,1.81258541618544e-43,
YGL217C,,1.1,0.23191892875333,
YGL228W,SHE10,1.1,9.28155715412611e-184,
YGR038W,ORM1,-1.1,1.42664115569753e-54,
YGR070W,ROM1,1.1,1.17302074449848e-22,
YGR082W,TOM20,-1.1,2.40680698854799e-147,
YGR090W,UTP22,-1.1,2.47108217568089e-159,
YGR104C,SRB5,1.1,1.13318641630663e-41,
YGR119C,NUP57,1.1,1.79108394457954e-108,
YGR121W-A,,1.1,0.00785307043100751,
YGR145W,ENP2,-1.1,4.1474866194387e-63,
YGR235C,,1.1,1.52444830104235e-121,
YGR245C,SDA1,-1.1,2.30570847515588e-107,
YGR259C,,1.1,0.174359366903626,
YGR266W,,1.1,6.87222510139458e-107,
YGR291C,,-1.1,0.31162195064581,
YHL002W,HSE1,1.1,1.49021779528557e-43,
YHL014C,YLF2,-1.1,2.79632576137845e-34,
YHL043W,ECM34,-1.1,3.25415807704538e-13,
YHR095W,,-1.1,0.023944612895535,
YHR105W,YPT35,1.1,1.26257602829322e-11,
YHR150W,PEX28,1.1,4.05458639476956e-51,
YHR154W,RTT107,-1.1,7.14825423665668e-80,
YHR160C,PEX18,-1.1,9.36463354709861e-08,
YHR166C,CDC23,1.1,3.09717931437176e-33,
YHR173C,,-1.1,1.48455255928163e-07,
YHR177W,,1.1,7.06611849591294e-21,
YHR218W-A,,-1.1,0.311691045828025,
YIL047C,SYG1,-1.1,2.18902176206436e-98,
YIL068W-A,,-1.1,0.280928284252488,
YIL126W,STH1,-1.1,6.83968652658698e-39,
YIL130W,ASG1,1.1,1.78691123644679e-55,
YIL131C,FKH1,-1.1,1.12639201393377e-78,
YIL142W,CCT2,-1.1,1.33806160747188e-84,
YIL158W,AIM20,-1.1,3.92882921224547e-58,
YIL161W,,1.1,3.97395565553346e-44,
YIR027C,DAL1,1.1,2.08204602635738e-08,
YIR029W,DAL2,1.1,7.13121905071336e-17,
YIR039C,YPS6,1.1,8.52298910469463e-19,
YJL027C,,1.1,0.155533132305744,
YJL039C,NUP192,-1.1,1.12167112940126e-74,
YJL053W,PEP8,1.1,1.5427161070779e-42,
YJL057C,IKS1,1.1,1.34157143744384e-33,
YJL164C,TPK1,1.1,1.61647777693504e-17,
YJL185C,ATG36,1.1,1.1856443690821e-16,
YJL218W,,1.1,3.52589560418796e-14,
YJR085C,,-1.1,1.30236160336369e-72,
YJR108W,ABM1,-1.1,0.000564325201970693,
YJR149W,,1.1,6.46460089308901e-16,
YKL004W,AUR1,-1.1,1.81721234330691e-120,
YKL024C,URA6,-1.1,1.12061886790946e-81,
YKL115C,,1.1,0.00196340056353431,
YKL127W,PGM1,-1.1,3.73949898076018e-79,
YKL187C,FAT3,1.1,5.03043146119299e-43,
YKL206C,ADD66,1.1,4.25723965473266e-52,
YKL221W,MCH2,1.1,5.74974895987318e-06,
YKR049C,FMP46,1.1,7.69636667919342e-20,
YKR093W,PTR2,-1.1,9.75382004702922e-27,
YKR096W,ESL2,1.1,1.70192517195346e-42,
YLL022C,HIF1,-1.1,4.77724590226229e-64,
YLL041C,SDH2,-1.1,1.77962961426406e-17,
YLL050C,COF1,-1.1,5.03531660171592e-45,
YLL056C,,-1.1,2.27077136550936e-11,
YLR028C,ADE16,-1.1,3.44129831994601e-151,
YLR038C,COX12,-1.1,3.39331871515538e-56,
YLR056W,ERG3,-1.1,1.13820148456537e-75,
YLR062C,BUD28,1.1,0.220171080665418,
YLR095C,IOC2,1.1,3.54879530829967e-98,
YLR105C,SEN2,-1.1,7.42708665023085e-67,
YLR119W,SRN2,1.1,5.65770466891084e-30,
YLR130C,ZRT2,-1.1,4.55164968135197e-131,
YLR135W,SLX4,1.1,2.43853592468288e-35,
YLR215C,CDC123,-1.1,6.25020673720435e-62,
YLR230W,,-1.1,4.47628430947305e-06,
YLR232W,,-1.1,0.281776242401501,
YLR240W,VPS34,1.1,1.44010423986853e-69,
YLR253W,MCP2,-1.1,2.30604716666773e-96,
YLR263W,RED1,-1.1,9.77572054034744e-27,
YLR281C,,-1.1,0.0134652077302846,
YLR287C-A,RPS30A,-1.1,8.1131068550584e-46,
YLR332W,MID2,1.1,3.14981551104911e-28,
YLR371W,ROM2,-1.1,2.30368745937303e-56,
YLR387C,REH1,1.1,7.03916292219277e-136,
YLR397C,AFG2,-1.1,2.24518765162582e-117,
YLR415C,,1.1,0.128028143547006,
YLR461W,PAU4,-1.1,7.43339629612841e-06,
YML007C-A,,1.1,0.0724757929312596,
YML062C,MFT1,1.1,2.30637485970795e-114,
YML095C,RAD10,1.1,4.34495582251391e-16,
YML101C,CUE4,-1.1,9.15035214952029e-20,
YML129C,COX14,-1.1,3.63038547775928e-23,
YMR041C,ARA2,1.1,4.16220238212388e-52,
YMR090W,,1.1,8.19261199307734e-24,
YMR100W,MUB1,-1.1,1.82134824489141e-51,
YMR112C,MED11,1.1,1.30719225914933e-35,
YMR124W,EPO1,1.1,1.61972373933025e-94,
YMR127C,SAS2,-1.1,2.13299044612345e-39,
YMR145C,NDE1,-1.1,2.04008824723607e-137,
YMR272W-B,,-1.1,0.16216202113542,
YMR295C,,1.1,3.50007565141894e-53,
YNL010W,,-1.1,3.07956667901486e-47,
YNL015W,PBI2,-1.1,1.22172247656626e-06,
YNL026W,SAM50,-1.1,3.20306708267219e-79,
YNL055C,POR1,1.1,4.12320222765296e-203,
YNL089C,,-1.1,0.183112835038708,
YNL108C,,1.1,9.84880873663422e-27,
YNL125C,ESBP6,1.1,1.09890794818693e-27,
YNL163C,RIA1,-1.1,2.88245661540593e-121,
YNL175C,NOP13,-1.1,2.64647420847841e-21,
YNL256W,FOL1,-1.1,2.61339168242623e-183,
YNL312W,RFA2,-1.1,2.68692249972528e-63,
YNR001W-A,,1.1,0.215440964175251,
YNR031C,SSK2,-1.1,4.2301547359896e-95,
YNR036C,MRPS12,-1.1,1.42625852226702e-95,
YNR075C-A,,-1.1,0.00505775704141151,
YOL013W-A,,1.1,0.214222126007033,
YOL047C,LDS2,1.1,7.99002909576269e-07,
YOL056W,GPM3,-1.1,7.99884901621754e-53,
YOL097C,WRS1,-1.1,9.95692541550099e-293,
YOL104C,NDJ1,1.1,0.0643447142202577,
YOL110W,SHR5,-1.1,9.96517300381824e-29,
YOL157C,IMA2,-1.1,4.29418172071392e-07,
YOL159C,CSS3,1.1,6.40398868664249e-17,
YOR020W-A,,1.1,4.60230174449484e-45,
YOR036W,PEP12,1.1,2.23119718482154e-51,
YOR076C,SKI7,1.1,5.17743770007901e-54,
YOR196C,LIP5,1.1,2.17299538944542e-153,
YOR210W,RPB10,-1.1,5.18592292922596e-09,
YOR243C,PUS7,-1.1,3.05227293880112e-97,
YOR244W,ESA1,1.1,6.30796486675827e-67,
YOR262W,GPN2,1.1,1.19398968671712e-69,
YOR342C,,-1.1,2.74869865655743e-91,
YOR364W,,-1.1,0.230667503476723,
YPL001W,HAT1,1.1,1.77691139610149e-81,
YPL004C,LSP1,1.1,6.81913741990189e-98,
YPL011C,TAF3,1.1,2.00886553866395e-81,
YPL058C,PDR12,-1.1,3.47417760501293e-82,
YPL119C,DBP1,-1.1,1.16111867353696e-16,
YPL132W,COX11,-1.1,2.74707377250721e-30,
YPL143W,RPL33A,-1.1,0.115929125501441,
YPL206C,PGC1,1.1,3.82412679195946e-107,
YPL276W,,-1.1,0.1310317291484,
YPR011C,,-1.1,3.01525544031102e-72,
YPR048W,TAH18,1.1,1.10944267690955e-89,
YPR098C,,1.1,1.13077060639244e-44,
YPR099C,,1.1,0.182618957609126,
YPR103W,PRE2,-1.1,6.45953378189308e-29,
YPR121W,THI22,-1.1,1.05193960115416e-25,
YPR157W,TDA6,1.1,1.34855974637594e-27,
YPR201W,ARR3,1.1,9.87589229461499e-14,
snR9,,-1.0,2.25007329362646e-07,
tE(UUC)L,,-1.0,0.273278607343784,
tK(UUU)D,,-1.0,0.318328297665762,
tR(UCU)G1,,-1.0,0.349052601119375,
tY(GUA)M1,SUP5,-1.0,0.356319724903428,
YAL012W,CYS3,-1.0,8.89704842124167e-172,
YAL028W,FRT2,1.0,4.14403819452666e-10,
YAL056W,GPB2,1.0,1.039556384613e-60,
YAR002W,NUP60,1.0,1.05924282908921e-135,
YAR015W,ADE1,-1.0,0.0,
YBL022C,PIM1,-1.0,1.37691710436063e-50,
YBL052C,SAS3,-1.0,1.94019085906719e-44,
YBL082C,ALG3,-1.0,1.59209839602148e-31,
YBL088C,TEL1,-1.0,3.09743492581435e-37,
YBL090W,MRP21,-1.0,1.49737478949072e-71,
YBL106C,SRO77,-1.0,1.87565271894208e-42,
YBL108C-A,PAU9,-1.0,0.316501364439948,
YBR022W,POA1,-1.0,3.10609167979974e-32,
YBR042C,CST26,-1.0,8.82395100151102e-35,
YBR051W,,-1.0,0.224709249980374,
YBR126C,TPS1,1.0,3.75257855109863e-57,
YBR126W-B,,1.0,0.264473345666472,
YBR200W,BEM1,1.0,1.06753767597831e-85,
YBR203W,COS111,1.0,7.66082416922355e-20,
YBR227C,MCX1,1.0,2.09199871967921e-127,
YBR239C,ERT1,1.0,3.24499192791841e-25,
YBR264C,YPT10,1.0,8.28785225651472e-27,
YBR283C,SSH1,-1.0,2.84940138267297e-103,
YCL050C,APA1,-1.0,2.93567779316457e-45,
YCL056C,PEX34,1.0,5.10562406859628e-18,
YCL057C-A,,-1.0,2.93271161066419e-30,
YCR002C,CDC10,1.0,7.08352324418069e-122,
YCR015C,CTO1,1.0,2.4131238454781e-25,
YCR023C,,1.0,1.46894120423208e-64,
YCR064C,,1.0,0.298658663047914,
YCR066W,RAD18,1.0,6.81035321391185e-26,
YCR072C,RSA4,-1.0,2.09421037066174e-60,
YCR088W,ABP1,1.0,1.45962369783099e-192,
YCR093W,CDC39,-1.0,1.95306018867559e-137,
YDL064W,UBC9,-1.0,2.45757234801551e-41,
YDL067C,COX9,1.0,1.47403640739346e-85,
YDL072C,YET3,1.0,2.06667776152219e-43,
YDL134C,PPH21,-1.0,2.38240331672538e-115,
YDL142C,CRD1,1.0,4.87782289896583e-33,
YDL164C,CDC9,-1.0,4.18839834197605e-80,
YDR003W-A,,-1.0,0.000755436799708617,
YDR014W,RAD61,1.0,7.89173518377456e-22,
YDR046C,BAP3,1.0,1.27740052767019e-57,
YDR049W,VMS1,1.0,1.22410393848698e-93,
YDR065W,RRG1,-1.0,5.65745059939445e-25,
YDR076W,RAD55,1.0,1.03793428163342e-25,
YDR098C-B,,-1.0,3.17419329321781e-08,
YDR106W,ARP10,1.0,9.48087389476722e-05,
YDR108W,TRS85,1.0,3.00917195529472e-48,
YDR154C,,1.0,0.051587157472719,
YDR156W,RPA14,1.0,1.38334174172544e-28,
YDR162C,NBP2,1.0,2.20332399124411e-57,
YDR175C,RSM24,-1.0,1.93039907845913e-79,
YDR179W-A,NVJ3,1.0,5.1249724783257e-26,
YDR182W-A,,1.0,0.000295496190772179,
YDR190C,RVB1,-1.0,2.63666129209536e-79,
YDR191W,HST4,1.0,2.85451439667551e-27,
YDR195W,REF2,-1.0,5.31136201275221e-43,
YDR222W,,-1.0,8.80665399072964e-30,
YDR224C,HTB1,-1.0,3.41396524828967e-144,
YDR254W,CHL4,-1.0,2.2633710432882e-22,
YDR279W,RNH202,-1.0,3.45156035755394e-27,
YDR287W,INM2,1.0,7.86652038612867e-38,
YDR321W,ASP1,-1.0,1.2563261423788e-52,
YDR375C,BCS1,-1.0,2.95238688298557e-90,
YDR403W,DIT1,1.0,1.72678365948023e-10,
YDR405W,MRP20,-1.0,6.22364571482745e-57,
YDR532C,KRE28,1.0,2.47478957929502e-35,
YEL049W,PAU2,-1.0,0.000780017722055158,
YEL050W-A,,-1.0,0.104540459273809,
YER025W,GCD11,-1.0,7.12509721913661e-44,
YER047C,SAP1,1.0,9.88501559997524e-72,
YER054C,GIP2,1.0,6.69227418728631e-15,
YER055C,HIS1,1.0,4.58163070191657e-230,
YER065C,ICL1,1.0,1.71622030065249e-26,
YER165W,PAB1,-1.0,1.23290434880201e-126,
YER184C,TOG1,1.0,2.8548884204631e-13,
YER186C,,-1.0,8.26756790812341e-39,
YFL001W,DEG1,-1.0,6.31704870239554e-78,
YFL013C,IES1,1.0,3.05414203322661e-54,
YFR011C,,-1.0,0.00581959000499721,
YFR021W,ATG18,1.0,3.098344227557e-59,
YFR027W,ECO1,1.0,1.06411071947808e-29,
YFR032C-B,,-1.0,0.00121397764711815,
YFR052C-A,,-1.0,0.0862666434382424,
YGL016W,KAP122,-1.0,2.18830451276414e-76,
YGL032C,AGA2,1.0,1.19786073475859e-27,
YGL054C,ERV14,-1.0,3.29009347497479e-41,
YGL126W,SCS3,-1.0,1.18457975409359e-43,
YGL174W,BUD13,1.0,2.39873961103321e-26,
YGL181W,GTS1,1.0,3.35210966001488e-88,
YGL232W,TAN1,-1.0,2.45312894817811e-31,
YGL250W,RMR1,1.0,2.04092139294735e-20,
YGR003W,CUL3,1.0,4.87191618188561e-60,
YGR014W,MSB2,-1.0,1.84999305410563e-88,
YGR035C,,1.0,9.496944182262e-15,
YGR041W,BUD9,-1.0,6.61382613698715e-61,
YGR091W,PRP31,-1.0,1.19711087098271e-38,
YGR138C,TPO2,1.0,1.07947777196291e-31,
YGR150C,CCM1,-1.0,3.05428535370765e-90,
YGR153W,,1.0,5.75348617775537e-13,
YGR161C-D,,-1.0,1.42143219023557e-05,
YGR165W,MRPS35,-1.0,3.43025932516422e-38,
YGR250C,RIE1,1.0,4.38000367535152e-48,
YGR258C,RAD2,1.0,4.14142687003196e-59,
YHR014W,SPO13,1.0,6.91066402921804e-08,
YHR049W,FSH1,-1.0,1.71875237164299e-44,
YHR098C,SFB3,-1.0,5.46988124231388e-152,
YHR099W,TRA1,-1.0,7.59973162221021e-101,
YHR133C,NSG1,-1.0,1.90636881869013e-82,
YHR134W,WSS1,1.0,4.86355485635233e-27,
YHR153C,SPO16,-1.0,2.79478446615598e-06,
YHR165W-A,,1.0,0.334189902715147,
YHR211W,FLO5,-1.0,1.40655026336544e-41,
YHR214C-E,,1.0,0.248768795891072,
YIL096C,BMT5,-1.0,1.75932084852782e-14,
YIL101C,XBP1,1.0,1.61105660905468e-14,
YIL103W,DPH1,-1.0,2.07806851238248e-53,
YIL106W,MOB1,1.0,7.91174715243176e-45,
YIL108W,,1.0,5.23942392468468e-42,
YIL135C,VHS2,1.0,2.61353898969465e-69,
YIL136W,OM45,1.0,3.25403450399074e-43,
YIL138C,TPM2,1.0,3.03587331972816e-70,
YIL140W,AXL2,1.0,7.02161251457713e-41,
YIL163C,,-1.0,3.00090949696725e-09,
YIL170W,HXT12,-1.0,0.000147923736683603,
YJL006C,CTK2,1.0,1.59673456422717e-35,
YJL036W,SNX4,1.0,7.12562827072371e-57,
YJL045W,,1.0,3.57359439544486e-17,
YJL054W,TIM54,-1.0,7.80931903904594e-131,
YJL080C,SCP160,-1.0,1.15920443557075e-212,
YJL103C,GSM1,-1.0,4.76035281356684e-19,
YJL184W,GON7,1.0,3.65644307491695e-59,
YJR036C,HUL4,1.0,3.77120609833472e-14,
YJR112W,NNF1,1.0,3.25540532791726e-29,
YJR137C,MET5,-1.0,0.0,
YKL012W,PRP40,1.0,2.86804643985785e-83,
YKL040C,NFU1,1.0,5.10356069151469e-64,
YKL046C,DCW1,-1.0,6.09394498645934e-80,
YKL058W,TOA2,-1.0,1.39170549107209e-36,
YKL065C,YET1,1.0,1.58650401277715e-80,
YKL113C,RAD27,-1.0,4.09458777399425e-34,
YKL148C,SDH1,-1.0,2.10985173779949e-22,
YKL165C,MCD4,-1.0,7.5275951785907e-74,
YKL181W,PRS1,-1.0,1.23027174162817e-91,
YKL193C,SDS22,1.0,3.34215803491817e-40,
YKR018C,,-1.0,5.89831189342586e-27,
YKR048C,NAP1,1.0,2.14154259787397e-39,
YKR070W,,-1.0,2.417544645819e-44,
YKR100C,SKG1,1.0,9.98425996816144e-91,
YKR105C,VBA5,-1.0,5.57503648736903e-10,
YLL012W,YEH1,-1.0,6.4055588225011e-116,
YLL026W,HSP104,-1.0,1.17734239391478e-11,
YLL027W,ISA1,1.0,1.54711262368389e-88,
YLL035W,GRC3,1.0,1.98955688970003e-63,
YLL058W,,1.0,1.57410156486256e-40,
YLR031W,,1.0,3.43313341625905e-07,
YLR077W,FMP25,-1.0,5.40193674799168e-65,
YLR123C,,-1.0,0.0900355318531735,
YLR169W,,1.0,3.08076911184563e-07,
YLR251W,SYM1,1.0,4.18264243491636e-13,
YLR270W,DCS1,1.0,1.40963611795359e-50,
YLR299W,ECM38,-1.0,1.4090101004441e-29,
YLR337C,VRP1,1.0,5.70406105984073e-37,
YLR370C,ARC18,1.0,1.10921180156513e-82,
YLR379W,,-1.0,1.91597442906473e-14,
YLR381W,CTF3,-1.0,2.96281061919699e-42,
YLR436C,ECM30,-1.0,4.37359307685142e-91,
YML004C,GLO1,1.0,1.58725149582419e-79,
YML028W,TSA1,-1.0,0.0,
YML041C,VPS71,1.0,3.15618980483658e-32,
YML061C,PIF1,-1.0,4.84626198789112e-28,
YML075C,HMG1,-1.0,3.77595251474537e-194,
YML081C-A,ATP18,-1.0,6.85280733120215e-47,
YML106W,URA5,-1.0,8.73913688097084e-178,
YML109W,ZDS2,-1.0,2.67247191277295e-67,
YML113W,DAT1,1.0,5.7852557778179e-54,
YMR009W,ADI1,1.0,1.03290674236005e-78,
YMR073C,IRC21,1.0,2.69537848206047e-22,
YMR075C-A,,-1.0,0.217079171325973,
YMR109W,MYO5,-1.0,2.69443572047232e-99,
YMR153W,NUP53,1.0,8.03790882165474e-84,
YMR164C,MSS11,1.0,7.55544679632925e-38,
YMR179W,SPT21,-1.0,1.30258937393507e-46,
YMR182W-A,,-1.0,0.0315460991243416,
YMR187C,,1.0,9.7150885246578e-28,
YMR191W,SPG5,1.0,8.50980007563222e-56,
YMR202W,ERG2,-1.0,2.89487712769706e-237,
YMR206W,,-1.0,0.000610404323409695,
YMR272C,SCS7,1.0,9.79399673356701e-34,
YMR277W,FCP1,-1.0,8.08684340772787e-136,
YMR289W,ABZ2,1.0,4.31103290065837e-75,
YMR313C,TGL3,1.0,1.01054703843767e-47,
YMR320W,,-1.0,0.00020572069601265,
YMR324C,,-1.0,0.325185570161712,
YNL049C,SFB2,1.0,4.16450017881893e-122,
YNL102W,POL1,-1.0,1.57261997042008e-59,
YNL103W,MET4,1.0,1.74274654293941e-107,
YNL132W,KRE33,-1.0,7.75191092048825e-100,
YNL140C,,-1.0,0.317141798023744,
YNL144C,,-1.0,6.14688216628584e-19,
YNL227C,JJJ1,1.0,4.42112193946108e-35,
YNL239W,LAP3,1.0,8.90912064097085e-119,
YNL262W,POL2,-1.0,2.12840735901339e-63,
YNL283C,WSC2,-1.0,1.06740640441386e-78,
YNL291C,MID1,-1.0,6.28119924567808e-55,
YNL313C,EMW1,1.0,4.31348104328798e-127,
YNL316C,PHA2,1.0,9.6568845260139e-56,
YNL335W,DDI3,-1.0,0.0105980177042169,
YNR012W,URK1,-1.0,1.13176894320793e-56,
YNR027W,BUD17,1.0,1.95768311960875e-56,
YNR059W,MNT4,-1.0,3.32183497579782e-20,
YOL023W,IFM1,-1.0,8.15121719042064e-55,
YOL048C,RRT8,1.0,2.49886329071435e-28,
YOL052C,SPE2,-1.0,1.77951701097158e-93,
YOL087C,DUF1,-1.0,1.74731902714294e-69,
YOL139C,CDC33,-1.0,4.23609239622528e-50,
YOR026W,BUB3,-1.0,1.26149421020113e-33,
YOR034C-A,,1.0,0.0583606900847378,
YOR034C,AKR2,-1.0,1.52133278628893e-38,
YOR037W,CYC2,1.0,4.90591716300902e-42,
YOR101W,RAS1,-1.0,1.20147319266566e-94,
YOR108W,LEU9,-1.0,1.62526689597051e-190,
YOR137C,SIA1,1.0,1.64355052466429e-21,
YOR142W,LSC1,-1.0,3.5480480804472e-158,
YOR157C,PUP1,-1.0,1.98318131922908e-42,
YOR171C,LCB4,1.0,4.15184427232227e-126,
YOR245C,DGA1,1.0,1.30792427058678e-46,
YOR251C,TUM1,-1.0,2.33511781423689e-71,
YOR286W,RDL2,-1.0,5.42108304658762e-70,
YOR320C,GNT1,-1.0,8.11685903723857e-85,
YOR345C,,-1.0,0.255864774684789,
YOR353C,SOG2,1.0,1.1503946091168e-71,
YOR366W,,1.0,0.295983015389593,
YOR386W,PHR1,1.0,1.1969863666818e-17,
YPL037C,EGD1,-1.0,9.78202452137054e-197,
YPL070W,MUK1,1.0,2.01253772769497e-51,
YPL078C,ATP4,-1.0,7.68204756047581e-31,
YPL108W,,1.0,4.06777231011314e-28,
YPL125W,KAP120,-1.0,4.74307202800526e-59,
YPL133C,RDS2,-1.0,1.61703175931329e-24,
YPL152W-A,,-1.0,0.244179870727007,
YPL173W,MRPL40,-1.0,3.10434126341499e-107,
YPL231W,FAS2,-1.0,5.78148107431284e-63,
YPL241C,CIN2,1.0,9.07980996259183e-27,
YPR002W,PDH1,1.0,6.27844750428304e-41,
YPR010C,RPA135,-1.0,1.45874860794322e-62,
YPR014C,,-1.0,0.000144433892391238,
YPR023C,EAF3,-1.0,2.64644947499213e-38,
YPR034W,ARP7,-1.0,1.53125583100381e-57,
YPR051W,MAK3,-1.0,0.000112636618419496,
YPR086W,SUA7,1.0,6.99089316054898e-125,
YPR152C,URN1,1.0,1.7872484838423e-30,
YPR188C,MLC2,1.0,6.28327072526388e-50,
snR4,,-0.9,8.12082573185599e-17,
snR45,,-0.9,0.0380116338533965,
snR60,,-0.9,0.184174317539217,
snR64,,-0.9,0.183060393886452,
snR68,,-0.9,0.107784313453132,
YAL013W,DEP1,0.9,3.7444516438543e-79,
YAL036C,RBG1,-0.9,6.32705209828203e-32,
YAL045C,,0.9,0.361654894942777,
YAR008W,SEN34,-0.9,1.96182754830668e-25,
YBL008W,HIR1,-0.9,5.25800019895811e-49,
YBL020W,RFT1,-0.9,6.1524921936128e-83,
YBL055C,,-0.9,4.89185057703986e-52,
YBR034C,HMT1,-0.9,9.85632087533247e-158,
YBR043C,QDR3,0.9,6.13991816644933e-32,
YBR076W,ECM8,0.9,0.0046537117320144,
YBR091C,TIM12,-0.9,3.27599260468417e-17,
YBR104W,YMC2,0.9,5.77805900583185e-91,
YBR144C,,-0.9,0.0783812598835042,
YBR153W,RIB7,0.9,3.54313440911252e-33,
YBR220C,,-0.9,2.26984098028512e-51,
YBR222C,PCS60,0.9,5.58339019071227e-73,
YBR235W,VHC1,-0.9,2.20503677576122e-33,
YBR251W,MRPS5,-0.9,1.81258541618544e-43,
YBR252W,DUT1,-0.9,1.85507168662434e-70,
YBR260C,RGD1,0.9,6.00524734079967e-53,
YBR281C,DUG2,-0.9,2.01000896075882e-31,
YBR292C,,-0.9,0.106499839922288,
YCL002C,,-0.9,6.3567399587902e-35,
YCL028W,RNQ1,0.9,1.10159789276137e-96,
YCL052C,PBN1,0.9,3.06067816044217e-66,
YCL057W,PRD1,-0.9,3.17676633275982e-18,
YCR095W-A,,-0.9,0.00167847842342946,
YDL013W,SLX5,0.9,5.24273494105023e-50,
YDL018C,ERP3,-0.9,1.53551779684563e-27,
YDL028C,MPS1,0.9,1.15732861200578e-63,
YDL047W,SIT4,-0.9,1.86438476521205e-126,
YDL057W,,0.9,8.78413418436496e-17,
YDL085C-A,,0.9,1.94769450555108e-50,
YDL087C,LUC7,0.9,1.15363317467809e-19,
YDL106C,PHO2,0.9,6.99236173378567e-24,
YDL156W,CMR1,-0.9,1.94093519608722e-19,
YDL221W,,-0.9,0.000319008311800643,
YDL223C,HBT1,0.9,7.5695757041886e-31,
YDL225W,SHS1,0.9,1.95330067119603e-79,
YDL238C,GUD1,0.9,6.17680185756318e-09,
YDL244W,THI13,-0.9,0.00155451281929087,
YDR021W,FAL1,0.9,1.37493025287612e-29,
YDR022C,,0.9,1.39286173422778e-20,
YDR029W,,0.9,0.000232280483994207,
YDR030C,RAD28,0.9,2.25773912019451e-12,
YDR079C-A,TFB5,-0.9,8.64888682320531e-05,
YDR098C,GRX3,0.9,5.22645236323477e-104,
YDR148C,KGD2,-0.9,4.87887551692642e-69,
YDR150W,NUM1,-0.9,7.34319163623534e-33,
YDR167W,TAF10,0.9,1.23457623727523e-70,
YDR170C,SEC7,-0.9,3.75759716560542e-49,
YDR186C,SND1,0.9,6.29066876695116e-107,
YDR202C,RAV2,0.9,3.41461825448035e-26,
YDR212W,TCP1,-0.9,1.12943176654573e-22,
YDR236C,FMN1,0.9,7.14357903680752e-31,
YDR237W,MRPL7,-0.9,2.18777396290309e-81,
YDR243C,PRP28,0.9,1.02267233073433e-27,
YDR256C,CTA1,-0.9,3.00752594324586e-26,
YDR261C-D,,-0.9,0.00123693508675215,
YDR301W,CFT1,0.9,2.4976504352663e-68,
YDR310C,SUM1,-0.9,3.69987085648124e-35,
YDR320C,SWA2,0.9,2.95515656855551e-44,
YDR328C,SKP1,0.9,2.64165276311252e-31,
YDR362C,TFC6,-0.9,3.53081938372527e-47,
YDR365W-B,,-0.9,0.046038324041621,
YDR423C,CAD1,0.9,4.15606556913865e-21,
YDR429C,TIF35,-0.9,6.63703355838377e-62,
YDR433W,,0.9,0.00576619175180155,
YDR435C,PPM1,0.9,2.43924447904612e-26,
YDR452W,PPN1,0.9,3.9953789617985e-126,
YDR472W,TRS31,0.9,5.06006850291311e-27,
YDR487C,RIB3,0.9,1.66348491558456e-110,
YDR512C,EMI1,0.9,5.9665213981852e-23,
YDR516C,EMI2,0.9,1.95339541432723e-16,
YDR527W,RBA50,0.9,3.85493246108372e-32,
YDR538W,PAD1,0.9,0.000610194018881391,
YEL007W,MIT1,-0.9,1.36514539620435e-89,
YEL027W,VMA3,-0.9,4.56491650591803e-84,
YEL037C,RAD23,-0.9,6.99241713581313e-09,
YEL050C,RML2,-0.9,9.84358885265034e-25,
YEL065W,SIT1,-0.9,3.19520949347657e-09,
YEL072W,RMD6,-0.9,1.45902971554913e-14,
YER010C,,0.9,1.66991687366829e-56,
YER019W,ISC1,-0.9,7.31623723581657e-48,
YER048C,CAJ1,0.9,1.02543314606593e-68,
YER052C,HOM3,-0.9,0.0,
YER077C,MRX1,0.9,7.77767521987676e-41,
YER095W,RAD51,-0.9,2.22919356515473e-44,
YER107C,GLE2,-0.9,1.0881356385137e-42,
YER113C,TMN3,-0.9,2.44060043918118e-50,
YER123W,YCK3,0.9,3.6027419087236e-60,
YER132C,PMD1,0.9,8.10511804113684e-46,
YER137C,,0.9,0.00136237131032174,
YER148W,SPT15,-0.9,1.76988417523513e-55,
YFL003C,MSH4,0.9,3.61694756157672e-08,
YFL040W,,-0.9,8.00002163597824e-05,
YFL044C,OTU1,-0.9,3.57061626408415e-20,
YFR010W-A,,0.9,0.30011980441268,
YFR012W-A,,-0.9,0.173701918311098,
YFR018C,,-0.9,3.65941543024294e-54,
YFR045W,,0.9,1.77402328373158e-30,
YGL006W,PMC1,-0.9,3.81739706199988e-42,
YGL085W,LCL3,0.9,2.10372246843571e-24,
YGL110C,CUE3,0.9,5.78738614503758e-46,
YGL124C,MON1,0.9,5.48989290420257e-42,
YGL168W,HUR1,-0.9,0.06435757708379,
YGL173C,XRN1,-0.9,5.03916530727622e-105,
YGL223C,COG1,0.9,2.03949089645149e-43,
YGL235W,,0.9,0.315050888800445,
YGL260W,,-0.9,0.378474903256044,
YGR013W,SNU71,0.9,4.65449290824586e-68,
YGR054W,,-0.9,2.46322169238017e-194,
YGR058W,PEF1,0.9,2.48390280779544e-35,
YGR061C,ADE6,-0.9,1.37765662666448e-142,
YGR075C,PRP38,0.9,3.36951096102298e-16,
YGR087C,PDC6,0.9,7.33377062821816e-07,
YGR100W,MDR1,0.9,2.5384120241861e-79,
YGR107W,,0.9,0.0227798760575937,
YGR121C,MEP1,-0.9,2.86096123939402e-34,
YGR122C-A,,0.9,0.00421052819709796,
YGR126W,,0.9,0.000150959215239973,
YGR146C,ECL1,0.9,4.90951469476886e-23,
YGR156W,PTI1,0.9,3.28994695019393e-32,
YGR199W,PMT6,-0.9,5.70575572142789e-76,
YGR204C-A,,0.9,0.246935999998324,
YGR261C,APL6,0.9,5.19381665395577e-95,
YGR279C,SCW4,-0.9,3.13640797341063e-53,
YGR295C,COS6,-0.9,5.71535271123562e-64,
YHL024W,RIM4,0.9,6.44558230133644e-24,
YHL044W,,0.9,0.000419326739752141,
YHR001W,OSH7,0.9,2.49147803191735e-82,
YHR007C,ERG11,-0.9,1.14173450021932e-123,
YHR023W,MYO1,0.9,9.41437729033474e-42,
YHR036W,BRL1,-0.9,1.8733653845394e-24,
YHR041C,SRB2,-0.9,1.55575352131665e-36,
YHR052W,CIC1,-0.9,1.07805683846043e-42,
YHR061C,GIC1,-0.9,3.57870844513064e-13,
YHR064C,SSZ1,-0.9,1.43440392124779e-60,
YHR072W,ERG7,0.9,3.84288156542191e-89,
YHR075C,PPE1,0.9,1.022217411415e-16,
YHR103W,SBE22,-0.9,1.34314017553081e-69,
YHR156C,LIN1,0.9,1.32008342072768e-21,
YHR176W,FMO1,-0.9,1.73975535696265e-27,
YIL014C-A,,0.9,2.04013791923134e-29,
YIL017C,VID28,0.9,4.19525265110424e-26,
YIL048W,NEO1,-0.9,2.78424498269714e-66,
YIL061C,SNP1,0.9,3.81631801836737e-34,
YIL062C,ARC15,0.9,8.98467034295264e-43,
YIL086C,,0.9,0.162845260573394,
YIL102C-A,,0.9,4.88833109374263e-08,
YIR021W,MRS1,-0.9,2.82131650615348e-10,
YIR040C,,-0.9,0.135858572298355,
YJL015C,,-0.9,0.377775033153118,
YJL124C,LSM1,-0.9,5.46529353880805e-50,
YJL130C,URA2,0.9,3.05003177918819e-32,
YJL172W,CPS1,0.9,4.62437259306722e-28,
YJL207C,LAA1,-0.9,1.85903684975121e-63,
YJR001W,AVT1,-0.9,2.03211764253778e-103,
YJR088C,EMC2,0.9,2.73287560397355e-19,
YJR091C,JSN1,0.9,1.03326872888995e-70,
YJR094C,IME1,0.9,2.37017262250258e-06,
YJR132W,NMD5,-0.9,3.97524927634434e-39,
YJR139C,HOM6,-0.9,7.97241682473652e-79,
YJR156C,THI11,-0.9,0.000668309021392195,
YJR160C,MPH3,-0.9,0.00784016938163546,
YKL066W,,0.9,0.0018660946946794,
YKL075C,,0.9,4.06303472890959e-36,
YKL091C,,-0.9,1.03560692326061e-15,
YKL096W,CWP1,0.9,2.13322699805219e-15,
YKL106C-A,,-0.9,0.263060974269627,
YKL110C,KTI12,0.9,4.07595749079779e-85,
YKL194C,MST1,-0.9,1.07196407703726e-39,
YKL201C,MNN4,-0.9,3.70272873379878e-44,
YKR010C,TOF2,-0.9,1.67779066904314e-30,
YKR019C,IRS4,0.9,3.35781865897838e-24,
YKR068C,BET3,0.9,9.89974563889505e-60,
YKR077W,MSA2,0.9,9.94696065720991e-22,
YLL018C-A,COX19,-0.9,3.03802157176125e-11,
YLL018C,DPS1,0.9,1.78173782480128e-51,
YLL029W,FRA1,0.9,2.94016283737619e-89,
YLL042C,ATG10,-0.9,6.81480141229313e-11,
YLL049W,LDB18,-0.9,2.83708056137468e-27,
YLL051C,FRE6,0.9,8.02342964037084e-33,
YLR017W,MEU1,-0.9,2.50008438146891e-123,
YLR024C,UBR2,-0.9,1.84970342396037e-15,
YLR042C,,0.9,1.14951668601044e-19,
YLR073C,RFU1,-0.9,2.74879425771831e-20,
YLR144C,ACF2,0.9,4.10143350932216e-43,
YLR158C,ASP3-3,-0.9,0.378301013174485,
YLR175W,CBF5,-0.9,5.37342247591527e-134,
YLR191W,PEX13,0.9,6.05324589235001e-31,
YLR206W,ENT2,0.9,1.97361935743711e-130,
YLR226W,BUR2,0.9,2.39266726341923e-34,
YLR271W,CMG1,0.9,2.23217887262071e-13,
YLR298C,YHC1,0.9,1.07200765938143e-41,
YLR363C,NMD4,0.9,1.49531009099057e-19,
YLR365W,,-0.9,0.0942708339177355,
YLR374C,,0.9,0.337713048310769,
YLR384C,IKI3,-0.9,5.83527056511103e-64,
YLR386W,VAC14,-0.9,2.39506351995373e-47,
YLR390W-A,CCW14,0.9,6.54855508178789e-84,
YLR413W,INA1,-0.9,2.22317403973109e-27,
YLR428C,,0.9,0.290388064497266,
YLR443W,ECM7,0.9,1.07337661158628e-33,
YLR466C-B,,-0.9,0.14660485567206,
YML005W,TRM12,0.9,9.89794879634438e-29,
YML012W,ERV25,-0.9,1.90569246101826e-30,
YML077W,BET5,-0.9,1.13203306071777e-33,
YML082W,,-0.9,1.13800752449911e-77,
YML088W,UFO1,-0.9,1.16508523165376e-28,
YML090W,,0.9,0.00753664095872032,
YML117W,NAB6,0.9,4.10775235674679e-102,
YMR008C,PLB1,0.9,3.66483112320306e-56,
YMR010W,ANY1,-0.9,6.03148652309599e-63,
YMR021C,MAC1,0.9,2.58127042594108e-23,
YMR053C,STB2,0.9,1.77666631714705e-11,
YMR070W,MOT3,0.9,2.16998841919762e-14,
YMR077C,VPS20,0.9,4.01846307952005e-29,
YMR083W,ADH3,-0.9,1.11618385562284e-186,
YMR131C,RRB1,-0.9,1.75828203464812e-93,
YMR141C,,-0.9,0.00019240599354292,
YMR166C,MME1,-0.9,3.67060908264724e-37,
YMR240C,CUS1,0.9,3.7958952646124e-41,
YMR270C,RRN9,0.9,2.45353205532168e-33,
YMR286W,MRPL33,-0.9,2.17513198052582e-27,
YNL007C,SIS1,-0.9,1.67256415633462e-17,
YNL029C,KTR5,-0.9,1.9415838376509e-18,
YNL042W,BOP3,-0.9,1.38046929290042e-27,
YNL063W,MTQ1,-0.9,2.35063398708511e-17,
YNL066W,SUN4,-0.9,6.33667499638846e-100,
YNL087W,TCB2,-0.9,1.71602148752613e-63,
YNL092W,,0.9,2.89007594938517e-06,
YNL104C,LEU4,0.9,6.32075848329044e-235,
YNL107W,YAF9,0.9,6.64522358446724e-38,
YNL127W,FAR11,0.9,2.20738577525299e-32,
YNL129W,NRK1,0.9,4.02449653616029e-53,
YNL151C,RPC31,-0.9,8.6664441217217e-37,
YNL155W,CUZ1,-0.9,3.40007061617378e-08,
YNL203C,,-0.9,0.119650718090551,
YNL223W,ATG4,0.9,1.60304101896545e-16,
YNL230C,ELA1,-0.9,6.93858504080399e-10,
YNL236W,SIN4,0.9,7.81800103655112e-61,
YNL260C,LTO1,0.9,2.42665141219227e-19,
YNL266W,,0.9,0.370709622747356,
YNL294C,RIM21,0.9,3.07527951339077e-65,
YNL305C,BXI1,0.9,5.13774241916332e-65,
YNL309W,STB1,0.9,1.48244167887325e-29,
YNL327W,EGT2,-0.9,4.92181520467369e-144,
YNR007C,ATG3,0.9,5.35059843075832e-28,
YNR047W,FPK1,0.9,1.8357989617255e-30,
YNR054C,ESF2,0.9,4.9030478758819e-51,
YNR062C,,-0.9,1.70006398808086e-10,
YOL032W,OPI10,0.9,7.87471388791263e-28,
YOL070C,NBA1,0.9,1.56460672865178e-63,
YOL086W-A,MHF1,0.9,6.29268734901801e-26,
YOL109W,ZEO1,-0.9,8.66418674353383e-42,
YOL112W,MSB4,0.9,2.68487957114185e-46,
YOL147C,PEX11,-0.9,6.97293301262273e-78,
YOR019W,,0.9,3.3870196906978e-14,
YOR033C,EXO1,-0.9,4.34605210382919e-39,
YOR089C,VPS21,0.9,3.09782868603972e-60,
YOR127W,RGA1,0.9,1.80217667090513e-60,
YOR142W-B,,-0.9,0.265855557751116,
YOR147W,MDM32,0.9,3.80795650890518e-52,
YOR185C,GSP2,0.9,4.20992748112764e-14,
YOR255W,OSW1,0.9,0.214861188009311,
YOR267C,HRK1,0.9,1.22191001458065e-49,
YOR273C,TPO4,-0.9,1.16353307123349e-59,
YOR282W,,0.9,0.284340844547155,
YOR295W,UAF30,0.9,4.3214953863684e-26,
YOR367W,SCP1,0.9,2.02750332133481e-38,
YOR372C,NDD1,0.9,9.15869291565531e-43,
YOR385W,,0.9,3.18136083065342e-28,
YPL052W,OAZ1,0.9,1.55283106189608e-39,
YPL063W,TIM50,-0.9,6.55353404443115e-15,
YPL065W,VPS28,0.9,5.13048045838989e-30,
YPL086C,ELP3,-0.9,1.33569177908591e-46,
YPL094C,SEC62,-0.9,5.70271586930487e-121,
YPL100W,ATG21,0.9,3.03121479624863e-53,
YPL104W,MSD1,-0.9,3.85508092199901e-43,
YPL110C,GDE1,0.9,4.04246823518851e-59,
YPL113C,,0.9,1.17750282368932e-09,
YPL152W,RRD2,0.9,6.17604817122929e-26,
YPL156C,PRM4,0.9,2.97754618444971e-13,
YPL213W,LEA1,0.9,5.0525010379658e-34,
YPL217C,BMS1,-0.9,5.44456855312682e-54,
YPL234C,VMA11,-0.9,4.15709101339358e-153,
YPL256C,CLN2,-0.9,7.30926322265314e-99,
YPL260W,CUB1,0.9,6.67884528122056e-101,
YPR036W,VMA13,0.9,3.32527601924766e-160,
YPR054W,SMK1,-0.9,4.10439292250634e-21,
YPR055W,SEC8,0.9,1.47047427285052e-50,
YPR100W,MRPL51,-0.9,0.00015226262593253,
YPR101W,SNT309,0.9,8.13042307069701e-50,
YPR133C,SPN1,0.9,7.43757434551788e-55,
YPR179C,HDA3,0.9,5.9914855478885e-47,
YPR197C,,0.9,0.31289126277272,
YPR203W,,-0.9,0.372003346673788,
snR189,,-0.8,0.224614229131837,
tD(GUC)N,,0.8,0.145245300050841,
tD(GUC)O,,-0.8,0.424190583375925,
tG(GCC)E,,-0.8,0.445064116027429,
tI(UAU)D,,0.8,0.340571832046831,
tN(GUU)F,,0.8,0.376480153361188,
tS(CGA)C,SUP61,-0.8,0.401309218143248,
YAL020C,ATS1,-0.8,1.16451656359336e-16,
YAL035W,FUN12,-0.8,5.80728981082787e-31,
YAR018C,KIN3,0.8,4.05703143294286e-35,
YAR066W,,-0.8,0.171764240696829,
YAR073W,IMD1,-0.8,9.25910914542824e-06,
YBL005W,PDR3,0.8,8.45672113013284e-29,
YBL029W,,0.8,1.02023135194544e-19,
YBL060W,YEL1,0.8,1.53171742837129e-29,
YBL080C,PET112,-0.8,9.4214223630215e-19,
YBR008C,FLR1,-0.8,1.21959552834049e-36,
YBR011C,IPP1,-0.8,3.39476410940342e-24,
YBR039W,ATP3,-0.8,4.40179704242826e-40,
YBR063C,,0.8,7.95329439218194e-16,
YBR068C,BAP2,0.8,1.92793240045821e-09,
YBR086C,IST2,-0.8,1.84951277965421e-132,
YBR093C,PHO5,-0.8,1.22608109660716e-05,
YBR094W,PBY1,-0.8,1.68022305713873e-17,
YBR113W,,0.8,0.00266236713060943,
YBR125C,PTC4,-0.8,3.84651897360115e-39,
YBR131W,CCZ1,0.8,1.86432048104604e-21,
YBR149W,ARA1,0.8,1.21162715196936e-42,
YBR154C,RPB5,-0.8,2.38111799781477e-27,
YBR157C,ICS2,0.8,2.40015812494847e-13,
YBR160W,CDC28,0.8,3.93671299880512e-49,
YBR162W-A,YSY6,0.8,2.77132901712896e-21,
YBR171W,SEC66,0.8,9.1471495589504e-69,
YBR195C,MSI1,-0.8,1.27947284974892e-25,
YBR197C,,0.8,8.41699898556989e-29,
YBR234C,ARC40,-0.8,3.18463757646699e-53,
YBR236C,ABD1,0.8,6.83728864174952e-53,
YBR268W,MRPL37,-0.8,2.79446687358576e-14,
YBR273C,UBX7,0.8,1.05209385354625e-52,
YCL001W-A,,-0.8,0.0428594455088068,
YCL012C,,-0.8,8.93860837894112e-09,
YCL031C,RRP7,0.8,5.66346072661484e-62,
YCL032W,STE50,0.8,4.20769093760491e-44,
YCL039W,GID7,0.8,3.8622092065171e-30,
YCR007C,,0.8,9.43917705462833e-11,
YCR026C,NPP1,0.8,1.93759751288962e-53,
YCR043C,,-0.8,5.059073759241e-23,
YCR049C,,0.8,0.431375653045037,
YCR053W,THR4,0.8,4.0695767281292e-193,
YCR079W,PTC6,0.8,2.94818909784058e-26,
YCR086W,CSM1,0.8,1.42915077267521e-17,
YDL007C-A,,0.8,0.366417863404074,
YDL009C,,-0.8,0.028475790069456,
YDL045C,FAD1,0.8,2.71031283251827e-29,
YDL052C,SLC1,-0.8,1.30636666590176e-50,
YDL058W,USO1,-0.8,2.83079789592099e-48,
YDL063C,SYO1,-0.8,3.94354600971699e-31,
YDL068W,,0.8,0.295288802278856,
YDL096C,OPI6,0.8,0.408340675731318,
YDL097C,RPN6,-0.8,9.94426948198326e-34,
YDL145C,COP1,-0.8,2.16351519031337e-106,
YDL147W,RPN5,0.8,3.84755047400186e-30,
YDL150W,RPC53,-0.8,2.54314353504807e-28,
YDL159W-A,,-0.8,0.258111046244441,
YDL175C,AIR2,0.8,1.42770087421252e-37,
YDL177C,,0.8,2.35643523901541e-24,
YDL204W,RTN2,0.8,6.14721822619628e-18,
YDL224C,WHI4,0.8,1.06664086392367e-49,
YDL228C,,-0.8,0.373214647955383,
YDL233W,MFG1,0.8,1.50305961663787e-20,
YDR051C,DET1,0.8,2.17402570220053e-31,
YDR146C,SWI5,0.8,3.12915849467965e-51,
YDR166C,SEC5,0.8,1.58685705219877e-41,
YDR168W,CDC37,0.8,3.21528710479548e-24,
YDR215C,,-0.8,0.182463913039483,
YDR221W,GTB1,0.8,6.06930849961536e-39,
YDR261C,EXG2,-0.8,1.1812761633136e-49,
YDR266C,HEL2,0.8,6.4492105933775e-71,
YDR280W,RRP45,-0.8,6.8903909162915e-43,
YDR291W,HRQ1,-0.8,3.69800544322554e-30,
YDR311W,TFB1,0.8,8.73611878286697e-47,
YDR322W,MRPL35,-0.8,4.38140603518317e-44,
YDR329C,PEX3,0.8,6.51043605290917e-53,
YDR366C,,-0.8,0.0813289191685125,
YDR379W,RGA2,0.8,3.52909713134096e-46,
YDR430C,CYM1,-0.8,7.07400972118361e-38,
YDR460W,TFB3,0.8,6.8617481673565e-31,
YDR465C,RMT2,-0.8,2.82313087068652e-17,
YDR477W,SNF1,0.8,1.74608550410393e-61,
YDR485C,VPS72,0.8,2.37666894021537e-61,
YDR511W,SDH7,-0.8,4.66695610954719e-26,
YEL001C,IRC22,0.8,1.30290129881183e-42,
YEL015W,EDC3,0.8,1.30103007241359e-113,
YEL024W,RIP1,-0.8,4.57684880866442e-47,
YEL038W,UTR4,0.8,1.18265012950082e-20,
YEL058W,PCM1,0.8,1.83919426085728e-39,
YEL059C-A,SOM1,0.8,4.12097539261878e-07,
YEL069C,HXT13,0.8,0.0934387282199547,
YER015W,FAA2,-0.8,2.762476603056e-16,
YER017C,AFG3,-0.8,1.79958249209275e-64,
YER026C,CHO1,-0.8,1.55299927740399e-39,
YER044C-A,MEI4,0.8,0.000158730028052764,
YER059W,PCL6,-0.8,6.50235014974144e-27,
YER068W,MOT2,0.8,6.80881134392306e-36,
YER100W,UBC6,0.8,7.68793897853922e-81,
YER106W,MAM1,0.8,0.020261668373795,
YER166W,DNF1,-0.8,1.79016641634899e-56,
YER172C,BRR2,-0.8,8.51322637410751e-56,
YER180C-A,SLO1,-0.8,7.92816791870662e-06,
YFL005W,SEC4,0.8,2.08650407985438e-38,
YFL028C,CAF16,0.8,2.92513636144394e-82,
YFL033C,RIM15,0.8,7.16512601276432e-26,
YFR015C,GSY1,0.8,3.88757223134414e-15,
YGL001C,ERG26,0.8,2.23558916786465e-93,
YGL062W,PYC1,0.8,9.78873228642786e-168,
YGL113W,SLD3,-0.8,2.33030597378389e-21,
YGL149W,,0.8,0.0233535480521496,
YGL159W,,0.8,6.02178257339591e-26,
YGL179C,TOS3,-0.8,4.05085185386084e-13,
YGL180W,ATG1,0.8,5.86901203681231e-32,
YGL194C-A,,-0.8,8.25250810096073e-09,
YGL205W,POX1,-0.8,8.89577783741408e-06,
YGL208W,SIP2,-0.8,1.30052879348193e-15,
YGL229C,SAP4,0.8,8.06390059192544e-16,
YGL244W,RTF1,0.8,6.25843006983598e-111,
YGL258W,VEL1,-0.8,0.00312968234939707,
YGR015C,,0.8,4.06419334218882e-19,
YGR019W,UGA1,0.8,4.1394398159505e-55,
YGR120C,COG2,0.8,1.7320121342632e-17,
YGR144W,THI4,0.8,4.61566968311486e-07,
YGR164W,,-0.8,0.378036613360221,
YGR171C,MSM1,-0.8,5.68682642153623e-32,
YGR182C,,-0.8,0.00319571598663973,
YGR196C,FYV8,0.8,8.16617855888193e-59,
YGR209C,TRX2,-0.8,4.12158441668346e-61,
YGR221C,TOS2,-0.8,2.82788274448634e-20,
YGR234W,YHB1,-0.8,3.27750560920693e-98,
YGR244C,LSC2,0.8,6.59445044202427e-39,
YGR267C,FOL2,0.8,2.27996244074056e-48,
YGR275W,RTT102,0.8,2.32578273048328e-33,
YHL019C,APM2,-0.8,6.72274621114769e-18,
YHR013C,ARD1,-0.8,1.95933180618381e-34,
YHR079C,IRE1,-0.8,2.32575251100229e-38,
YHR101C,BIG1,0.8,5.73956772507196e-19,
YHR111W,UBA4,0.8,1.96464548649603e-38,
YHR114W,BZZ1,0.8,7.27545378812324e-63,
YHR149C,SKG6,-0.8,1.58875227742572e-62,
YHR151C,MTC6,0.8,3.79762605556671e-38,
YHR175W,CTR2,-0.8,4.39075666722046e-29,
YHR182C-A,,0.8,0.439088850168413,
YHR191C,CTF8,0.8,4.77275222018017e-19,
YHR193C,EGD2,-0.8,1.12114577371296e-48,
YHR214W,,-0.8,0.0489461305591638,
YHR215W,PHO12,-0.8,3.46447718697614e-06,
YIL007C,NAS2,0.8,7.24812711479061e-21,
YIL011W,TIR3,0.8,2.02339602628755e-21,
YIL015W,BAR1,0.8,2.16921382440924e-20,
YIL063C,YRB2,0.8,1.04974478915651e-63,
YIL066C,RNR3,0.8,3.56551710395413e-05,
YIL113W,SDP1,0.8,5.14994637318358e-05,
YIL122W,POG1,0.8,4.71831138820313e-13,
YIL128W,MET18,0.8,4.32086177648193e-62,
YIL129C,TAO3,-0.8,4.50430139133872e-55,
YIL134W,FLX1,-0.8,6.86978972384654e-20,
YIL137C,TMA108,0.8,6.11350880960008e-65,
YIR025W,MND2,0.8,8.14209529026102e-22,
YIR032C,DAL3,0.8,1.0937262885944e-05,
YIR036W-A,,0.8,0.388574139269407,
YJL073W,JEM1,-0.8,6.4407422515675e-25,
YJL095W,BCK1,-0.8,5.63281577385296e-23,
YJL098W,SAP185,-0.8,9.32315649239351e-43,
YJL133W,MRS3,-0.8,2.20119129314635e-49,
YJL137C,GLG2,0.8,7.75523475354859e-19,
YJL171C,TOH1,0.8,5.03908208364984e-44,
YJL193W,,-0.8,2.65237523226817e-22,
YJL200C,ACO2,-0.8,7.86604947474883e-33,
YJL211C,,0.8,0.0204911427344737,
YJR057W,CDC8,0.8,3.14076395954001e-25,
YJR063W,RPA12,-0.8,1.45972776091029e-46,
YJR103W,URA8,0.8,4.33103851153202e-52,
YJR105W,ADO1,-0.8,4.30556604552116e-48,
YJR125C,ENT3,0.8,6.40272141592905e-24,
YKL025C,PAN3,0.8,4.52311129782863e-58,
YKL029C,MAE1,-0.8,1.47540749688059e-107,
YKL032C,IXR1,0.8,3.06442788142803e-26,
YKL044W,MMO1,0.8,3.7000609165336e-17,
YKL045W,PRI2,-0.8,3.64241758404082e-36,
YKL121W,DGR2,0.8,2.85452999906259e-26,
YKL171W,NNK1,-0.8,1.15816078278827e-29,
YKL178C,STE3,0.8,6.13793158070638e-05,
YKL186C,MTR2,0.8,8.22458114509491e-71,
YKL198C,PTK1,-0.8,3.07544229324168e-28,
YKL204W,EAP1,0.8,5.37663366732905e-82,
YKR016W,,0.8,6.38579675779906e-63,
YKR020W,VPS51,0.8,6.04714554477642e-20,
YKR063C,LAS1,0.8,1.53993749822462e-34,
YKR071C,DRE2,-0.8,2.33626599465693e-206,
YKR092C,SRP40,-0.8,6.43045836321651e-31,
YKR106W,GEX2,-0.8,7.976015896487e-06,
YLL016W,SDC25,0.8,1.20354558683623e-23,
YLL020C,,0.8,0.370609284583044,
YLL039C,UBI4,0.8,8.67837497918764e-51,
YLL053C,,-0.8,7.07985511923494e-05,
YLR008C,PAM18,-0.8,3.81409852146635e-38,
YLR014C,PPR1,-0.8,6.50435108500315e-37,
YLR022C,SDO1,-0.8,2.54518615667131e-32,
YLR040C,AFB1,0.8,3.68620317634826e-08,
YLR049C,,-0.8,1.06686744429596e-45,
YLR054C,OSW2,0.8,0.000140498249936825,
YLR083C,EMP70,-0.8,1.45469583664823e-93,
YLR104W,LCL2,0.8,5.81733716025613e-31,
YLR107W,REX3,0.8,1.22943348910504e-33,
YLR136C,TIS11,-0.8,1.06412178229695e-05,
YLR163C,MAS1,0.8,1.66071446019685e-50,
YLR164W,SHH4,0.8,1.01515130045376e-06,
YLR166C,SEC10,0.8,1.10502799387847e-45,
YLR197W,NOP56,-0.8,3.03736190247262e-70,
YLR200W,YKE2,0.8,4.77912761101347e-43,
YLR203C,MSS51,-0.8,1.69180662091986e-81,
YLR210W,CLB4,-0.8,4.4812299713312e-22,
YLR222C,UTP13,-0.8,3.41719516144282e-81,
YLR233C,EST1,-0.8,1.34304490897683e-19,
YLR234W,TOP3,-0.8,3.22642605521159e-09,
YLR254C,NDL1,0.8,4.1289510416542e-15,
YLR292C,SEC72,0.8,1.07594347436533e-29,
YLR306W,UBC12,0.8,1.21650042877878e-14,
YLR318W,EST2,0.8,9.6520093115025e-21,
YLR369W,SSQ1,0.8,1.04569370549294e-42,
YLR378C,SEC61,-0.8,2.70334175615809e-95,
YLR399C,BDF1,-0.8,1.6073824173502e-88,
YLR458W,,-0.8,0.377299876301409,
YML003W,,0.8,5.21990112276274e-07,
YML008C,ERG6,-0.8,2.76301545053953e-116,
YML011C,RAD33,0.8,3.24654834780597e-18,
YML046W,PRP39,-0.8,2.5463119463158e-31,
YML098W,TAF13,0.8,1.42339546808869e-36,
YML099W-A,,-0.8,0.240716529676929,
YML128C,MSC1,0.8,1.36089389019905e-15,
YMR014W,BUD22,0.8,1.02636567894336e-73,
YMR049C,ERB1,-0.8,6.57580277711574e-43,
YMR067C,UBX4,-0.8,7.74148264836033e-28,
YMR071C,TVP18,-0.8,2.71037753159725e-13,
YMR088C,VBA1,-0.8,7.46970455470979e-54,
YMR092C,AIP1,0.8,4.0724489161987e-114,
YMR122C,,-0.8,9.25518180186373e-06,
YMR151W,YIM2,0.8,0.0364864599497169,
YMR152W,YIM1,0.8,2.14604902505251e-52,
YMR157C,AIM36,-0.8,4.42858127763849e-28,
YMR177W,MMT1,-0.8,1.61159028016217e-28,
YMR180C,CTL1,0.8,3.94118732939968e-12,
YMR193W,MRPL24,-0.8,1.75587876949804e-35,
YMR226C,,0.8,1.62779572359121e-98,
YMR229C,RRP5,-0.8,1.07633779752642e-39,
YMR237W,BCH1,-0.8,9.02925161357533e-40,
YMR268C,PRP24,0.8,4.4271922940688e-19,
YMR279C,,0.8,2.57370257943508e-07,
YMR291W,TDA1,-0.8,5.28257892775989e-19,
YMR294W,JNM1,0.8,2.40424350784055e-33,
YMR302C,YME2,0.8,6.21690905760793e-90,
YNL014W,HEF3,0.8,1.79994158191944e-10,
YNL019C,,-0.8,0.0858013564820668,
YNL027W,CRZ1,0.8,2.95809231994949e-40,
YNL034W,,0.8,0.0518415234660588,
YNL035C,,-0.8,1.33616640491019e-35,
YNL169C,PSD1,-0.8,1.97908469447823e-33,
YNL183C,NPR1,0.8,1.01846079196305e-79,
YNL191W,DUG3,-0.8,9.58985500015369e-29,
YNL211C,MRX7,-0.8,4.94327592515885e-10,
YNL226W,,0.8,0.36772667197486,
YNL242W,ATG2,0.8,3.20008080113077e-27,
YNL250W,RAD50,0.8,1.18455001327604e-21,
YNL252C,MRPL17,-0.8,1.50147737002851e-50,
YNL268W,LYP1,-0.8,6.05510335352029e-81,
YNL277W,MET2,-0.8,2.11725860498062e-45,
YNL281W,HCH1,-0.8,8.27893568832385e-43,
YNL287W,SEC21,-0.8,1.76561486068124e-54,
YNL314W,DAL82,0.8,1.636200069713e-22,
YNL329C,PEX6,-0.8,2.66258408297293e-49,
YNL336W,COS1,-0.8,4.30951017145696e-07,
YNL337W,,-0.8,0.455022116877973,
YNR021W,,-0.8,8.68288493977543e-58,
YNR033W,ABZ1,-0.8,2.13307486342495e-60,
YNR052C,POP2,0.8,3.50395051037678e-44,
YNR053C,NOG2,-0.8,6.34514599155412e-72,
YNR072W,HXT17,0.8,0.185721861697692,
YOL002C,IZH2,-0.8,8.51493015506642e-41,
YOL038W,PRE6,-0.8,3.25542664449584e-14,
YOL044W,PEX15,0.8,3.99077291069525e-23,
YOL135C,MED7,0.8,7.2964754112234e-30,
YOL155C,HPF1,-0.8,5.0762873158508e-51,
YOL160W,,0.8,0.0422926811204606,
YOR015W,,-0.8,0.000217166819952746,
YOR032C,HMS1,0.8,1.12073030990315e-05,
YOR056C,NOB1,-0.8,7.95586467869658e-57,
YOR057W,SGT1,0.8,5.0762485469317e-55,
YOR069W,VPS5,0.8,4.16529518934594e-45,
YOR083W,WHI5,-0.8,2.71752171685997e-11,
YOR097C,,0.8,8.35888878814704e-22,
YOR145C,PNO1,-0.8,2.22399074096733e-29,
YOR164C,GET4,0.8,1.87426982546184e-43,
YOR197W,MCA1,-0.8,8.6259805773023e-41,
YOR216C,RUD3,0.8,5.09970788034162e-68,
YOR220W,RCN2,0.8,7.44650442002052e-23,
YOR223W,DSC3,0.8,1.33037165622782e-24,
YOR232W,MGE1,-0.8,1.44917041467642e-25,
YOR236W,DFR1,0.8,1.06169819840041e-34,
YOR238W,,0.8,1.11432422622241e-21,
YOR252W,TMA16,-0.8,1.26057415665677e-52,
YOR261C,RPN8,-0.8,1.02673579346423e-17,
YOR274W,MOD5,0.8,1.8321916624986e-35,
YOR285W,RDL1,-0.8,1.21895016378846e-48,
YOR298C-A,MBF1,-0.8,5.30849890724208e-52,
YOR356W,CIR2,0.8,5.30676656668219e-47,
YOR359W,VTS1,-0.8,4.43576689179435e-31,
YPL017C,IRC15,0.8,5.70107863902735e-11,
YPL032C,SVL3,-0.8,1.84662395400868e-100,
YPL042C,SSN3,-0.8,6.27738328265907e-32,
YPL072W,UBP16,-0.8,7.77835405839298e-13,
YPL091W,GLR1,-0.8,1.45133352890538e-117,
YPL103C,FMP30,-0.8,3.34770161474965e-27,
YPL117C,IDI1,0.8,1.2605259836366e-98,
YPL158C,AIM44,-0.8,5.77954370849357e-28,
YPL174C,NIP100,0.8,6.19628915597142e-23,
YPL183C,RTT10,-0.8,4.4832753196953e-54,
YPL205C,,0.8,0.0912534629946947,
YPL245W,,-0.8,2.09269757915843e-21,
YPL269W,KAR9,0.8,1.39304328446351e-16,
YPR004C,AIM45,-0.8,1.04315131763513e-122,
YPR028W,YOP1,-0.8,3.99575128669519e-140,
YPR041W,TIF5,-0.8,6.97733409406504e-124,
YPR072W,NOT5,0.8,1.15068521420865e-51,
YPR074C,TKL1,-0.8,0.0,
YPR085C,ASA1,0.8,6.37961439854724e-24,
YPR135W,CTF4,-0.8,2.46080003177728e-34,
YPR149W,NCE102,-0.8,1.73247972601872e-27,
YPR154W,PIN3,0.8,1.23627859235251e-20,
YPR163C,TIF3,-0.8,4.9090531940463e-192,
YPR172W,,0.8,3.80166678105505e-31,
YPR178W,PRP4,0.8,9.72354587263768e-25,
YPR181C,SEC23,-0.8,5.18715708295022e-167,
YPR192W,AQY1,0.8,1.17560685017967e-06,
snR73,,-0.7,0.512210133501111,
tF(GAA)M,,-0.7,0.498082585116494,
tF(GAA)N,,-0.7,0.379564982952612,
tG(GCC)P1,,-0.7,0.514329437960917,
tH(GUG)E1,,-0.7,0.543214259197858,
tK(UUU)G2,,-0.7,0.515101977243946,
tL(CAA)A,SUP56,-0.7,0.540830303604032,
tL(CAA)M,,-0.7,0.503442129128292,
tL(UAA)B1,,0.7,0.514101829663278,
tL(UAA)N,,-0.7,0.517860063521605,
tS(GCU)O,,-0.7,0.543029645544393,
tV(AAC)E2,,-0.7,0.513379458288406,
tV(AAC)G2,,-0.7,0.320444636295186,
tV(AAC)J,,0.7,0.510091245915199,
tW(CCA)G1,,-0.7,0.547321783783652,
tW(CCA)P,,-0.7,0.343138477586981,
YAL008W,FUN14,0.7,7.55148061073074e-19,
YAL009W,SPO7,0.7,2.78621017120967e-20,
YAL010C,MDM10,0.7,4.11418613695772e-19,
YAL034C,FUN19,0.7,2.68828029700538e-13,
YAL037W,,-0.7,1.5064493211003e-10,
YAL039C,CYC3,-0.7,1.6060446184865e-35,
YAL040C,CLN3,-0.7,3.49672426328063e-39,
YAL041W,CDC24,0.7,6.32223005579442e-54,
YAL042W,ERV46,-0.7,1.39470432321901e-79,
YAL049C,AIM2,0.7,6.5522965706735e-14,
YAL063C,FLO9,-0.7,0.00182909124641156,
YAR029W,,0.7,0.0185783710467219,
YAR042W,SWH1,-0.7,7.90627185013655e-42,
YAR068W,,-0.7,0.0198948593673461,
YBL012C,,-0.7,0.0835723348833923,
YBL044W,,-0.7,0.315742578451346,
YBL067C,UBP13,-0.7,3.31102470707549e-15,
YBL071C,,0.7,3.99457307973684e-05,
YBR001C,NTH2,0.7,9.98051722630837e-17,
YBR052C,RFS1,-0.7,1.7083055224446e-30,
YBR056W-A,,0.7,0.30765966940361,
YBR058C-A,TSC3,-0.7,1.38744894367339e-10,
YBR059C,AKL1,0.7,9.0131872660749e-57,
YBR072C-A,,0.7,0.268775805543115,
YBR073W,RDH54,0.7,1.11780306201177e-29,
YBR074W,,0.7,7.41577899460899e-10,
YBR088C,POL30,-0.7,0.000187123816875454,
YBR135W,CKS1,-0.7,2.33489573569538e-21,
YBR140C,IRA1,-0.7,2.66164115910584e-34,
YBR158W,AMN1,-0.7,5.03068039848029e-106,
YBR162C,TOS1,-0.7,1.69738750724071e-82,
YBR172C,SMY2,-0.7,1.47290701100234e-57,
YBR174C,,0.7,0.481060545670442,
YBR192W,RIM2,-0.7,1.46380647328415e-32,
YBR193C,MED8,0.7,4.3272218091128e-18,
YBR194W,AIM4,0.7,1.27556317503721e-10,
YBR205W,KTR3,-0.7,3.23458381833886e-08,
YBR233W-A,DAD3,-0.7,1.90371616723492e-12,
YBR242W,,0.7,1.91782485432661e-20,
YBR270C,BIT2,-0.7,2.92817885339592e-11,
YBR272C,HSM3,0.7,2.40083439064033e-18,
YBR282W,MRPL27,-0.7,1.32011477496032e-26,
YBR297W,MAL33,-0.7,1.02247288689056e-07,
YBR299W,MAL32,-0.7,0.000231958320370372,
YCL008C,STP22,0.7,9.63690242581258e-18,
YCR025C,,0.7,0.00160442157949774,
YCR027C,RHB1,0.7,2.14351024426053e-13,
YCR037C,PHO87,-0.7,5.32913179764242e-40,
YCR042C,TAF2,0.7,6.67968024207507e-43,
YCR048W,ARE1,-0.7,5.48840035143372e-20,
YCR052W,RSC6,0.7,9.34062452033927e-38,
YCR063W,BUD31,0.7,0.00122766277080266,
YCR067C,SED4,-0.7,2.91951103444671e-64,
YCR091W,KIN82,0.7,8.69118428684925e-12,
YCR098C,GIT1,-0.7,1.40330804370722e-05,
YDL029W,ARP2,-0.7,2.32557800731344e-32,
YDL043C,PRP11,0.7,7.63896147583463e-17,
YDL045W-A,MRP10,-0.7,1.21742662612695e-20,
YDL090C,RAM1,0.7,7.16438176599305e-21,
YDL091C,UBX3,0.7,1.73637200706272e-22,
YDL107W,MSS2,-0.7,6.27915970517855e-13,
YDL146W,LDB17,-0.7,6.51320887417153e-12,
YDL158C,,-0.7,0.200621416076612,
YDL161W,ENT1,0.7,4.30736193198528e-81,
YDL165W,CDC36,0.7,2.12125690459012e-25,
YDL174C,DLD1,-0.7,1.95991274471156e-31,
YDL185W,VMA1,-0.7,4.29926559654464e-212,
YDL190C,UFD2,0.7,3.64895810361623e-55,
YDL201W,TRM8,-0.7,4.40412102158234e-25,
YDL222C,FMP45,0.7,0.000142651595797079,
YDR017C,KCS1,-0.7,1.17729994010266e-51,
YDR048C,,0.7,0.499151317413717,
YDR071C,PAA1,-0.7,2.12654790284468e-19,
YDR121W,DPB4,0.7,3.1300272032666e-14,
YDR135C,YCF1,-0.7,3.99522658078994e-118,
YDR140W,MTQ2,0.7,1.20285639478857e-19,
YDR193W,,-0.7,0.509792815133449,
YDR208W,MSS4,0.7,6.9947718116475e-35,
YDR216W,ADR1,0.7,7.35707594433454e-08,
YDR218C,SPR28,0.7,0.00327629782353814,
YDR241W,BUD26,0.7,0.0136491137192361,
YDR268W,MSW1,-0.7,2.97238876605289e-11,
YDR278C,,-0.7,0.517969269765616,
YDR300C,PRO1,-0.7,1.45131572486876e-65,
YDR322C-A,TIM11,-0.7,3.06311923272468e-20,
YDR324C,UTP4,-0.7,7.46763907547774e-19,
YDR337W,MRPS28,-0.7,2.98060507396728e-48,
YDR356W,SPC110,-0.7,1.10236304725047e-23,
YDR364C,CDC40,-0.7,1.13382685899235e-24,
YDR369C,XRS2,0.7,1.06683419111803e-13,
YDR390C,UBA2,0.7,9.63938605082543e-52,
YDR394W,RPT3,-0.7,1.90487692399265e-11,
YDR406W-A,,-0.7,0.512406778767315,
YDR410C,STE14,-0.7,2.72154442978407e-25,
YDR451C,YHP1,-0.7,6.55884339857854e-16,
YDR454C,GUK1,-0.7,3.27614237155669e-35,
YDR457W,TOM1,-0.7,2.88565885810928e-25,
YDR466W,PKH3,0.7,2.67526078516374e-32,
YDR468C,TLG1,0.7,3.32873753593336e-20,
YDR480W,DIG2,0.7,7.12798433830093e-19,
YDR504C,SPG3,-0.7,4.70879615072288e-08,
YDR509W,,0.7,0.484980695142891,
YDR517W,GRH1,-0.7,1.69558591837731e-16,
YDR520C,URC2,0.7,4.05107152475505e-20,
YDR525W,API2,-0.7,0.29403483045475,
YDR541C,,-0.7,6.16196414935258e-19,
YEL011W,GLC3,0.7,2.26550915389915e-11,
YEL020C-B,,-0.7,0.513691676023575,
YEL048C,TCA17,-0.7,6.14045672283455e-05,
YEL056W,HAT2,0.7,7.75641874522441e-39,
