gene_id,gene_symbol,log2fc,pvalue,padj
ENSG00000263503,MAPK8IP1P2,-23.1,0.00613402959179577,
ENSG00000280683,LINC01242,-21.8,0.062828360921023,
ENSG00000198744,MTCO3P12,-20.9,,
ENSG00000118113,MMP8,10.0,8.38041931778982e-08,
ENSG00000137869,CYP19A1,9.3,0.000157405572268537,
ENSG00000102837,OLFM4,9.1,8.40026345156656e-06,
ENSG00000163710,PCOLCE2,9.0,0.000157405572268537,
ENSG00000227292,,8.2,0.0019745406015627,
ENSG00000204936,CD177,7.8,3.24397326683028e-05,
ENSG00000275063,,-7.6,0.0581529830012407,
ENSG00000227770,RPL7P12,7.4,0.00634410492126133,
ENSG00000289445,,7.4,0.0536653838544335,
ENSG00000126890,CTAG2,7.2,,
ENSG00000253931,,7.2,0.0103330646849045,
ENSG00000104918,RETN,7.1,5.19957915698441e-06,
ENSG00000237609,LINC02943,7.1,0.00421699512720329,
ENSG00000269228,RPS27AP19,7.1,0.00335930513948683,
ENSG00000157150,TIMP4,7.0,0.0319280678833174,
ENSG00000156140,ADAMTS3,6.8,0.00153224238675836,
ENSG00000003137,CYP26B1,6.7,0.174106989025297,
ENSG00000242986,RPL21P99,6.7,0.129356942980609,
ENSG00000289605,,-6.7,,
ENSG00000227790,SPECC1P1,-6.6,0.0520248682682188,
ENSG00000255998,LINC02824,-6.5,0.0148643907592141,
ENSG00000262539,,-6.5,0.176757108097555,
ENSG00000240950,RPL8P3,6.4,0.0664403607463328,
ENSG00000124092,CTCFL,6.3,0.0361295761319026,
ENSG00000275954,TBC1D3F,6.3,0.151359555823655,
ENSG00000287088,,-6.2,,
ENSG00000009950,MLXIPL,6.1,,
ENSG00000137675,MMP27,6.1,,
ENSG00000182013,PNMA8A,-6.1,,
ENSG00000231158,PTP4A1P1,6.1,0.0851606549591159,
ENSG00000288266,,6.1,0.025744458429882,
ENSG00000163958,ZDHHC19,6.0,0.00188258270798305,
ENSG00000228219,NPM1P30,-6.0,0.0736949292141921,
ENSG00000283537,,-6.0,0.0528537713371386,
ENSG00000139572,GPR84,5.9,0.000271849041077619,
ENSG00000148346,LCN2,5.9,0.000465164495677614,
ENSG00000163081,CCDC140,5.9,0.0074033924839653,
ENSG00000163221,S100A12,5.9,1.7697389939047e-05,
ENSG00000167680,SEMA6B,5.9,0.00134780722743746,
ENSG00000184566,,5.9,6.21201953145849e-05,
ENSG00000273006,,5.9,0.00992919091527527,
ENSG00000207797,MIR187,5.8,,
ENSG00000232837,LINC01700,5.8,0.0808901862212554,
ENSG00000249881,,5.8,0.0736949292141921,
ENSG00000261628,,-5.8,0.0140467800854126,
ENSG00000267453,CLEC4OP,-5.8,0.0478817531861153,
ENSG00000267797,NRBF2P1,5.8,,
ENSG00000269711,,5.8,0.00340054157993695,
ENSG00000275649,,-5.8,0.0763558679098231,
ENSG00000124097,HMGB1P1,5.7,0.0316553213049283,
ENSG00000176046,NUPR1,5.7,0.000730604214372517,
ENSG00000186583,SPATC1,5.7,6.38729568038748e-05,
ENSG00000230731,LINC02938,-5.7,,
ENSG00000274441,,5.7,0.0135553134002115,
ENSG00000288658,RNF228,5.7,0.0111349729012409,
ENSG00000095627,TDRD1,-5.6,0.000465164495677614,
ENSG00000183019,MCEMP1,5.6,6.21052253688598e-05,
ENSG00000235888,LINC02940,5.6,0.0129728471367929,
ENSG00000249173,LINC01093,5.6,0.00793147479570137,
ENSG00000254338,MAFA-AS1,5.6,0.0411441438641683,
ENSG00000259447,,5.6,0.0298540749905528,
ENSG00000271495,,5.6,0.0103085365611449,
ENSG00000285630,,5.6,,
ENSG00000288767,,5.6,0.0270618618821957,
ENSG00000145864,GABRB2,-5.5,,
ENSG00000159189,C1QC,5.5,6.38729568038748e-05,
ENSG00000176771,NCKAP5,-5.5,,
ENSG00000201186,RNU4-33P,5.5,,
ENSG00000222335,Y_RNA,5.5,0.00827704984279059,
ENSG00000224038,,-5.5,,
ENSG00000258100,LINC02823,-5.5,,
ENSG00000277350,,-5.5,,
ENSG00000284600,,-5.5,,
ENSG00000152766,ANKRD22,5.4,0.00270780364850149,
ENSG00000163873,GRIK3,-5.4,,
ENSG00000254602,MIR130AHG,5.4,0.025956924503123,
ENSG00000263926,MIR4462,-5.4,,
ENSG00000289197,,5.4,0.021834995162667,
ENSG00000034239,CLXN,-5.3,,
ENSG00000206172,HBA1,-5.3,,
ENSG00000229858,,5.3,0.0231422249288147,
ENSG00000265641,MIR3929,5.3,,
ENSG00000271475,,5.3,,
ENSG00000272595,OR10AH1P,-5.3,0.0435134601400681,
ENSG00000286530,,-5.3,,
ENSG00000288717,,-5.3,,
ENSG00000289692,,5.3,,
ENSG00000143546,S100A8,5.2,6.21052253688598e-05,
ENSG00000163638,ADAMTS9,5.2,,
ENSG00000257017,HP,5.2,0.000389058013976326,
ENSG00000265531,FCGR1CP,5.2,6.38729568038748e-05,
ENSG00000281655,,5.2,,
ENSG00000284715,,5.2,0.00823060916025644,
ENSG00000164485,IL22RA2,5.1,,
ENSG00000177138,FAM9B,-5.1,,
ENSG00000183578,TNFAIP8L3,5.1,0.0279054176088107,
ENSG00000197506,SLC28A3,5.1,0.00127582904260265,
ENSG00000204791,SMPD5,5.1,0.00017236991994381,
ENSG00000227258,SMIM2-AS1,-5.1,0.0335406529403076,
ENSG00000253677,UBE2HP1,5.1,,
ENSG00000276386,CNTNAP3P2,-5.1,0.190983390770809,
ENSG00000284092,MIR5703,5.1,0.0335406529403076,
ENSG00000287927,,5.1,0.141768106533108,
ENSG00000228861,RPL23AP12,5.0,,
ENSG00000229278,,5.0,0.033707385170275,
ENSG00000265702,,-5.0,,
ENSG00000266265,KLF14,5.0,0.0122396133321178,
ENSG00000286619,PM20D1-AS1,-5.0,0.0468207441710653,
ENSG00000289735,,5.0,,
ENSG00000289995,,-5.0,,
ENSG00000101331,CCM2L,4.9,0.000465164495677614,
ENSG00000110436,SLC1A2,4.9,0.00576298966908679,
ENSG00000133101,CCNA1,4.9,0.041754907136315,
ENSG00000173369,C1QB,4.9,0.000709366200174116,
ENSG00000205439,KRTAP12-3,-4.9,,
ENSG00000224822,THRB-IT1,-4.9,0.0773345109192287,
ENSG00000226398,,4.9,,
ENSG00000229559,,-4.9,0.00254373645638549,
ENSG00000230847,OCLNP1,4.9,0.0619494971699431,
ENSG00000239519,CADM2-AS1,-4.9,,
ENSG00000241627,UBQLN4P1,4.9,0.0275816365815558,
ENSG00000250053,RARRES2P4,-4.9,,
ENSG00000260265,LINC02562,-4.9,,
ENSG00000078114,NEBL,-4.8,0.0649853947916011,
ENSG00000106178,CCL24,4.8,,
ENSG00000137491,SLCO2B1,4.8,0.0122894151791676,
ENSG00000170439,TMT1B,4.8,0.0129728471367929,
ENSG00000175967,LINC02880,4.8,,
ENSG00000187766,KRTAP10-8,-4.8,,
ENSG00000227920,,-4.8,0.00648023127396772,
ENSG00000234571,H2BP2,4.8,0.000465164495677614,
ENSG00000235940,MTND1P21,-4.8,,
ENSG00000236783,RPS15AP27,-4.8,,
ENSG00000236975,LINC02814,4.8,,
ENSG00000238212,LINC02096,4.8,,
ENSG00000243915,THAP12P2,-4.8,,
ENSG00000253642,,-4.8,,
ENSG00000269540,,-4.8,,
ENSG00000287134,,4.8,,
ENSG00000287883,,4.8,0.00234894533166848,
ENSG00000064655,EYA2,-4.7,,
ENSG00000079215,SLC1A3,4.7,0.0025263289521724,
ENSG00000117525,F3,4.7,0.00297583449192362,
ENSG00000131126,TEX101,-4.7,,
ENSG00000188536,HBA2,-4.7,,
ENSG00000212295,SNORD28B,-4.7,,
ENSG00000215454,KRTAP10-4,-4.7,,
ENSG00000220586,TUBBP9,4.7,,
ENSG00000225496,RTRAFP1,4.7,0.0204951676954598,
ENSG00000226031,FGF13-AS1,4.7,0.0240829513268096,
ENSG00000226644,LINC03086,4.7,,
ENSG00000226798,,-4.7,,
ENSG00000229673,,-4.7,,
ENSG00000250042,LINC02514,-4.7,,
ENSG00000254396,,-4.7,0.0577990773472672,
ENSG00000256777,PDCL3P7,4.7,0.0230924003624557,
ENSG00000258907,PSMB3P1,4.7,0.0301400822632161,
ENSG00000259786,LINC02109,-4.7,,
ENSG00000260027,HOXB7,-4.7,,
ENSG00000277876,,4.7,,
ENSG00000281990,IGHV1-69-2,-4.7,0.273672461561206,
ENSG00000286694,,-4.7,,
ENSG00000012223,LTF,4.6,0.0191520254474035,
ENSG00000135903,PAX3,4.6,,
ENSG00000136160,EDNRB,4.6,0.0110270080606243,
ENSG00000145451,GLRA3,-4.6,,
ENSG00000159166,LAD1,4.6,,
ENSG00000165186,PTCHD1,-4.6,0.0323839773326253,
ENSG00000165202,OR1Q1,-4.6,,
ENSG00000173239,LIPM,4.6,0.0207443399091451,
ENSG00000225972,MTND1P23,-4.6,0.553050393347054,
ENSG00000232277,SLC30A6P1,4.6,0.0469486806269366,
ENSG00000243478,AOX2P,-4.6,,
ENSG00000248642,OR10J2P,-4.6,,
ENSG00000259440,NPM1P43,-4.6,,
ENSG00000266180,MIR4282,-4.6,,
ENSG00000271522,,4.6,0.0323374325755567,
ENSG00000277636,MIR8061,4.6,,
ENSG00000279764,,-4.6,,
ENSG00000285843,SCYGR9,4.6,0.0570187063443122,
ENSG00000286959,,-4.6,,
ENSG00000288696,,-4.6,,
ENSG00000102271,KLHL4,-4.5,,
ENSG00000103175,WFDC1,4.5,0.107996864039476,
ENSG00000112852,PCDHB2,-4.5,,
ENSG00000126251,GPR42,4.5,0.0110270080606243,
ENSG00000146399,TAAR1,4.5,0.0421529964779944,
ENSG00000154654,NCAM2,-4.5,,
ENSG00000166920,C15orf48,4.5,0.00148732362216816,
ENSG00000168913,ENHO,-4.5,0.0789792900867331,
ENSG00000188000,OR7D2,-4.5,,
ENSG00000204455,TRIM51BP,-4.5,,
ENSG00000240361,OR4G11P,4.5,,
ENSG00000249631,,-4.5,,
ENSG00000254182,,4.5,0.0883625965639823,
ENSG00000258981,COX5AP2,4.5,0.0581529830012407,
ENSG00000267206,LCN6,-4.5,,
ENSG00000267659,LINC01482,4.5,0.0357696097358082,
ENSG00000272396,,4.5,0.0390234524544187,
ENSG00000280114,,-4.5,,
ENSG00000280276,,4.5,0.00992919091527527,
ENSG00000286642,,-4.5,,
ENSG00000287495,,-4.5,,
ENSG00000289830,,-4.5,0.00599147637614915,
ENSG00000021852,C8B,4.4,,
ENSG00000133687,TMTC1,4.4,0.0752332355260003,
ENSG00000145384,FABP2,4.4,0.0624268808991305,
ENSG00000159387,IRX6,-4.4,,
ENSG00000171505,OR1N1,-4.4,,
ENSG00000179420,OR6W1P,4.4,0.054197276403969,
ENSG00000186451,SPATA12,4.4,,
ENSG00000214128,TMEM213,-4.4,,
ENSG00000215846,MPTX1,-4.4,,
ENSG00000226239,,4.4,0.00195651697833421,
ENSG00000229986,,4.4,,
ENSG00000231901,,4.4,0.0562789238994905,
ENSG00000232692,,4.4,0.0811088531968363,
ENSG00000234998,,4.4,0.0319280678833174,
ENSG00000236712,,4.4,0.153402504246962,
ENSG00000237057,LINC02087,-4.4,,
ENSG00000237706,TRIM51EP,-4.4,,
ENSG00000239792,CDRT15P5,-4.4,,
ENSG00000240776,RPS10P4,-4.4,0.0697240541572374,
ENSG00000248673,LINC01331,-4.4,,
ENSG00000253505,LINC02949,4.4,0.0150858555016972,
ENSG00000262500,MAPK8IP1P1,-4.4,0.463145766629719,
ENSG00000266102,,4.4,,
ENSG00000266692,,4.4,,
ENSG00000275431,,-4.4,0.0748863724328005,
ENSG00000280360,,-4.4,,
ENSG00000286904,,4.4,0.0424062722366461,
ENSG00000287561,,4.4,0.0385480558414797,
ENSG00000289052,,4.4,,
ENSG00000002726,AOC1,4.3,0.108595431152853,
ENSG00000104901,DKKL1,-4.3,,
ENSG00000131459,GFPT2,-4.3,0.0452024596761875,
ENSG00000132170,PPARG,4.3,0.0024395953744266,
ENSG00000138772,ANXA3,4.3,0.000730604214372517,
ENSG00000150337,FCGR1A,4.3,0.000633468407742819,
ENSG00000166265,CYYR1,4.3,0.0210817832329698,
ENSG00000168594,ADAM29,-4.3,0.0756440762958946,
ENSG00000185897,FFAR3,4.3,0.0174679208471149,
ENSG00000202182,Y_RNA,4.3,,
ENSG00000211974,IGHV2-70D,-4.3,0.195434172084098,
ENSG00000218194,HLFP1,4.3,0.0148753934063941,
ENSG00000219039,,4.3,,
ENSG00000223548,ACSL6-AS1,-4.3,,
ENSG00000226263,ISM1-AS1,-4.3,0.0457535970404879,
ENSG00000238225,CRIP1P2,-4.3,,
ENSG00000251370,SEMA5A-AS1,-4.3,,
ENSG00000253230,MIR124-1HG,4.3,0.229646419521667,
ENSG00000255650,FAM222A-AS1,-4.3,,
ENSG00000258227,CLEC5A,4.3,0.000578543764654459,
ENSG00000259094,,4.3,0.00522318536855273,
ENSG00000263729,,-4.3,,
ENSG00000266478,MIR5197,4.3,,
ENSG00000278266,,-4.3,,
ENSG00000280288,,-4.3,,
ENSG00000286636,,-4.3,,
ENSG00000287082,,4.3,,
ENSG00000287393,,4.3,,
ENSG00000084734,GCKR,4.2,0.0439930277106929,
ENSG00000112333,NR2E1,4.2,0.054197276403969,
ENSG00000156414,TDRD9,4.2,0.0025263289521724,
ENSG00000177910,SPATA31C2,-4.2,0.142858170696166,
ENSG00000183230,CTNNA3,4.2,0.0335406529403076,
ENSG00000198807,PAX9,-4.2,,
ENSG00000225026,PFDN1P1,4.2,0.090661482925507,
ENSG00000225140,,-4.2,,
ENSG00000225869,,4.2,,
ENSG00000226051,ZNF503-AS1,-4.2,,
ENSG00000233720,,-4.2,,
ENSG00000233970,,-4.2,,
ENSG00000235995,UBE2V1P6,4.2,,
ENSG00000237626,,4.2,0.119409925319067,
ENSG00000237911,SRP68P3,-4.2,,
ENSG00000244573,RPL30P11,-4.2,,
ENSG00000250362,,4.2,0.0507193619394877,
ENSG00000250453,,-4.2,,
ENSG00000253989,IGHVIII-38-1,-4.2,,
ENSG00000254737,OR10G4,4.2,,
ENSG00000256377,MRPS35-DT,-4.2,,
ENSG00000256917,,-4.2,,
ENSG00000259035,,4.2,,
ENSG00000260405,,-4.2,,
ENSG00000264834,,-4.2,0.0546886710989668,
ENSG00000266128,RN7SL366P,-4.2,,
ENSG00000268883,PNMA6B,-4.2,,
ENSG00000270759,OOEPP1,-4.2,,
ENSG00000275598,,-4.2,,
ENSG00000278973,,4.2,,
ENSG00000279685,MAPT-IT1,-4.2,,
ENSG00000286049,,-4.2,,
ENSG00000287552,,-4.2,,
ENSG00000019169,MARCO,4.1,0.0017372667993827,
ENSG00000123836,PFKFB2,4.1,0.0129728471367929,
ENSG00000124839,RAB17,4.1,0.102778593479192,
ENSG00000129990,SYT5,4.1,0.18701617218468,
ENSG00000136834,OR1J1,-4.1,,
ENSG00000137757,CASP5,4.1,0.00180570272507665,
ENSG00000140379,BCL2A1,4.1,0.00531999287138487,
ENSG00000152760,DYNLT5,4.1,0.0225614724558308,
ENSG00000153208,MERTK,4.1,0.0067780876010881,
ENSG00000161270,NPHS1,-4.1,,
ENSG00000164741,DLC1,4.1,0.00992919091527527,
ENSG00000179626,OR6C4,4.1,0.170026052765896,
ENSG00000197083,ZNF300P1,4.1,0.0184510782575695,
ENSG00000224671,,-4.1,,
ENSG00000229771,,4.1,,
ENSG00000233576,HTR3C2P,-4.1,,
ENSG00000236708,SDK1-AS1,-4.1,0.10428851290771,
ENSG00000239590,OR1J4,-4.1,,
ENSG00000240183,RN7SL297P,4.1,0.0593999786047228,
ENSG00000248809,LINC01095,4.1,,
ENSG00000255471,PRSS23-AS1,-4.1,0.130760341825697,
ENSG00000256424,LINC02414,-4.1,0.0935222562767351,
ENSG00000261673,,-4.1,,
ENSG00000264876,,4.1,0.1266776705651,
ENSG00000270212,,4.1,,
ENSG00000271399,,4.1,0.0323348592348989,
ENSG00000277866,,4.1,0.0567718067957984,
ENSG00000287418,,4.1,,
ENSG00000087116,ADAMTS2,4.0,0.0368080181457989,
ENSG00000118946,PCDH17,4.0,,
ENSG00000121005,CRISPLD1,4.0,0.0633113973680333,
ENSG00000198019,FCGR1BP,4.0,0.00127582904260265,
ENSG00000198090,KRTAP4-6,-4.0,,
ENSG00000201596,Y_RNA,4.0,,
ENSG00000204933,CD177P1,4.0,0.223898645356911,
ENSG00000225492,GBP1P1,4.0,0.0768407230026408,
ENSG00000229859,PGA3,4.0,0.0408715865593364,
ENSG00000229932,YWHAZP3,4.0,0.0319280678833174,
ENSG00000230694,,-4.0,,
ENSG00000230882,,-4.0,,
ENSG00000232325,,4.0,0.0357696097358082,
ENSG00000232814,COL4A2-AS1,4.0,0.117724615071809,
ENSG00000233776,,-4.0,,
ENSG00000236665,,4.0,,
ENSG00000237732,CT75,4.0,0.0443674692260731,
ENSG00000240680,H4P1,4.0,0.0785957138293765,
ENSG00000240893,LINC02042,-4.0,,
ENSG00000242894,RN7SL634P,4.0,0.0175868354529393,
ENSG00000248517,LINC02437,4.0,,
ENSG00000249333,,-4.0,,
ENSG00000250778,,4.0,,
ENSG00000251647,C18orf21P1,4.0,0.061458872182265,
ENSG00000253967,LINC03020,-4.0,0.0877942016964694,
ENSG00000254443,,-4.0,,
ENSG00000258083,OR9A4,4.0,0.170003661172192,
ENSG00000258924,,-4.0,,
ENSG00000259485,LINC02253,-4.0,,
ENSG00000268234,FKBP4P6,-4.0,,
ENSG00000270842,,-4.0,,
ENSG00000275144,SNX18P5,-4.0,,
ENSG00000278746,RN7SL660P,-4.0,,
ENSG00000279942,,-4.0,0.0286859765317479,
ENSG00000280444,,4.0,,
ENSG00000286812,,-4.0,0.0848784255870144,
ENSG00000287756,,4.0,0.160167616619164,
ENSG00000289372,,-4.0,,
ENSG00000101197,BIRC7,-3.9,,
ENSG00000115844,DLX2,-3.9,,
ENSG00000117245,KIF17,-3.9,0.0756440762958946,
ENSG00000120156,TEK,-3.9,0.0148753934063941,
ENSG00000122641,INHBA,3.9,0.0225614724558308,
ENSG00000135625,EGR4,-3.9,,
ENSG00000136546,SCN7A,-3.9,,
ENSG00000147488,ST18,-3.9,0.0480717765893761,
ENSG00000163017,ACTG2,-3.9,,
ENSG00000163485,ADORA1,-3.9,0.0796707396552338,
ENSG00000168079,SCARA5,-3.9,,
ENSG00000174370,KCNJ5-AS1,-3.9,0.0154707955431978,
ENSG00000174705,SH3PXD2B,3.9,0.00245062442988037,
ENSG00000197233,OR1J2,-3.9,,
ENSG00000199566,,-3.9,,
ENSG00000199592,RNA5SP321,3.9,0.242341446338263,
ENSG00000201780,RNU6-275P,3.9,,
ENSG00000203531,,-3.9,,
ENSG00000213406,ANXA2P1,-3.9,,
ENSG00000224129,DPPA2P2,3.9,0.0744176473631552,
ENSG00000224500,,3.9,0.261771326725779,
ENSG00000226277,,-3.9,,
ENSG00000227110,LMCD1-AS1,-3.9,,
ENSG00000228820,RPSAP1,-3.9,,
ENSG00000228937,MTA3P1,3.9,,
ENSG00000230519,HMGB1P49,-3.9,,
ENSG00000230721,RPL17P5,3.9,,
ENSG00000230829,,3.9,0.0752332355260003,
ENSG00000235538,,-3.9,0.0502587226383963,
ENSG00000238266,,-3.9,0.0226106578909322,
ENSG00000251576,LINC01267,3.9,0.0793925007983148,
ENSG00000254621,SETP16,-3.9,,
ENSG00000254921,,-3.9,,
ENSG00000256064,,-3.9,,
ENSG00000256674,,-3.9,,
ENSG00000258262,MTCH2P2,-3.9,,
ENSG00000266450,,3.9,,
ENSG00000277899,MLECP1,-3.9,,
ENSG00000283162,,-3.9,,
ENSG00000283672,MIR4678,-3.9,,
ENSG00000284393,,3.9,,
ENSG00000054179,ENTPD2,-3.8,0.0440099202573965,
ENSG00000079385,CEACAM1,3.8,0.019716448633868,
ENSG00000104369,JPH1,3.8,,
ENSG00000112299,VNN1,3.8,0.00494526226681367,
ENSG00000135324,MRAP2,3.8,0.09206092204438,
ENSG00000143028,SYPL2,-3.8,,
ENSG00000145555,MYO10,3.8,0.00793147479570137,
ENSG00000168398,BDKRB2,-3.8,,
ENSG00000172594,SMPDL3A,3.8,0.00335930513948683,
ENSG00000175894,TSPEAR,-3.8,0.0288185822591594,
ENSG00000181264,TLCD5,-3.8,,
ENSG00000187185,,3.8,,
ENSG00000196878,LAMB3,3.8,0.000618890293992419,
ENSG00000197888,UGT2B17,-3.8,0.169017662797362,
ENSG00000198739,LRRTM3,3.8,,
ENSG00000202414,Y_RNA,-3.8,,
ENSG00000226668,SPATA31B2P,-3.8,,
ENSG00000227721,RPSAP64,3.8,,
ENSG00000228496,,-3.8,,
ENSG00000229878,,-3.8,,
ENSG00000231140,,-3.8,,
ENSG00000231767,RPS27AP5,-3.8,,
ENSG00000234775,,-3.8,,
ENSG00000238987,RNU7-133P,-3.8,,
ENSG00000240738,RPL6P22,-3.8,,
ENSG00000248327,NOL8P1,3.8,,
ENSG00000249426,,-3.8,,
ENSG00000250342,SNRPCP16,-3.8,,
ENSG00000251387,,-3.8,,
ENSG00000251389,YTHDF1P1,-3.8,0.0624591261303949,
ENSG00000252623,RNA5SP481,3.8,,
ENSG00000254014,,3.8,,
ENSG00000254101,LINC02055,-3.8,0.137095151844011,
ENSG00000256150,,-3.8,,
ENSG00000257542,OR7E47P,-3.8,,
ENSG00000259221,,3.8,,
ENSG00000260185,,-3.8,,
ENSG00000260973,,3.8,,
ENSG00000266495,,-3.8,,
ENSG00000267683,,3.8,,
ENSG00000270816,LINC00221,-3.8,,
ENSG00000271523,TVP23BP3,-3.8,0.638798752719991,
ENSG00000273186,,-3.8,,
ENSG00000276109,,3.8,,
ENSG00000280432,,-3.8,,
ENSG00000283413,,-3.8,,
ENSG00000284883,KRT88P,3.8,,
ENSG00000286013,,3.8,,
ENSG00000289118,,3.8,,
ENSG00000289615,,3.8,,
ENSG00000050767,COL23A1,3.7,0.000730604214372517,
ENSG00000078098,FAP,3.7,0.0493280840801877,
ENSG00000124785,NRN1,3.7,0.0298540749905528,
ENSG00000125571,IL37,3.7,,
ENSG00000143556,S100A7,3.7,,
ENSG00000152463,OLAH,3.7,0.176081132324121,
ENSG00000158955,WNT9B,3.7,0.0329104449237253,
ENSG00000178814,OPLAH,3.7,0.00409992552510083,
ENSG00000179615,OR2AP1,3.7,,
ENSG00000179676,LINC00305,3.7,,
ENSG00000180433,OR6K6,-3.7,0.1407014412622,
ENSG00000198758,EPS8L3,-3.7,,
ENSG00000204110,LINC02520,-3.7,0.016222275919117,
ENSG00000205426,KRT81,-3.7,0.138340966274841,
ENSG00000211693,TRGV11,-3.7,,
ENSG00000212154,RNA5SP377,-3.7,,
ENSG00000215057,PKMP5,-3.7,,
ENSG00000215455,KRTAP10-1,-3.7,,
ENSG00000221245,,3.7,,
ENSG00000224717,LEMD1-DT,-3.7,,
ENSG00000227685,LINC02088,-3.7,,
ENSG00000229160,,3.7,0.0460245658403708,
ENSG00000229246,LINC00377,-3.7,,
ENSG00000230047,HIGD2AP1,-3.7,0.134393875892328,
ENSG00000230112,,-3.7,,
ENSG00000232629,HLA-DQB2,-3.7,0.0357696097358082,
ENSG00000233029,,3.7,0.00302513524765238,
ENSG00000233577,,-3.7,,
ENSG00000237205,RPL7P34,3.7,,
ENSG00000240663,RN7SL310P,3.7,,
ENSG00000241175,RN7SL494P,-3.7,,
ENSG00000241596,,-3.7,,
ENSG00000242163,,-3.7,,
ENSG00000242856,VN1R105P,3.7,,
ENSG00000251636,LINC01218,3.7,,
ENSG00000255221,CARD17P,3.7,0.0225951862046966,
ENSG00000255526,NEDD8-MDP1,3.7,,
ENSG00000257792,OR5BJ1P,3.7,,
ENSG00000259543,,-3.7,,
ENSG00000260066,,-3.7,,
ENSG00000261934,PCDHGA9,-3.7,0.008362284313088,
ENSG00000262585,LINC01979,3.7,,
ENSG00000263353,PPIAL4A,-3.7,,
ENSG00000264735,,-3.7,,
ENSG00000266924,,3.7,0.275858606284602,
ENSG00000267027,,3.7,0.0345511659310364,
ENSG00000267320,,-3.7,0.432222558668799,
ENSG00000267429,,-3.7,,
ENSG00000267737,,3.7,0.0136022331313975,
ENSG00000270099,,3.7,,
ENSG00000271181,STMN3P1,-3.7,,
ENSG00000272783,,-3.7,,
ENSG00000272937,OR6U2P,3.7,0.117638017922047,
ENSG00000276162,MIR5739,-3.7,,
ENSG00000277619,,-3.7,,
ENSG00000279212,,3.7,0.0182950827398664,
ENSG00000279460,,3.7,,
ENSG00000287484,,3.7,,
ENSG00000288580,,-3.7,,
ENSG00000288587,,-3.7,,
ENSG00000290083,,-3.7,,
ENSG00000124493,GRM4,-3.6,,
ENSG00000138180,CEP55,3.6,0.00613402959179577,
ENSG00000145040,UCN2,3.6,,
ENSG00000149131,SERPING1,3.6,0.0197708143534759,
ENSG00000154736,ADAMTS5,-3.6,0.176764043378376,
ENSG00000161055,SCGB3A1,-3.6,0.221385827012527,
ENSG00000162723,SLAMF9,-3.6,,
ENSG00000173372,C1QA,3.6,0.0123638933966399,
ENSG00000175398,OR10P1,3.6,,
ENSG00000177679,SRRM3,-3.6,0.103581626894224,
ENSG00000180287,PLD5,-3.6,,
ENSG00000182912,,-3.6,0.125695959404065,
ENSG00000183760,ACP7,-3.6,,
ENSG00000197496,SLC2A10,-3.6,0.09206092204438,
ENSG00000197934,CYYR1-AS1,3.6,0.0557212572770571,
ENSG00000202269,U8,-3.6,,
ENSG00000204044,SLC12A5-AS1,3.6,0.0050207137326407,
ENSG00000206898,,-3.6,,
ENSG00000213083,VPS26CP1,3.6,0.107372150442779,
ENSG00000214821,HMGB1P4,-3.6,,
ENSG00000215274,GAGE10,-3.6,,
ENSG00000216306,KRT19P2,-3.6,,
ENSG00000222744,RN7SKP166,3.6,,
ENSG00000227392,HPN-AS1,3.6,0.0115598712077468,
ENSG00000227729,RD3L,3.6,0.016222275919117,
ENSG00000228799,LINC01939,3.6,,
ENSG00000229925,,3.6,,
ENSG00000232121,,3.6,0.221113001915067,
ENSG00000234419,CICP13,-3.6,,
ENSG00000234756,LINC02621,3.6,0.0952008532674742,
ENSG00000235038,,-3.6,,
ENSG00000235782,,-3.6,,
ENSG00000237092,LINC01065,3.6,,
ENSG00000237311,,3.6,0.0127280804191726,
ENSG00000237742,HEY2-AS1,3.6,,
ENSG00000239804,RPS24P9,-3.6,,
ENSG00000250001,,-3.6,,
ENSG00000250412,KLHL2P1,3.6,0.0848784255870144,
ENSG00000250584,LINC01511,-3.6,,
ENSG00000253224,PGAM5P1,3.6,,
ENSG00000258735,PPP1R13B-DT,-3.6,,
ENSG00000259905,PWRN1,3.6,,
ENSG00000261886,GOSR2-DT,3.6,,
ENSG00000263429,TMEM238L,-3.6,,
ENSG00000266664,,-3.6,,
ENSG00000266944,RPL35P10,3.6,,
ENSG00000266970,SOCS3-DT,3.6,0.0299709136915593,
ENSG00000266992,DHX40P1,3.6,,
ENSG00000267303,,-3.6,,
ENSG00000267341,,-3.6,,
ENSG00000268957,,-3.6,,
ENSG00000269356,,-3.6,,
ENSG00000269489,,-3.6,,
ENSG00000270560,APOOP1,-3.6,,
ENSG00000270835,,3.6,,
ENSG00000271681,,3.6,,
ENSG00000271992,,-3.6,,
ENSG00000272808,GCAWKR,-3.6,,
ENSG00000274816,MIR6772,3.6,,
ENSG00000278524,MIR6810,3.6,,
ENSG00000280177,,-3.6,,
ENSG00000280650,KCNIP4-IT1,-3.6,0.173324732166841,
ENSG00000285584,,-3.6,,
ENSG00000287288,FRG1BP,-3.6,,
ENSG00000287338,,3.6,0.00992919091527527,
ENSG00000289834,,3.6,,
ENSG00000289925,,3.6,,
ENSG00000289949,,3.6,,
ENSG00000290007,,3.6,,
ENSG00000049247,UTS2,3.5,0.135033583221497,
ENSG00000070729,CNGB1,3.5,0.0025263289521724,
ENSG00000079841,RIMS1,3.5,,
ENSG00000081479,LRP2,3.5,,
ENSG00000106302,HYAL4,-3.5,,
ENSG00000116717,GADD45A,3.5,0.0103235827540609,
ENSG00000120217,CD274,3.5,0.0161726712440352,
ENSG00000130948,HSD17B3,-3.5,,
ENSG00000136634,IL10,3.5,0.00793147479570137,
ENSG00000146383,TAAR6,3.5,,
ENSG00000147206,NXF3,3.5,0.0702319935018052,
ENSG00000149451,ADAM33,-3.5,,
ENSG00000150556,LYPD6B,-3.5,0.0333374648926758,
ENSG00000159167,STC1,3.5,,
ENSG00000163618,CADPS,-3.5,,
ENSG00000165621,OXGR1,-3.5,,
ENSG00000168062,BATF2,3.5,0.0319280678833174,
ENSG00000178082,TWF1P1,3.5,,
ENSG00000178462,TUBAL3,3.5,,
ENSG00000178776,C5orf46,-3.5,,
ENSG00000181085,MAPK15,-3.5,,
ENSG00000184557,SOCS3,3.5,0.0333374648926758,
ENSG00000188984,AADACL3,3.5,,
ENSG00000198358,,-3.5,,
ENSG00000204277,LINC01993,3.5,0.00563811438503788,
ENSG00000204952,FBXO47,3.5,,
ENSG00000207270,RNU6-601P,3.5,,
ENSG00000212410,RNU6-932P,3.5,,
ENSG00000213432,RPL17P34,3.5,,
ENSG00000216031,MIR298,-3.5,,
ENSG00000217261,POM121L4P,-3.5,,
ENSG00000222515,RN7SKP240,-3.5,,
ENSG00000222579,Y_RNA,-3.5,,
ENSG00000223039,RN7SKP268,-3.5,,
ENSG00000223553,SMPD4P1,-3.5,0.128751571602934,
ENSG00000226601,,3.5,,
ENSG00000228495,LINC01013,-3.5,0.00992919091527527,
ENSG00000229239,EEF1A1P48,-3.5,,
ENSG00000229707,SKP1P3,-3.5,,
ENSG00000231057,NEK2-DT,-3.5,,
ENSG00000231265,TRERNA1,-3.5,,
ENSG00000231920,NEBL-AS1,-3.5,,
ENSG00000232190,LINC02181,-3.5,,
ENSG00000232403,RPL27P5,-3.5,,
ENSG00000232492,NPM1P13,-3.5,,
ENSG00000234707,SEC61G-DT,-3.5,,
ENSG00000235912,,3.5,,
ENSG00000235961,PNMA6A,-3.5,0.141144000776442,
ENSG00000236785,SDR42E1P5,3.5,0.0797116394765561,
ENSG00000237129,MTCYBP34,-3.5,,
ENSG00000237390,,-3.5,,
ENSG00000241494,,3.5,,
ENSG00000243538,RPS26P28,3.5,0.133466451800315,
ENSG00000243672,RPS3AP40,-3.5,,
ENSG00000243894,RPS3AP16,-3.5,,
ENSG00000248738,,-3.5,,
ENSG00000249761,,-3.5,,
ENSG00000250942,ENPP7P11,-3.5,,
ENSG00000251050,RBX1P2,-3.5,,
ENSG00000251338,,-3.5,,
ENSG00000251445,CBR4-DT,-3.5,,
ENSG00000255004,SLC1A2-AS1,3.5,,
ENSG00000259560,,3.5,,
ENSG00000260542,,3.5,,
ENSG00000262576,PCDHGA4,-3.5,,
ENSG00000265768,MIR4506,-3.5,,
ENSG00000267811,,-3.5,,
ENSG00000273138,,-3.5,,
ENSG00000273894,SLC20A1P2,-3.5,,
ENSG00000274443,C8orf89,-3.5,,
ENSG00000278657,,-3.5,,
ENSG00000286355,,-3.5,,
ENSG00000286690,,-3.5,,
ENSG00000287675,,3.5,,
ENSG00000289248,,3.5,,
ENSG00000056998,GYG2,3.4,,
ENSG00000066032,CTNNA2,-3.4,,
ENSG00000077522,ACTN2,3.4,,
ENSG00000096006,CRISP3,3.4,0.0417650221702737,
ENSG00000101443,WFDC2,-3.4,,
ENSG00000105246,EBI3,3.4,0.00340856509264316,
ENSG00000105707,HPN,3.4,0.010181883597735,
ENSG00000126733,DACH2,-3.4,,
ENSG00000129991,TNNI3,3.4,,
ENSG00000133878,DUSP26,-3.4,,
ENSG00000134207,SYT6,-3.4,,
ENSG00000134762,DSC3,3.4,,
ENSG00000138892,TTLL8,3.4,,
ENSG00000140859,KIFC3,3.4,7.34170388640292e-06,
ENSG00000152192,POU4F1,-3.4,,
ENSG00000170786,SDR16C5,-3.4,,
ENSG00000171658,NMRAL2P,3.4,0.029348244929349,
ENSG00000197891,SLC22A12,3.4,,
ENSG00000203643,,-3.4,,
ENSG00000205358,MT1H,3.4,,
ENSG00000205809,KLRC2,-3.4,0.0298540749905528,
ENSG00000205871,RPS3AP47,3.4,,
ENSG00000206869,SNORA70F,-3.4,,
ENSG00000211909,IGHD5-24,-3.4,0.0744627935783401,
ENSG00000212335,Y_RNA,-3.4,,
ENSG00000218823,PAPOLB,3.4,,
ENSG00000223617,LINC00370,-3.4,,
ENSG00000223718,RPL15P11,-3.4,,
ENSG00000224236,MRRFP1,-3.4,,
ENSG00000225670,CADM3-AS1,3.4,,
ENSG00000226562,CYP4F26P,-3.4,,
ENSG00000226863,SHROOM2P1,-3.4,,
ENSG00000227192,,3.4,,
ENSG00000228753,EIF4BP2,-3.4,,
ENSG00000230183,CNOT6LP1,-3.4,,
ENSG00000230490,,3.4,0.0720588096121439,
ENSG00000231879,TXNL1P1,-3.4,,
ENSG00000232060,SLC4A1APP1,-3.4,,
ENSG00000233754,,-3.4,,
ENSG00000234640,,-3.4,,
ENSG00000234648,,3.4,0.0123638933966399,
ENSG00000235321,,3.4,0.0110270080606243,
ENSG00000235546,,-3.4,,
ENSG00000235626,KRT18P66,-3.4,,
ENSG00000236206,,3.4,,
ENSG00000236846,,3.4,0.0287382557762997,
ENSG00000237285,HNRNPA1P2,-3.4,,
ENSG00000237327,,3.4,,
ENSG00000246100,LINC00900,3.4,0.0343951189812852,
ENSG00000248780,ARL4AP2,3.4,0.0320718445220974,
ENSG00000249310,APOBEC3B-AS1,3.4,0.307867742581337,
ENSG00000250641,LY6G6F-LY6G6D,3.4,,
ENSG00000251366,DBIP2,3.4,,
ENSG00000253274,IGHV1-67,-3.4,,
ENSG00000254706,,3.4,,
ENSG00000256783,,-3.4,0.222607157458763,
ENSG00000257453,PHLDA1-AS1,-3.4,,
ENSG00000258534,,-3.4,,
ENSG00000259123,,-3.4,,
ENSG00000259150,LINC00929,-3.4,,
ENSG00000265057,MIR4765,-3.4,,
ENSG00000269190,FBXO17,-3.4,,
ENSG00000270321,,3.4,,
ENSG00000272848,,-3.4,,
ENSG00000274583,FAM74A4,-3.4,,
ENSG00000274849,,3.4,,
ENSG00000278418,MIR6512,-3.4,,
ENSG00000278880,,3.4,0.110864554688515,
ENSG00000280022,,-3.4,0.251627901510811,
ENSG00000282206,,-3.4,,
ENSG00000282850,RHOXF1P2,-3.4,0.177655856911797,
ENSG00000283587,,3.4,,
ENSG00000284643,SCYGR2,3.4,,
ENSG00000285553,,-3.4,,
ENSG00000285663,,-3.4,,
ENSG00000285668,,-3.4,0.109469260723786,
ENSG00000285797,,-3.4,0.0181596295215347,
ENSG00000285887,,-3.4,,
ENSG00000286790,,-3.4,,
ENSG00000287065,,3.4,0.0827794916666056,
ENSG00000287089,,-3.4,,
ENSG00000287097,,-3.4,,
ENSG00000287556,,-3.4,,
ENSG00000288100,,-3.4,,
ENSG00000288532,,3.4,,
ENSG00000288736,,3.4,,
ENSG00000288916,,3.4,,
ENSG00000289242,,3.4,0.00465845471305959,
ENSG00000289643,,-3.4,,
ENSG00000289854,,3.4,0.0410472536237728,
ENSG00000019991,HGF,3.3,0.0467370523908875,
ENSG00000042304,SLC19A4P,3.3,,
ENSG00000065371,ROPN1,-3.3,,
ENSG00000075035,WSCD2,-3.3,0.0584283701415751,
ENSG00000105852,PON3,-3.3,,
ENSG00000124107,SLPI,3.3,0.00793258121591752,
ENSG00000132793,LPIN3,-3.3,0.0903575640292949,
ENSG00000135047,CTSL,3.3,0.00324612650363697,
ENSG00000135373,EHF,-3.3,,
ENSG00000147647,DPYS,3.3,,
ENSG00000156413,FUT6,-3.3,,
ENSG00000162949,CAPN13,3.3,0.0442960482555271,
ENSG00000166391,MOGAT2,3.3,,
ENSG00000170745,KCNS3,3.3,,
ENSG00000171501,OR1N2,-3.3,,
ENSG00000172000,ZNF556,-3.3,,
ENSG00000183347,GBP6,3.3,0.0122396133321178,
ENSG00000184276,DEFB108B,-3.3,0.0752332355260003,
ENSG00000188133,TMEM215,-3.3,,
ENSG00000201134,Y_RNA,-3.3,,
ENSG00000204930,FAM221B,-3.3,,
ENSG00000212935,KRTAP10-3,-3.3,,
ENSG00000212952,,-3.3,,
ENSG00000216613,,-3.3,,
ENSG00000222355,RNU2-29P,-3.3,,
ENSG00000222359,RNU6-355P,3.3,0.185747063461901,
ENSG00000223416,RPS26P15,-3.3,,
ENSG00000224812,TMEM72-AS1,3.3,0.0103085365611449,
ENSG00000225117,ARSDP1,-3.3,,
ENSG00000227094,,3.3,,
ENSG00000227932,SELENOOLP,3.3,,
ENSG00000228135,,-3.3,,
ENSG00000230730,,3.3,0.0298540749905528,
ENSG00000232798,,-3.3,,
ENSG00000232986,,3.3,,
ENSG00000233308,OSTN-AS1,-3.3,,
ENSG00000233569,,3.3,0.251133258217739,
ENSG00000236495,,-3.3,,
ENSG00000239799,ITIH4-AS1,3.3,0.0719817204219437,
ENSG00000240912,H2BP3,-3.3,,
ENSG00000240940,RN7SL591P,3.3,,
ENSG00000241479,MECOM-AS1,-3.3,,
ENSG00000241889,CTDNEP1P1,-3.3,0.0405805570430311,
ENSG00000242207,HOXB-AS4,-3.3,,
ENSG00000242550,SERPINB10,3.3,0.0624521748861958,
ENSG00000242995,RPL36AP1,3.3,,
ENSG00000243510,RN7SL111P,3.3,,
ENSG00000244292,OR9N1P,3.3,,
ENSG00000249820,AFF4P1,-3.3,0.139151851225985,
ENSG00000250620,LINC02515,-3.3,0.338699715285985,
ENSG00000250983,FAM76AP1,-3.3,,
ENSG00000251076,,-3.3,,
ENSG00000251381,LINC00958,-3.3,0.393985557938241,
ENSG00000251590,NIFKP7,-3.3,,
ENSG00000251919,RNU7-105P,3.3,,
ENSG00000252727,,3.3,,
ENSG00000253745,,-3.3,,
ENSG00000254820,,-3.3,,
ENSG00000255772,LINC01479,-3.3,,
ENSG00000256075,,-3.3,,
ENSG00000256166,LINC02571,-3.3,,
ENSG00000257271,KIRREL3-AS1,-3.3,,
ENSG00000258068,,3.3,,
ENSG00000259241,,3.3,,
ENSG00000260135,MMP2-AS1,3.3,0.284560356979122,
ENSG00000261418,HERC2P6,-3.3,,
ENSG00000262133,,3.3,,
ENSG00000263698,,-3.3,,
ENSG00000266144,MIR4654,3.3,,
ENSG00000266938,,-3.3,,
ENSG00000267240,,3.3,0.0217546487806133,
ENSG00000270038,,-3.3,,
ENSG00000270074,,-3.3,,
ENSG00000270506,DPPA3P5,3.3,0.125592183264017,
ENSG00000271656,,-3.3,,
ENSG00000271955,,-3.3,,
ENSG00000272425,,3.3,0.0830101849198524,
ENSG00000272958,,3.3,0.154536695147786,
ENSG00000274647,,-3.3,,
ENSG00000277089,CCL3-AS1,-3.3,0.0838755605687907,
ENSG00000277498,,3.3,,
ENSG00000279444,,-3.3,,
ENSG00000280228,AMANZI,3.3,0.0736949292141921,
ENSG00000282111,,3.3,,
ENSG00000282738,,-3.3,,
ENSG00000282787,,3.3,,
ENSG00000283376,,3.3,,
ENSG00000284809,,3.3,,
ENSG00000286189,,3.3,,
ENSG00000286225,,3.3,,
ENSG00000289350,,3.3,,
ENSG00000054793,ATP9A,3.2,0.00992919091527527,
ENSG00000095981,KCNK16,-3.2,,
ENSG00000116031,CD207,-3.2,,
ENSG00000117600,PLPPR4,-3.2,,
ENSG00000120332,TNN,-3.2,,
ENSG00000121900,TMEM54,3.2,0.117638017922047,
ENSG00000127074,RGS13,-3.2,0.0230924003624557,
ENSG00000128250,RFPL1,-3.2,,
ENSG00000132972,RNF17,-3.2,0.308682720208308,
ENSG00000134873,CLDN10,-3.2,,
ENSG00000137033,IL33,3.2,,
ENSG00000146530,VWDE,-3.2,0.0581529830012407,
ENSG00000152229,PSTPIP2,3.2,0.00142725859004358,
ENSG00000156689,GLYATL2,-3.2,,
ENSG00000159289,GOLGA6A,3.2,0.148481237171751,
ENSG00000163092,XIRP2,3.2,0.0347433896980187,
ENSG00000163220,S100A9,3.2,0.00297583449192362,
ENSG00000164604,GPR85,3.2,,
ENSG00000166527,CLEC4D,3.2,0.005048321671809,
ENSG00000173578,XCR1,3.2,0.133655387819853,
ENSG00000178075,GRAMD1C,-3.2,0.0230924003624557,
ENSG00000181511,GLRX5P1,3.2,,
ENSG00000184785,SMIM10,3.2,0.033707385170275,
ENSG00000186487,MYT1L,-3.2,0.158416996561214,
ENSG00000188280,FAM230G,-3.2,,
ENSG00000196431,CRYBA4,3.2,,
ENSG00000196611,MMP1,3.2,0.217238982962769,
ENSG00000196660,SLC30A10,3.2,,
ENSG00000200998,Y_RNA,3.2,0.0993460979786217,
ENSG00000205861,PCOTH,-3.2,,
ENSG00000206531,CD200R1L,-3.2,,
ENSG00000212933,KRTAP12-4,-3.2,,
ENSG00000213403,CISD1P1,3.2,0.0467370523908875,
ENSG00000213435,ATP6V0CP3,-3.2,0.117638017922047,
ENSG00000216307,NAA40P1,-3.2,,
ENSG00000218631,,-3.2,0.110355399475439,
ENSG00000222094,RNU2-65P,-3.2,,
ENSG00000223075,RN7SKP126,-3.2,,
ENSG00000223403,MEG9,-3.2,,
ENSG00000226130,,3.2,,
ENSG00000226430,USP17L7,-3.2,0.068277908181199,
ENSG00000226960,MTCO1P21,-3.2,,
ENSG00000230661,YY1P1,-3.2,,
ENSG00000231259,ANAPC1P2,-3.2,,
ENSG00000231918,NRXN1-DT,3.2,,
ENSG00000232150,ST13P4,3.2,,
ENSG00000234362,LINC01914,3.2,,
ENSG00000234423,LINC01250,-3.2,0.134720326171843,
ENSG00000236268,LINC01361,-3.2,,
ENSG00000237166,LINC01792,-3.2,,
ENSG00000238129,,-3.2,,
ENSG00000239926,PRDX3P4,-3.2,,
ENSG00000241233,KRTAP5-8,-3.2,,
ENSG00000241593,,3.2,,
ENSG00000242020,RN7SL68P,-3.2,,
ENSG00000242285,RPL6P8,3.2,0.0436923529439793,
ENSG00000242766,IGKV1D-17,-3.2,0.333419862115005,
ENSG00000248350,,-3.2,,
ENSG00000248477,NAIPP3,3.2,0.0154707955431978,
ENSG00000248551,,-3.2,,
ENSG00000248909,HMGB1P21,-3.2,,
ENSG00000249437,NAIP,3.2,0.00827704984279059,
ENSG00000249923,LINC02891,-3.2,,
ENSG00000251230,MIR3945HG,3.2,0.016222275919117,
ENSG00000251443,LINC02160,-3.2,,
ENSG00000252084,RN7SKP12,-3.2,,
ENSG00000253247,IGHV3-76,-3.2,,
ENSG00000253966,,-3.2,,
ENSG00000254850,,-3.2,,
ENSG00000254923,,-3.2,0.125361277616948,
ENSG00000256128,LINC00944,-3.2,0.0232648122562649,
ENSG00000256237,,-3.2,,
ENSG00000256504,,-3.2,,
ENSG00000257183,,-3.2,,
ENSG00000257239,,-3.2,,
ENSG00000257860,C12orf42-AS1,-3.2,,
ENSG00000259011,ATP10A-DT,-3.2,,
ENSG00000259064,,3.2,0.0641441907425939,
ENSG00000259235,CTXN2-AS1,-3.2,0.383478078704926,
ENSG00000260726,KLF8P1,3.2,0.178074604456181,
ENSG00000261289,,3.2,,
ENSG00000263369,,3.2,,
ENSG00000267109,,3.2,,
ENSG00000267310,OR4G1P,3.2,,
ENSG00000270316,BORCS7-ASMT,-3.2,,
ENSG00000270495,,-3.2,,
ENSG00000270920,MCRIP2P2,3.2,,
ENSG00000272798,,-3.2,,
ENSG00000272804,KRTAP10-7,-3.2,,
ENSG00000273792,,3.2,,
ENSG00000275360,MIR6868,-3.2,,
ENSG00000276422,,-3.2,0.091111076858281,
ENSG00000277103,,-3.2,0.105177239402723,
ENSG00000278914,,3.2,,
ENSG00000279197,,3.2,0.169186309469864,
ENSG00000284957,,-3.2,0.0906391087935283,
ENSG00000285888,,3.2,0.0734836861902009,
ENSG00000286232,,-3.2,,
ENSG00000286335,,-3.2,,
ENSG00000286658,,3.2,0.0480717765893761,
ENSG00000286862,,3.2,,
ENSG00000288543,,3.2,,
ENSG00000288627,,-3.2,,
ENSG00000288952,,3.2,,
ENSG00000289139,,3.2,0.108093050893638,
ENSG00000289630,,3.2,,
ENSG00000289847,,3.2,,
ENSG00000067064,IDI1,3.1,0.013650848347233,
ENSG00000071203,MS4A12,3.1,,
ENSG00000074803,SLC12A1,-3.1,0.312917489338187,
ENSG00000102243,VGLL1,-3.1,,
ENSG00000106070,GRB10,3.1,0.0467370523908875,
ENSG00000112706,IMPG1,-3.1,,
ENSG00000115008,IL1A,3.1,0.0205982452249905,
ENSG00000120306,CYSTM1,3.1,0.0231422249288147,
ENSG00000124469,CEACAM8,3.1,0.0992513896765694,
ENSG00000136099,PCDH8,-3.1,0.527935732044824,
ENSG00000138271,GPR87,3.1,0.0613358268647464,
ENSG00000139832,RAB20,3.1,0.0236165097517121,
ENSG00000142449,FBN3,-3.1,,
ENSG00000147573,TRIM55,3.1,,
ENSG00000148734,NPFFR1,3.1,,
ENSG00000149295,DRD2,-3.1,,
ENSG00000155307,SAMSN1,3.1,0.00793147479570137,
ENSG00000162627,SNX7,-3.1,,
ENSG00000163040,CCDC74A,-3.1,,
ENSG00000164113,ADAD1,-3.1,,
ENSG00000166923,GREM1,3.1,,
ENSG00000168779,SHOX2,3.1,0.0604479886821149,
ENSG00000170624,SGCD,-3.1,0.0405805570430311,
ENSG00000174145,NWD2,-3.1,,
ENSG00000175497,DPP10,3.1,,
ENSG00000177363,LRRN4CL,3.1,,
ENSG00000177839,PCDHB9,-3.1,,
ENSG00000184954,OR6C70,3.1,,
ENSG00000187492,CDHR4,-3.1,,
ENSG00000196364,PRSS29P,-3.1,,
ENSG00000198502,HLA-DRB5,3.1,0.367326262968423,
ENSG00000200064,RNY4P9,3.1,,
ENSG00000201096,RNA5SP387,3.1,0.150559830449117,
ENSG00000201550,RNU6-726P,-3.1,,
ENSG00000202046,Y_RNA,3.1,0.0402873566310318,
ENSG00000202322,RNA5SP131,-3.1,,
ENSG00000204031,LCN1P2,-3.1,,
ENSG00000205267,DGAT2L7P,-3.1,,
ENSG00000207290,Y_RNA,3.1,,
ENSG00000207768,MIR188,-3.1,,
ENSG00000217130,RPS10P13,-3.1,,
ENSG00000217539,IQCB2P,-3.1,,
ENSG00000219700,PTCHD3P3,-3.1,,
ENSG00000222017,,-3.1,,
ENSG00000222179,RN7SKP26,3.1,0.00992919091527527,
ENSG00000222404,RN7SKP281,-3.1,,
ENSG00000224525,,-3.1,,
ENSG00000226289,CDCA4P3,3.1,0.0497755303318411,
ENSG00000226472,,-3.1,,
ENSG00000226949,OR6K5P,-3.1,,
ENSG00000227038,GTF2IP7,-3.1,,
ENSG00000227083,,-3.1,,
ENSG00000227269,,3.1,,
ENSG00000227502,MROCKI,3.1,0.00372548321388219,
ENSG00000227593,PHB1P16,-3.1,,
ENSG00000228065,LINC01515,3.1,,
ENSG00000229183,PGA4,3.1,0.114104559841344,
ENSG00000229356,LRRC3-DT,3.1,,
ENSG00000229462,WDR4P2,-3.1,,
ENSG00000230086,VN1R96P,-3.1,,
ENSG00000230453,ANKRD18B,-3.1,,
ENSG00000230647,,3.1,,
ENSG00000232333,RPS27AP2,-3.1,,
ENSG00000232823,TXNP1,-3.1,,
ENSG00000233030,,3.1,0.0230924003624557,
ENSG00000233081,,3.1,,
ENSG00000233712,,-3.1,,
ENSG00000236736,UQCRC2P1,3.1,,
ENSG00000236761,CTAGE9,-3.1,,
ENSG00000237137,,-3.1,,
ENSG00000237214,RPS9P2,3.1,,
ENSG00000239405,TMED10P2,3.1,,
ENSG00000239696,,3.1,,
ENSG00000242912,RN7SL384P,-3.1,,
ENSG00000242951,,3.1,0.0789912601016816,
ENSG00000243095,RPL3P10,3.1,,
ENSG00000243316,GUCY2GP,3.1,0.132841347590444,
ENSG00000249304,,-3.1,,
ENSG00000249343,LINC01333,-3.1,,
ENSG00000249540,PHF5AP7,-3.1,0.164985304764706,
ENSG00000251008,LTO1P1,-3.1,,
ENSG00000251313,,-3.1,,
ENSG00000251431,,3.1,0.0791454184540027,
ENSG00000251643,COPS3P1,-3.1,0.380204502607576,
ENSG00000251803,Y_RNA,-3.1,,
ENSG00000252045,,-3.1,0.147205123622808,
ENSG00000252928,RNU6-64P,-3.1,,
ENSG00000253049,,-3.1,,
ENSG00000253796,,3.1,,
ENSG00000254221,PCDHGB1,-3.1,,
ENSG00000254251,,3.1,0.243689552431066,
ENSG00000258678,LINC02317,3.1,,
ENSG00000258921,,3.1,0.196295030038135,
ENSG00000258977,LINC01467,3.1,,
ENSG00000261189,DSP-AS1,-3.1,,
ENSG00000261268,QKILA,3.1,,
ENSG00000262768,,3.1,,
ENSG00000263583,MIR4522,3.1,,
ENSG00000264444,SDHCP1,-3.1,,
ENSG00000265289,,-3.1,,
ENSG00000267115,,-3.1,,
ENSG00000267585,,-3.1,,
ENSG00000267922,,3.1,,
ENSG00000270258,DUXAP4,3.1,,
ENSG00000270624,,-3.1,,
ENSG00000271086,NAMA,-3.1,,
ENSG00000271532,BBIP1P1,3.1,0.0377212296346124,
ENSG00000271584,LINC02550,-3.1,0.0775852652830985,
ENSG00000273257,LINC02928,-3.1,,
ENSG00000274381,,-3.1,,
ENSG00000274705,MIR486-1,-3.1,,
ENSG00000275944,,-3.1,,
ENSG00000277013,SUNO1,-3.1,,
ENSG00000278263,,-3.1,,
ENSG00000278658,MIR6826,3.1,,
ENSG00000279905,,-3.1,0.456327183998927,
ENSG00000280018,,-3.1,0.0204951676954598,
ENSG00000280234,,-3.1,,
ENSG00000280284,,3.1,0.132247911303489,
ENSG00000281091,LL0XNC01-250H12.3,-3.1,,
ENSG00000282911,DUX4L35,-3.1,,
ENSG00000283563,,-3.1,,
ENSG00000285647,,-3.1,0.27700494440415,
ENSG00000285969,,3.1,,
ENSG00000286072,,-3.1,,
ENSG00000286376,,-3.1,,
ENSG00000286911,,-3.1,,
ENSG00000287529,,-3.1,,
ENSG00000287708,,-3.1,,
ENSG00000287726,,-3.1,,
ENSG00000287962,,-3.1,,
ENSG00000288774,,-3.1,,
ENSG00000289133,,-3.1,,
ENSG00000289189,,-3.1,0.185846210768341,
ENSG00000289549,PPIAL4D,-3.1,,
ENSG00000289592,,3.1,0.0230890924099272,
ENSG00000289729,,-3.1,0.308897017754966,
ENSG00000289831,,3.1,,
ENSG00000015592,STMN4,-3.0,,
ENSG00000077080,ACTL6B,-3.0,0.0769103398110677,
ENSG00000086696,HSD17B2,-3.0,0.0335406529403076,
ENSG00000087494,PTHLH,-3.0,,
ENSG00000102678,FGF9,-3.0,0.116311929079527,
ENSG00000112562,SMOC2,-3.0,,
ENSG00000125730,C3,3.0,0.0108083675158136,
ENSG00000127780,OR1E2,-3.0,,
ENSG00000129682,FGF13,3.0,0.073800054902163,
ENSG00000130202,NECTIN2,3.0,0.0702319935018052,
ENSG00000130208,APOC1,3.0,,
ENSG00000140067,FAM181A,-3.0,,
ENSG00000140519,RHCG,-3.0,,
ENSG00000146857,STRA8,-3.0,,
ENSG00000151778,SERP2,-3.0,0.0510996125285751,
ENSG00000153930,ANKFN1,3.0,,
ENSG00000158869,FCER1G,3.0,0.00127582904260265,
ENSG00000160883,HK3,3.0,0.0121091293807523,
ENSG00000162105,SHANK2,-3.0,,
ENSG00000163754,GYG1,3.0,0.0225614724558308,
ENSG00000165816,VWA2,-3.0,0.0400274600354923,
ENSG00000166736,HTR3A,-3.0,0.0838755605687907,
ENSG00000167889,MGAT5B,-3.0,0.214812196312461,
ENSG00000168634,WFDC13,-3.0,,
ENSG00000171388,APLN,3.0,,
ENSG00000171860,C3AR1,3.0,0.018028417168084,
ENSG00000173404,INSM1,-3.0,,
ENSG00000174502,SLC26A9,-3.0,,
ENSG00000176912,TYMSOS,3.0,0.0953053732374142,
ENSG00000178257,PRM3,-3.0,,
ENSG00000179639,FCER1A,-3.0,0.168134598404099,
ENSG00000180172,RPS12P23,3.0,,
ENSG00000183317,EPHA10,-3.0,,
ENSG00000185176,AQP12B,3.0,,
ENSG00000186417,GLDN,3.0,0.0790004599189051,
ENSG00000187135,VSTM2B,-3.0,,
ENSG00000188064,WNT7B,-3.0,,
ENSG00000189037,DUSP21,3.0,,
ENSG00000196104,SPOCK3,-3.0,,
ENSG00000197905,TEAD4,3.0,,
ENSG00000200473,RNA5SP507,-3.0,,
ENSG00000204001,LCN8,-3.0,0.249333897894523,
ENSG00000206907,RNU6-1013P,3.0,0.0797630558374806,
ENSG00000207199,SNORD38D,3.0,0.119094193596911,
ENSG00000211973,IGHV1-69,-3.0,0.223624339096138,
ENSG00000213358,NAA50P2,3.0,,
ENSG00000215874,CAPNS1P1,3.0,0.167000316727388,
ENSG00000217414,DDX18P3,3.0,0.177903102364262,
ENSG00000221977,OR4E2,-3.0,,
ENSG00000223418,LIMK2P1,3.0,,
ENSG00000223703,IGSF3P2,-3.0,,
ENSG00000223967,,-3.0,,
ENSG00000224403,DPPA2P3,3.0,,
ENSG00000225064,LINC01802,-3.0,,
ENSG00000225096,,-3.0,,
ENSG00000225603,,-3.0,,
ENSG00000225760,LINC00431,3.0,,
ENSG00000226662,CHMP1AP1,3.0,,
ENSG00000227395,EIF2AP4,3.0,,
ENSG00000228842,PCDH9-AS2,-3.0,0.113046858720042,
ENSG00000229914,,3.0,,
ENSG00000230823,CBX1P1,-3.0,,
ENSG00000231046,MFSD4B-DT,-3.0,,
ENSG00000231301,RPL13AP,-3.0,,
ENSG00000231351,WBP1P1,-3.0,,
ENSG00000231419,LINC00689,-3.0,0.193086611638726,
ENSG00000232517,CSPG4BP,3.0,0.124042061478124,
ENSG00000232971,,3.0,,
ENSG00000232977,LINC00327,-3.0,,
ENSG00000234504,,3.0,0.0163863716977983,
ENSG00000236040,CHIAP1,3.0,,
ENSG00000236446,CT47B1,-3.0,,
ENSG00000237062,,-3.0,,
ENSG00000237360,CHCHD4P2,-3.0,,
ENSG00000237955,,3.0,,
ENSG00000241946,PSMG3P1,3.0,,
ENSG00000242019,KIR3DL3,-3.0,,
ENSG00000243489,KRTAP10-11,-3.0,,
ENSG00000244264,RN7SL597P,-3.0,,
ENSG00000249359,,-3.0,,
ENSG00000249639,,-3.0,,
ENSG00000250409,,3.0,0.190742540209122,
ENSG00000250687,NAIPP1,3.0,0.0337809599172057,
ENSG00000250961,RMEL3,3.0,,
ENSG00000251206,TILRLS,-3.0,,
ENSG00000251620,STPG2-AS1,-3.0,,
ENSG00000253093,RNA5SP179,3.0,0.234167801687386,
ENSG00000253182,LINC02948,3.0,0.142089181478786,
ENSG00000253214,,3.0,0.00564430196676911,
ENSG00000253569,VENTXP5,-3.0,,
ENSG00000254090,MTND2P32,-3.0,,
ENSG00000254330,,-3.0,0.175732108635558,
ENSG00000254521,SIGLEC12,3.0,0.272192401335769,
ENSG00000254678,,-3.0,,
ENSG00000254733,,-3.0,,
ENSG00000255262,ELOBP2,3.0,,
ENSG00000255359,CCDC179,-3.0,0.0314660815261687,
ENSG00000255477,,3.0,,
ENSG00000255605,,-3.0,,
ENSG00000256008,CABP1-DT,3.0,,
ENSG00000257202,,3.0,0.0195701736696246,
ENSG00000257456,,3.0,,
ENSG00000257582,LINC01475,3.0,,
ENSG00000258611,YBX2P2,3.0,,
ENSG00000258694,LINC02319,3.0,0.204262654430784,
ENSG00000258732,,-3.0,0.0357696097358082,
ENSG00000258990,MPPE1P1,-3.0,,
ENSG00000259195,,-3.0,,
ENSG00000259887,FIGNL2-DT,-3.0,,
ENSG00000260183,,3.0,,
ENSG00000261633,,-3.0,0.118061944045476,
ENSG00000262521,,3.0,,
ENSG00000264138,,3.0,,
ENSG00000264644,KRT18P8,-3.0,0.0789792900867331,
ENSG00000266456,,3.0,,
ENSG00000267490,,-3.0,,
ENSG00000267650,,-3.0,,
ENSG00000267714,,-3.0,,
ENSG00000268660,LETM1P2,-3.0,,
ENSG00000269583,,-3.0,,
ENSG00000271666,,-3.0,,
ENSG00000273920,,-3.0,0.138154242447266,
ENSG00000274235,,3.0,,
ENSG00000274238,,-3.0,,
ENSG00000275016,,-3.0,,
ENSG00000276040,SPATA31A7,-3.0,,
ENSG00000276289,,3.0,0.116536925219569,
ENSG00000276723,Y_RNA,3.0,,
ENSG00000279391,,-3.0,,
ENSG00000279659,,-3.0,,
ENSG00000280097,,3.0,,
ENSG00000280278,FLJ30679,-3.0,,
ENSG00000282080,,3.0,,
ENSG00000283298,MIR4272,-3.0,,
ENSG00000284652,,3.0,,
ENSG00000287028,,-3.0,,
ENSG00000287268,,-3.0,,
ENSG00000287367,,3.0,0.0797630558374806,
ENSG00000287810,,3.0,,
ENSG00000288011,,3.0,0.114522610790101,
ENSG00000289109,,3.0,,
ENSG00000289169,,-3.0,0.0859546771989299,
ENSG00000289623,,-3.0,,
ENSG00000289852,,-3.0,,
ENSG00000289944,,-3.0,,
ENSG00000005001,PRSS22,-2.9,,
ENSG00000021355,SERPINB1,2.9,0.0132227319996667,
ENSG00000060709,RIMBP2,-2.9,0.434214026595816,
ENSG00000101425,BPI,2.9,0.0488915722562059,
ENSG00000102385,DRP2,-2.9,0.0715602984626688,
ENSG00000106236,NPTX2,-2.9,,
ENSG00000106571,GLI3,-2.9,,
ENSG00000118194,TNNT2,2.9,,
ENSG00000122852,SFTPA1,-2.9,,
ENSG00000123171,CCDC70,2.9,,
ENSG00000130822,PNCK,-2.9,,
ENSG00000131831,RAI2,2.9,0.0429678540825233,
ENSG00000132688,NES,2.9,0.0773345109192287,
ENSG00000133116,KL,2.9,0.0558859330014378,
ENSG00000133169,BEX1,2.9,0.195939922116339,
ENSG00000134243,SORT1,2.9,0.0265542226672019,
ENSG00000139364,TMEM132B,-2.9,,
ENSG00000152402,GUCY1A2,-2.9,,
ENSG00000157542,KCNJ6,-2.9,,
ENSG00000158488,CD1E,-2.9,0.218966518500975,
ENSG00000163568,AIM2,2.9,0.00397460895547454,
ENSG00000164112,SMIM43,-2.9,,
ENSG00000165810,BTNL9,-2.9,0.0842643205960825,
ENSG00000166415,WDR72,-2.9,,
ENSG00000168631,MUCL3,-2.9,,
ENSG00000170577,SIX2,-2.9,,
ENSG00000184523,PTGER4P2,2.9,0.0301556633989305,
ENSG00000185888,PRSS38,-2.9,,
ENSG00000197353,LYPD2,-2.9,0.208597410871766,
ENSG00000197614,MFAP5,2.9,,
ENSG00000198018,ENTPD7,2.9,0.025349748150674,
ENSG00000198796,ALPK2,-2.9,,
ENSG00000202099,RNU6-234P,2.9,,
ENSG00000202141,Y_RNA,-2.9,,
ENSG00000202177,Y_RNA,-2.9,,
ENSG00000203648,,-2.9,,
ENSG00000204949,FAM83A-AS1,2.9,,
ENSG00000205176,REXO1L1P,-2.9,0.215440166880565,
ENSG00000206145,P2RX6P,-2.9,,
ENSG00000206686,RNU6-1036P,2.9,,
ENSG00000207235,Y_RNA,-2.9,,
ENSG00000207746,MIR575,-2.9,,
ENSG00000207800,MIR504,2.9,,
ENSG00000207974,MIR557,-2.9,,
ENSG00000211680,IGLJ4,-2.9,,
ENSG00000211905,IGHJ1,-2.9,,
ENSG00000213275,IFITM9P,2.9,,
ENSG00000214195,HMGN2P31,-2.9,,
ENSG00000214652,ZNF727,-2.9,0.167733708380932,
ENSG00000215117,LINC00588,-2.9,,
ENSG00000218976,IMPDH1P9,2.9,0.160746074124945,
ENSG00000221287,MIR1289-2,2.9,,
ENSG00000222042,,-2.9,,
ENSG00000224426,SLC31A1P1,2.9,0.0581529830012407,
ENSG00000224733,,-2.9,,
ENSG00000225947,,2.9,,
ENSG00000225950,NTF4,-2.9,,
ENSG00000226757,PP12613,-2.9,,
ENSG00000226767,,-2.9,,
ENSG00000227051,C14orf132,-2.9,0.0709333913679781,
ENSG00000227755,,-2.9,,
ENSG00000227862,HNRNPA1P31,-2.9,,
ENSG00000227907,,-2.9,0.118485978018303,
ENSG00000229214,LINC00242,-2.9,,
ENSG00000229847,EMX2OS,-2.9,0.213640403440618,
ENSG00000229961,,-2.9,0.150442703619383,
ENSG00000229964,,-2.9,,
ENSG00000230285,,-2.9,,
ENSG00000230484,OR51A10P,-2.9,,
ENSG00000230899,MAGEA8-AS1,-2.9,,
ENSG00000231020,,2.9,,
ENSG00000231253,LINC01640,-2.9,,
ENSG00000231256,CFAP97D1,2.9,0.082270812675933,
ENSG00000232610,CCT6P4,-2.9,,
ENSG00000232716,,2.9,0.0946786465648759,
ENSG00000232843,SNX18P2,-2.9,,
ENSG00000232973,CYP1B1-AS1,2.9,0.0624268808991305,
ENSG00000233286,MTND3P10,2.9,0.187352545664854,
ENSG00000233608,TWIST2,2.9,0.210975821567547,
ENSG00000233655,IGHD4-4,-2.9,0.0739188504328732,
ENSG00000233896,PDYN-AS1,2.9,0.165022826484641,
ENSG00000233932,CTXN2,-2.9,0.413541308306712,
ENSG00000234373,SNX18P7,-2.9,,
ENSG00000234386,OR7E162P,-2.9,,
ENSG00000235070,,2.9,,
ENSG00000235131,TP73-AS2,-2.9,0.286976569802049,
ENSG00000235438,ESRRAP2,-2.9,,
ENSG00000237428,ASH2LP2,2.9,,
ENSG00000238118,SLC25A24P2,2.9,,
ENSG00000240198,ARHGEF3-AS1,2.9,,
ENSG00000240964,RN7SL751P,-2.9,,
ENSG00000241451,RPS27P22,2.9,,
ENSG00000243024,,-2.9,,
ENSG00000248161,,2.9,0.104010801367322,
ENSG00000248227,LINC02513,2.9,0.117616267200936,
ENSG00000249818,,-2.9,,
ENSG00000250507,,-2.9,,
ENSG00000250514,LINC02125,-2.9,,
ENSG00000250658,,-2.9,0.295974234092868,
ENSG00000251473,,2.9,0.185846210768341,
ENSG00000251788,RNU5A-7P,-2.9,,
ENSG00000252136,,2.9,,
ENSG00000253279,LINC02209,-2.9,,
ENSG00000253458,IGHVII-15-1,-2.9,,
ENSG00000253632,,-2.9,,
ENSG00000254046,IGHV1-17,-2.9,,
ENSG00000254355,IGLVI-68,-2.9,,
ENSG00000254781,GVINP2,2.9,,
ENSG00000254831,KRT18P58,-2.9,,
ENSG00000255129,TTC12-DT,-2.9,,
ENSG00000255160,,-2.9,,
ENSG00000255250,,-2.9,,
ENSG00000255967,HADHAP2,2.9,,
ENSG00000256341,,-2.9,,
ENSG00000256813,CCDC86-AS1,-2.9,,
ENSG00000257016,SLC25A39P2,-2.9,,
ENSG00000257198,SPATA31F2P,2.9,,
ENSG00000258342,,-2.9,,
ENSG00000258630,LINC02292,-2.9,,
ENSG00000258644,SYNJ2BP-COX16,-2.9,,
ENSG00000259397,,-2.9,,
ENSG00000260280,SLX1B-SULT1A4,-2.9,,
ENSG00000260492,CISTR,-2.9,,
ENSG00000263781,,-2.9,,
ENSG00000265380,,-2.9,,
ENSG00000265810,MIR3907,-2.9,,
ENSG00000266909,SLC25A6P4,-2.9,,
ENSG00000267339,LINC00906,2.9,0.0168062404541189,
ENSG00000267354,,-2.9,,
ENSG00000269387,,-2.9,,
ENSG00000271408,NAPGP1,2.9,0.147328809522115,
ENSG00000271892,,2.9,0.222438936841074,
ENSG00000273104,,2.9,0.302266475146408,
ENSG00000273900,,-2.9,,
ENSG00000274373,,-2.9,0.0467370523908875,
ENSG00000274455,GUSBP7,-2.9,,
ENSG00000275024,,-2.9,,
ENSG00000275695,UBE2Q2P6,-2.9,,
ENSG00000276854,,-2.9,,
ENSG00000277235,,2.9,,
ENSG00000278447,MIR6781,2.9,,
ENSG00000278921,EPB41L4A-DT,-2.9,0.0964824315007861,
ENSG00000279227,,2.9,0.0263303964233195,
ENSG00000279368,,2.9,,
ENSG00000279398,,2.9,,
ENSG00000279426,,-2.9,,
ENSG00000279705,,-2.9,0.132247911303489,
ENSG00000279806,,-2.9,,
ENSG00000280015,,2.9,,
ENSG00000281491,DNAJB5-DT,-2.9,,
ENSG00000283001,,-2.9,,
ENSG00000283390,PET100P1,2.9,,
ENSG00000284708,,-2.9,,
ENSG00000285595,,-2.9,,
ENSG00000285648,,-2.9,,
ENSG00000285792,,-2.9,,
ENSG00000285858,,-2.9,,
ENSG00000285957,,-2.9,,
ENSG00000286262,,-2.9,0.152021320434192,
ENSG00000286273,,2.9,0.079792805890274,
ENSG00000286496,,-2.9,,
ENSG00000286525,,2.9,0.0773345109192287,
ENSG00000286647,,-2.9,,
ENSG00000287001,,-2.9,,
ENSG00000287051,,-2.9,,
ENSG00000287576,,2.9,0.0494537553206078,
ENSG00000287935,,2.9,0.0298540749905528,
ENSG00000288754,,-2.9,,
ENSG00000288811,,-2.9,,
ENSG00000289343,,2.9,,
ENSG00000289989,,2.9,,
ENSG00000006468,ETV1,2.8,,
ENSG00000007314,SCN4A,-2.8,0.0310328220346187,
ENSG00000074047,GLI2,2.8,,
ENSG00000100985,MMP9,2.8,0.044488032582691,
ENSG00000101187,SLCO4A1,2.8,0.0840218680066765,
ENSG00000107562,CXCL12,2.8,,
ENSG00000109610,SOD3,-2.8,,
ENSG00000111886,GABRR2,2.8,0.0174679208471149,
ENSG00000118520,ARG1,2.8,0.0405805570430311,
ENSG00000123610,TNFAIP6,2.8,0.0122396133321178,
ENSG00000123689,G0S2,2.8,0.107202289622871,
ENSG00000124564,SLC17A3,-2.8,,
ENSG00000128313,APOL5,2.8,,
ENSG00000133863,TEX15,2.8,,
ENSG00000134871,COL4A2,2.8,0.0736949292141921,
ENSG00000135374,ELF5,-2.8,,
ENSG00000136960,ENPP2,2.8,0.0370362629825435,
ENSG00000137142,IGFBPL1,-2.8,,
ENSG00000138068,SULT6B1,2.8,,
ENSG00000140986,RPL3L,-2.8,0.0460939897386894,
ENSG00000144681,STAC,2.8,0.23562116897211,
ENSG00000145794,MEGF10,-2.8,,
ENSG00000146242,TPBG,2.8,,
ENSG00000157064,NMNAT2,2.8,0.070045894611175,
ENSG00000157152,SYN2,2.8,0.0873766222659417,
ENSG00000158497,HMHB1,2.8,,
ENSG00000163394,CCKAR,2.8,,
ENSG00000167165,UGT1A6,2.8,,
ENSG00000170689,HOXB9,-2.8,,
ENSG00000171396,KRTAP4-4,-2.8,,
ENSG00000172236,TPSAB1,-2.8,,
ENSG00000172987,HPSE2,-2.8,,
ENSG00000173947,CIMAP3,-2.8,,
ENSG00000176302,FOXR1,-2.8,,
ENSG00000179133,C10orf67,-2.8,,
ENSG00000179978,NAIPP2,2.8,0.025349748150674,
ENSG00000184344,GDF3,2.8,,
ENSG00000184347,SLIT3,-2.8,,
ENSG00000184908,CLCNKB,-2.8,,
ENSG00000185467,KPNA7,-2.8,,
ENSG00000187857,OR6C75,2.8,,
ENSG00000188691,OR56A5,2.8,,
ENSG00000189238,LINC00943,-2.8,0.054324952028714,
ENSG00000198216,CACNA1E,2.8,0.0407317305793183,
ENSG00000199059,MIR135B,-2.8,,
ENSG00000199279,RNU6-661P,-2.8,,
ENSG00000202044,RNA5SP223,2.8,0.110413225291748,
ENSG00000202318,Y_RNA,-2.8,,
ENSG00000204682,MIR1915HG,2.8,,
ENSG00000205106,LINC02716,-2.8,,
ENSG00000213601,KRT18P19,-2.8,0.263060120728885,
ENSG00000215444,RPL29P35,2.8,0.322580368985953,
ENSG00000218208,RPS27AP11,2.8,,
ENSG00000218991,CCNG1P1,2.8,0.0530039509806925,
ENSG00000220842,RPL21P16,2.8,,
ENSG00000221393,MIR1302-6,2.8,,
ENSG00000223569,USP17L15,-2.8,,
ENSG00000224721,FLVCR2-AS1,2.8,0.0702319935018052,
ENSG00000224906,SRP14P1,2.8,,
ENSG00000225336,HMGB3P1,-2.8,,
ENSG00000225904,MORF4L1P7,2.8,,
ENSG00000226297,RPL17P14,-2.8,,
ENSG00000226477,,-2.8,,
ENSG00000226496,LINC00323,-2.8,,
ENSG00000226925,IL1R1-AS1,2.8,0.104703624349396,
ENSG00000227154,MKRN6P,-2.8,,
ENSG00000227335,IGHJ1P,-2.8,,
ENSG00000228158,TLE1P1,-2.8,,
ENSG00000229086,LINC01548,2.8,,
ENSG00000229921,KIF25-AS1,-2.8,,
ENSG00000229960,,2.8,,
ENSG00000230172,,2.8,0.253506948903387,
ENSG00000230305,,2.8,,
ENSG00000230648,,2.8,0.172400795418042,
ENSG00000231130,HLA-T,-2.8,0.184059541326492,
ENSG00000231192,OR5H1,-2.8,,
ENSG00000231402,WASF5P,2.8,,
ENSG00000231476,,-2.8,,
ENSG00000231503,PTMAP4,-2.8,,
ENSG00000231933,MYO18B-AS1,-2.8,,
ENSG00000232041,PSMD10P3,-2.8,,
ENSG00000232543,IGHD4-11,-2.8,0.0230924003624557,
ENSG00000233012,HDAC1P2,2.8,,
ENSG00000233262,SLC28A3-AS1,2.8,,
ENSG00000233316,DSCR10,2.8,,
ENSG00000233874,MFN1P1,2.8,0.116247874612791,
ENSG00000234163,MTND4LP11,-2.8,,
ENSG00000234788,HSPA8P3,2.8,0.0335406529403076,
ENSG00000236081,ELFN1-AS1,-2.8,,
ENSG00000236118,,-2.8,,
ENSG00000236347,,2.8,,
ENSG00000237135,DDX10P1,2.8,0.0160857207971215,
ENSG00000238290,ERRFI1-DT,-2.8,,
ENSG00000239249,RN7SL757P,-2.8,,
ENSG00000240296,,2.8,0.170936914930704,
ENSG00000240854,PSMC2P1,-2.8,,
ENSG00000240934,,2.8,0.0489250249810743,
ENSG00000241081,RPL22P2,-2.8,,
ENSG00000241765,RPS26P45,-2.8,,
ENSG00000243197,TUSC7,2.8,,
ENSG00000243225,,-2.8,0.320613375187359,
ENSG00000244226,ILF2P1,-2.8,,
ENSG00000244544,RN7SL446P,-2.8,,
ENSG00000248358,,-2.8,,
ENSG00000248916,NUP210P3,-2.8,,
ENSG00000249334,,-2.8,,
ENSG00000249740,OSMR-DT,2.8,,
ENSG00000250298,GIMD1,2.8,,
ENSG00000250338,,-2.8,0.0903822281447576,
ENSG00000250550,PPBPP1,-2.8,,
ENSG00000251219,LINC01217,2.8,,
ENSG00000251914,RNU7-200P,2.8,0.0978893925694273,
ENSG00000251990,RNA5SP180,2.8,0.2590144496194,
ENSG00000252230,,-2.8,,
ENSG00000252404,,2.8,,
ENSG00000252951,RNA5SP165,-2.8,,
ENSG00000253229,HIGD1AP6,2.8,,
ENSG00000253315,LINC01932,2.8,,
ENSG00000253663,NPM1P52,2.8,,
ENSG00000254056,IGHV3-71,-2.8,,
ENSG00000254988,ACER3-AS1,2.8,0.0207443399091451,
ENSG00000255029,,2.8,,
ENSG00000255102,,-2.8,,
ENSG00000255133,LINC02721,2.8,,
ENSG00000255794,RMST,2.8,,
ENSG00000256315,CADM1-AS1,-2.8,,
ENSG00000256393,RPL41P5,2.8,,
ENSG00000256557,,-2.8,,
ENSG00000258271,,-2.8,,
ENSG00000258279,LINC00592,2.8,,
ENSG00000259130,,-2.8,,
ENSG00000260386,LDC1P,-2.8,0.0953367916495814,
ENSG00000260876,LINC01229,-2.8,0.0641441907425939,
ENSG00000260996,,2.8,0.0470109449433106,
ENSG00000262003,,2.8,,
ENSG00000262052,,2.8,,
ENSG00000264032,MIR4491,-2.8,,
ENSG00000264215,,-2.8,,
ENSG00000264311,MIX23P1,-2.8,,
ENSG00000264408,MIR4470,2.8,,
ENSG00000264985,,-2.8,0.0357696097358082,
ENSG00000265319,RN7SL847P,-2.8,,
ENSG00000265630,,2.8,,
ENSG00000266553,RN7SL356P,-2.8,0.355093388898705,
ENSG00000267484,,2.8,,
ENSG00000269107,,-2.8,,
ENSG00000269130,,-2.8,,
ENSG00000271468,,-2.8,,
ENSG00000272015,SNORA62,2.8,,
ENSG00000272217,,-2.8,,
ENSG00000273047,,-2.8,,
ENSG00000273866,Metazoa_SRP,-2.8,,
ENSG00000274342,,-2.8,,
ENSG00000276493,Metazoa_SRP,-2.8,,
ENSG00000276566,IGKV1D-13,-2.8,0.248351305374951,
ENSG00000279093,,-2.8,,
ENSG00000280870,MIR325HG,-2.8,,
ENSG00000281887,GIMAP1-GIMAP5,2.8,,
ENSG00000283283,,-2.8,,
ENSG00000283980,GNG14,-2.8,,
ENSG00000284699,,-2.8,,
ENSG00000285611,,-2.8,,
ENSG00000285629,,-2.8,,
ENSG00000285911,,-2.8,,
ENSG00000285987,,2.8,,
ENSG00000286935,,2.8,,
ENSG00000286957,,-2.8,,
ENSG00000287003,,2.8,,
ENSG00000287031,,-2.8,,
ENSG00000288029,,-2.8,,
ENSG00000288836,,2.8,0.0445051481828126,
ENSG00000288971,,2.8,,
ENSG00000289955,,-2.8,,
ENSG00000073754,CD5L,2.7,,
ENSG00000090376,IRAK3,2.7,0.00925955877929681,
ENSG00000091106,NLRC4,2.7,0.009881472038032,
ENSG00000091129,NRCAM,-2.7,0.0512379835378521,
ENSG00000107984,DKK1,2.7,,
ENSG00000109846,CRYAB,-2.7,,
ENSG00000111262,KCNA1,2.7,,
ENSG00000113205,PCDHB3,-2.7,,
ENSG00000115590,IL1R2,2.7,0.181470128523235,
ENSG00000119686,FLVCR2,2.7,0.065741302103654,
ENSG00000121314,TAS2R8,-2.7,,
ENSG00000124253,PCK1,2.7,,
ENSG00000124440,HIF3A,2.7,0.318922082793935,
ENSG00000126856,PRDM7,2.7,0.0226106578909322,
ENSG00000130508,PXDN,-2.7,0.141144000776442,
ENSG00000130707,ASS1,2.7,,
ENSG00000131094,C1QL1,-2.7,,
ENSG00000134827,TCN1,2.7,0.0405334411754764,
ENSG00000135116,HRK,-2.7,0.0787119176199291,
ENSG00000136688,IL36G,2.7,,
ENSG00000136883,KIF12,2.7,,
ENSG00000140527,WDR93,-2.7,,
ENSG00000140832,MARVELD3,-2.7,0.058380250425586,
ENSG00000143867,OSR1,-2.7,,
ENSG00000144227,NXPH2,2.7,,
ENSG00000145365,TIFA,2.7,0.0357696097358082,
ENSG00000146469,VIP,2.7,,
ENSG00000146477,SLC22A3,-2.7,,
ENSG00000151838,CCDC175,2.7,0.071263942582779,
ENSG00000162753,SLC9C2,-2.7,,
ENSG00000164385,LINC01600,2.7,0.0859322544515536,
ENSG00000164740,SEPTIN7P5,2.7,,
ENSG00000164946,FREM1,-2.7,,
ENSG00000166558,SLC38A8,2.7,,
ENSG00000167646,DNAAF3,2.7,0.270988818864192,
ENSG00000169169,CPT1C,-2.7,,
ENSG00000169194,IL13,-2.7,,
ENSG00000170525,PFKFB3,2.7,0.0565534804908957,
ENSG00000170927,PKHD1,-2.7,,
ENSG00000173335,CST9,-2.7,,
ENSG00000179073,TAAR3P,2.7,,
ENSG00000179314,WSCD1,-2.7,,
ENSG00000182132,KCNIP1,2.7,,
ENSG00000183098,GPC6,2.7,,
ENSG00000185863,TMEM210,-2.7,,
ENSG00000187323,DCC,2.7,0.283394549197956,
ENSG00000187714,SLC18A3,-2.7,,
ENSG00000188729,OSTN,-2.7,,
ENSG00000189127,ANKRD34B,2.7,0.108595431152853,
ENSG00000197822,OCLN,2.7,0.0207443399091451,
ENSG00000198221,AFDN-DT,-2.7,,
ENSG00000199038,MIR210,-2.7,,
ENSG00000204290,BTNL2,-2.7,0.0449880706195902,
ENSG00000205361,MT1DP,-2.7,,
ENSG00000205456,TP53TG3D,2.7,0.367259976460241,
ENSG00000205628,LINC01446,-2.7,0.342367993834982,
ENSG00000206187,LINC02346,-2.7,,
ENSG00000207404,Y_RNA,-2.7,,
ENSG00000207781,MIR625,-2.7,,
ENSG00000207870,MIR221,2.7,,
ENSG00000211599,IGKV5-2,2.7,0.0771507763233803,
ENSG00000211914,IGHD6-19,-2.7,0.0287180772834359,
ENSG00000211918,IGHD2-15,-2.7,0.014877971335812,
ENSG00000211928,IGHD5-5,-2.7,0.121251994296498,
ENSG00000212424,RNU1-119P,-2.7,,
ENSG00000212440,SNORA75,-2.7,,
ENSG00000212608,,-2.7,,
ENSG00000213201,FABP5P10,2.7,,
ENSG00000213525,FAM32CP,-2.7,,
ENSG00000213558,HMGN2P32,2.7,,
ENSG00000214041,PGAM1P4,-2.7,,
ENSG00000214223,HNRNPA1P10,-2.7,,
ENSG00000215785,CFL1P6,-2.7,,
ENSG00000215966,MIR876,-2.7,,
ENSG00000218153,KRT18P22,2.7,0.115270812451202,
ENSG00000218472,RPS25P7,2.7,,
ENSG00000218732,,2.7,,
ENSG00000221562,RNU6ATAC10P,2.7,,
ENSG00000221837,KRTAP10-9,-2.7,,
ENSG00000223191,RNU6-293P,2.7,,
ENSG00000225107,,2.7,,
ENSG00000225263,PCDH9-AS3,-2.7,,
ENSG00000225624,TBL1YP1,2.7,,
ENSG00000226014,,-2.7,,
ENSG00000226221,RPL26P19,2.7,,
ENSG00000226770,LINC03012,2.7,,
ENSG00000226938,,-2.7,,
ENSG00000228131,IGHD6-6,-2.7,0.112731363166294,
ENSG00000228586,,2.7,,
ENSG00000228730,LINC02013,2.7,,
ENSG00000229224,,2.7,,
ENSG00000230546,,2.7,,
ENSG00000230570,ACCSLP1,2.7,,
ENSG00000230729,,-2.7,,
ENSG00000231546,RPL3P5,-2.7,,
ENSG00000231898,MYO3B-AS1,-2.7,,
ENSG00000232084,LINC01104,-2.7,,
ENSG00000233058,ATP13A3-DT,2.7,0.0337809599172057,
ENSG00000233451,,-2.7,,
ENSG00000233729,NCKAP5-AS1,-2.7,,
ENSG00000233823,,-2.7,,
ENSG00000234120,,-2.7,,
ENSG00000234637,RPS19P6,-2.7,0.131552443570624,
ENSG00000234913,,-2.7,0.0319280678833174,
ENSG00000235352,SGCEP1,-2.7,,
ENSG00000235890,TSPEAR-AS1,-2.7,0.151236391372596,
ENSG00000236060,HSPB1P1,-2.7,,
ENSG00000236069,,-2.7,,
ENSG00000236511,LINC01231,-2.7,,
ENSG00000236646,LAMTOR5P1,-2.7,0.0734836861902009,
ENSG00000237016,,-2.7,,
ENSG00000237342,,2.7,0.127116048981496,
ENSG00000237927,,2.7,0.0226106578909322,
ENSG00000239008,,-2.7,,
ENSG00000239381,,-2.7,,
ENSG00000239470,RPL21P97,-2.7,,
ENSG00000239572,,-2.7,,
ENSG00000240268,MOXD2P,2.7,0.0382491330387235,
ENSG00000240890,G2E3P1,2.7,0.0015062988574676,
ENSG00000242078,,2.7,,
ENSG00000242611,,2.7,0.0895522662883678,
ENSG00000243870,RN7SL236P,2.7,0.225196016281527,
ENSG00000244734,HBB,-2.7,,
ENSG00000248430,HMGB3P16,-2.7,,
ENSG00000248698,LINC01085,2.7,,
ENSG00000248746,ACTN3,-2.7,0.0566036302229132,
ENSG00000249061,,-2.7,,
ENSG00000249332,LINC02149,-2.7,,
ENSG00000249364,LINC02997,-2.7,,
ENSG00000249618,LINC02465,2.7,,
ENSG00000250148,KRT8P31,-2.7,,
ENSG00000250623,,-2.7,,
ENSG00000251019,HIGD1AP13,2.7,0.16672207356262,
ENSG00000251261,OR7H2P,-2.7,,
ENSG00000251633,GYG1P1,2.7,,
ENSG00000252757,RN7SKP96,2.7,,
ENSG00000253365,IGKV1D-22,-2.7,,
ENSG00000253449,,-2.7,,
ENSG00000253590,IGLV3-13,-2.7,0.286160644602855,
ENSG00000254080,LINC03071,-2.7,,
ENSG00000254420,,2.7,0.0449078088781963,
ENSG00000254530,LINC02755,2.7,,
ENSG00000255501,CARD18,-2.7,,
ENSG00000255653,,-2.7,,
ENSG00000256072,,2.7,0.021834995162667,
ENSG00000256835,,-2.7,,
ENSG00000257075,RPEP6,2.7,0.125734532893063,
ENSG00000257128,,-2.7,,
ENSG00000258038,LINC02327,-2.7,,
ENSG00000258065,,-2.7,,
ENSG00000258605,DYNLL1P2,-2.7,,
ENSG00000258657,,-2.7,,
ENSG00000259222,,2.7,,
ENSG00000259828,,-2.7,,
ENSG00000259846,,2.7,,
ENSG00000260186,LINC02137,-2.7,,
ENSG00000260337,,2.7,,
ENSG00000260552,COSMOC,2.7,,
ENSG00000261439,,-2.7,,
ENSG00000261821,,-2.7,,
ENSG00000262079,,-2.7,,
ENSG00000263331,,-2.7,,
ENSG00000263711,LINC02864,-2.7,,
ENSG00000264451,,-2.7,,
ENSG00000264737,MIR4511,-2.7,,
ENSG00000264823,MIR3154,-2.7,,
ENSG00000265366,GLUD1P2,-2.7,,
ENSG00000266107,MIR4525,-2.7,,
ENSG00000266640,MIR4754,-2.7,,
ENSG00000267108,,-2.7,,
ENSG00000267259,ERVE-1,2.7,,
ENSG00000267293,,2.7,0.0240829513268096,
ENSG00000268278,,-2.7,0.220937067577038,
ENSG00000268333,,-2.7,0.0470109449433106,
ENSG00000268379,,-2.7,0.130418468713282,
ENSG00000270480,,-2.7,,
ENSG00000270874,RPAP2P1,-2.7,0.0263130003179641,
ENSG00000271200,PATJ-DT,-2.7,,
ENSG00000271306,RAC1P9,-2.7,,
ENSG00000272071,,-2.7,,
ENSG00000272745,,-2.7,,
ENSG00000272763,LINC03057,-2.7,0.242860668114475,
ENSG00000274654,,2.7,,
ENSG00000274973,BSNDP2,-2.7,,
ENSG00000275040,,-2.7,,
ENSG00000275423,VN1R18P,2.7,,
ENSG00000275674,,-2.7,,
ENSG00000276345,,2.7,0.325477845679573,
ENSG00000276407,,2.7,,
ENSG00000276700,,-2.7,,
ENSG00000276975,HYDIN2,-2.7,,
ENSG00000277738,,-2.7,,
ENSG00000279087,,2.7,,
ENSG00000279997,,-2.7,,
ENSG00000280073,,-2.7,,
ENSG00000280270,,2.7,0.105977558595183,
ENSG00000282975,LINC02034,2.7,,
ENSG00000284783,,-2.7,0.116031575461708,
ENSG00000284999,,-2.7,,
ENSG00000285254,,-2.7,,
ENSG00000285446,,2.7,,
ENSG00000285712,,-2.7,,
ENSG00000285932,,2.7,0.0773345109192287,
ENSG00000286573,,-2.7,,
ENSG00000286610,,-2.7,,
ENSG00000286795,,-2.7,,
ENSG00000286832,,-2.7,,
ENSG00000287376,,-2.7,,
ENSG00000287566,,-2.7,,
ENSG00000287740,,-2.7,0.247896572693236,
ENSG00000287937,,2.7,0.0584283701415751,
ENSG00000288105,,2.7,0.0927817865538475,
ENSG00000288569,LINC01949,-2.7,,
ENSG00000288951,,2.7,,
ENSG00000289742,CD200R1P1,-2.7,,
ENSG00000290050,,-2.7,0.0748184874739879,
ENSG00000290096,,-2.7,,
ENSG00000006047,YBX2,-2.6,,
ENSG00000007001,UPP2,2.6,0.0789912601016816,
ENSG00000050730,TNIP3,2.6,0.0335406529403076,
ENSG00000070886,EPHA8,2.6,,
ENSG00000077800,FKBP6,-2.6,,
ENSG00000087842,PIR,2.6,,
ENSG00000091128,LAMB4,-2.6,,
ENSG00000100053,CRYBB3,-2.6,0.16048632607336,
ENSG00000100433,KCNK10,-2.6,0.145748334281314,
ENSG00000113763,UNC5A,2.6,0.0230924003624557,
ENSG00000115705,TPO,-2.6,,
ENSG00000116574,RHOU,2.6,0.0263130003179641,
ENSG00000130037,KCNA5,-2.6,,
ENSG00000130433,CACNG6,-2.6,0.239166479588518,
ENSG00000134533,RERG,2.6,,
ENSG00000137440,FGFBP1,-2.6,,
ENSG00000137821,LRRC49,-2.6,,
ENSG00000137962,ARHGAP29,2.6,0.0157930989191253,
ENSG00000140481,CCDC33,2.6,,
ENSG00000142089,IFITM3,2.6,0.0464477604301751,
ENSG00000150551,LYPD1,-2.6,,
ENSG00000152154,TMEM178A,-2.6,,
ENSG00000153233,PTPRR,2.6,,
ENSG00000154165,GPR15,-2.6,0.0152288274792932,
ENSG00000156463,SH3RF2,-2.6,0.0744493668715092,
ENSG00000156486,KCNS2,2.6,0.0337809599172057,
ENSG00000158874,APOA2,2.6,0.00197593671587232,
ENSG00000163347,CLDN1,2.6,,
ENSG00000163749,CCDC158,2.6,,
ENSG00000163959,SLC51A,2.6,0.0357696097358082,
ENSG00000164379,FOXQ1,2.6,0.441540290080945,
ENSG00000165246,NLGN4Y,-2.6,,
ENSG00000166183,ASPG,2.6,0.202494477995111,
ENSG00000166763,STRCP1,-2.6,0.109184345055485,
ENSG00000166930,MS4A5,-2.6,,
ENSG00000167034,NKX3-1,-2.6,0.0734836861902009,
ENSG00000169085,VXN,-2.6,,
ENSG00000169439,SDC2,-2.6,0.150442703619383,
ENSG00000170959,DCDC1,-2.6,,
ENSG00000171722,SPATA46,2.6,0.247060074228924,
ENSG00000172348,RCAN2,-2.6,,
ENSG00000172380,GNG12,2.6,,
ENSG00000175093,SPSB4,2.6,0.3562300605835,
ENSG00000175170,FAM182B,-2.6,0.0706417307585123,
ENSG00000176435,CLEC14A,2.6,,
ENSG00000177452,,-2.6,,
ENSG00000179342,,-2.6,,
ENSG00000179869,ABCA13,2.6,0.0380154904099606,
ENSG00000182218,HHIPL1,-2.6,0.0723729016082668,
ENSG00000183117,CSMD1,-2.6,0.194454685076621,
ENSG00000184906,,-2.6,,
ENSG00000184995,IFNE,-2.6,,
ENSG00000185499,MUC1,2.6,0.0226106578909322,
ENSG00000185742,C11orf87,2.6,,
ENSG00000186092,OR4F5,2.6,0.581395301621734,
ENSG00000187372,PCDHB13,-2.6,,
ENSG00000196376,SLC35F1,-2.6,0.22544067330442,
ENSG00000198271,KRTAP4-5,-2.6,,
ENSG00000199791,RNU6-451P,-2.6,,
ENSG00000200142,Y_RNA,-2.6,,
ENSG00000200218,RNU6-697P,2.6,,
ENSG00000201868,Y_RNA,-2.6,,
ENSG00000204839,MROH6,2.6,0.0361989561915216,
ENSG00000205300,,2.6,,
ENSG00000205696,ADARB2-AS1,-2.6,,
ENSG00000206751,Y_RNA,-2.6,,
ENSG00000207775,MIR548A1,2.6,,
ENSG00000211669,IGLV3-10,-2.6,0.118286922217889,
ENSG00000211717,TRBV10-1,-2.6,0.0946534941978986,
ENSG00000211781,TRAV7,-2.6,,
ENSG00000211944,IGHV3-16,-2.6,,
ENSG00000212601,RNA5SP53,-2.6,,
ENSG00000213120,LIN28AP1,-2.6,,
ENSG00000213557,RPL31P43,-2.6,0.117286835750207,
ENSG00000214548,MEG3,-2.6,0.206669020716943,
ENSG00000215120,SOCS6P1,2.6,,
ENSG00000215512,,-2.6,,
ENSG00000217135,,2.6,,
ENSG00000218424,NDUFS5P1,2.6,,
ENSG00000220418,TUBB3P1,2.6,0.0437155126085289,
ENSG00000221933,OR2A25,-2.6,,
ENSG00000223271,Y_RNA,-2.6,,
ENSG00000223552,CCR5AS,2.6,0.00954889307248752,
ENSG00000223592,FNDC3CP,2.6,0.21534358104627,
ENSG00000224074,LINC00691,-2.6,,
ENSG00000224881,,-2.6,,
ENSG00000224904,SBF1P2,2.6,,
ENSG00000225155,TOMM22P5,2.6,,
ENSG00000225249,LINC00378,2.6,,
ENSG00000225937,PCA3,2.6,0.259152552880028,
ENSG00000226642,ACTG1P12,2.6,,
ENSG00000226985,LINC01203,-2.6,0.267926120614579,
ENSG00000227240,,-2.6,0.0840283172372488,
ENSG00000227939,RPL3P2,-2.6,,
ENSG00000228376,GAS2L1P2,-2.6,,
ENSG00000228559,,2.6,0.30526176482917,
ENSG00000228667,,-2.6,,
ENSG00000229855,,-2.6,,
ENSG00000230306,BANF1P2,-2.6,0.125695959404065,
ENSG00000230470,,-2.6,0.0624268808991305,
ENSG00000230596,GPAA1P2,-2.6,,
ENSG00000230686,,-2.6,,
ENSG00000231165,TRBV26OR9-2,-2.6,,
ENSG00000231202,TRGVB,-2.6,,
ENSG00000231222,ARF4P4,-2.6,,
ENSG00000232526,VDAC1P13,2.6,,
ENSG00000232701,RPL21P108,-2.6,0.106557879020764,
ENSG00000232803,SLCO4A1-AS1,2.6,0.158735435303292,
ENSG00000232938,RPL23AP87,2.6,0.115610085942288,
ENSG00000233073,GRM3-AS1,-2.6,,
ENSG00000233648,,2.6,,
ENSG00000233653,CICP7,2.6,0.286978841229106,
ENSG00000234965,SHISA8,-2.6,0.00449821785507013,
ENSG00000235081,,2.6,0.0430983760131498,
ENSG00000235127,,-2.6,,
ENSG00000236155,ZPLD2P,2.6,,
ENSG00000236687,,-2.6,,
ENSG00000236911,CR1-AS1,2.6,0.0319280678833174,
ENSG00000237412,PRSS56,2.6,0.149751934867201,
ENSG00000237714,P4HA2-AS1,2.6,,
ENSG00000240317,RN7SL764P,-2.6,,
ENSG00000241456,,-2.6,,
ENSG00000241532,AGGF1P3,2.6,,
ENSG00000241673,RPS27P12,2.6,0.341600852661329,
ENSG00000241720,,-2.6,,
ENSG00000242071,RPL7AP6,-2.6,,
ENSG00000242828,,-2.6,,
ENSG00000244384,RN7SL359P,-2.6,,
ENSG00000244588,RAD21L1,-2.6,,
ENSG00000246115,SUPT4H1P2,2.6,0.110368639679642,
ENSG00000248514,,-2.6,,
ENSG00000248711,THUMPD3P1,-2.6,,
ENSG00000248988,PSME2P3,-2.6,,
ENSG00000249085,TNPO1-DT,-2.6,,
ENSG00000249849,,-2.6,,
ENSG00000250138,,2.6,0.080732746937286,
ENSG00000250505,,-2.6,,
ENSG00000250585,LINC00604,2.6,,
ENSG00000251787,RNU7-47P,2.6,,
ENSG00000252397,RNU5A-4P,2.6,,
ENSG00000253168,,-2.6,,
ENSG00000253190,,2.6,0.0702319935018052,
ENSG00000253433,,-2.6,,
ENSG00000253625,IGKV2-23,-2.6,,
ENSG00000254451,CAPS2-AS1,-2.6,,
ENSG00000254859,,2.6,0.0654650668037789,
ENSG00000255079,LINC02704,-2.6,,
ENSG00000255181,CCDC166,-2.6,,
ENSG00000255192,NANOGP8,-2.6,,
ENSG00000255780,,2.6,,
ENSG00000256417,,2.6,,
ENSG00000256879,PDE3A-AS1,2.6,,
ENSG00000257703,,-2.6,,
ENSG00000257746,,2.6,0.0307458405206351,
ENSG00000258501,EIF3LP1,2.6,,
ENSG00000258649,,-2.6,,
ENSG00000258654,,-2.6,0.110864554688515,
ENSG00000258695,,-2.6,0.0823655684869841,
ENSG00000258955,LINC00519,2.6,0.0927817865538475,
ENSG00000259119,,2.6,0.0881380414993536,
ENSG00000259410,,2.6,,
ENSG00000260422,,-2.6,,
ENSG00000260581,,-2.6,,
ENSG00000260674,,2.6,,
ENSG00000261095,,-2.6,,
ENSG00000261211,,2.6,0.0375154999188691,
ENSG00000261348,LINC02136,-2.6,,
ENSG00000263096,,-2.6,,
ENSG00000263969,RN7SL678P,-2.6,,
ENSG00000264004,MIR4717,2.6,,
ENSG00000264809,Metazoa_SRP,-2.6,,
ENSG00000265564,PIGPP4,2.6,,
ENSG00000266010,GATA6-AS1,-2.6,,
ENSG00000266990,,2.6,,
ENSG00000267042,,-2.6,,
ENSG00000267097,SLC14A2-AS1,-2.6,,
ENSG00000267112,,-2.6,,
ENSG00000267409,,-2.6,,
ENSG00000267461,,2.6,0.103275634599821,
ENSG00000268975,MIA-RAB4B,2.6,,
ENSG00000270335,,2.6,0.157786834225852,
ENSG00000270936,BPNT2P1,-2.6,,
ENSG00000271010,LSM2P1,-2.6,,
ENSG00000271587,,-2.6,,
ENSG00000271958,,-2.6,,
ENSG00000272321,,2.6,0.0752332355260003,
ENSG00000273079,GRIN2B,-2.6,,
ENSG00000273106,PPM1B-DT,-2.6,,
ENSG00000273885,,-2.6,,
ENSG00000274154,,2.6,,
ENSG00000276121,,2.6,,
ENSG00000276428,,-2.6,,
ENSG00000276545,PCDHGB9P,-2.6,,
ENSG00000277831,,-2.6,,
ENSG00000278799,MIR6823,2.6,,
ENSG00000279083,,-2.6,,
ENSG00000279146,,-2.6,,
ENSG00000279223,,2.6,,
ENSG00000279269,,2.6,,
ENSG00000280207,,-2.6,0.0335406529403076,
ENSG00000281548,LINC00895,-2.6,,
ENSG00000282317,,2.6,,
ENSG00000283380,,-2.6,,
ENSG00000283673,MIR4531,2.6,,
ENSG00000283749,MIR4781,2.6,,
ENSG00000284188,C1orf202,-2.6,,
ENSG00000284242,,-2.6,,
ENSG00000284391,,-2.6,0.141768106533108,
ENSG00000284543,LINC01226,-2.6,0.090700094798893,
ENSG00000285880,,-2.6,,
ENSG00000286151,,-2.6,0.272380945745908,
ENSG00000286229,,2.6,,
ENSG00000286481,,-2.6,0.181505580938498,
ENSG00000286674,,-2.6,,
ENSG00000287092,,-2.6,0.0461829865872532,
ENSG00000287516,,-2.6,,
ENSG00000287828,,-2.6,,
ENSG00000287995,,2.6,,
ENSG00000289120,,-2.6,0.126574931594285,
ENSG00000289292,,-2.6,0.107202289622871,
ENSG00000289301,,-2.6,,
ENSG00000289832,,-2.6,,
ENSG00000290029,,-2.6,,
ENSG00000057593,F7,-2.5,,
ENSG00000072832,CRMP1,-2.5,0.0763261209371615,
ENSG00000073737,DHRS9,2.5,0.0507800355233731,
ENSG00000078124,ACER3,2.5,0.0234712789607581,
ENSG00000101076,HNF4A,-2.5,,
ENSG00000104967,NOVA2,-2.5,,
ENSG00000110786,PTPN5,-2.5,,
ENSG00000114487,MORC1,2.5,0.0848784255870144,
ENSG00000115604,IL18R1,2.5,0.110116374642721,
ENSG00000117707,PROX1,-2.5,,
ENSG00000118160,SLC8A2,2.5,,
ENSG00000118193,KIF14,2.5,0.0204951676954598,
ENSG00000118492,ADGB,2.5,0.160167616619164,
ENSG00000124102,PI3,2.5,0.182053964759768,
ENSG00000124749,COL21A1,2.5,,
ENSG00000124780,KCNK17,-2.5,0.075877183315207,
ENSG00000124882,EREG,-2.5,0.0695327275471636,
ENSG00000130656,HBZ,-2.5,,
ENSG00000132031,MATN3,-2.5,,
ENSG00000132965,ALOX5AP,2.5,0.0134440747117621,
ENSG00000135046,ANXA1,2.5,0.0234712789607581,
ENSG00000136810,TXN,2.5,0.0115322779256149,
ENSG00000138622,HCN4,2.5,0.335703040207404,
ENSG00000142627,EPHA2,-2.5,0.12163579113105,
ENSG00000145777,TSLP,-2.5,,
ENSG00000146374,RSPO3,2.5,0.234511245875946,
ENSG00000148175,STOM,2.5,0.00637023845049487,
ENSG00000148408,CACNA1B,-2.5,,
ENSG00000148459,PDSS1,2.5,0.0275816365815558,
ENSG00000149926,TLCD3B,2.5,,
ENSG00000150471,ADGRL3,2.5,,
ENSG00000153976,HS3ST3A1,2.5,0.270245855071989,
ENSG00000154451,GBP5,2.5,0.0859126355668359,
ENSG00000156127,BATF,2.5,0.0163947338248132,
ENSG00000157680,DGKI,2.5,0.0777375002651568,
ENSG00000159247,TUBBP5,2.5,0.110632837959814,
ENSG00000159904,ZNF890P,-2.5,0.129243147591242,
ENSG00000162545,CAMK2N1,-2.5,0.0752860603464932,
ENSG00000162571,TTLL10,-2.5,0.127827542964574,
ENSG00000162878,PKDCC,2.5,0.0975115737828132,
ENSG00000164761,TNFRSF11B,2.5,,
ENSG00000165863,SPMIP5,-2.5,0.329575024210623,
ENSG00000166211,SPIC,2.5,,
ENSG00000166363,OR10A5,-2.5,,
ENSG00000167994,RAB3IL1,2.5,0.144041876106162,
ENSG00000168004,PLAAT5,-2.5,0.16048632607336,
ENSG00000169174,PCSK9,2.5,0.341947021537085,
ENSG00000174977,PAIP1P2,2.5,,
ENSG00000177112,IRAG1-AS1,2.5,0.051754737740346,
ENSG00000177489,OR2G2,-2.5,,
ENSG00000177586,OR7E149P,2.5,0.649969777850512,
ENSG00000177627,C12orf54,2.5,,
ENSG00000179299,NSUN7,2.5,0.0752332355260003,
ENSG00000180264,ADGRD2,2.5,,
ENSG00000181009,OR52N5,-2.5,,
ENSG00000181786,ACTL9,-2.5,0.133314225841958,
ENSG00000182175,RGMA,2.5,0.0893349735317805,
ENSG00000182379,NXPH4,-2.5,0.0676428578079116,
ENSG00000182586,LINC00334,-2.5,0.053861452190963,
ENSG00000182631,RXFP3,-2.5,,
ENSG00000183840,GPR39,-2.5,,
ENSG00000184611,KCNH7,2.5,0.0539602724705965,
ENSG00000185483,ROR1,-2.5,0.114104559841344,
ENSG00000186803,IFNA10,-2.5,,
ENSG00000187116,LILRA5,2.5,0.0539965963478707,
ENSG00000187554,TLR5,2.5,0.0213597189932622,
ENSG00000188155,KRTAP10-6,-2.5,,
ENSG00000188801,ZNF322P1,-2.5,,
ENSG00000197403,OR6N1,-2.5,0.151406584020341,
ENSG00000197646,PDCD1LG2,2.5,0.020156932250647,
ENSG00000197953,AADACL2,-2.5,,
ENSG00000200536,,-2.5,,
ENSG00000203280,KIAA1671-AS1,-2.5,0.091111076858281,
ENSG00000204021,LIPK,2.5,0.0773345109192287,
ENSG00000204296,TSBP1,-2.5,0.0327480139750846,
ENSG00000204632,HLA-G,-2.5,,
ENSG00000204634,TBC1D8,2.5,0.0470964775189173,
ENSG00000204971,,2.5,,
ENSG00000205086,LINC02898,2.5,,
ENSG00000206656,SNORD116-17,-2.5,,
ENSG00000207785,MIR500A,2.5,,
ENSG00000207931,MIR577,-2.5,,
ENSG00000207970,MIR660,-2.5,,
ENSG00000208009,MIR130A,2.5,,
ENSG00000211930,IGHD3-3,-2.5,0.102818946713597,
ENSG00000213058,,-2.5,,
ENSG00000213312,RPL7AP34,-2.5,,
ENSG00000213414,,2.5,,
ENSG00000213416,KRTAP4-12,-2.5,,
ENSG00000213423,RBMX2P2,-2.5,,
ENSG00000214391,TUBAP2,-2.5,,
ENSG00000214832,UPF3AP2,2.5,,
ENSG00000215148,PRSS41,-2.5,0.292466147959295,
ENSG00000215184,RPS12P16,2.5,,
ENSG00000215369,RPL37P3,-2.5,,
ENSG00000215506,TPTE2P4,-2.5,,
ENSG00000215548,FRG1JP,2.5,0.283557341773069,
ENSG00000216990,HSPD1P10,2.5,,
ENSG00000224239,,2.5,,
ENSG00000224348,RPL36P6,-2.5,,
ENSG00000224808,SRGAP3-AS1,-2.5,,
ENSG00000224927,NDUFA5P10,2.5,,
ENSG00000225289,RPL29P29,-2.5,,
ENSG00000225299,,2.5,,
ENSG00000225316,TPTE2-AS1,-2.5,,
ENSG00000225428,NDUFB4P7,-2.5,,
ENSG00000225637,,-2.5,,
ENSG00000226144,RPS27AP3,-2.5,0.148803386851917,
ENSG00000226705,SDCBPP1,2.5,0.0773345109192287,
ENSG00000227152,OR2T7,-2.5,,
ENSG00000227308,LINC02832,2.5,,
ENSG00000227745,,-2.5,,
ENSG00000228309,LINC01350,2.5,0.101932838361772,
ENSG00000228789,HCG22,-2.5,,
ENSG00000228923,,2.5,0.0636831979200249,
ENSG00000229000,SEPTIN7P8,2.5,0.0569746756874856,
ENSG00000229167,,-2.5,,
ENSG00000229405,,-2.5,0.0504220674915559,
ENSG00000229666,MAST4-AS1,2.5,0.0593999786047228,
ENSG00000230165,AURKAP2,-2.5,,
ENSG00000230300,STARD13-IT1,-2.5,,
ENSG00000230395,ANAPC1P3,-2.5,,
ENSG00000230501,ANKRD30BP3,2.5,,
ENSG00000231367,LINC02613,2.5,,
ENSG00000231678,,-2.5,,
ENSG00000232679,LINC01705,-2.5,,
ENSG00000233677,DDX39BP1,-2.5,,
ENSG00000233690,EBAG9P1,2.5,0.0234712789607581,
ENSG00000233721,,-2.5,,
ENSG00000234135,RPL23AP83,-2.5,,
ENSG00000234156,,-2.5,0.0581529830012407,
ENSG00000234167,ELOBP4,2.5,,
ENSG00000234285,GAPDHP49,2.5,0.0636831979200249,
ENSG00000235034,C19orf81,-2.5,,
ENSG00000235376,RPEL1,-2.5,,
ENSG00000237629,UQCRHP2,2.5,,
ENSG00000237636,ANKRD26P3,-2.5,,
ENSG00000238043,,2.5,,
ENSG00000239105,RNU7-73P,2.5,,
ENSG00000239706,CRADDP1,-2.5,,
ENSG00000240302,RN7SL717P,-2.5,,
ENSG00000240677,MYL6P4,-2.5,0.223898645356911,
ENSG00000242419,PCDHGC4,-2.5,0.138817597681701,
ENSG00000242968,SULT1D1P2,-2.5,,
ENSG00000243711,RPL21P116,2.5,,
ENSG00000246774,COL25A1-DT,-2.5,,
ENSG00000247131,,-2.5,,
ENSG00000248629,,2.5,0.162862960907011,
ENSG00000249109,,-2.5,0.0757534751288188,
ENSG00000249240,,2.5,0.0504768213670253,
ENSG00000249751,ECSCR,2.5,,
ENSG00000249799,SNRPCP13,-2.5,,
ENSG00000249908,BRD9P2,2.5,,
ENSG00000250739,LINC01262,2.5,,
ENSG00000250765,SEPTIN14P5,2.5,,
ENSG00000250896,RNPS1P1,-2.5,0.0988391974434682,
ENSG00000250920,,2.5,0.0330431355605611,
ENSG00000251108,YBX1P5,2.5,,
ENSG00000251235,SNRPCP2,-2.5,,
ENSG00000251489,,2.5,,
ENSG00000252407,RNU7-183P,2.5,,
ENSG00000252798,,2.5,,
ENSG00000253404,CTNNA1-AS1,2.5,,
ENSG00000253822,IGLV3-24,-2.5,,
ENSG00000254029,IGLC4,-2.5,,
ENSG00000254054,,2.5,,
ENSG00000254799,SLC25A47P1,-2.5,0.054197276403969,
ENSG00000255282,WTAPP1,2.5,,
ENSG00000255307,OR52B2,2.5,0.0837471799255819,
ENSG00000256197,TSPAN9-IT1,2.5,,
ENSG00000256596,,-2.5,,
ENSG00000256875,,-2.5,0.420353528523754,
ENSG00000257231,DYNLL1P4,-2.5,0.110413225291748,
ENSG00000257671,KRT7-AS,2.5,,
ENSG00000257743,MGAM2,2.5,0.0287314867088019,
ENSG00000258422,,-2.5,,
ENSG00000258502,LINC02290,-2.5,,
ENSG00000258740,,-2.5,,
ENSG00000258783,KRT18P6,-2.5,,
ENSG00000258819,LINC02289,-2.5,0.164921948895571,
ENSG00000258866,,2.5,,
ENSG00000259332,ST20-MTHFS,2.5,0.0773345109192287,
ENSG00000259584,,2.5,,
ENSG00000260460,,-2.5,,
ENSG00000260694,,-2.5,0.0800685900371447,
ENSG00000260870,NDUFB10P1,-2.5,,
ENSG00000261026,,2.5,0.259870240516607,
ENSG00000261314,,2.5,,
ENSG00000261771,DNAAF4-CCPG1,-2.5,,
ENSG00000262304,,-2.5,0.0779586100916506,
ENSG00000263325,,-2.5,,
ENSG00000263574,,-2.5,0.161261620599852,
ENSG00000264317,RN7SL154P,-2.5,,
ENSG00000264589,MAPT-AS1,-2.5,,
ENSG00000265018,AGAP12P,-2.5,0.254997163332433,
ENSG00000265413,,-2.5,,
ENSG00000266369,,-2.5,,
ENSG00000266524,GDF10,-2.5,0.232667134645846,
ENSG00000266750,MIR4645,-2.5,,
ENSG00000267091,CTBP2P7,-2.5,,
ENSG00000267693,,-2.5,,
ENSG00000269792,,-2.5,,
ENSG00000270052,,-2.5,,
ENSG00000270343,UNGP3,-2.5,,
ENSG00000270654,NUTF2P8,-2.5,,
ENSG00000270857,,2.5,,
ENSG00000271318,MOB4P2,-2.5,,
ENSG00000271392,,-2.5,,
ENSG00000272025,SNORA74,2.5,,
ENSG00000272435,RNA5SP357,-2.5,,
ENSG00000272438,,-2.5,,
ENSG00000272472,,2.5,,
ENSG00000272702,,-2.5,,
ENSG00000273986,Metazoa_SRP,-2.5,,
ENSG00000274004,,-2.5,,
ENSG00000274569,,-2.5,,
ENSG00000274848,Metazoa_SRP,-2.5,,
ENSG00000275213,Metazoa_SRP,-2.5,,
ENSG00000275654,,-2.5,,
ENSG00000275772,,-2.5,0.106088615042679,
ENSG00000276413,,2.5,0.127441400462806,
ENSG00000276538,,-2.5,,
ENSG00000278001,,2.5,,
ENSG00000278202,GOLGA6L9-AS1,-2.5,,
ENSG00000278349,MIR6754,2.5,,
ENSG00000278626,,-2.5,,
ENSG00000279029,,2.5,,
ENSG00000279401,,2.5,0.130938096701426,
ENSG00000279817,,2.5,,
ENSG00000280140,,2.5,,
ENSG00000280176,,-2.5,,
ENSG00000280180,,-2.5,,
ENSG00000282059,CICP19,2.5,0.079792805890274,
ENSG00000283061,,2.5,0.0581529830012407,
ENSG00000283599,,2.5,,
ENSG00000283793,MIR6861,2.5,,
ENSG00000284772,,-2.5,,
ENSG00000284823,,-2.5,,
ENSG00000285082,,2.5,0.058380250425586,
ENSG00000285883,,2.5,,
ENSG00000286098,,-2.5,,
ENSG00000286598,,-2.5,,
ENSG00000286628,,-2.5,,
ENSG00000286984,,2.5,,
ENSG00000287398,,-2.5,,
ENSG00000287554,,-2.5,0.0123638933966399,
ENSG00000287747,,-2.5,,
ENSG00000287773,,2.5,,
ENSG00000287821,,2.5,,
ENSG00000287899,,2.5,0.185630020584402,
ENSG00000288773,,2.5,,
ENSG00000288809,,-2.5,,
ENSG00000289299,,-2.5,,
ENSG00000289636,,-2.5,0.229653768648592,
ENSG00000290069,,-2.5,,
ENSG00000008118,CAMK1G,2.4,,
ENSG00000010319,SEMA3G,-2.4,0.0442960482555271,
ENSG00000071909,MYO3B,-2.4,0.0781151627833054,
ENSG00000072571,HMMR,2.4,0.0275816365815558,
ENSG00000072657,TRHDE,2.4,,
ENSG00000087128,TMPRSS11E,2.4,,
ENSG00000101210,EEF1A2,-2.4,0.149467671915048,
ENSG00000101489,CELF4,-2.4,,
ENSG00000102794,ACOD1,2.4,0.146170543903024,
ENSG00000105278,ZFR2,-2.4,0.0329104449237253,
ENSG00000105650,PDE4C,2.4,,
ENSG00000106018,VIPR2,-2.4,0.0695052689160997,
ENSG00000106304,SPAM1,-2.4,,
ENSG00000106688,SLC1A1,-2.4,0.0909144322710832,
ENSG00000108387,SEPTIN4,2.4,0.112274742905267,
ENSG00000108511,HOXB6,-2.4,,
ENSG00000108852,MPP2,-2.4,0.0773345109192287,
ENSG00000109046,WSB1,2.4,0.0163947338248132,
ENSG00000109738,GLRB,2.4,,
ENSG00000113361,CDH6,2.4,0.320339159880814,
ENSG00000115457,IGFBP2,2.4,0.105256450091765,
ENSG00000116141,MARK1,-2.4,,
ENSG00000116983,HPCAL4,-2.4,0.0541258303325943,
ENSG00000118526,TCF21,2.4,,
ENSG00000120658,ENOX1,-2.4,,
ENSG00000130287,NCAN,-2.4,,
ENSG00000131152,,-2.4,,
ENSG00000134321,RSAD2,2.4,0.145110275828653,
ENSG00000134333,LDHA,2.4,0.0201340473236433,
ENSG00000137801,THBS1,2.4,0.0107952792717275,
ENSG00000138162,TACC2,2.4,,
ENSG00000138944,SHISAL1,-2.4,,
ENSG00000139656,,-2.4,,
ENSG00000140505,CYP1A2,2.4,0.220547224396313,
ENSG00000141431,ASXL3,2.4,0.211131549113266,
ENSG00000141448,GATA6,-2.4,0.281590159295481,
ENSG00000142619,PADI3,2.4,,
ENSG00000149124,GLYAT,-2.4,,
ENSG00000149328,GLB1L2,-2.4,0.0798479188610074,
ENSG00000150893,FREM2,2.4,,
ENSG00000151617,EDNRA,-2.4,,
ENSG00000152467,ZSCAN1,-2.4,,
ENSG00000154096,THY1,-2.4,,
ENSG00000157613,CREB3L1,2.4,0.336363287651,
ENSG00000163792,TCF23,2.4,,
ENSG00000163993,S100P,2.4,0.0442960482555271,
ENSG00000165300,SLITRK5,-2.4,0.149467671915048,
ENSG00000165935,SMCO2,2.4,,
ENSG00000167311,ART5,-2.4,,
ENSG00000168615,ADAM9,2.4,0.0115322779256149,
ENSG00000170209,ANKK1,-2.4,0.0470684771363823,
ENSG00000171236,LRG1,2.4,0.0702319935018052,
ENSG00000172817,CYP7B1,-2.4,0.108414347706441,
ENSG00000173376,NDNF,2.4,,
ENSG00000173810,PPIAP7,2.4,,
ENSG00000175928,LRRN1,2.4,0.0134093435941746,
ENSG00000177465,ACOT4,-2.4,0.155212382195594,
ENSG00000177800,TMEM78,-2.4,,
ENSG00000178896,EXOSC4,2.4,0.0455954377700408,
ENSG00000179165,PXT1,2.4,0.0822669371638181,
ENSG00000179388,EGR3,2.4,0.0226106578909322,
ENSG00000183621,ZNF438,2.4,0.0226106578909322,
ENSG00000184292,TACSTD2,2.4,0.227429370658617,
ENSG00000185736,ADARB2,-2.4,0.413639965554152,
ENSG00000186212,SOWAHB,-2.4,,
ENSG00000186732,MPPED1,-2.4,,
ENSG00000187783,TMEM72,2.4,0.0461829865872532,
ENSG00000188313,PLSCR1,2.4,0.0400274600354923,
ENSG00000189431,RASSF10,-2.4,,
ENSG00000196616,ADH1B,-2.4,,
ENSG00000196946,ZNF705A,2.4,0.0914745937125046,
ENSG00000198363,ASPH,2.4,0.082270812675933,
ENSG00000198833,UBE2J1,2.4,0.00207554566709541,
ENSG00000199318,RNA5SP52,2.4,,
ENSG00000199420,RN7SKP170,-2.4,,
ENSG00000199572,RNA5SP174,-2.4,,
ENSG00000199964,Y_RNA,-2.4,,
ENSG00000203780,FANK1,-2.4,0.101846323931492,
ENSG00000204397,CARD16,2.4,0.0110270080606243,
ENSG00000205622,ETS2-AS1,2.4,0.0701895161234369,
ENSG00000205846,CLEC6A,2.4,0.0319280678833174,
ENSG00000206730,RNU6-468P,-2.4,,
ENSG00000206978,Y_RNA,-2.4,,
ENSG00000207000,RNU6-820P,2.4,0.190059975313289,
ENSG00000207077,RNU6-1119P,-2.4,,
ENSG00000207384,Y_RNA,-2.4,,
ENSG00000210741,MIR196A1,-2.4,,
ENSG00000211921,IGHD5-12,-2.4,0.0546521692898828,
ENSG00000212230,RNU6-747P,-2.4,,
ENSG00000212312,RNA5SP109,2.4,,
ENSG00000213896,RPL31P8,-2.4,,
ENSG00000214434,NIFKP1,-2.4,,
ENSG00000214511,HIGD1C,2.4,,
ENSG00000214888,NPAP1P9,-2.4,0.419864345422908,
ENSG00000215210,RBMXP2,-2.4,,
ENSG00000215237,,-2.4,,
ENSG00000217027,TPT1P4,2.4,,
ENSG00000219361,RPSAP72,-2.4,,
ENSG00000219806,ATP5PBP6,-2.4,,
ENSG00000221540,MIR1180,-2.4,,
ENSG00000221552,MIR1303,2.4,0.189065475890261,
ENSG00000221771,MIR1205,-2.4,0.0697240541572374,
ENSG00000221986,MYBPHL,2.4,0.126574931594285,
ENSG00000222308,RNA5SP198,-2.4,,
ENSG00000222522,RNU6-519P,2.4,,
ENSG00000223126,RN7SKP263,2.4,,
ENSG00000223443,USP17L2,-2.4,0.188688587747611,
ENSG00000223587,LINC01986,2.4,,
ENSG00000223734,LAPTM4A-DT,2.4,,
ENSG00000224060,ARSLP1,-2.4,,
ENSG00000224689,ZNF812P,-2.4,,
ENSG00000224945,,-2.4,,
ENSG00000225056,,2.4,,
ENSG00000225585,IPPKP1,2.4,,
ENSG00000225683,PACRG-AS3,-2.4,,
ENSG00000225953,SATB2-AS1,2.4,0.0915013357548833,
ENSG00000226473,PPIAP62,2.4,,
ENSG00000226935,LINC00161,-2.4,0.0440099202573965,
ENSG00000227061,,-2.4,,
ENSG00000227089,,2.4,,
ENSG00000227425,MRPS21P2,-2.4,,
ENSG00000227615,,-2.4,,
ENSG00000227666,CYCSP24,-2.4,0.0903822281447576,
ENSG00000227683,,-2.4,,
ENSG00000227925,,-2.4,,
ENSG00000228277,UMLILO,2.4,,
ENSG00000228401,LNCEGFL7OS,-2.4,,
ENSG00000228687,,-2.4,,
ENSG00000228928,KPNA2P2,2.4,,
ENSG00000229007,EXOSC3P1,-2.4,0.133731355028237,
ENSG00000229297,,-2.4,,
ENSG00000230097,ME2P1,-2.4,,
ENSG00000230246,SPATA31C1,-2.4,,
ENSG00000230304,CICP6,2.4,0.0484662093040718,
ENSG00000230943,LINC02541,2.4,0.0584782526325121,
ENSG00000231216,GS1-600G8.3,-2.4,,
ENSG00000231909,MAP1LC3BP1,2.4,,
ENSG00000231985,,-2.4,,
ENSG00000232360,,-2.4,,
ENSG00000232599,,2.4,,
ENSG00000232740,LINC01826,2.4,,
ENSG00000233048,LINC01722,-2.4,,
ENSG00000233159,RPL31P16,2.4,,
ENSG00000233191,,-2.4,0.178828627402398,
ENSG00000233260,RPSAP63,-2.4,,
ENSG00000233952,FTLP15,-2.4,,
ENSG00000234940,,-2.4,,
ENSG00000235278,ZNF652P1,-2.4,,
ENSG00000235467,RPL10AP5,-2.4,,
ENSG00000235670,RPL21P40,-2.4,,
ENSG00000236500,CD24P1,-2.4,,
ENSG00000236636,UBA5P1,-2.4,,
ENSG00000237181,PRKAR1B-AS1,2.4,0.0226106578909322,
ENSG00000237346,,-2.4,0.160920296261802,
ENSG00000237458,TUBB4BP3,2.4,,
ENSG00000237556,KCND3-AS1,2.4,,
ENSG00000237674,GSTA7P,-2.4,,
ENSG00000238165,,-2.4,,
ENSG00000238207,,-2.4,,
ENSG00000238812,RNU7-127P,-2.4,,
ENSG00000239517,,-2.4,,
ENSG00000239961,LILRA4,-2.4,0.0287314867088019,
ENSG00000240621,OR2AO1P,2.4,,
ENSG00000241392,RN7SL205P,2.4,,
ENSG00000242087,RPL36AP41,2.4,,
ENSG00000242104,LRRC78P,2.4,,
ENSG00000242201,RN7SL215P,2.4,,
ENSG00000242616,GNG10,2.4,0.0269687521526447,
ENSG00000242686,PDE6B-AS1,-2.4,0.216144873736862,
ENSG00000242753,,-2.4,,
ENSG00000243075,RN7SL519P,2.4,,
ENSG00000243287,RPS17P14,2.4,,
ENSG00000243636,,-2.4,,
ENSG00000243829,,-2.4,0.0937915681268393,
ENSG00000243830,RPL15P17,2.4,0.0818712166279508,
ENSG00000244675,,2.4,0.105994084912523,
ENSG00000244699,EVA1CP5,-2.4,,
ENSG00000246548,LINC02288,-2.4,0.146991299757232,
ENSG00000247970,,-2.4,0.0801613224417031,
ENSG00000248131,LINC01194,-2.4,,
ENSG00000248795,,-2.4,,
ENSG00000248942,,-2.4,,
ENSG00000249065,PCNAP1,-2.4,,
ENSG00000250125,LINC02232,2.4,,
ENSG00000250476,ENPP7P9,-2.4,,
ENSG00000250564,LINC02999,2.4,,
ENSG00000250573,,2.4,,
ENSG00000250877,,2.4,,
ENSG00000251250,,-2.4,,
ENSG00000251401,,-2.4,,
ENSG00000251611,FHIP1A-DT,-2.4,,
ENSG00000251746,RNA5SP112,2.4,,
ENSG00000252008,RNU6-927P,2.4,,
ENSG00000252183,RNU6-948P,-2.4,,
ENSG00000252778,,-2.4,,
ENSG00000253159,PCDHGA12,-2.4,0.0520248682682188,
ENSG00000253952,HIGD1AP18,-2.4,0.0711112131097303,
ENSG00000254402,LRRC24,-2.4,,
ENSG00000254833,,2.4,,
ENSG00000255003,CYCSP28,-2.4,,
ENSG00000255229,,2.4,,
ENSG00000255334,,-2.4,,
ENSG00000255347,,-2.4,,
ENSG00000255480,,-2.4,,
ENSG00000255555,,-2.4,,
ENSG00000255977,,-2.4,,
ENSG00000256162,SMLR1,-2.4,0.0592621812269847,
ENSG00000256734,,-2.4,,
ENSG00000257138,TAS2R38,2.4,0.082270812675933,
ENSG00000257241,,2.4,,
ENSG00000257750,LINC02445,-2.4,,
ENSG00000257985,,2.4,,
ENSG00000258104,HIGD1AP9,-2.4,,
ENSG00000258602,LINC01629,-2.4,0.304303745609083,
ENSG00000258671,,2.4,,
ENSG00000258763,,2.4,,
ENSG00000259039,,-2.4,,
ENSG00000259098,,-2.4,,
ENSG00000259268,,2.4,0.0726233100739672,
ENSG00000259385,,-2.4,0.540622808477355,
ENSG00000259462,CPEB1-AS1,2.4,0.243670368492894,
ENSG00000259476,,2.4,0.0695327275471636,
ENSG00000260146,,2.4,,
ENSG00000260192,LINC02240,-2.4,,
ENSG00000260282,EIF4EBP2P2,-2.4,,
ENSG00000260370,,2.4,,
ENSG00000260648,,2.4,,
ENSG00000260695,,-2.4,,
ENSG00000260823,,2.4,,
ENSG00000260903,XKR7,2.4,0.0234712789607581,
ENSG00000260943,LINC02555,2.4,0.0586304756764885,
ENSG00000261294,,2.4,,
ENSG00000261625,,-2.4,,
ENSG00000262179,MYMX,-2.4,,
ENSG00000262322,MTND4P34,2.4,,
ENSG00000263017,,2.4,,
ENSG00000263266,RPS7P1,2.4,,
ENSG00000263413,MIR4538,-2.4,,
ENSG00000263586,HID1-AS1,-2.4,,
ENSG00000263655,,-2.4,,
ENSG00000263923,,-2.4,,
ENSG00000264012,,-2.4,,
ENSG00000264540,RN7SL405P,-2.4,,
ENSG00000265962,GACAT2,-2.4,,
ENSG00000266063,MIR4771-2,-2.4,,
ENSG00000266251,COX6CP3,-2.4,,
ENSG00000266503,RN7SL162P,-2.4,,
ENSG00000266605,LONRF2P1,-2.4,,
ENSG00000266840,,-2.4,,
ENSG00000267140,,2.4,,
ENSG00000267151,MIR2117HG,-2.4,,
ENSG00000267644,,-2.4,,
ENSG00000267665,,2.4,,
ENSG00000268388,FENDRR,2.4,,
ENSG00000268864,,-2.4,,
ENSG00000269385,,2.4,0.08936244124093,
ENSG00000270035,,-2.4,,
ENSG00000270403,,-2.4,,
ENSG00000270591,,-2.4,0.203475912687343,
ENSG00000270697,,-2.4,,
ENSG00000270994,,-2.4,,
ENSG00000271364,,-2.4,,
ENSG00000271398,,-2.4,,
ENSG00000271447,MMP28,-2.4,0.0806261183285286,
ENSG00000271623,,-2.4,,
ENSG00000271784,TP53RK-DT,2.4,,
ENSG00000271893,,-2.4,0.250557795579529,
ENSG00000271934,OR2AS2P,-2.4,,
ENSG00000271945,,-2.4,,
ENSG00000273434,OR8S21P,2.4,,
ENSG00000273800,,2.4,,
ENSG00000274551,,-2.4,,
ENSG00000274594,,-2.4,,
ENSG00000275337,RN7SL680P,-2.4,,
ENSG00000275987,,2.4,,
ENSG00000276014,RN7SL301P,-2.4,0.26936254819773,
ENSG00000277173,,-2.4,,
ENSG00000277297,ATP5F1AP10,-2.4,,
ENSG00000277559,,2.4,,
ENSG00000277655,,-2.4,,
ENSG00000277720,H3C5P,2.4,,
ENSG00000277755,,2.4,,
ENSG00000277790,,2.4,0.0639519978906803,
ENSG00000279526,,-2.4,,
ENSG00000279770,LINC00552,-2.4,,
ENSG00000279874,,2.4,,
ENSG00000280219,,-2.4,,
ENSG00000280335,,-2.4,,
ENSG00000281128,PTENP1-AS,-2.4,0.14544226924251,
ENSG00000283234,,-2.4,0.169075768019642,
ENSG00000283265,,2.4,,
ENSG00000283269,,2.4,,
ENSG00000283982,,-2.4,,
ENSG00000283991,,-2.4,,
ENSG00000284646,,-2.4,,
ENSG00000284717,,-2.4,,
ENSG00000285171,,2.4,0.0748623852946076,
ENSG00000285918,,-2.4,,
ENSG00000286378,,-2.4,,
ENSG00000286435,,2.4,,
ENSG00000286559,,-2.4,,
ENSG00000286587,,-2.4,,
ENSG00000286953,,-2.4,0.198171810176605,
ENSG00000287081,,-2.4,,
ENSG00000287264,,-2.4,,
ENSG00000287390,,2.4,,
ENSG00000287549,,2.4,0.193030454692661,
ENSG00000287620,,2.4,0.0791094379548557,
ENSG00000287862,,-2.4,,
ENSG00000287909,,-2.4,,
ENSG00000288765,,2.4,,
ENSG00000288802,,-2.4,,
ENSG00000288969,,2.4,,
ENSG00000289712,,2.4,0.132397020479524,
ENSG00000289915,,2.4,,
ENSG00000289932,,2.4,,
ENSG00000290101,,-2.4,,
ENSG00000005961,ITGA2B,2.3,0.0334100234752605,
ENSG00000007062,PROM1,-2.3,0.211168615983913,
ENSG00000044524,EPHA3,2.3,,
ENSG00000080031,PTPRH,2.3,,
ENSG00000096060,FKBP5,2.3,0.0953367842315281,
ENSG00000101327,PDYN,2.3,0.364999366471088,
ENSG00000102010,BMX,2.3,0.0758695671371935,
ENSG00000103310,ZP2,2.3,,
ENSG00000103723,AP3B2,2.3,0.258964629535848,
ENSG00000105376,ICAM5,2.3,0.0962713911148115,
ENSG00000106128,GHRHR,-2.3,,
ENSG00000107518,ATRNL1,-2.3,,
ENSG00000111199,TRPV4,2.3,0.0290959123991296,
ENSG00000111981,ULBP1,-2.3,,
ENSG00000112499,SLC22A2,2.3,,
ENSG00000112541,PDE10A,-2.3,0.246481489935986,
ENSG00000113520,IL4,-2.3,0.138006605292133,
ENSG00000116991,SIPA1L2,2.3,0.0702319935018052,
ENSG00000117115,PADI2,2.3,0.0359003455998333,
ENSG00000118785,SPP1,2.3,0.313491551129604,
ENSG00000120327,PCDHB14,-2.3,,
ENSG00000121742,GJB6,2.3,0.133655387819853,
ENSG00000121797,CCRL2,2.3,0.0357696097358082,
ENSG00000122304,PRM2,-2.3,,
ENSG00000126787,DLGAP5,2.3,0.0129728471367929,
ENSG00000128573,FOXP2,-2.3,,
ENSG00000132357,CARD6,2.3,0.00793258121591752,
ENSG00000132854,KANK4,-2.3,,
ENSG00000134755,DSC2,2.3,0.0291274975009199,
ENSG00000134817,APLNR,-2.3,,
ENSG00000135636,DYSF,2.3,0.0461829865872532,
ENSG00000136315,RNASE2CP,2.3,0.107996864039476,
ENSG00000136574,GATA4,-2.3,,
ENSG00000137948,BRDT,-2.3,,
ENSG00000138119,MYOF,2.3,0.167768930575394,
ENSG00000138738,PRDM5,2.3,0.0326705570834031,
ENSG00000138821,SLC39A8,2.3,0.00992919091527527,
ENSG00000139767,SRRM4,2.3,,
ENSG00000143632,ACTA1,-2.3,,
ENSG00000145428,RNF175,2.3,0.0581529830012407,
ENSG00000145431,PDGFC,2.3,0.071680281228154,
ENSG00000146122,DAAM2,2.3,0.386482254250106,
ENSG00000148154,UGCG,2.3,0.0307458405206351,
ENSG00000148344,PTGES,2.3,0.102296515117244,
ENSG00000148483,TMEM236,2.3,0.0195701736696246,
ENSG00000152076,CCDC74B,-2.3,,
ENSG00000157087,ATP2B2,2.3,0.0182361930860492,
ENSG00000158352,SHROOM4,2.3,0.00245062442988037,
ENSG00000159496,RGL4,2.3,0.0357696097358082,
ENSG00000163283,ALPP,-2.3,,
ENSG00000163746,PLSCR2,2.3,0.0837588715376501,
ENSG00000163884,KLF15,-2.3,,
ENSG00000164047,CAMP,2.3,0.0985090275720019,
ENSG00000164104,HMGB2,2.3,0.00992919091527527,
ENSG00000164176,EDIL3,2.3,,
ENSG00000165061,ZMAT4,-2.3,0.265940797543212,
ENSG00000165695,AK8,-2.3,0.0823655684869841,
ENSG00000166317,SYNPO2L,-2.3,0.0789792900867331,
ENSG00000166450,PRTG,2.3,,
ENSG00000166796,LDHC,-2.3,,
ENSG00000172938,MRGPRD,-2.3,0.197854094238434,
ENSG00000173805,HAP1,-2.3,,
ENSG00000173894,CBX2,2.3,0.0239388399411747,
ENSG00000174837,ADGRE1,2.3,0.138340966274841,
ENSG00000176842,IRX5,2.3,,
ENSG00000177992,SPATA31E1,-2.3,,
ENSG00000179284,DAND5,2.3,,
ENSG00000182667,NTM,-2.3,,
ENSG00000183762,KREMEN1,2.3,0.0417650221702737,
ENSG00000188101,ALOX15P2,-2.3,,
ENSG00000188393,CLEC2A,-2.3,0.496938984721058,
ENSG00000188487,INSC,2.3,0.0565534804908957,
ENSG00000188585,CLEC20A,-2.3,0.265697861560252,
ENSG00000196169,KIF19,-2.3,0.149467671915048,
ENSG00000198414,TATDN2P1,-2.3,0.111412406987193,
ENSG00000199668,Y_RNA,2.3,0.390681896418093,
ENSG00000201102,Y_RNA,2.3,,
ENSG00000201142,RNU1-151P,-2.3,,
ENSG00000201341,RNU6-421P,2.3,,
ENSG00000202144,Y_RNA,-2.3,,
ENSG00000202408,RNVU1-21,-2.3,,
ENSG00000203462,,2.3,,
ENSG00000203733,GJE1,2.3,,
ENSG00000203795,FAM24A,-2.3,,
ENSG00000204472,AIF1,2.3,0.00563811438503788,
ENSG00000204851,PNMA8B,-2.3,0.209017108690128,
ENSG00000205213,LGR4,2.3,0.0867981988833956,
ENSG00000205869,KRTAP5-1,-2.3,0.0975931255026516,
ENSG00000205898,,-2.3,,
ENSG00000206775,SNORD37,2.3,,
ENSG00000206878,,-2.3,,
ENSG00000207108,Y_RNA,2.3,,
ENSG00000208032,MIR548A3,-2.3,,
ENSG00000211925,IGHD2-8,-2.3,0.211376195013487,
ENSG00000212344,RNU6-823P,-2.3,,
ENSG00000213272,RPL7AP9,2.3,,
ENSG00000213886,UBD,2.3,,
ENSG00000214144,,-2.3,,
ENSG00000215196,BASP1-AS1,2.3,0.0748863724328005,
ENSG00000215354,FAM90A24,-2.3,,
ENSG00000215478,CES5AP1,2.3,,
ENSG00000215720,MFFP1,2.3,,
ENSG00000217889,KRT18P48,-2.3,,
ENSG00000220139,,2.3,,
ENSG00000221456,MIR1202,-2.3,0.20532074335462,
ENSG00000221953,LINC02897,-2.3,,
ENSG00000221957,KIR2DS4,-2.3,0.209905563573896,
ENSG00000223223,RN7SKP192,2.3,,
ENSG00000223342,,-2.3,,
ENSG00000223486,LINC03053,-2.3,0.325425024063147,
ENSG00000223905,,2.3,0.115610085942288,
ENSG00000224279,RPS29P31,-2.3,,
ENSG00000224482,HSFY4P,-2.3,,
ENSG00000224743,TEX26-AS1,2.3,0.126753898074499,
ENSG00000224861,YBX1P1,-2.3,,
ENSG00000225079,FTH1P22,-2.3,0.148425680310007,
ENSG00000225376,TMEM246-AS1,-2.3,,
ENSG00000225418,AKR1C5P,-2.3,0.116602662926863,
ENSG00000225422,RBMS1P1,2.3,0.0458860682646378,
ENSG00000225497,KCNMA1-AS2,2.3,0.481953442761142,
ENSG00000225606,,2.3,,
ENSG00000225625,,-2.3,,
ENSG00000225952,,-2.3,,
ENSG00000225976,CKS1BP2,2.3,0.160746074124945,
ENSG00000226279,RPL12P10,-2.3,,
ENSG00000226478,UPF3AP1,-2.3,,
ENSG00000226504,TMEM167AP1,-2.3,0.268542658968543,
ENSG00000227059,ANHX,-2.3,,
ENSG00000228014,ZNF680P1,-2.3,0.336466480779607,
ENSG00000228031,,2.3,,
ENSG00000228038,VN1R51P,-2.3,,
ENSG00000228236,TXNP5,-2.3,,
ENSG00000228466,TUBB4AP1,2.3,,
ENSG00000228718,LINC02521,2.3,,
ENSG00000229089,ANKRD20A8P,-2.3,,
ENSG00000229312,,-2.3,,
ENSG00000229757,RPL7AP21,-2.3,,
ENSG00000229869,LARP4B-DT,2.3,,
ENSG00000229887,HNRNPA1P6,-2.3,,
ENSG00000229901,FOXO6-AS1,-2.3,,
ENSG00000230101,TUBB3P2,-2.3,,
ENSG00000230452,LINC01381,-2.3,,
ENSG00000230499,,2.3,0.111412406987193,
ENSG00000231359,RPL31P34,-2.3,,
ENSG00000231870,KRT17P3,-2.3,,
ENSG00000232079,LINC01697,-2.3,,
ENSG00000232090,POLR2DP1,2.3,,
ENSG00000232349,YBX1P7,-2.3,,
ENSG00000232857,KATNBL1P2,-2.3,,
ENSG00000233219,,-2.3,,
ENSG00000233702,RPL37P13,-2.3,,
ENSG00000233818,,-2.3,,
ENSG00000234076,TPRG1-AS1,2.3,0.0771507763233803,
ENSG00000234265,LINC01723,-2.3,,
ENSG00000234740,,2.3,,
ENSG00000235033,DAAM2-AS1,2.3,0.396101583362254,
ENSG00000235185,MICOS10-DT,-2.3,,
ENSG00000235238,SUMO2P1,-2.3,,
ENSG00000235315,RPL23AP69,-2.3,,
ENSG00000235707,CDCA7P2,2.3,,
ENSG00000235749,,-2.3,,
ENSG00000235843,,2.3,0.109720737484172,
ENSG00000236216,PPP1R11P1,-2.3,,
ENSG00000236252,,2.3,,
ENSG00000236394,,-2.3,,
ENSG00000236398,TAS2R39,2.3,0.141661880923696,
ENSG00000236420,CHCHD3P1,-2.3,,
ENSG00000236582,PRPF38AP2,-2.3,,
ENSG00000236591,UST-AS2,-2.3,0.0697115592119532,
ENSG00000237402,CAMTA1-IT1,-2.3,,
ENSG00000237468,ADGB-DT,2.3,,
ENSG00000237937,LINC02702,2.3,,
ENSG00000237992,LINC01808,2.3,,
ENSG00000238025,ZDHHC4P1,2.3,0.0903822281447576,
ENSG00000238380,RNU7-165P,2.3,,
ENSG00000239829,KRT8P25,-2.3,,
ENSG00000240023,RPLP0P3,2.3,,
ENSG00000240427,RPS26P34,2.3,,
ENSG00000240975,,-2.3,,
ENSG00000241524,RN7SL632P,2.3,,
ENSG00000241599,,2.3,0.058380250425586,
ENSG00000241947,HNRNPA1P24,2.3,,
ENSG00000242428,CFAP20DC-AS1,-2.3,,
ENSG00000242661,RPS3AP43,2.3,0.0567899316586351,
ENSG00000243806,RPL7P18,2.3,0.0504768213670253,
ENSG00000244104,RN7SL659P,2.3,,
ENSG00000244620,,-2.3,0.00992919091527527,
ENSG00000245688,,2.3,0.074184841960977,
ENSG00000248159,HSPA8P11,2.3,,
ENSG00000248455,LINC02217,2.3,0.0837588715376501,
ENSG00000249283,ACTR3BP4,-2.3,0.150497228949241,
ENSG00000249309,,2.3,0.0734836861902009,
ENSG00000249505,JMJD4P1,-2.3,0.24072042183508,
ENSG00000249650,CEP72-DT,-2.3,,
ENSG00000250403,RPL7L1P14,2.3,,
ENSG00000250572,,2.3,,
ENSG00000250794,ALG1L12P,-2.3,,
ENSG00000250940,,-2.3,,
ENSG00000251075,HTT-AS,-2.3,0.00297583449192362,
ENSG00000251538,LINC02201,-2.3,,
ENSG00000251562,MALAT1,2.3,0.0370362629825435,
ENSG00000251654,,2.3,,
ENSG00000252156,RNU6-155P,2.3,,
ENSG00000252466,MIR2115,2.3,,
ENSG00000252612,Y_RNA,2.3,,
ENSG00000253021,RNU6-902P,-2.3,,
ENSG00000253690,,-2.3,0.209979334520675,
ENSG00000253824,,-2.3,,
ENSG00000254122,PCDHGB7,-2.3,0.0154639499419145,
ENSG00000254127,IGLCOR22-1,-2.3,,
ENSG00000254403,OR10Y1P,2.3,0.199551748125614,
ENSG00000254486,LINC02547,2.3,,
ENSG00000254590,,2.3,,
ENSG00000254692,,2.3,,
ENSG00000254897,,-2.3,,
ENSG00000255571,MIR9-3HG,-2.3,0.0329104449237253,
ENSG00000256732,,-2.3,,
ENSG00000257272,,-2.3,,
ENSG00000257674,,-2.3,,
ENSG00000257838,OTOAP1,2.3,0.0848784255870144,
ENSG00000258072,,2.3,,
ENSG00000258199,,-2.3,,
ENSG00000258357,NSA2P2,2.3,0.139429102001922,
ENSG00000258420,LONRF2P3,-2.3,,
ENSG00000258437,,2.3,0.0672172034419663,
ENSG00000258479,LINC00640,2.3,0.0516983593203378,
ENSG00000258962,,-2.3,0.0880356706441371,
ENSG00000258964,,-2.3,,
ENSG00000259229,,-2.3,,
ENSG00000259354,SLC30A4-AS1,2.3,0.0462162449224471,
ENSG00000259473,LINC02205,2.3,0.108652443239178,
ENSG00000259995,,-2.3,,
ENSG00000260015,,-2.3,,
ENSG00000260035,,-2.3,,
ENSG00000260382,TMEM183AP3,-2.3,0.206667797138393,
ENSG00000260577,CDH3-AS1,2.3,,
ENSG00000261063,,2.3,,
ENSG00000262096,PCDHB19P,2.3,,
ENSG00000262098,,-2.3,0.0251512339200589,
ENSG00000262120,,-2.3,,
ENSG00000262528,,-2.3,,
ENSG00000263155,MYZAP,2.3,0.104035049189163,
ENSG00000263394,,-2.3,0.0789912601016816,
ENSG00000263667,LINC03066,-2.3,,
ENSG00000263858,MIR4769,2.3,,
ENSG00000264660,,-2.3,0.165022826484641,
ENSG00000264703,MIR4752,2.3,,
ENSG00000265883,,-2.3,,
ENSG00000266304,LIVAR,-2.3,,
ENSG00000266599,,-2.3,,
ENSG00000267024,,-2.3,,
ENSG00000267148,,-2.3,,
ENSG00000267149,,-2.3,0.0226106578909322,
ENSG00000267260,,-2.3,0.0993460979786217,
ENSG00000267612,,-2.3,0.232608908015549,
ENSG00000267777,LINC01791,2.3,0.131801917697775,
ENSG00000268581,SIGLEC18P,2.3,0.11466490119971,
ENSG00000268601,,2.3,,
ENSG00000270098,LDHAL6EP,-2.3,,
ENSG00000270598,,-2.3,,
ENSG00000270776,,-2.3,,
ENSG00000271314,,-2.3,0.0993198351259724,
ENSG00000271419,,-2.3,,
ENSG00000271527,,2.3,,
ENSG00000271605,MILR1,2.3,0.0873766222659417,
ENSG00000272456,,-2.3,,
ENSG00000272516,,-2.3,,
ENSG00000272914,,2.3,0.0400274600354923,
ENSG00000272984,,-2.3,,
ENSG00000273132,,-2.3,,
ENSG00000273214,,2.3,,
ENSG00000273287,,2.3,,
ENSG00000273294,C1QTNF3-AMACR,-2.3,0.0790109592247699,
ENSG00000273321,,2.3,,
ENSG00000273471,,-2.3,,
ENSG00000274516,FAM74A6,-2.3,,
ENSG00000275210,,2.3,0.0773345109192287,
ENSG00000275708,MIR3648-1,-2.3,0.397471863163419,
ENSG00000275969,SPATA31A3,-2.3,,
ENSG00000276454,,-2.3,0.182816576506347,
ENSG00000276462,LINC03025,-2.3,,
ENSG00000276644,DACH1,2.3,0.0752332355260003,
ENSG00000277156,TOMM40P1,2.3,,
ENSG00000278130,,2.3,0.250083572275811,
ENSG00000278469,Metazoa_SRP,2.3,,
ENSG00000278990,,2.3,0.166549056395377,
ENSG00000279171,,-2.3,,
ENSG00000279288,,2.3,,
ENSG00000279360,,-2.3,,
ENSG00000279687,,-2.3,,
ENSG00000279848,,2.3,,
ENSG00000280002,,-2.3,,
ENSG00000280053,,-2.3,,
ENSG00000280091,,2.3,0.1086398939501,
ENSG00000280109,PLAC4,-2.3,0.0470684771363823,
ENSG00000281955,,-2.3,,
ENSG00000282840,MSL3-DT,2.3,0.0625225028643007,
ENSG00000283594,FAM236C,-2.3,,
ENSG00000285030,,2.3,,
ENSG00000285108,,2.3,0.223624339096138,
ENSG00000285142,,-2.3,,
ENSG00000285163,,-2.3,0.0486025953673748,
ENSG00000285718,,-2.3,,
ENSG00000285853,,-2.3,,
ENSG00000285878,,-2.3,,
ENSG00000285966,,-2.3,0.305629665906408,
ENSG00000285984,,2.3,0.0887305120082675,
ENSG00000286280,,2.3,,
ENSG00000286375,,-2.3,,
ENSG00000286663,,2.3,,
ENSG00000286978,,2.3,,
ENSG00000287150,,-2.3,,
ENSG00000287233,,2.3,,
ENSG00000287255,,2.3,0.10514683226037,
ENSG00000287326,,2.3,,
ENSG00000287412,,2.3,,
ENSG00000287449,,-2.3,,
ENSG00000287640,,-2.3,0.0661183657450532,
ENSG00000287991,,2.3,0.0599449593031114,
ENSG00000288002,,2.3,,
ENSG00000288972,,2.3,,
ENSG00000289061,,2.3,0.123635393904754,
ENSG00000289148,,-2.3,0.0410472536237728,
ENSG00000289175,,-2.3,,
ENSG00000289298,,2.3,0.184535052584048,
ENSG00000289332,,-2.3,0.0715602984626688,
ENSG00000289371,,2.3,0.070900144074886,
ENSG00000289581,,2.3,0.0703974046692851,
ENSG00000289611,,2.3,,
ENSG00000289634,,2.3,0.135485129781628,
ENSG00000289707,,-2.3,0.0464477604301751,
ENSG00000289715,,2.3,0.101850790187006,
ENSG00000005421,PON1,-2.2,,
ENSG00000054523,KIF1B,2.2,0.0186567151220273,
ENSG00000079277,MKNK1,2.2,0.0507193619394877,
ENSG00000090530,P3H2,-2.2,0.137694223852894,
ENSG00000105492,SIGLEC6,-2.2,0.0017372667993827,
ENSG00000105694,ELOCP28,-2.2,0.0338034915669298,
ENSG00000106006,HOXA6,-2.2,,
ENSG00000106541,AGR2,-2.2,0.122384578194555,
ENSG00000108602,ALDH3A1,-2.2,,
ENSG00000109472,CPE,2.2,0.214812196312461,
ENSG00000110079,MS4A4A,2.2,0.134954246440276,
ENSG00000113368,LMNB1,2.2,0.0211117210887005,
ENSG00000114923,SLC4A3,-2.2,0.121586096540561,
ENSG00000115594,IL1R1,2.2,0.167000316727388,
ENSG00000119013,NDUFB3,2.2,0.00992919091527527,
ENSG00000121552,CSTA,2.2,0.0287180772834359,
ENSG00000127377,CRYGN,-2.2,0.264747402381095,
ENSG00000128040,SPINK2,-2.2,0.188688587747611,
ENSG00000129988,LBP,2.2,,
ENSG00000133063,CHIT1,2.2,0.0388711660081293,
ENSG00000133067,LGR6,-2.2,0.183720179111945,
ENSG00000135773,CAPN9,-2.2,,
ENSG00000136689,IL1RN,2.2,0.052994309111431,
ENSG00000137731,FXYD2,-2.2,0.116031575461708,
ENSG00000139567,ACVRL1,2.2,0.0633390815579103,
ENSG00000140287,HDC,-2.2,0.14828886006846,
ENSG00000141485,SLC13A5,-2.2,0.0304785031883276,
ENSG00000142657,PGD,2.2,0.0338034915669298,
ENSG00000144158,SNRPA1P1,2.2,,
ENSG00000144583,MARCHF4,2.2,,
ENSG00000144834,TAGLN3,2.2,,
ENSG00000145284,SCD5,-2.2,0.109184345055485,
ENSG00000149534,MS4A2,-2.2,0.10769709891749,
ENSG00000149599,DUSP15,-2.2,,
ENSG00000150687,PRSS23,-2.2,0.141768106533108,
ENSG00000152266,PTH,-2.2,,
ENSG00000155629,PIK3AP1,2.2,0.0376245198404424,
ENSG00000156966,B3GNT7,-2.2,0.0244357880588437,
ENSG00000159212,CLIC6,2.2,,
ENSG00000159712,ANKRD18CP,-2.2,0.067262341855439,
ENSG00000161609,KASH5,-2.2,,
ENSG00000162551,ALPL,2.2,0.0641441907425939,
ENSG00000162595,DIRAS3,2.2,,
ENSG00000162877,PM20D1,-2.2,0.0477557265625623,
ENSG00000163421,PROK2,2.2,0.0952206889238356,
ENSG00000164627,KIF6,-2.2,,
ENSG00000167494,NOS2P2,2.2,,
ENSG00000167580,AQP2,-2.2,,
ENSG00000168135,KCNJ4,2.2,0.320931233682864,
ENSG00000168671,UGT3A2,-2.2,,
ENSG00000172379,ARNT2,2.2,,
ENSG00000172955,ADH6,-2.2,0.0403311678641642,
ENSG00000175325,PROP1,-2.2,,
ENSG00000176654,NANOGP1,2.2,,
ENSG00000176769,TCERG1L,-2.2,,
ENSG00000176970,RPL7L1P11,-2.2,,
ENSG00000178146,GK4P,2.2,0.0526696535839447,
ENSG00000178172,SPINK6,2.2,,
ENSG00000179023,KLHDC7A,-2.2,,
ENSG00000179057,IGSF22,-2.2,0.0773345109192287,
ENSG00000180279,TMEM277P,-2.2,0.222752696272014,
ENSG00000180509,KCNE1,2.2,0.142955031535177,
ENSG00000180613,GSX2,-2.2,,
ENSG00000181856,SLC2A4,2.2,0.190427945083218,
ENSG00000183034,OTOP2,-2.2,,
ENSG00000183542,KLRC4,-2.2,0.109184345055485,
ENSG00000183580,FBXL7,2.2,,
ENSG00000184106,TREML3P,2.2,0.0417650221702737,
ENSG00000184194,GPR173,-2.2,0.0927817865538475,
ENSG00000184350,MRGPRE,2.2,0.432132929133271,
ENSG00000186431,FCAR,2.2,0.0442960482555271,
ENSG00000188056,TREML4,2.2,0.0834048666495001,
ENSG00000188223,,2.2,,
ENSG00000196586,MYO6,-2.2,0.0763261209371615,
ENSG00000196834,POTEI,-2.2,,
ENSG00000197006,METTL9,2.2,0.0230924003624557,
ENSG00000197889,MEIG1,-2.2,0.126324664299757,
ENSG00000198732,SMOC1,-2.2,,
ENSG00000199440,Y_RNA,-2.2,,
ENSG00000200648,RNU6-226P,2.2,0.0437097085324989,
ENSG00000200799,RNU6-770P,2.2,,
ENSG00000200815,RNU6-1091P,-2.2,,
