gene_id,gene_symbol,log2fc,pvalue,padj
ENSG00000140505,CYP1A2,-9.4,2.02388589000185e-32,
ENSG00000165478,HEPACAM,-9.1,1.02831246228277e-31,
ENSG00000198077,CYP2A7,-9.0,1.39504039096297e-55,
ENSG00000215124,AMD1P4,-8.9,1.5846234705868e-22,
ENSG00000101210,EEF1A2,8.8,8.02222815695954e-53,
ENSG00000105664,COMP,8.8,8.2876221940784e-29,
ENSG00000153294,ADGRF4,8.8,3.03807108555854e-10,
ENSG00000256612,CYP2B7P,-8.8,2.57983386854612e-66,
ENSG00000255974,CYP2A6,-8.6,1.24593295965286e-45,
ENSG00000090512,FETUB,-8.4,5.8240691616068e-73,
ENSG00000122121,XPNPEP2,-8.4,3.41820244477974e-28,
ENSG00000198670,LPA,-8.3,6.12235275785502e-63,
ENSG00000243135,,-8.3,7.58632168871197e-16,
ENSG00000180875,GREM2,-8.2,1.88388561377484e-61,
ENSG00000182566,CLEC4G,-8.2,2.27204538955411e-68,
ENSG00000249173,LINC01093,-8.2,1.28748682970884e-46,
ENSG00000251424,,-8.2,1.57227418769399e-20,
ENSG00000007306,CEACAM7,8.1,4.67745586019757e-11,
ENSG00000170373,CST1,8.1,2.76870042980194e-19,
ENSG00000171246,NPTX1,8.1,4.93611025856787e-31,
ENSG00000091513,TF,-8.0,5.41684494715332e-43,
ENSG00000197587,DMBX1,8.0,5.40518772696089e-10,
ENSG00000243818,,-8.0,1.35564108004269e-51,
ENSG00000244474,UGT1A4,-8.0,4.39127378013968e-31,
ENSG00000256937,KRT17P8,-8.0,4.41980823120321e-40,
ENSG00000124713,GNMT,-7.9,9.71678900733644e-61,
ENSG00000149124,GLYAT,-7.9,9.94220655667727e-39,
ENSG00000282097,,-7.9,1.54048881112525e-20,
ENSG00000122787,AKR1D1,-7.8,1.49386839790754e-41,
ENSG00000145192,AHSG,-7.8,5.36495195718578e-38,
ENSG00000160868,CYP3A4,-7.8,2.0233102102726e-28,
ENSG00000175003,SLC22A1,-7.8,6.84661391135647e-44,
ENSG00000175336,APOF,-7.8,4.25541941844662e-35,
ENSG00000269353,,-7.8,9.4702356187097e-14,
ENSG00000121871,SLITRK3,-7.7,1.07839493482434e-24,
ENSG00000146147,MLIP,-7.7,9.90026628106093e-28,
ENSG00000197408,CYP2B6,-7.7,3.52904817085366e-33,
ENSG00000225418,AKR1C5P,-7.7,9.9823713817724e-25,
ENSG00000117601,SERPINC1,-7.6,6.31612091075852e-28,
ENSG00000198729,PPP1R14C,7.6,4.77459043858601e-15,
ENSG00000229005,HNF4A-AS1,-7.6,1.60348071729385e-31,
ENSG00000237949,LINC00844,-7.6,2.76405278964692e-52,
ENSG00000248709,,-7.6,9.11848550392243e-30,
ENSG00000283342,NBPF13P,-7.6,1.54627416317513e-29,
ENSG00000086548,CEACAM6,7.5,6.0856742479227e-14,
ENSG00000099953,MMP11,7.5,3.79902551677867e-31,
ENSG00000111713,GYS2,-7.5,8.25588276158382e-33,
ENSG00000116785,CFHR3,-7.5,5.09749598511764e-35,
ENSG00000122194,PLG,-7.5,7.78484318332314e-25,
ENSG00000134365,CFHR4,-7.5,1.44317112955581e-28,
ENSG00000139209,SLC38A4,-7.5,7.13442081656895e-36,
ENSG00000143217,NECTIN4,7.5,7.39795614473914e-24,
ENSG00000170689,HOXB9,7.5,2.43830117609672e-06,
ENSG00000272068,BCAN-AS1,7.5,3.59277482328002e-19,
ENSG00000021826,CPS1,-7.4,3.73535596824688e-33,
ENSG00000073754,CD5L,-7.4,3.21840680118357e-27,
ENSG00000100652,SLC10A1,-7.4,1.66829313390421e-29,
ENSG00000104938,CLEC4M,-7.4,3.84743343562587e-26,
ENSG00000152377,SPOCK1,7.4,1.08069227116923e-22,
ENSG00000160339,FCN2,-7.4,2.41258299658995e-21,
ENSG00000162366,PDZK1IP1,7.4,3.30464385731663e-50,
ENSG00000167080,B4GALNT2,7.4,2.08730361844475e-08,
ENSG00000167798,C3P1,-7.4,2.03899929017867e-26,
ENSG00000167910,CYP7A1,-7.4,1.76340442623833e-17,
ENSG00000168509,HJV,-7.4,1.89969048838877e-33,
ENSG00000172482,AGXT,-7.4,6.46179697794589e-25,
ENSG00000174992,ZG16,-7.4,6.30094192044622e-31,
ENSG00000227242,,-7.4,1.17481987611541e-32,
ENSG00000240935,PLGLA,-7.4,7.70290192710962e-30,
ENSG00000270002,,7.4,8.3045531512692e-16,
ENSG00000021461,CYP3A43,-7.3,5.86800594405987e-32,
ENSG00000101981,F9,-7.3,1.03623141221966e-28,
ENSG00000118137,APOA1,-7.3,1.19700499321929e-25,
ENSG00000132837,DMGDH,-7.3,3.20727850953519e-50,
ENSG00000145692,BHMT,-7.3,5.71262372594153e-22,
ENSG00000163586,FABP1,-7.3,1.1459413351614e-27,
ENSG00000188676,IDO2,-7.3,4.36097815217782e-33,
ENSG00000198650,TAT,-7.3,1.59601880928259e-27,
ENSG00000198758,EPS8L3,7.3,2.4331592985217e-23,
ENSG00000203900,,-7.3,2.08643162664918e-25,
ENSG00000214855,APOC1P1,-7.3,1.67892350963955e-24,
ENSG00000218819,TDRD15,-7.3,2.31498044722904e-14,
ENSG00000231487,,-7.3,2.354613062499e-19,
ENSG00000235200,LINC01702,-7.3,4.2148273692183e-37,
ENSG00000254704,,-7.3,7.11855722286778e-13,
ENSG00000275152,CCL16,-7.3,5.81665397574539e-32,
ENSG00000277586,NEFL,7.3,1.32386182790796e-07,
ENSG00000281406,BLACAT1,7.3,4.39208135996414e-09,
ENSG00000010379,SLC6A13,-7.2,5.28097798983538e-41,
ENSG00000025423,HSD17B6,-7.2,1.42309278343777e-31,
ENSG00000091583,APOH,-7.2,1.02142347908624e-49,
ENSG00000100024,UPB1,-7.2,9.64484461309325e-34,
ENSG00000101323,HAO1,-7.2,5.9003680739866e-26,
ENSG00000103569,AQP9,-7.2,4.67727761335428e-35,
ENSG00000110169,HPX,-7.2,3.79799731161114e-31,
ENSG00000110245,APOC3,-7.2,2.34255065787119e-22,
ENSG00000113905,HRG,-7.2,1.40128203505589e-32,
ENSG00000118271,TTR,-7.2,5.88533274156e-47,
ENSG00000134240,HMGCS2,-7.2,1.24464870019169e-31,
ENSG00000138823,MTTP,-7.2,4.98497298589968e-31,
ENSG00000139547,RDH16,-7.2,1.41288713900009e-43,
ENSG00000180861,LINC01559,7.2,3.90552682758617e-09,
ENSG00000186897,C1QL4,7.2,6.62478811291789e-09,
ENSG00000074211,PPP2R2C,7.1,8.31932921037056e-08,
ENSG00000099937,SERPIND1,-7.1,6.96597275816711e-27,
ENSG00000110243,APOA5,-7.1,9.4702356187097e-14,
ENSG00000118785,SPP1,7.1,3.71051757599142e-21,
ENSG00000150656,CNDP1,-7.1,1.70519730296031e-38,
ENSG00000158104,HPD,-7.1,1.53802048478519e-25,
ENSG00000163217,BMP10,-7.1,4.64292227944425e-11,
ENSG00000170509,HSD17B13,-7.1,7.77697146544443e-43,
ENSG00000183317,EPHA10,7.1,5.41684494715332e-43,
ENSG00000238097,LINC02037,-7.1,3.74173517034539e-15,
ENSG00000241224,C3orf85,-7.1,1.54305605062656e-24,
ENSG00000267250,,-7.1,1.23179647334419e-12,
ENSG00000284779,,-7.1,2.88990538491698e-15,
ENSG00000072080,SPP2,-7.0,2.01675679693069e-27,
ENSG00000079557,AFM,-7.0,1.33034522855915e-28,
ENSG00000109181,UGT2B10,-7.0,1.13610699633984e-28,
ENSG00000113889,KNG1,-7.0,1.96241795882657e-26,
ENSG00000124253,PCK1,-7.0,1.96521679933051e-22,
ENSG00000130675,MNX1,7.0,2.82460142462254e-30,
ENSG00000133519,ZDHHC8P1,7.0,1.65332105897291e-21,
ENSG00000134612,FOLH1B,-7.0,2.58981864465424e-43,
ENSG00000151631,AKR1C6P,-7.0,2.42470558957847e-25,
ENSG00000162460,TMEM82,-7.0,7.62381630290353e-32,
ENSG00000164089,ETNPPL,-7.0,1.82888437819654e-21,
ENSG00000172425,TTC36,-7.0,9.15325337193144e-38,
ENSG00000186732,MPPED1,-7.0,2.05952209470508e-20,
ENSG00000186910,SERPINA11,-7.0,3.7869615743017e-25,
ENSG00000198099,ADH4,-7.0,4.64661894244187e-20,
ENSG00000261058,,-7.0,1.3635377682355e-13,
ENSG00000055957,ITIH1,-6.9,5.06146833445518e-29,
ENSG00000099812,MISP,6.9,1.6198456709155e-64,
ENSG00000100012,SEC14L3,-6.9,2.02027596629508e-14,
ENSG00000101204,CHRNA4,-6.9,2.78857016807105e-16,
ENSG00000138115,CYP2C8,-6.9,8.43776828633477e-36,
ENSG00000143257,NR1I3,-6.9,3.16930088379892e-36,
ENSG00000151365,THRSP,-6.9,5.53465726350278e-21,
ENSG00000161031,PGLYRP2,-6.9,2.08161077404239e-29,
ENSG00000174990,CA5A,-6.9,4.9561182801328e-28,
ENSG00000184999,SLC22A10,-6.9,8.83747481863006e-24,
ENSG00000214049,UCA1,6.9,1.31492790317641e-12,
ENSG00000229953,,6.9,2.2703697215759e-17,
ENSG00000230647,,-6.9,1.81134310684007e-16,
ENSG00000236459,HNRNPA1P22,-6.9,3.10063162626125e-10,
ENSG00000243384,,-6.9,1.63912725755035e-13,
ENSG00000248409,,6.9,3.42503126366571e-20,
ENSG00000250056,LINC01018,-6.9,7.8556314027207e-21,
ENSG00000264569,DCXR-DT,-6.9,4.92985690383915e-15,
ENSG00000267444,SMUG1P1,-6.9,6.02042828550261e-14,
ENSG00000281655,,-6.9,2.74370795883317e-13,
ENSG00000120907,ADRA1A,-6.8,1.83941868954182e-22,
ENSG00000123500,COL10A1,6.8,4.4611750453922e-23,
ENSG00000140107,SLC25A47,-6.8,3.67514236391504e-19,
ENSG00000143278,F13B,-6.8,9.43272541377205e-33,
ENSG00000151948,GLT1D1,-6.8,4.94455559636492e-27,
ENSG00000156006,NAT2,-6.8,1.96288392903491e-26,
ENSG00000158874,APOA2,-6.8,8.16350159860369e-24,
ENSG00000162365,CYP4A22,-6.8,9.49411717689854e-40,
ENSG00000165471,MBL2,-6.8,3.84740231791888e-21,
ENSG00000180210,F2,-6.8,7.4397412310021e-27,
ENSG00000256847,CCND2P1,-6.8,6.54830088135478e-26,
ENSG00000279218,,-6.8,9.45826197460197e-15,
ENSG00000099954,CECR2,-6.7,8.07849046268284e-52,
ENSG00000107984,DKK1,6.7,1.17027857504186e-07,
ENSG00000137204,SLC22A7,-6.7,3.19905690419503e-18,
ENSG00000141485,SLC13A5,-6.7,1.86522177607197e-20,
ENSG00000158571,PFKFB1,-6.7,3.34899289773516e-46,
ENSG00000161267,BDH1,-6.7,1.02940126194061e-46,
ENSG00000165682,CLEC1B,-6.7,4.51275069853223e-32,
ENSG00000178772,CPN2,-6.7,1.34682373308621e-19,
ENSG00000204540,PSORS1C1,6.7,4.34282608760682e-34,
ENSG00000224916,APOC4-APOC2,-6.7,1.28884600879137e-27,
ENSG00000250436,LINC02499,-6.7,5.23463705523962e-28,
ENSG00000253199,LINC02153,-6.7,2.4128419999687e-15,
ENSG00000265962,GACAT2,6.7,2.68796998541928e-09,
ENSG00000271239,,-6.7,3.31425473326499e-19,
ENSG00000019169,MARCO,-6.6,1.6793367279136e-26,
ENSG00000036473,OTC,-6.6,2.87195292842763e-25,
ENSG00000043355,ZIC2,6.6,9.94432275741405e-10,
ENSG00000069011,PITX1,6.6,1.39824042781112e-07,
ENSG00000084110,HAL,-6.6,1.97612605456797e-32,
ENSG00000103534,TMC5,6.6,1.94285545732747e-14,
ENSG00000109758,HGFAC,-6.6,4.20824601923325e-71,
ENSG00000113600,C9,-6.6,1.30606614275147e-17,
ENSG00000122756,CNTFR,-6.6,5.41264199977666e-57,
ENSG00000123243,ITIH5,6.6,1.22858748827307e-30,
ENSG00000129214,SHBG,-6.6,3.2985392281949e-67,
ENSG00000132855,ANGPTL3,-6.6,8.46666609379986e-25,
ENSG00000136872,ALDOB,-6.6,7.29835663304402e-25,
ENSG00000138207,RBP4,-6.6,1.19303217656835e-28,
ENSG00000147647,DPYS,-6.6,2.41112501577842e-28,
ENSG00000163687,DNASE1L3,-6.6,1.49345389695792e-38,
ENSG00000186007,LEMD1,6.6,1.61997949317819e-10,
ENSG00000187758,ADH1A,-6.6,1.72235774660874e-22,
ENSG00000188089,PLA2G4E,6.6,6.75086589304278e-10,
ENSG00000196600,SLC22A25,-6.6,6.60169549883446e-22,
ENSG00000197838,CYP2A13,-6.6,8.6953710073728e-10,
ENSG00000214252,AZGP1P2,-6.6,1.19386587634823e-12,
ENSG00000215644,GCGR,-6.6,3.23736448635677e-21,
ENSG00000225356,,6.6,7.6605715945165e-31,
ENSG00000228278,ORM2,-6.6,6.77654229401587e-21,
ENSG00000228923,,-6.6,1.32789344558038e-35,
ENSG00000229425,,-6.6,7.39757265311787e-13,
ENSG00000244414,CFHR1,-6.6,5.80793237510048e-25,
ENSG00000250799,PRODH2,-6.6,2.32791288172969e-25,
ENSG00000272405,,6.6,2.28224470776993e-36,
ENSG00000273328,,-6.6,2.15691567919974e-16,
ENSG00000275285,,-6.6,9.64331002343396e-18,
ENSG00000021852,C8B,-6.5,2.21481138806073e-27,
ENSG00000073734,ABCB11,-6.5,2.21370985999031e-23,
ENSG00000081800,SLC13A1,6.5,1.52417805391286e-06,
ENSG00000087494,PTHLH,6.5,2.22910089766536e-20,
ENSG00000102243,VGLL1,6.5,1.61912705148212e-12,
ENSG00000110887,DAO,-6.5,3.07807948667085e-27,
ENSG00000116690,PRG4,-6.5,9.75238684509858e-24,
ENSG00000118520,ARG1,-6.5,1.43465774618105e-20,
ENSG00000126838,PZP,-6.5,6.84729760037976e-17,
ENSG00000132746,ALDH3B2,6.5,8.65225535650833e-06,
ENSG00000143921,ABCG8,-6.5,1.34669801443729e-15,
ENSG00000145708,CRHBP,-6.5,4.27382991381781e-29,
ENSG00000146267,FAXC,6.5,4.6563670514158e-17,
ENSG00000147573,TRIM55,-6.5,1.82063812007454e-19,
ENSG00000151790,TDO2,-6.5,3.85990978899227e-40,
ENSG00000152669,CCNO,6.5,8.09012901305308e-25,
ENSG00000157131,C8A,-6.5,5.05256409342186e-24,
ENSG00000159650,UROC1,-6.5,1.73107646954299e-37,
ENSG00000162009,SSTR5,6.5,1.98219135556865e-08,
ENSG00000165309,ARMC3,6.5,4.87485797298863e-06,
ENSG00000183549,ACSM5,-6.5,1.94426661218669e-58,
ENSG00000196616,ADH1B,-6.5,6.81373119852976e-24,
ENSG00000201684,RN7SKP239,6.5,2.48282802252687e-12,
ENSG00000203985,LDLRAD1,6.5,4.63251655781749e-11,
ENSG00000215478,CES5AP1,6.5,9.94270873807938e-09,
ENSG00000236882,LINC01554,-6.5,1.12998088387247e-11,
ENSG00000239799,ITIH4-AS1,-6.5,1.09467970335326e-20,
ENSG00000253361,,6.5,6.13219136046954e-16,
ENSG00000256811,,-6.5,1.78609600306417e-11,
ENSG00000258910,LINC01956,6.5,3.1436952154296e-05,
ENSG00000279444,,-6.5,1.51682084139025e-12,
ENSG00000129654,FOXJ1,6.4,1.5028480114389e-09,
ENSG00000130208,APOC1,-6.4,1.16950255155963e-36,
ENSG00000133048,CHI3L1,-6.4,4.27365952119015e-10,
ENSG00000135094,SDS,-6.4,2.11008185955254e-41,
ENSG00000139800,ZIC5,6.4,1.1676970509281e-05,
ENSG00000144852,NR1I2,-6.4,4.47025560764006e-31,
ENSG00000145826,LECT2,-6.4,3.59157380772216e-22,
ENSG00000170577,SIX2,6.4,7.55414308638756e-06,
ENSG00000183747,ACSM2A,-6.4,1.38118306012264e-32,
ENSG00000187889,FYB2,-6.4,3.8688027291107e-34,
ENSG00000196260,SFTA2,6.4,5.62848695736412e-13,
ENSG00000205865,FAM99B,-6.4,1.79643616380841e-10,
ENSG00000229740,,-6.4,9.03449478766363e-18,
ENSG00000231013,SCTR-AS1,6.4,2.40574628502979e-28,
ENSG00000234602,MCIDAS,6.4,1.57102859363286e-11,
ENSG00000235510,,-6.4,8.2402335529494e-14,
ENSG00000244062,,-6.4,1.64944887854431e-21,
ENSG00000248884,,-6.4,2.62091238906111e-14,
ENSG00000253813,COX6B1P4,-6.4,8.53499302007966e-13,
ENSG00000257017,HP,-6.4,1.18842651984612e-16,
ENSG00000278683,,-6.4,1.90142522906585e-27,
ENSG00000279428,,-6.4,2.05369809045713e-26,
ENSG00000060566,CREB3L3,-6.3,1.85923107286369e-18,
ENSG00000060718,COL11A1,6.3,1.46109665994557e-09,
ENSG00000083807,SLC27A5,-6.3,7.07185635150533e-47,
ENSG00000102109,PCSK1N,6.3,1.79401636986491e-14,
ENSG00000105048,TNNT1,6.3,4.05889288215899e-21,
ENSG00000105388,CEACAM5,6.3,4.87275746633594e-08,
ENSG00000106541,AGR2,6.3,1.35114964833804e-06,
ENSG00000121351,IAPP,-6.3,1.88866090785614e-13,
ENSG00000126231,PROZ,-6.3,7.28929162137036e-20,
ENSG00000134762,DSC3,6.3,8.63235561958117e-07,
ENSG00000136327,NKX2-8,6.3,2.22680942198679e-08,
ENSG00000140465,CYP1A1,-6.3,4.61247620258835e-18,
ENSG00000146166,LGSN,-6.3,1.07091444990642e-48,
ENSG00000167157,PRRX2,6.3,1.10335586281387e-09,
ENSG00000167711,SERPINF2,-6.3,1.24593295965286e-45,
ENSG00000172955,ADH6,-6.3,8.4553069009718e-52,
ENSG00000178531,CTXN1,6.3,3.28418896793387e-36,
ENSG00000182902,SLC25A18,-6.3,5.17744025574229e-24,
ENSG00000205835,GMNC,-6.3,3.94988828451964e-26,
ENSG00000205866,FAM99A,-6.3,1.20458858162827e-09,
ENSG00000213512,GBP7,-6.3,6.32217391483969e-25,
ENSG00000235357,LINC01621,-6.3,4.10064479330138e-11,
ENSG00000243479,MNX1-AS1,6.3,1.96086639477213e-13,
ENSG00000253939,,-6.3,3.71614057760288e-11,
ENSG00000254211,LINC01485,-6.3,5.26945214508189e-29,
ENSG00000254548,,6.3,6.86307647546593e-09,
ENSG00000258460,,-6.3,5.32172542116971e-20,
ENSG00000102385,DRP2,6.2,8.08036980915378e-12,
ENSG00000104140,RHOV,6.2,3.65768676588963e-18,
ENSG00000105251,SHD,-6.2,5.69948497891615e-30,
ENSG00000105398,SULT2A1,-6.2,1.36855921592402e-10,
ENSG00000110436,SLC1A2,-6.2,1.13786048634975e-28,
ENSG00000111181,SLC6A12,-6.2,9.83747894609789e-27,
ENSG00000130649,CYP2E1,-6.2,6.77665636344196e-11,
ENSG00000134443,GRP,6.2,7.27861836173399e-06,
ENSG00000137561,TTPA,-6.2,1.54208903022805e-18,
ENSG00000140093,SERPINA10,-6.2,1.46711280074227e-30,
ENSG00000144331,ZNF385B,-6.2,3.45120716317765e-16,
ENSG00000151726,ACSL1,-6.2,7.76040356085036e-67,
ENSG00000156096,UGT2B4,-6.2,7.62128100819861e-21,
ENSG00000166183,ASPG,-6.2,2.56597161848774e-22,
ENSG00000166840,GLYATL1,-6.2,4.7403720057203e-39,
ENSG00000171345,KRT19,6.2,3.05266866553537e-22,
ENSG00000172497,ACOT12,-6.2,8.50746785063955e-09,
ENSG00000180432,CYP8B1,-6.2,1.23064464572809e-10,
ENSG00000197272,IL27,-6.2,7.61615385551307e-20,
ENSG00000205143,ARID3C,-6.2,1.1418262481236e-41,
ENSG00000223956,LINC01767,-6.2,1.09529572574509e-35,
ENSG00000236341,,-6.2,3.05323934983213e-14,
ENSG00000237686,SCIRT,6.2,4.02038803336611e-14,
ENSG00000248676,,-6.2,2.5467513247679e-13,
ENSG00000251685,UGT2B27P,-6.2,3.91771812438015e-14,
ENSG00000260620,,-6.2,5.59308109922115e-11,
ENSG00000277883,NLRP3P1,6.2,1.45675245481757e-07,
ENSG00000279082,LINC01727,-6.2,4.91807614898521e-13,
ENSG00000005421,PON1,-6.1,1.08810459380688e-28,
ENSG00000005471,ABCB4,-6.1,1.30807654133483e-29,
ENSG00000006611,USH1C,6.1,4.59475672435171e-43,
ENSG00000080224,EPHA6,6.1,1.79513194156206e-16,
ENSG00000104413,ESRP1,6.1,9.65549738311685e-45,
ENSG00000120068,HOXB8,6.1,9.6987167784391e-07,
ENSG00000132932,ATP8A2,6.1,3.67103610310443e-12,
ENSG00000135447,PPP1R1A,-6.1,1.514698463554e-18,
ENSG00000137203,TFAP2A,6.1,9.95439637885109e-36,
ENSG00000137251,TINAG,6.1,1.9531725878127e-06,
ENSG00000138075,ABCG5,-6.1,2.74980956533994e-16,
ENSG00000151012,SLC7A11,6.1,4.44388477926561e-14,
ENSG00000159398,CES5A,-6.1,2.00703694650118e-20,
ENSG00000162267,ITIH3,-6.1,7.77545656226392e-21,
ENSG00000166148,AVPR1A,-6.1,7.22654204079918e-18,
ENSG00000169760,NLGN1,6.1,3.38375003426965e-07,
ENSG00000179097,HTR1F,6.1,8.75129968108959e-07,
ENSG00000189233,NUGGC,-6.1,5.27323779968046e-38,
ENSG00000198610,AKR1C4,-6.1,1.2651367142233e-27,
ENSG00000198848,CES1,-6.1,2.7483417378896e-15,
ENSG00000224273,,-6.1,8.84140486749762e-11,
ENSG00000226321,CROCC2,-6.1,5.52305287843304e-20,
ENSG00000229484,LINC02766,-6.1,3.31393977122299e-15,
ENSG00000233217,MROH3P,6.1,1.95388867736023e-12,
ENSG00000249364,,-6.1,2.79865562818522e-25,
ENSG00000264006,AKR1C8P,-6.1,1.198254439741e-21,
ENSG00000271681,,-6.1,3.61114690535886e-11,
ENSG00000280587,LINC01348,-6.1,2.41708588097845e-17,
ENSG00000019505,SYT13,6.0,4.10837747239881e-30,
ENSG00000057593,F7,-6.0,1.38118306012264e-32,
ENSG00000095752,IL11,6.0,8.8681999412143e-17,
ENSG00000106038,EVX1,6.0,6.59455049153787e-08,
ENSG00000112494,UNC93A,-6.0,3.06072322272545e-18,
ENSG00000124102,PI3,6.0,2.96959708859431e-13,
ENSG00000132698,RAB25,6.0,1.77780283531766e-49,
ENSG00000157765,SLC34A2,6.0,2.53609855205486e-26,
ENSG00000163581,SLC2A2,-6.0,2.0315320611714e-22,
ENSG00000164176,EDIL3,6.0,2.2090194609301e-23,
ENSG00000166211,SPIC,-6.0,1.92132594028928e-11,
ENSG00000170369,CST2,6.0,1.5259428744662e-14,
ENSG00000175189,INHBC,-6.0,7.28474102516072e-22,
ENSG00000179520,SLC17A8,-6.0,1.00680805191445e-10,
ENSG00000186115,CYP4F2,-6.0,4.7572578312364e-26,
ENSG00000211452,DIO1,-6.0,1.60170956356745e-51,
ENSG00000223991,,-6.0,5.71430044322697e-17,
ENSG00000232451,,-6.0,2.24982038234894e-32,
ENSG00000246640,PICART1,6.0,1.24136392667276e-09,
ENSG00000251165,F11-AS1,-6.0,1.26743181223246e-54,
ENSG00000251443,LINC02160,-6.0,1.44714290000732e-07,
ENSG00000253311,LINC01847,-6.0,2.41512334042409e-12,
ENSG00000256678,,-6.0,3.13800904382529e-23,
ENSG00000256817,TPT1P12,-6.0,4.67834339922855e-09,
ENSG00000256863,,-6.0,9.61433123430598e-16,
ENSG00000265158,LRRC37A7P,-6.0,5.53182036883097e-39,
ENSG00000277893,SRD5A2,-6.0,1.64514751181744e-16,
ENSG00000278967,,-6.0,1.22704731255694e-23,
ENSG00000062096,ARSF,-5.9,3.5217252440663e-09,
ENSG00000112246,SIM1,-5.9,4.84106944117465e-08,
ENSG00000131187,F12,-5.9,3.41036365473288e-32,
ENSG00000133055,MYBPH,-5.9,6.22511225659124e-08,
ENSG00000138315,OIT3,-5.9,4.27135671092538e-19,
ENSG00000149948,HMGA2,5.9,1.85499053933019e-12,
ENSG00000162391,FAM151A,-5.9,2.84830908395575e-16,
ENSG00000168306,ACOX2,-5.9,8.40057207881092e-41,
ENSG00000168389,MFSD2A,-5.9,9.64331002343396e-18,
ENSG00000171234,UGT2B7,-5.9,7.45303144490682e-23,
ENSG00000173610,UGT2A1,-5.9,1.4743952389536e-13,
ENSG00000174938,SEZ6L2,5.9,6.26225877772947e-38,
ENSG00000178803,ADORA2A-AS1,-5.9,4.52278484577084e-70,
ENSG00000182156,ENPP7,-5.9,2.67391946074744e-21,
ENSG00000183248,PRR36,5.9,2.93294659798515e-32,
ENSG00000204099,NEU4,-5.9,6.22828968961845e-24,
ENSG00000204583,LRCOL1,-5.9,8.80429368094967e-22,
ENSG00000211979,IGHV7-81,5.9,5.0157780707411e-06,
ENSG00000223572,CKMT1A,5.9,0.000406149162343728,
ENSG00000236267,,-5.9,5.25001613236563e-10,
ENSG00000237417,XRCC6P1,-5.9,8.12835895468084e-10,
ENSG00000260886,TAT-AS1,-5.9,1.14006208559282e-06,
ENSG00000272620,AFAP1-AS1,5.9,4.01757837656262e-07,
ENSG00000009724,MASP2,-5.8,1.48711724808831e-45,
ENSG00000049283,EPN3,5.8,2.09758093413273e-13,
ENSG00000101463,SYNDIG1,5.8,7.18320835098175e-09,
ENSG00000103089,FA2H,5.8,6.62938544364567e-17,
ENSG00000116761,CTH,-5.8,7.79995839551664e-37,
ENSG00000117594,HSD11B1,-5.8,2.83060961847554e-39,
ENSG00000123843,C4BPB,-5.8,8.18439199946068e-19,
ENSG00000125144,MT1G,-5.8,5.67331283232821e-09,
ENSG00000130427,EPO,-5.8,1.42737549382723e-06,
ENSG00000134389,CFHR5,-5.8,9.20213889548835e-09,
ENSG00000145626,UGT3A1,-5.8,4.52815979403121e-15,
ENSG00000151892,GFRA1,-5.8,9.39173370769478e-20,
ENSG00000162975,KCNF1,5.8,8.58997938133186e-13,
ENSG00000169436,COL22A1,5.8,8.69913739695529e-18,
ENSG00000171346,KRT15,5.8,1.0092619104384e-19,
ENSG00000175315,CST6,5.8,2.99462747141559e-09,
ENSG00000203697,CAPN8,5.8,3.43256570792137e-08,
ENSG00000214274,ANG,-5.8,5.41553467710234e-32,
ENSG00000228477,,-5.8,3.03273196511194e-17,
ENSG00000230921,HAO2-IT1,-5.8,5.42351344309213e-10,
ENSG00000233376,,-5.8,7.596794432634e-09,
ENSG00000243696,,-5.8,8.92853152284818e-29,
ENSG00000248319,LINC02275,-5.8,5.99914963262942e-09,
ENSG00000251095,,5.8,9.34020283792836e-06,
ENSG00000253931,,5.8,1.75000988717496e-07,
ENSG00000255671,,-5.8,5.96501623094465e-09,
ENSG00000255986,MT1JP,-5.8,1.42039648737662e-07,
ENSG00000261637,LINC02127,-5.8,2.46875942833286e-10,
ENSG00000264717,NPY4R2,5.8,7.49229935591746e-07,
ENSG00000271992,,-5.8,9.19558437859772e-24,
ENSG00000273079,GRIN2B,-5.8,2.09124372757872e-13,
ENSG00000273407,,-5.8,2.99598876297031e-11,
ENSG00000276740,,5.8,4.01254579768193e-08,
ENSG00000088926,F11,-5.7,2.39885169277862e-36,
ENSG00000090534,THPO,-5.7,2.17876289955817e-32,
ENSG00000095596,CYP26A1,-5.7,1.44092249661046e-18,
ENSG00000099834,CDHR5,-5.7,2.07654723248409e-32,
ENSG00000105290,APLP1,5.7,3.93168500216824e-14,
ENSG00000106927,AMBP,-5.7,3.89262685190288e-16,
ENSG00000108244,KRT23,5.7,6.3534763818868e-12,
ENSG00000112812,PRSS16,5.7,7.74857757595897e-35,
ENSG00000114923,SLC4A3,5.7,9.82903906867266e-25,
ENSG00000130173,ANGPTL8,-5.7,1.12352812982026e-16,
ENSG00000138356,AOX1,-5.7,2.76362643874785e-14,
ENSG00000160182,TFF1,5.7,0.000124727486122078,
ENSG00000163362,INAVA,5.7,1.20504486603919e-38,
ENSG00000163631,ALB,-5.7,1.06560234760597e-17,
ENSG00000172137,CALB2,5.7,9.65390533957914e-11,
ENSG00000182256,GABRG3,5.7,2.36678264614066e-05,
ENSG00000183971,NPW,-5.7,1.24276274409646e-23,
ENSG00000227634,LINC01714,-5.7,4.55323812618202e-10,
ENSG00000249096,LINC02362,-5.7,2.81215020490422e-28,
ENSG00000249550,LINC01234,5.7,0.000408716206942141,
ENSG00000251320,,5.7,5.18714819974257e-08,
ENSG00000257642,KCCAT198,5.7,4.94577125667085e-06,
ENSG00000259108,LINC01595,-5.7,5.44818782970437e-06,
ENSG00000264425,MIR4653,5.7,3.76380454095315e-07,
ENSG00000266304,LIVAR,-5.7,1.1652515713704e-09,
ENSG00000058085,LAMC2,5.6,5.1139004879773e-31,
ENSG00000089356,FXYD3,5.6,0.000255101642757763,
ENSG00000108813,DLX4,5.6,7.77775444847248e-15,
ENSG00000114200,BCHE,-5.6,4.88053259769146e-26,
ENSG00000120054,CPN1,-5.6,4.74762548849989e-23,
ENSG00000136944,LMX1B,5.6,0.000466450927976016,
ENSG00000137868,STRA6,5.6,3.04571587767442e-18,
ENSG00000142748,FCN3,-5.6,2.49922481027507e-20,
ENSG00000146839,ZAN,-5.6,3.65552508452805e-07,
ENSG00000163221,S100A12,-5.6,1.05351058756188e-09,
ENSG00000164932,CTHRC1,5.6,2.86626947308526e-27,
ENSG00000166670,MMP10,5.6,3.74938820978928e-08,
ENSG00000168913,ENHO,-5.6,4.88248965043697e-16,
ENSG00000173702,MUC13,5.6,5.8893755897381e-17,
ENSG00000174607,UGT8,5.6,3.84553890356457e-06,
ENSG00000179913,B3GNT3,5.6,1.09942420523457e-25,
ENSG00000182667,NTM,5.6,4.51275069853223e-32,
ENSG00000187048,CYP4A11,-5.6,1.343725485079e-22,
ENSG00000187957,DNER,5.6,5.43960511816433e-07,
ENSG00000197254,,-5.6,1.02320464227443e-07,
ENSG00000214313,AZGP1P1,-5.6,4.91762194028418e-14,
ENSG00000229312,,-5.6,2.54698937394524e-09,
ENSG00000229314,ORM1,-5.6,2.04265879432547e-12,
ENSG00000235385,LINC02154,5.6,0.000521242643420078,
ENSG00000237330,RNF223,5.6,4.06278662549112e-07,
ENSG00000237337,ELAVL4-AS1,-5.6,1.34377630311238e-09,
ENSG00000238099,LINC01625,-5.6,3.74976459997407e-12,
ENSG00000248362,,5.6,1.03916079510569e-07,
ENSG00000248685,LINC02484,-5.6,2.57369103172858e-13,
ENSG00000262881,,-5.6,1.94902085477746e-09,
ENSG00000268941,LINC01711,5.6,5.05268329820237e-07,
ENSG00000280837,CPS1-IT1,-5.6,6.6266179131036e-05,
ENSG00000281162,LINC01127,-5.6,1.72698646633767e-34,
ENSG00000007933,FMO3,-5.5,3.68419603506199e-21,
ENSG00000055955,ITIH4,-5.5,2.25617359680708e-21,
ENSG00000066813,ACSM2B,-5.5,5.50902758369265e-27,
ENSG00000075891,PAX2,5.5,2.5620604389437e-05,
ENSG00000100197,CYP2D6,-5.5,9.62052974877177e-30,
ENSG00000101842,VSIG1,5.5,5.29113523565276e-11,
ENSG00000119888,EPCAM,5.5,2.28190793112149e-40,
ENSG00000121690,DEPDC7,-5.5,7.95905548248425e-30,
ENSG00000125869,LAMP5,5.5,1.81006528168054e-13,
ENSG00000132470,ITGB4,5.5,3.98483456996793e-41,
ENSG00000134548,SPX,-5.5,2.94663231693569e-23,
ENSG00000136689,IL1RN,-5.5,1.49050900448847e-15,
ENSG00000139352,ASCL1,-5.5,9.72649058852761e-06,
ENSG00000140297,GCNT3,5.5,1.24343883136185e-22,
ENSG00000142623,PADI1,5.5,0.000108481739023988,
ENSG00000145423,SFRP2,5.5,6.71042216753954e-05,
ENSG00000162078,ZG16B,5.5,5.6231052100748e-11,
ENSG00000163209,SPRR3,5.5,0.000395832811697123,
ENSG00000163959,SLC51A,-5.5,1.29303339185421e-66,
ENSG00000165061,ZMAT4,5.5,0.000735090631737984,
ENSG00000165140,FBP1,-5.5,6.44471555141127e-23,
ENSG00000176635,HORMAD2,-5.5,6.95701651793997e-14,
ENSG00000179577,,-5.5,2.79985489247553e-12,
ENSG00000180730,SHISA2,5.5,7.26364644239958e-12,
ENSG00000198049,AVPR1B,5.5,3.76216972657078e-05,
ENSG00000199488,RNU1-70P,-5.5,6.91019500705931e-15,
ENSG00000203971,,5.5,3.50300939432005e-05,
ENSG00000203995,ZYG11A,-5.5,2.08030214349437e-17,
ENSG00000204174,NPY4R,5.5,4.32435084640928e-07,
ENSG00000204653,ASPDH,-5.5,8.40558836237401e-32,
ENSG00000205362,MT1A,-5.5,4.94909890762791e-15,
ENSG00000213908,CYP2A7P1,-5.5,0.00136131320928645,
ENSG00000218274,,-5.5,2.67401160517303e-09,
ENSG00000224758,LINC01167,5.5,2.88302288004028e-06,
ENSG00000229028,KRT223P,5.5,2.39731255045122e-05,
ENSG00000238266,LINC00707,5.5,1.64133930061009e-10,
ENSG00000249396,LINC02212,5.5,0.00130497114657669,
ENSG00000254260,,-5.5,9.41032991669577e-09,
ENSG00000257241,,5.5,4.44125540241713e-07,
ENSG00000261012,,-5.5,2.44418660557896e-24,
ENSG00000274883,Metazoa_SRP,-5.5,1.24744620823713e-05,
ENSG00000275944,,-5.5,4.72197538034772e-13,
ENSG00000278965,,-5.5,2.47986928525794e-12,
ENSG00000279372,,-5.5,5.08677255281537e-08,
ENSG00000284883,,5.5,2.26661066772787e-06,
ENSG00000005884,ITGA3,5.4,9.27948286199231e-18,
ENSG00000006118,TMEM132A,5.4,1.518188110368e-28,
ENSG00000039537,C6,-5.4,6.47720428979412e-20,
ENSG00000104892,KLC3,5.4,4.43570040784198e-18,
ENSG00000105697,HAMP,-5.4,5.64091024748842e-08,
ENSG00000109511,ANXA10,-5.4,1.72372640467465e-17,
ENSG00000113790,EHHADH,-5.4,7.87064096695456e-72,
ENSG00000143627,PKLR,-5.4,6.42286845983459e-20,
ENSG00000144908,ALDH1L1,-5.4,1.89750266772506e-16,
ENSG00000146233,CYP39A1,-5.4,1.41686912584059e-15,
ENSG00000148677,ANKRD1,5.4,6.4689879887953e-12,
ENSG00000162897,FCAMR,-5.4,2.37927524661677e-17,
ENSG00000163064,EN1,5.4,3.39967765944578e-07,
ENSG00000163898,LIPH,5.4,6.39046363407483e-27,
ENSG00000164287,CDC20B,5.4,6.67248829772641e-05,
ENSG00000166145,SPINT1,5.4,6.97888937040963e-52,
ENSG00000169738,DCXR,-5.4,1.64609578753452e-52,
ENSG00000171560,FGA,-5.4,3.53956957290457e-16,
ENSG00000171877,FRMD5,5.4,1.5428316671091e-16,
ENSG00000174899,SLC66A1L,5.4,1.85188536506819e-10,
ENSG00000178773,CPNE7,5.4,1.01749768731844e-23,
ENSG00000178776,C5orf46,5.4,5.80977433314423e-12,
ENSG00000179761,PIPOX,-5.4,5.33386538770981e-17,
ENSG00000180537,RNF182,5.4,3.59279364737846e-05,
ENSG00000181085,MAPK15,5.4,1.35727232180084e-24,
ENSG00000181634,TNFSF15,5.4,8.99966104252581e-28,
ENSG00000182272,B4GALNT4,5.4,5.86854822962804e-23,
ENSG00000183044,ABAT,-5.4,1.05862909846358e-50,
ENSG00000183454,GRIN2A,5.4,1.60090767200693e-14,
ENSG00000184363,PKP3,5.4,1.2875568030644e-14,
ENSG00000220412,,5.4,1.1089481638538e-06,
ENSG00000229291,LINC02768,-5.4,4.12752476050091e-09,
ENSG00000229380,PRKAR1B-AS2,5.4,7.91730121678788e-08,
ENSG00000230018,PPIAP39,5.4,6.88195963100109e-06,
ENSG00000232650,LINC01780,-5.4,1.40232869187254e-08,
ENSG00000236182,,-5.4,8.50691343723721e-08,
ENSG00000249050,,-5.4,6.60679112923383e-08,
ENSG00000251049,,-5.4,3.60725331254531e-07,
ENSG00000251445,,5.4,6.98143237457424e-05,
ENSG00000257906,LINC02156,-5.4,2.8201128785351e-09,
ENSG00000258604,,-5.4,2.84830908395575e-16,
ENSG00000259417,CTXND1,-5.4,8.05834505795605e-21,
ENSG00000260105,AOC4P,-5.4,1.74013162489543e-16,
ENSG00000267193,,5.4,1.62710697672048e-05,
ENSG00000267461,,-5.4,9.14626230273609e-08,
ENSG00000285108,,5.4,3.32504163478339e-09,
ENSG00000285894,,5.4,7.76158019566706e-05,
ENSG00000004939,SLC4A1,-5.3,0.0022055456725336,
ENSG00000029559,IBSP,5.3,4.07036619803566e-06,
ENSG00000101144,BMP7,5.3,6.7896666952941e-06,
ENSG00000113361,CDH6,5.3,2.13010308581583e-30,
ENSG00000117009,KMO,-5.3,4.3515413725167e-35,
ENSG00000123453,SARDH,-5.3,4.131787838246e-29,
ENSG00000123838,C4BPA,-5.3,6.3090933111581e-18,
ENSG00000129354,AP1M2,5.3,1.11616988182771e-21,
ENSG00000130222,GADD45G,-5.3,5.39737367041771e-23,
ENSG00000130720,FIBCD1,5.3,2.67833371026348e-10,
ENSG00000134760,DSG1,-5.3,2.51829474352714e-14,
ENSG00000136011,STAB2,-5.3,5.61477286611079e-20,
ENSG00000155966,AFF2,5.3,2.58047620428559e-08,
ENSG00000160472,TMEM190,5.3,4.69177247727547e-07,
ENSG00000164619,BMPER,-5.3,1.18429965071296e-37,
ENSG00000165828,PRAP1,-5.3,2.39587170664381e-31,
ENSG00000166111,SVOP,-5.3,1.01254737564916e-08,
ENSG00000167608,TMC4,5.3,1.29396000185647e-58,
ENSG00000169427,KCNK9,5.3,4.63402558193211e-07,
ENSG00000173531,MST1,-5.3,1.42595391191906e-38,
ENSG00000174939,ASPHD1,5.3,1.11000958429581e-35,
ENSG00000176887,SOX11,5.3,3.80870687675312e-07,
ENSG00000176956,LY6H,5.3,6.73891203671182e-06,
ENSG00000179292,TMEM151A,5.3,1.40695299554492e-09,
ENSG00000180914,OXTR,5.3,1.09853674802782e-19,
ENSG00000181577,C6orf223,5.3,6.39393630929661e-11,
ENSG00000196188,CTSE,5.3,9.11386689330651e-05,
ENSG00000205364,MT1M,-5.3,2.62809774896717e-15,
ENSG00000227117,HORMAD2-AS1,-5.3,2.1572373141972e-13,
ENSG00000228291,ARL4AP3,-5.3,3.86013984272432e-13,
ENSG00000229155,LINC02038,5.3,1.24530761486666e-06,
ENSG00000229775,LINC02624,-5.3,3.34813775973944e-07,
ENSG00000230628,,-5.3,6.10233691642108e-13,
ENSG00000233590,LINC02640,-5.3,1.67185932573379e-17,
ENSG00000234906,APOC2,-5.3,3.81350445512575e-12,
ENSG00000235090,RPL7L1P3,-5.3,6.29379370930454e-09,
ENSG00000236136,ADORA2BP1,-5.3,9.88760805454153e-16,
ENSG00000236754,,-5.3,1.41811565978637e-16,
ENSG00000237224,,-5.3,5.24527972806029e-08,
ENSG00000237361,TUSC8,-5.3,9.98080436498702e-14,
ENSG00000242715,CCDC169,5.3,1.00949369869581e-05,
ENSG00000248050,,-5.3,1.8713655887946e-12,
ENSG00000253147,,-5.3,1.41767842247095e-06,
ENSG00000254042,SLIT3-AS2,-5.3,8.6941999449037e-16,
ENSG00000260762,ACSM5P1,-5.3,3.52993359124832e-08,
ENSG00000266920,ACTBP9,-5.3,2.23125648608043e-06,
ENSG00000275392,,-5.3,5.29946760480807e-15,
ENSG00000279903,SLC7A2-IT1,-5.3,5.87330114740112e-06,
ENSG00000280306,,-5.3,4.13611190041529e-14,
ENSG00000035499,DEPDC1B,5.2,1.36318275124567e-19,
ENSG00000080618,CPB2,-5.2,5.81807905430355e-22,
ENSG00000088992,TESC,5.2,1.23280220247362e-30,
ENSG00000107165,TYRP1,5.2,5.50586302573652e-10,
ENSG00000112852,PCDHB2,5.2,2.72275729742682e-14,
ENSG00000119711,ALDH6A1,-5.2,1.22813903306825e-57,
ENSG00000122133,PAEP,5.2,0.00380725663490131,
ENSG00000122548,KIAA0087,5.2,2.20947452371859e-07,
ENSG00000123610,TNFAIP6,5.2,1.78232256914752e-18,
ENSG00000137273,FOXF2,5.2,6.28077531373365e-14,
ENSG00000139344,AMDHD1,-5.2,5.80679002830529e-19,
ENSG00000147481,SNTG1,-5.2,5.89804885809839e-08,
ENSG00000152910,CNTNAP4,-5.2,4.93802502694928e-06,
ENSG00000159217,IGF2BP1,5.2,2.93206351135381e-11,
ENSG00000164778,EN2,5.2,6.36116264989516e-05,
ENSG00000166143,PPP1R14D,5.2,1.09936814357485e-07,
ENSG00000168746,LINC01620,-5.2,7.24062673191177e-08,
ENSG00000171004,HS6ST2,5.2,1.48324673184417e-05,
ENSG00000172995,ARPP21,-5.2,3.866339290454e-08,
ENSG00000173947,PIFO,5.2,1.83130329612534e-10,
ENSG00000176532,PRR15,5.2,2.5117738287939e-13,
ENSG00000179930,ZNF648,-5.2,6.50183085384851e-16,
ENSG00000184601,C14orf180,-5.2,8.02823226519757e-16,
ENSG00000186051,TAL2,5.2,2.61431270509988e-06,
ENSG00000188525,,-5.2,9.55411922536247e-07,
ENSG00000204616,TRIM31,5.2,1.80172680896927e-06,
ENSG00000205358,MT1H,-5.2,1.81041917468268e-06,
ENSG00000205622,,-5.2,3.28886927893384e-13,
ENSG00000205864,KRTAP5-6,-5.2,1.68642273434568e-08,
ENSG00000213071,LPAL2,-5.2,3.4570071765912e-52,
ENSG00000223609,HBD,-5.2,0.000129974890028012,
ENSG00000225603,,-5.2,1.48782345300111e-30,
ENSG00000226363,HAGLROS,5.2,5.68983877122177e-06,
ENSG00000226798,,-5.2,7.87985018295917e-06,
ENSG00000226964,RHEBP2,-5.2,9.45853642475749e-15,
ENSG00000233445,RPL17P11,-5.2,1.38754991691816e-11,
ENSG00000234942,GRID1-AS1,5.2,7.6097345225371e-07,
ENSG00000236078,LINC01447,-5.2,1.44133777562437e-10,
ENSG00000236173,,-5.2,3.54903926646612e-15,
ENSG00000249948,GBA3,-5.2,4.81459676215494e-20,
ENSG00000253111,,-5.2,6.44347598344342e-09,
ENSG00000256050,,5.2,1.20580302944666e-08,
ENSG00000260605,,-5.2,1.61982276824333e-07,
ENSG00000266964,FXYD1,-5.2,7.12544584586902e-27,
ENSG00000267073,,5.2,1.21771869189219e-05,
ENSG00000272108,,5.2,6.04202996531639e-12,
ENSG00000272430,LINC02637,-5.2,5.99585185013494e-16,
ENSG00000273585,,-5.2,1.44470042508352e-05,
ENSG00000284418,,-5.2,1.62630737386183e-17,
ENSG00000285517,,5.2,1.4028537715626e-12,
ENSG00000043039,BARX2,5.1,3.82861729701695e-10,
ENSG00000082482,KCNK2,5.1,0.000282066447339684,
ENSG00000103546,SLC6A2,-5.1,3.81442744287617e-05,
ENSG00000110975,SYT10,-5.1,8.9750989029643e-07,
ENSG00000113249,HAVCR1,5.1,2.26503248608816e-09,
ENSG00000125850,OVOL2,5.1,8.44043940142749e-12,
ENSG00000130045,NXNL2,5.1,1.49217665616048e-14,
ENSG00000130203,APOE,-5.1,6.44644812187804e-37,
ENSG00000130707,ASS1,-5.1,4.56984658791358e-47,
ENSG00000134463,ECHDC3,-5.1,1.48761565704232e-18,
ENSG00000135625,EGR4,5.1,8.70221388043351e-06,
ENSG00000137673,MMP7,5.1,1.08548605652935e-11,
ENSG00000140279,DUOX2,5.1,3.15728789195354e-11,
ENSG00000141338,ABCA8,-5.1,2.08643162664918e-25,
ENSG00000141622,RNF165,-5.1,2.82659528248905e-40,
ENSG00000141934,PLPP2,5.1,9.1725082753855e-44,
ENSG00000153498,SPACA7,-5.1,1.25184168729576e-05,
ENSG00000160282,FTCD,-5.1,2.59641080288807e-13,
ENSG00000164078,MST1R,5.1,2.4986255597831e-47,
ENSG00000166278,C2,-5.1,5.24551307700858e-30,
ENSG00000166897,ELFN2,5.1,6.63725761829835e-16,
ENSG00000167757,KLK11,5.1,1.74884742648147e-05,
ENSG00000167767,KRT80,5.1,3.78618603749642e-25,
ENSG00000170743,SYT9,-5.1,1.3516708024341e-23,
ENSG00000171564,FGB,-5.1,3.56072784491781e-12,
ENSG00000176040,TMPRSS7,5.1,1.06349803856941e-06,
ENSG00000177182,CLVS1,5.1,5.5494152564469e-08,
ENSG00000181019,NQO1,5.1,3.42486617663679e-09,
ENSG00000182795,C1orf116,5.1,5.64257344000791e-13,
ENSG00000186480,INSIG1,-5.1,2.79486522001573e-39,
ENSG00000204538,PSORS1C2,5.1,1.61397822781042e-10,
ENSG00000217275,,5.1,0.000119038287051811,
ENSG00000225756,DBH-AS1,-5.1,1.90885094473201e-41,
ENSG00000227306,LINC02708,-5.1,9.50976867940525e-11,
ENSG00000227712,,-5.1,5.55657500785391e-12,
ENSG00000228952,LINC02041,5.1,1.55967439894435e-06,
ENSG00000231100,,-5.1,1.04431086716609e-10,
ENSG00000231948,HS1BP3-IT1,-5.1,4.21908498374118e-21,
ENSG00000234477,,5.1,1.50289918887811e-05,
ENSG00000236893,ASS1P7,-5.1,3.70103059498565e-21,
ENSG00000248540,,5.1,2.85295570042596e-07,
ENSG00000248663,LINC00992,5.1,7.15998104213825e-12,
ENSG00000248740,LINC02428,-5.1,3.2530322670124e-10,
ENSG00000249970,,-5.1,1.86822268662118e-05,
ENSG00000253308,,5.1,1.46384878902333e-05,
ENSG00000253888,,-5.1,1.65214962394153e-09,
ENSG00000257940,,-5.1,1.23562790334078e-05,
ENSG00000259439,LINC01833,5.1,0.00261553128790366,
ENSG00000261437,LINC02894,5.1,1.39159452804337e-15,
ENSG00000261713,SSTR5-AS1,5.1,9.78918743352429e-05,
ENSG00000272070,,5.1,8.58294837635449e-17,
ENSG00000281756,C2-AS1,-5.1,1.02967942028907e-18,
ENSG00000285155,,5.1,7.50754601675321e-05,
ENSG00000285933,,5.1,3.1685358775893e-05,
ENSG00000042781,USH2A,-5.0,2.26056720380069e-23,
ENSG00000079112,CDH17,5.0,2.32976987520366e-08,
ENSG00000086991,NOX4,5.0,1.7464482752775e-15,
ENSG00000090539,CHRD,-5.0,5.44274941410881e-29,
ENSG00000092969,TGFB2,5.0,8.65333990834539e-35,
ENSG00000100889,PCK2,-5.0,1.25248176938697e-30,
ENSG00000103154,NECAB2,-5.0,1.04889538163049e-16,
ENSG00000106327,TFR2,-5.0,3.9010091337364e-11,
ENSG00000111700,SLCO1B3,-5.0,5.40451670706135e-06,
ENSG00000111732,AICDA,5.0,0.00010128039201152,
ENSG00000112293,GPLD1,-5.0,1.43489127379852e-21,
ENSG00000125285,SOX21,5.0,0.000277173735950756,
ENSG00000125851,PCSK2,-5.0,7.9260944827237e-06,
ENSG00000134538,SLCO1B1,-5.0,5.90555335901018e-10,
ENSG00000138030,KHK,-5.0,8.94976998939869e-37,
ENSG00000138109,CYP2C9,-5.0,7.71060130089652e-25,
ENSG00000141434,MEP1B,-5.0,3.64892239121004e-08,
ENSG00000142182,DNMT3L,-5.0,6.7338733828397e-07,
ENSG00000144366,GULP1,5.0,2.35012575771037e-25,
ENSG00000144452,ABCA12,5.0,2.1739232765908e-05,
ENSG00000145321,GC,-5.0,6.43939283188056e-18,
ENSG00000149742,SLC22A9,-5.0,3.18619732508535e-12,
ENSG00000157064,NMNAT2,5.0,4.12493320038236e-16,
ENSG00000159251,ACTC1,5.0,0.000157802370953621,
ENSG00000163462,TRIM46,5.0,6.15278485977157e-14,
ENSG00000165887,ANKRD2,5.0,6.75634553782286e-13,
ENSG00000167014,TERB2,-5.0,1.21547499135374e-06,
ENSG00000167759,KLK13,5.0,0.000255518529530051,
ENSG00000167880,EVPL,5.0,0.000106290436736035,
ENSG00000168143,FAM83B,5.0,8.79756801083162e-13,
ENSG00000169136,ATF5,-5.0,4.03447487059464e-38,
ENSG00000177679,SRRM3,5.0,1.80706123066495e-19,
ENSG00000183780,SLC35F3,5.0,3.38030587197731e-16,
ENSG00000197099,,-5.0,4.09392792066726e-27,
ENSG00000203499,IQANK1,5.0,5.32713975478965e-20,
ENSG00000204175,GPRIN2,5.0,1.54461189764914e-16,
ENSG00000225765,LINC01831,-5.0,1.14146518702939e-13,
ENSG00000228430,,-5.0,6.62074814807329e-05,
ENSG00000235832,CNN2P3,-5.0,3.97655140469449e-06,
ENSG00000236378,,-5.0,1.3275233469152e-06,
ENSG00000240519,,-5.0,1.1385326187174e-06,
ENSG00000253227,,5.0,0.000315165960626819,
ENSG00000258867,LINC01146,-5.0,7.92326094778741e-46,
ENSG00000272021,,-5.0,6.27869384914924e-11,
ENSG00000278035,,5.0,5.18143481947085e-08,
ENSG00000279609,,5.0,6.36064525371057e-05,
ENSG00000279611,,-5.0,1.52670037525422e-29,
ENSG00000280614,,-5.0,0.00425835245982565,
ENSG00000284196,,-5.0,1.13538358465755e-13,
ENSG00000285402,,5.0,1.47375758621095e-05,
ENSG00000009950,MLXIPL,-4.9,3.50937550626419e-28,
ENSG00000016082,ISL1,4.9,9.99747482478427e-05,
ENSG00000037965,HOXC8,4.9,0.00571015343226401,
ENSG00000069812,HES2,4.9,1.1419970601057e-05,
ENSG00000078098,FAP,4.9,1.54870600591691e-16,
ENSG00000080293,SCTR,4.9,3.4251805778802e-19,
ENSG00000081277,PKP1,4.9,6.36590613949544e-05,
ENSG00000100344,PNPLA3,-4.9,5.72085789824926e-15,
ENSG00000104177,MYEF2,4.9,9.53966294142411e-81,
ENSG00000104760,FGL1,-4.9,7.95218154484948e-11,
ENSG00000105392,CRX,-4.9,6.29128543889671e-08,
ENSG00000107159,CA9,4.9,1.01321219743778e-14,
ENSG00000113492,AGXT2,-4.9,3.38607818673411e-12,
ENSG00000123454,DBH,-4.9,1.9528820209799e-17,
ENSG00000124467,PSG8,4.9,0.00316401338028563,
ENSG00000132677,RHBG,-4.9,9.09441252700225e-13,
ENSG00000133640,LRRIQ1,4.9,1.16387933834179e-08,
ENSG00000136155,SCEL,4.9,0.00594810483307217,
ENSG00000146038,DCDC2,4.9,3.38237992235865e-19,
ENSG00000151572,ANO4,4.9,2.42702038146585e-16,
ENSG00000154269,ENPP3,-4.9,2.22733479413116e-30,
ENSG00000154678,PDE1C,4.9,3.69195160180115e-11,
ENSG00000159184,HOXB13,4.9,0.00580786087209405,
ENSG00000160862,AZGP1,-4.9,3.71993387482698e-14,
ENSG00000164344,KLKB1,-4.9,8.59116320182433e-59,
ENSG00000166006,KCNC2,-4.9,2.08263618400388e-07,
ENSG00000168070,MAJIN,-4.9,1.51861377624564e-08,
ENSG00000179178,TMEM125,4.9,2.41708588097845e-17,
ENSG00000179546,HTR1D,4.9,5.72862328600493e-08,
ENSG00000182771,GRID1,4.9,2.11934769405702e-15,
ENSG00000185269,NOTUM,-4.9,4.8763254719846e-16,
ENSG00000189143,CLDN4,4.9,1.34209928897757e-36,
ENSG00000196177,ACADSB,-4.9,1.37072506499117e-51,
ENSG00000196549,MME,-4.9,2.48877855010996e-14,
ENSG00000197757,HOXC6,4.9,0.00441125594188286,
ENSG00000203859,HSD3B2,-4.9,5.19634259964879e-12,
ENSG00000204444,APOM,-4.9,4.24293861764095e-23,
ENSG00000204539,CDSN,4.9,1.00023906268443e-06,
ENSG00000217791,ASS1P9,-4.9,5.62412649241268e-06,
ENSG00000220666,RCC2P7,-4.9,2.963130806119e-05,
ENSG00000225298,LINC00113,4.9,6.06581724244308e-05,
ENSG00000228044,,-4.9,3.6581125976394e-07,
ENSG00000230435,,-4.9,2.91495635952184e-13,
ENSG00000233487,RPSAP69,4.9,0.000410629997708197,
ENSG00000234373,SNX18P7,4.9,2.7348858888292e-05,
ENSG00000234647,,-4.9,1.48569026121427e-06,
ENSG00000236722,,-4.9,0.000217849691801544,
ENSG00000248698,LINC01085,4.9,1.63338923102417e-05,
ENSG00000251139,,-4.9,1.57246370087627e-06,
ENSG00000255345,,4.9,9.60928211515046e-05,
ENSG00000255385,UBTFL10,-4.9,2.15759929835261e-07,
ENSG00000259867,,4.9,8.21427744041526e-05,
ENSG00000260850,,-4.9,4.59588323112289e-19,
ENSG00000261175,LINC02188,4.9,6.01783157309419e-08,
ENSG00000263893,,4.9,0.000405397603318425,
ENSG00000268230,,-4.9,3.39186330012863e-28,
ENSG00000269976,,-4.9,5.04853501662919e-15,
ENSG00000271547,,4.9,2.80134100301613e-06,
ENSG00000274718,,4.9,2.88235871283989e-05,
ENSG00000274736,CCL23,-4.9,1.60168212826027e-10,
ENSG00000277737,,-4.9,0.000139372440890221,
ENSG00000278988,,-4.9,2.30697562140816e-05,
ENSG00000285278,TFAP2A-AS2,4.9,1.8038942477349e-17,
ENSG00000285601,,4.9,3.2647158427816e-05,
ENSG00000002587,HS3ST1,4.8,1.94031823439361e-27,
ENSG00000062282,DGAT2,-4.8,7.02650556674263e-15,
ENSG00000077274,CAPN6,4.8,2.19293126490592e-06,
ENSG00000088836,SLC4A11,4.8,6.50003827710415e-11,
ENSG00000101276,SLC52A3,4.8,2.00913812041043e-12,
ENSG00000101605,MYOM1,-4.8,1.02128574605156e-11,
ENSG00000106384,MOGAT3,-4.8,3.33549380856727e-09,
ENSG00000106483,SFRP4,4.8,2.24103257076298e-14,
ENSG00000109705,NKX3-2,4.8,2.14487040545413e-05,
ENSG00000120322,PCDHB8,4.8,1.03273177001384e-14,
ENSG00000121410,A1BG,-4.8,2.44740317927734e-22,
ENSG00000124429,POF1B,4.8,1.28528043153209e-15,
ENSG00000131482,G6PC1,-4.8,1.24530761486666e-06,
ENSG00000134258,VTCN1,4.8,5.00006736412657e-17,
ENSG00000134668,SPOCD1,4.8,7.27512563044232e-08,
ENSG00000135069,PSAT1,-4.8,3.02204628442772e-14,
ENSG00000135144,DTX1,-4.8,4.88567548087472e-18,
ENSG00000141505,ASGR1,-4.8,1.52913897278955e-14,
ENSG00000142449,FBN3,-4.8,3.04341967459009e-14,
ENSG00000142494,SLC47A1,-4.8,1.44519639205769e-15,
ENSG00000143061,IGSF3,4.8,7.95026990160102e-22,
ENSG00000144810,COL8A1,4.8,1.59775537285734e-19,
ENSG00000145103,ILDR1,4.8,1.3743717043291e-31,
ENSG00000149043,SYT8,4.8,1.02744951125427e-13,
ENSG00000150556,LYPD6B,4.8,2.5093607570503e-13,
ENSG00000152954,NRSN1,4.8,1.46352817851801e-08,
ENSG00000166816,LDHD,-4.8,9.13016644893447e-29,
ENSG00000167588,GPD1,-4.8,2.29549889186357e-21,
ENSG00000167676,PLIN4,-4.8,3.41036365473288e-32,
ENSG00000168743,NPNT,4.8,1.96720327104397e-22,
ENSG00000169252,ADRB2,-4.8,1.70695265603852e-27,
ENSG00000169715,MT1E,-4.8,5.2461639081473e-17,
ENSG00000169862,CTNND2,4.8,1.71707263905062e-12,
ENSG00000175793,SFN,4.8,5.16003918601019e-10,
ENSG00000176381,PRR18,-4.8,1.56936115297482e-29,
ENSG00000179284,DAND5,4.8,3.42246776100782e-10,
ENSG00000184845,DRD1,-4.8,3.48534009455826e-14,
ENSG00000185479,KRT6B,4.8,1.55943195150829e-05,
ENSG00000204970,PCDHA1,4.8,0.000290904742292731,
ENSG00000205054,LINC01121,4.8,5.22039463537692e-09,
ENSG00000227036,LINC00511,4.8,4.55548594928128e-23,
ENSG00000228445,UGT1A2P,-4.8,2.23324642272613e-09,
ENSG00000228695,CES1P1,-4.8,3.38656093973237e-05,
ENSG00000232237,ASCL5,4.8,2.3787607719484e-08,
ENSG00000233198,RNF224,4.8,4.55948024203091e-15,
ENSG00000233392,UICLM,-4.8,2.44112432266249e-05,
ENSG00000233415,,-4.8,8.02450725034698e-08,
ENSG00000235162,C12orf75,4.8,1.2949600773279e-28,
ENSG00000236117,LINC01639,-4.8,5.87798917370135e-06,
ENSG00000236699,ARHGEF38,4.8,5.95847782242503e-26,
ENSG00000237767,LINC01370,-4.8,3.74387728283553e-05,
ENSG00000243004,,4.8,2.47292558258975e-05,
ENSG00000243137,PSG4,4.8,0.00121941338875293,
ENSG00000253348,,4.8,4.98058710950256e-08,
ENSG00000254237,,-4.8,2.64857292782946e-07,
ENSG00000254990,,-4.8,8.59456672634742e-16,
ENSG00000259869,,4.8,6.7935607438666e-05,
ENSG00000261798,,4.8,6.17240750325947e-07,
ENSG00000263761,GDF2,-4.8,8.62438067081047e-05,
ENSG00000274276,CBSL,-4.8,8.18581842672471e-11,
ENSG00000280390,,-4.8,2.33026271209419e-06,
ENSG00000282692,,-4.8,1.86454416784712e-06,
ENSG00000283906,IGHV4-80,4.8,3.78898570192963e-05,
ENSG00000009694,TENM1,-4.7,2.66359179669644e-12,
ENSG00000081051,AFP,-4.7,5.82367132707855e-10,
ENSG00000085831,TTC39A,4.7,7.08183489055976e-40,
ENSG00000099769,IGFALS,-4.7,8.79955392224761e-18,
ENSG00000100362,PVALB,-4.7,5.15492795935869e-07,
ENSG00000102967,DHODH,-4.7,1.68734734619005e-29,
ENSG00000111249,CUX2,-4.7,5.84165363817259e-10,
ENSG00000124092,CTCFL,-4.7,1.46300706639123e-05,
ENSG00000131037,EPS8L1,4.7,1.97200033156209e-14,
ENSG00000134873,CLDN10,4.7,4.42326055710532e-20,
ENSG00000134962,KLB,-4.7,1.80725939251222e-16,
ENSG00000137573,SULF1,4.7,1.51278015526812e-14,
ENSG00000138308,PLA2G12B,-4.7,1.05968112037838e-10,
ENSG00000140263,SORD,-4.7,1.56754062500306e-35,
ENSG00000144648,ACKR2,-4.7,4.65749131827146e-23,
ENSG00000148942,SLC5A12,-4.7,2.19089939470195e-06,
ENSG00000152128,TMEM163,4.7,6.26891299392336e-22,
ENSG00000154262,ABCA6,-4.7,5.34262697534035e-41,
ENSG00000155980,KIF5A,4.7,2.74254808691208e-15,
ENSG00000156076,WIF1,4.7,0.000115945990936941,
ENSG00000159339,PADI4,-4.7,3.94067715103803e-09,
ENSG00000160097,FNDC5,-4.7,9.36393802526389e-17,
ENSG00000161649,CD300LG,-4.7,4.54447301723669e-08,
ENSG00000162551,ALPL,-4.7,6.61126969574016e-21,
ENSG00000162630,B3GALT2,4.7,5.88273926188534e-12,
ENSG00000162882,HAAO,-4.7,1.33229194244556e-52,
ENSG00000164406,LEAP2,-4.7,1.64461494291733e-21,
ENSG00000165841,CYP2C19,-4.7,6.15821883026214e-10,
ENSG00000166448,TMEM130,4.7,1.41509845853064e-08,
ENSG00000170290,SLN,4.7,0.000161853275789579,
ENSG00000170561,IRX2,4.7,0.000188170629794306,
ENSG00000171557,FGG,-4.7,6.30862684472998e-10,
ENSG00000172031,EPHX4,4.7,2.24162361554362e-05,
ENSG00000178882,RFLNA,4.7,4.30723614169359e-10,
ENSG00000184949,FAM227A,4.7,8.27543972757543e-23,
ENSG00000185105,MYADML2,4.7,8.73027900604526e-06,
ENSG00000196553,CCDC196,-4.7,2.9906640984612e-14,
ENSG00000196611,MMP1,4.7,1.71178890816654e-05,
ENSG00000197888,UGT2B17,-4.7,2.34114223581583e-05,
ENSG00000203857,HSD3B1,-4.7,1.62869812415076e-05,
ENSG00000215110,UGT2B25P,-4.7,0.000109906765072543,
ENSG00000215186,GOLGA6B,-4.7,7.63112464604021e-08,
ENSG00000223784,LINP1,4.7,8.12112805022344e-05,
ENSG00000223949,ROR1-AS1,4.7,0.000170088761623999,
ENSG00000226699,,-4.7,2.30441856102977e-23,
ENSG00000228842,PCDH9-AS2,-4.7,5.9313147603661e-05,
ENSG00000229886,,-4.7,1.95943353568731e-07,
ENSG00000231324,,4.7,0.000952207201928274,
ENSG00000233387,IATPR,4.7,3.52444025715596e-07,
ENSG00000236155,ZPLD2P,-4.7,3.78324181536921e-17,
ENSG00000236497,LINC01744,-4.7,4.50772840075052e-05,
ENSG00000236671,PRKG1-AS1,4.7,3.92763184494001e-05,
ENSG00000237974,,4.7,3.87882521454526e-05,
ENSG00000249856,,4.7,0.000395832811697123,
ENSG00000251044,,-4.7,6.4693356210367e-05,
ENSG00000253301,LINC01606,-4.7,0.000808941974027229,
ENSG00000254933,,-4.7,2.33858087925414e-06,
ENSG00000264016,,-4.7,2.88004778470972e-17,
ENSG00000267736,HMGB2P1,4.7,9.23577087642629e-05,
ENSG00000280336,,4.7,0.000459390117426198,
ENSG00000280350,LINC01726,-4.7,7.50259299405942e-06,
ENSG00000281091,,4.7,5.4121834426751e-07,
ENSG00000017427,IGF1,-4.6,2.78827238578317e-25,
ENSG00000072195,SPEG,4.6,1.85002549802632e-19,
ENSG00000088002,SULT2B1,4.6,2.50687676423057e-08,
ENSG00000107807,TLX1,-4.6,4.407200328836e-08,
ENSG00000111432,FZD10,4.6,3.29778981088022e-07,
ENSG00000112218,GPR63,4.6,4.14173686515983e-10,
ENSG00000114455,HHLA2,4.6,0.000312291573733432,
ENSG00000115457,IGFBP2,-4.6,1.67394494576644e-31,
ENSG00000116678,LEPR,-4.6,1.45839428826376e-42,
ENSG00000117152,RGS4,4.6,1.06479076067265e-08,
ENSG00000120440,TTLL2,-4.6,7.08469631593725e-19,
ENSG00000121570,DPPA4,-4.6,9.44351507853527e-08,
ENSG00000124225,PMEPA1,4.6,1.19160073869113e-30,
ENSG00000130600,H19,-4.6,2.35014385595166e-11,
ENSG00000132031,MATN3,4.6,2.00997049504135e-22,
ENSG00000135373,EHF,4.6,4.28234752963424e-22,
ENSG00000136231,IGF2BP3,4.6,3.60725331254531e-07,
ENSG00000137875,BCL2L10,-4.6,3.83898679523234e-18,
ENSG00000140937,CDH11,4.6,3.66165773699885e-19,
ENSG00000148795,CYP17A1,-4.6,1.08602394491151e-08,
ENSG00000165972,CCDC38,-4.6,4.03878069623615e-23,
ENSG00000166819,PLIN1,-4.6,5.08073850533847e-19,
ENSG00000167614,TTYH1,4.6,1.91233804505312e-12,
ENSG00000171236,LRG1,-4.6,1.85045063558895e-20,
ENSG00000173599,PC,-4.6,1.18935491045718e-25,
ENSG00000180475,OR10Q1,4.6,9.23866027837391e-08,
ENSG00000183091,NEB,4.6,2.3841265566179e-11,
ENSG00000184160,ADRA2C,4.6,6.19877667893573e-10,
ENSG00000187783,TMEM72,4.6,8.98619721564417e-09,
ENSG00000198768,APCDD1L,4.6,1.255518497376e-05,
ENSG00000204967,PCDHA4,4.6,1.61868082173109e-05,
ENSG00000205426,KRT81,4.6,4.99145003235698e-10,
ENSG00000213549,,-4.6,1.40055620687211e-05,
ENSG00000214890,,-4.6,7.68952773535366e-09,
ENSG00000225950,NTF4,4.6,0.000238669254258603,
ENSG00000227555,MIR4290HG,-4.6,1.84928031535465e-05,
ENSG00000229456,RLIMP1,-4.6,1.06006362167281e-06,
ENSG00000230650,,4.6,1.54568337510352e-23,
ENSG00000233377,MTND4P20,-4.6,1.58799129413571e-14,
ENSG00000233435,AGGF1P2,4.6,9.36528329788944e-06,
ENSG00000235029,MNX1-AS2,4.6,4.32870336906593e-07,
ENSG00000235199,CYP2C58P,-4.6,9.59226463900767e-09,
ENSG00000237289,CKMT1B,4.6,0.00158056702612769,
ENSG00000237515,SHISA9,4.6,1.15585344836e-07,
ENSG00000237768,,-4.6,3.9115299947137e-05,
ENSG00000243729,OR5V1,4.6,0.011326402322885,
ENSG00000244731,C4A,-4.6,1.89064904067305e-23,
ENSG00000248211,TRPC7-AS1,4.6,0.000349119158423218,
ENSG00000248359,,-4.6,5.56289108731833e-05,
ENSG00000250986,LINC02600,4.6,1.3678461507932e-08,
ENSG00000253163,,4.6,9.39756434921759e-05,
ENSG00000255303,OR5BA1P,4.6,4.18701302238629e-11,
ENSG00000260476,,-4.6,0.000131800311470754,
ENSG00000262995,,-4.6,1.58458683174509e-07,
ENSG00000263325,,4.6,4.62663449033628e-09,
ENSG00000268297,CLEC4GP1,-4.6,8.67298525551447e-08,
ENSG00000268734,,-4.6,1.21842099367777e-07,
ENSG00000271367,,-4.6,2.83689049879156e-06,
ENSG00000273802,H2BC8,4.6,1.85308859922037e-07,
ENSG00000274698,,4.6,7.64456685629383e-05,
ENSG00000284430,,4.6,1.11255285503665e-05,
ENSG00000003989,SLC7A2,-4.5,4.43891646190568e-19,
ENSG00000023330,ALAS1,-4.5,5.28549593736839e-47,
ENSG00000069431,ABCC9,-4.5,9.12981743532278e-31,
ENSG00000077080,ACTL6B,-4.5,8.68719775794142e-06,
ENSG00000081842,PCDHA6,4.5,0.000111769533239854,
ENSG00000087510,TFAP2C,4.5,0.00108877844651793,
ENSG00000091831,ESR1,-4.5,3.7101629919198e-36,
ENSG00000105550,FGF21,-4.5,0.000351321943592831,
ENSG00000109667,SLC2A9,-4.5,1.59748681833383e-36,
ENSG00000112655,PTK7,4.5,5.85625693751864e-23,
ENSG00000114349,GNAT1,-4.5,1.07004377994373e-06,
ENSG00000115221,ITGB6,4.5,2.02709991010983e-05,
ENSG00000115361,ACADL,-4.5,2.63104853965451e-34,
ENSG00000116132,PRRX1,4.5,6.20587235237782e-17,
ENSG00000118514,ALDH8A1,-4.5,4.10889495537217e-23,
ENSG00000119946,CNNM1,4.5,9.72092167451214e-20,
ENSG00000130701,RBBP8NL,4.5,0.000539875638067491,
ENSG00000132639,SNAP25,4.5,9.3545469388853e-19,
ENSG00000132749,TESMIN,4.5,1.37290719631578e-17,
ENSG00000135480,KRT7,4.5,1.57424633169156e-17,
ENSG00000135519,KCNH3,4.5,1.6361691550674e-07,
ENSG00000135929,CYP27A1,-4.5,4.7403720057203e-39,
ENSG00000138483,CCDC54,4.5,7.15053252223629e-05,
ENSG00000138622,HCN4,4.5,6.38924287464386e-09,
ENSG00000138798,EGF,4.5,0.000770058880457673,
ENSG00000140274,DUOXA2,4.5,1.84773010332577e-07,
ENSG00000147872,PLIN2,-4.5,1.64068108767552e-28,
ENSG00000155897,ADCY8,4.5,4.87485797298863e-06,
ENSG00000162840,MT2P1,-4.5,8.70010373069595e-13,
ENSG00000163421,PROK2,-4.5,5.07424499125195e-06,
ENSG00000164100,NDST3,-4.5,2.09964725110298e-12,
ENSG00000164171,ITGA2,4.5,2.64275659078162e-32,
ENSG00000164188,RANBP3L,-4.5,1.90942758632403e-17,
ENSG00000165186,PTCHD1,4.5,0.000185934190527188,
ENSG00000166923,GREM1,4.5,1.37848182825387e-08,
ENSG00000168237,GLYCTK,-4.5,3.99521431151168e-30,
ENSG00000168779,SHOX2,4.5,1.44065908547161e-05,
ENSG00000169067,ACTBL2,4.5,0.00219649161877228,
ENSG00000170381,SEMA3E,4.5,1.02644413584601e-10,
ENSG00000175906,ARL4D,-4.5,6.53493503221679e-41,
ENSG00000178623,GPR35,4.5,1.32536781051243e-20,
ENSG00000180806,HOXC9,4.5,0.0184748938492453,
ENSG00000181072,CHRM2,-4.5,6.85398564240823e-10,
ENSG00000181218,H2AW,4.5,5.05001053925938e-17,
ENSG00000183671,GPR1,4.5,0.000282362810600892,
ENSG00000184349,EFNA5,4.5,8.72243815432492e-08,
ENSG00000188064,WNT7B,4.5,4.52231594658935e-19,
ENSG00000203799,CCDC162P,-4.5,3.4251805778802e-19,
ENSG00000204866,IGFL2,4.5,6.05378193163495e-05,
ENSG00000205683,DPF3,-4.5,9.08204949349712e-28,
ENSG00000205890,,4.5,6.77754285920163e-24,
ENSG00000206803,RNU6-968P,-4.5,0.000149130444907174,
ENSG00000206863,RNU5A-6P,-4.5,0.000476445018733712,
ENSG00000214691,LINC01913,4.5,0.00075711399233965,
ENSG00000218014,KRT19P1,4.5,0.000593345616907132,
ENSG00000224739,,4.5,9.87544866098371e-13,
ENSG00000226435,ANKRD18DP,-4.5,1.24268590534079e-10,
ENSG00000226496,LINC00323,4.5,2.51104045706318e-05,
ENSG00000228563,,-4.5,0.000328658910112923,
ENSG00000228918,LINC01344,-4.5,1.14957713949201e-08,
ENSG00000231418,,4.5,0.00148089364806001,
ENSG00000233017,,4.5,0.000957214474416523,
ENSG00000233101,HOXB-AS3,4.5,5.20949116290793e-06,
ENSG00000237159,CNTFR-AS1,-4.5,5.26522873351032e-05,
ENSG00000237988,OR2I1P,4.5,2.79430963093576e-20,
ENSG00000240915,,-4.5,3.48237576131978e-06,
ENSG00000253196,,-4.5,0.000288958422758118,
ENSG00000253405,EVX1-AS,4.5,0.000502730216320128,
ENSG00000255353,ASS1P13,-4.5,3.7291604364761e-11,
ENSG00000257042,,4.5,0.000443729431768911,
ENSG00000257817,,-4.5,4.90381059748291e-06,
ENSG00000259518,LINC01583,4.5,0.000257498727903569,
ENSG00000260593,,4.5,1.16228138619184e-06,
ENSG00000261183,SPINT1-AS1,4.5,6.01505747578482e-23,
ENSG00000261762,,4.5,0.000259559964337523,
ENSG00000262003,,-4.5,1.06530340306911e-07,
ENSG00000265258,MIR4686,-4.5,3.1352477322774e-05,
ENSG00000267443,,4.5,0.000564975701213365,
ENSG00000267629,,-4.5,3.21179520637226e-06,
ENSG00000267656,,-4.5,1.57666835385277e-05,
ENSG00000273297,,4.5,4.75736802305989e-05,
ENSG00000276851,,4.5,0.0144013944452297,
ENSG00000279394,,-4.5,0.000258451031036856,
ENSG00000280118,,4.5,4.56275788528729e-05,
ENSG00000283003,,-4.5,3.49952374806848e-08,
ENSG00000285094,LINC01488,-4.5,0.000347910423037046,
ENSG00000285636,,-4.5,0.00013119628748595,
ENSG00000285854,,-4.5,3.16260122930928e-13,
ENSG00000062038,CDH3,4.4,3.22148348715038e-07,
ENSG00000072315,TRPC5,-4.4,1.14614183303535e-07,
ENSG00000080709,KCNN2,-4.4,2.42378370036375e-15,
ENSG00000093134,VNN3,-4.4,1.21609773627261e-08,
ENSG00000103742,IGDCC4,4.4,2.58743998694381e-05,
ENSG00000108381,ASPA,-4.4,1.31734457184905e-36,
ENSG00000112559,MDFI,4.4,1.31505879251209e-27,
ENSG00000112796,ENPP5,4.4,1.89064904067305e-23,
ENSG00000122870,BICC1,4.4,2.08338633803377e-23,
ENSG00000123689,G0S2,-4.4,1.25794257339469e-11,
ENSG00000128683,GAD1,4.4,3.720447886052e-06,
ENSG00000130988,RGN,-4.4,2.43205922847849e-46,
ENSG00000132541,RIDA,-4.4,1.11814676199725e-57,
ENSG00000133134,BEX2,4.4,5.86177917693246e-29,
ENSG00000135925,WNT10A,4.4,1.80679489165754e-09,
ENSG00000137261,KIAA0319,4.4,3.07131670036336e-08,
ENSG00000137691,CFAP300,4.4,2.0560696625772e-06,
ENSG00000138759,FRAS1,4.4,4.23561103808938e-20,
ENSG00000140284,SLC27A2,-4.4,2.93855945507404e-41,
ENSG00000140873,ADAMTS18,4.4,2.76076534245984e-05,
ENSG00000143845,ETNK2,-4.4,3.31810795114878e-33,
ENSG00000146049,KAAG1,4.4,1.20011563778074e-07,
ENSG00000149735,GPHA2,-4.4,0.000247979301273572,
ENSG00000150625,GPM6A,-4.4,1.44546359275127e-13,
ENSG00000152076,CCDC74B,4.4,6.39638363764424e-19,
ENSG00000156510,HKDC1,4.4,1.21543732038267e-18,
ENSG00000159423,ALDH4A1,-4.4,4.05373235659156e-24,
ENSG00000160870,CYP3A7,-4.4,1.13525727438348e-14,
ENSG00000161249,DMKN,4.4,2.05509546223309e-45,
ENSG00000161653,NAGS,-4.4,4.3817846855619e-18,
ENSG00000162949,CAPN13,4.4,1.56840599680782e-08,
ENSG00000163017,ACTG2,4.4,1.16616299613485e-09,
ENSG00000163121,NEURL3,4.4,2.24198373509718e-19,
ENSG00000163377,TAFA4,4.4,0.00195018377373272,
ENSG00000166123,GPT2,-4.4,3.31359798100406e-29,
ENSG00000167183,PRR15L,4.4,2.44217854543262e-14,
ENSG00000167644,C19orf33,4.4,0.000377365958014683,
ENSG00000170324,FRMPD2,4.4,0.000124781973184901,
ENSG00000175874,CREG2,4.4,7.01071631130298e-07,
ENSG00000176842,IRX5,4.4,1.53498868467003e-05,
ENSG00000179148,ALOXE3,4.4,5.31961558516603e-07,
ENSG00000179636,TPPP2,-4.4,4.38479501791015e-17,
ENSG00000183230,CTNNA3,-4.4,3.37812220002962e-12,
ENSG00000183668,PSG9,4.4,6.39090096952406e-05,
ENSG00000185052,SLC24A3,4.4,1.65939827957553e-15,
ENSG00000186301,MST1P2,-4.4,1.84791207762237e-26,
ENSG00000188032,C19orf67,4.4,1.84429984035923e-05,
ENSG00000188257,PLA2G2A,-4.4,0.000136838653516025,
ENSG00000196878,LAMB3,4.4,9.45826197460197e-15,
ENSG00000198807,PAX9,4.4,2.86399815175675e-05,
ENSG00000199240,RNA5SP46,-4.4,5.24933267270851e-06,
ENSG00000204684,,-4.4,0.000106625877275547,
ENSG00000211978,IGHV5-78,4.4,0.000306713072775519,
ENSG00000217228,GSTA12P,-4.4,0.000132413816979626,
ENSG00000224389,C4B,-4.4,1.55520237775023e-17,
ENSG00000224462,C4BPAP1,-4.4,6.78376330547376e-06,
ENSG00000224721,,-4.4,5.32067194327356e-05,
ENSG00000225308,ASS1P11,-4.4,3.80959120125422e-05,
ENSG00000229660,,4.4,0.000134720715999308,
ENSG00000229754,CXCR2P1,-4.4,2.72883383817251e-13,
ENSG00000230188,,-4.4,1.00446937774018e-07,
ENSG00000230333,,-4.4,1.76949715339651e-19,
ENSG00000231824,AKAIN1,-4.4,0.000547713076408736,
ENSG00000232131,NCOA7-AS1,-4.4,0.000196862518074225,
ENSG00000232724,TRIM80P,-4.4,3.67074405140999e-11,
ENSG00000233670,PIRT,-4.4,1.04310028498145e-05,
ENSG00000235269,LINC02331,4.4,1.87487049116246e-08,
ENSG00000237845,,-4.4,0.000125343329270407,
ENSG00000242522,KLHL6-AS1,-4.4,1.53083366664626e-07,
ENSG00000243319,FGF14-IT1,-4.4,5.17570351958022e-05,
ENSG00000243694,LINC02027,-4.4,1.1791922814131e-22,
ENSG00000244144,,4.4,1.23579246184002e-07,
ENSG00000248144,ADH1C,-4.4,2.50720641433012e-05,
ENSG00000250218,ALDH1L1-AS1,-4.4,0.000615759899787469,
ENSG00000253357,,-4.4,0.000676514528411517,
ENSG00000253395,,4.4,8.67298525551447e-08,
ENSG00000253591,KCNIP1-AS1,4.4,0.000702848178245427,
ENSG00000256162,SMLR1,-4.4,1.03037152703271e-28,
ENSG00000256577,SLC6A12-AS1,-4.4,0.000423171886751216,
ENSG00000257715,,-4.4,7.69149006136073e-06,
ENSG00000258947,TUBB3,4.4,2.32061876930834e-15,
ENSG00000259671,MTCYBP23,-4.4,5.35394027219884e-05,
ENSG00000260343,LINC01043,-4.4,0.000213911798456367,
ENSG00000261318,DIS3L-AS1,4.4,6.47142182186607e-05,
ENSG00000261578,,-4.4,2.32410095763364e-22,
ENSG00000262772,LINC01977,4.4,1.9699300468845e-06,
ENSG00000267288,,4.4,3.17982154256938e-12,
ENSG00000269959,SPACA6P-AS,4.4,2.22557287199332e-06,
ENSG00000272398,CD24,4.4,6.0235025020648e-22,
ENSG00000272989,LINC02012,-4.4,1.01824438665178e-08,
ENSG00000275630,,-4.4,0.00020878988078279,
ENSG00000280270,,4.4,0.000435611980257361,
ENSG00000282988,,4.4,6.39626538615222e-05,
ENSG00000283265,,4.4,1.69671747262772e-05,
ENSG00000284610,,4.4,7.2645181325141e-05,
ENSG00000285294,LINC00842,4.4,7.72488315081835e-14,
ENSG00000285551,,4.4,0.00123203274354217,
ENSG00000001626,CFTR,4.3,1.38215199573459e-10,
ENSG00000100884,CPNE6,-4.3,5.36270536990146e-05,
ENSG00000101670,LIPG,-4.3,3.11935976058084e-18,
ENSG00000107736,CDH23,-4.3,8.26541416291273e-44,
ENSG00000111275,ALDH2,-4.3,5.26606841095329e-48,
ENSG00000112964,GHR,-4.3,7.20281635340583e-15,
ENSG00000116771,AGMAT,-4.3,1.605142511908e-18,
ENSG00000117069,ST6GALNAC5,4.3,3.07824759547277e-06,
ENSG00000119913,TECTB,-4.3,8.13769336959347e-06,
ENSG00000126759,CFP,-4.3,2.82957088157369e-28,
ENSG00000128271,ADORA2A,-4.3,3.5492893396064e-25,
ENSG00000129988,LBP,-4.3,7.19100445041623e-08,
ENSG00000130055,GDPD2,4.3,0.000189101347708751,
ENSG00000130822,PNCK,4.3,4.44347048043204e-08,
ENSG00000131094,C1QL1,4.3,4.46034237197224e-07,
ENSG00000131183,SLC34A1,-4.3,1.25668493289583e-14,
ENSG00000131979,GCH1,-4.3,2.45518245704174e-77,
ENSG00000133110,POSTN,4.3,1.58557978844565e-07,
ENSG00000135218,CD36,-4.3,4.00616348388641e-30,
ENSG00000138271,GPR87,4.3,0.0282441064338063,
ENSG00000139044,B4GALNT3,4.3,9.74336722591612e-09,
ENSG00000139973,SYT16,4.3,0.00101455719754961,
ENSG00000141437,SLC25A52,-4.3,3.61107872037459e-06,
ENSG00000141668,CBLN2,4.3,1.6179527370112e-05,
ENSG00000145536,ADAMTS16,4.3,5.1963309383158e-07,
ENSG00000148803,FUOM,-4.3,4.5330073169557e-44,
ENSG00000151882,CCL28,4.3,1.12794732111459e-05,
ENSG00000158106,RHPN1,4.3,4.21813993547138e-23,
ENSG00000163686,ABHD6,-4.3,2.53867783328168e-39,
ENSG00000163827,LRRC2,-4.3,5.71430044322697e-17,
ENSG00000163958,ZDHHC19,-4.3,1.87553213085287e-18,
ENSG00000164181,ELOVL7,4.3,6.09869341214356e-23,
ENSG00000164393,ADGRF2,4.3,0.00355005478157585,
ENSG00000164398,ACSL6,-4.3,9.48961511142292e-21,
ENSG00000167642,SPINT2,4.3,1.68999988298847e-47,
ENSG00000170231,FABP6,4.3,0.0010409141142206,
ENSG00000171476,HOPX,4.3,9.4702356187097e-14,
ENSG00000172602,RND1,-4.3,2.10882664419755e-14,
ENSG00000179914,ITLN1,-4.3,4.82371013466225e-07,
ENSG00000180509,KCNE1,-4.3,2.22488763067469e-15,
ENSG00000182583,VCX,4.3,0.0251687670191412,
ENSG00000183742,MACC1,4.3,1.12900194092084e-25,
ENSG00000186472,PCLO,4.3,3.77683372998763e-20,
ENSG00000187123,LYPD6,4.3,3.28771904996093e-16,
ENSG00000188112,C6orf132,4.3,3.93378088045656e-37,
ENSG00000188672,RHCE,-4.3,2.80414218952917e-09,
ENSG00000189419,SPATA41,-4.3,3.61728441709942e-19,
ENSG00000197273,GUCA2A,4.3,0.00011393635465771,
ENSG00000197594,ENPP1,-4.3,6.60310932067511e-25,
ENSG00000197753,LHFPL5,4.3,3.31597622602221e-05,
ENSG00000197956,S100A6,4.3,4.52749834683416e-28,
ENSG00000198353,HOXC4,4.3,6.94642462467809e-06,
ENSG00000203780,FANK1,4.3,9.54857912397006e-22,
ENSG00000204442,FAM155A,4.3,7.40554882377856e-12,
ENSG00000204688,OR2H1,4.3,0.0199022583374534,
ENSG00000204710,SPDYC,-4.3,3.83947032329704e-17,
ENSG00000204956,PCDHGA1,4.3,3.5614352842999e-14,
ENSG00000205702,CYP2D7,-4.3,1.33404567353035e-24,
ENSG00000212724,KRTAP2-3,4.3,0.0202335539587582,
ENSG00000214999,,4.3,3.1436952154296e-05,
ENSG00000217447,,-4.3,4.7404554244917e-05,
ENSG00000218991,CCNG1P1,-4.3,0.0054620701550486,
ENSG00000224245,,-4.3,0.000311969695894215,
ENSG00000224259,LINC01133,4.3,0.0048886758901225,
ENSG00000224294,PINCR,4.3,0.00380317230827858,
ENSG00000224570,,-4.3,4.39034168259975e-05,
ENSG00000224644,,-4.3,7.78182134502004e-05,
ENSG00000229356,LRRC3-DT,-4.3,2.11276383569387e-09,
ENSG00000230829,,-4.3,0.000271467916257134,
ENSG00000231806,PCAT7,-4.3,2.49264823772748e-14,
ENSG00000232646,,-4.3,2.84478314632756e-05,
ENSG00000233682,,4.3,4.38263274891988e-06,
ENSG00000234428,,-4.3,1.73617325882928e-05,
ENSG00000234537,,4.3,0.00136130597492565,
ENSG00000235023,,4.3,1.87433096351361e-16,
ENSG00000235191,NUCB1-AS1,-4.3,1.99588593533875e-05,
ENSG00000241635,UGT1A1,-4.3,5.95271442117397e-08,
ENSG00000245105,A2M-AS1,-4.3,1.52917870186827e-22,
ENSG00000249406,,4.3,0.000576809348496202,
ENSG00000249853,HS3ST5,4.3,0.000459304954989585,
ENSG00000250033,SLC7A11-AS1,4.3,0.000335545337094623,
ENSG00000250120,PCDHA10,4.3,5.4357864401454e-06,
ENSG00000254092,,-4.3,7.44519567316232e-05,
ENSG00000256720,BTG1P1,-4.3,3.32771965062364e-07,
ENSG00000257588,,4.3,0.00350185867727814,
ENSG00000257671,KRT7-AS,4.3,9.66339450441643e-11,
ENSG00000258001,,-4.3,2.30335740469979e-08,
ENSG00000259479,SORD2P,-4.3,9.6330745600035e-11,
ENSG00000261116,,4.3,2.99476632354848e-10,
ENSG00000261488,TBILA,4.3,1.9210979273822e-11,
ENSG00000264534,MIR378B,-4.3,1.54428234241988e-06,
ENSG00000267530,LINC01836,4.3,3.95202377564505e-20,
ENSG00000267919,,4.3,0.00187858558820061,
ENSG00000270547,LINC01235,4.3,0.02307216176204,
ENSG00000271784,TP53RK-DT,-4.3,2.4137891444506e-06,
ENSG00000272510,,-4.3,3.96050708474459e-07,
ENSG00000273582,,-4.3,0.000157530150628942,
ENSG00000275747,IGHV3-79,4.3,0.000459744274338681,
ENSG00000277481,PKD1L3,-4.3,1.04363453560612e-11,
ENSG00000281383,,-4.3,1.75114591193772e-06,
ENSG00000285585,,-4.3,0.000586461585526222,
ENSG00000285957,,-4.3,0.00220846431779212,
ENSG00000005001,PRSS22,4.2,1.67394494576644e-31,
ENSG00000011347,SYT7,-4.2,7.42081990569987e-16,
ENSG00000021300,PLEKHB1,4.2,4.54713925354405e-13,
ENSG00000055732,MCOLN3,4.2,9.62967588150565e-11,
ENSG00000064195,DLX3,4.2,0.000105393281383581,
ENSG00000073067,CYP2W1,4.2,7.58632168871197e-16,
ENSG00000084674,APOB,-4.2,2.83876778182728e-18,
ENSG00000101405,OXT,-4.2,6.25124493998998e-07,
ENSG00000105609,LILRB5,-4.2,3.03208031688643e-14,
ENSG00000108309,RUNDC3A,4.2,4.81056830154759e-09,
ENSG00000112981,NME5,4.2,1.18485986866643e-21,
ENSG00000119938,PPP1R3C,-4.2,3.46694547907597e-10,
ENSG00000124134,KCNS1,4.2,6.12618141869312e-05,
ENSG00000125148,MT2A,-4.2,5.50693879969515e-09,
ENSG00000125966,MMP24,4.2,3.64139846098947e-15,
ENSG00000127954,STEAP4,-4.2,5.46257713482957e-16,
ENSG00000134042,MRO,-4.2,5.52306677017762e-11,
ENSG00000134716,CYP2J2,-4.2,7.27618739016535e-19,
ENSG00000137819,PAQR5,4.2,7.37443412264667e-21,
ENSG00000138678,GPAT3,-4.2,1.72798783151182e-27,
ENSG00000139914,FITM1,-4.2,6.27725736757387e-15,
ENSG00000142619,PADI3,4.2,0.000193584734168922,
ENSG00000154342,WNT3A,4.2,0.00250354167113319,
ENSG00000160200,CBS,-4.2,6.43939283188056e-18,
ENSG00000162069,BICDL2,4.2,3.12465564293923e-19,
ENSG00000163082,SGPP2,4.2,5.09839004231791e-13,
ENSG00000164742,ADCY1,-4.2,4.39576020546589e-22,
ENSG00000165953,SERPINA12,-4.2,3.20270721994947e-14,
ENSG00000166342,NETO1,4.2,0.00648265983752254,
ENSG00000167780,SOAT2,-4.2,1.10235467626884e-12,
ENSG00000168907,PLA2G4F,4.2,0.000282673482390397,
ENSG00000169258,GPRIN1,4.2,2.33032716491258e-13,
ENSG00000169676,DRD5,-4.2,0.000126865988784927,
ENSG00000170523,KRT83,4.2,0.000575798195599291,
ENSG00000170703,TTLL6,4.2,0.000240585224675837,
ENSG00000172139,SLC9C1,4.2,8.46023165359113e-07,
ENSG00000175287,PHYHD1,-4.2,2.15094990687992e-27,
ENSG00000175868,CALCB,4.2,0.0017868749192162,
ENSG00000178363,CALML3,-4.2,0.000388514568913069,
ENSG00000185499,MUC1,4.2,3.5466520623835e-14,
ENSG00000187017,ESPN,-4.2,6.08907784886023e-27,
ENSG00000196542,SPTSSB,4.2,5.15492795935869e-07,
ENSG00000204529,GUCY2EP,-4.2,6.42817059096426e-06,
ENSG00000207926,MIR135A1,-4.2,1.43244950094765e-16,
ENSG00000214456,PLIN5,-4.2,2.07907216833145e-19,
ENSG00000214870,,4.2,2.02358060583887e-11,
ENSG00000224269,,4.2,0.00266052178069655,
ENSG00000225210,DUXAP9,4.2,5.5529098333894e-06,
ENSG00000227885,,4.2,1.57424633169156e-17,
ENSG00000228709,LINC02575,-4.2,1.12728345143809e-12,
ENSG00000230258,,4.2,4.67666319445108e-06,
ENSG00000232021,LEF1-AS1,4.2,2.15259760723568e-06,
ENSG00000232480,TGFB2-AS1,4.2,9.66567241587935e-08,
ENSG00000235263,,-4.2,0.000101555543746562,
ENSG00000235721,,4.2,1.06190452309152e-07,
ENSG00000237158,,-4.2,3.49267245851476e-06,
ENSG00000239365,RPS26P49,4.2,0.000198502439199595,
ENSG00000241532,AGGF1P3,4.2,0.00189326600790042,
ENSG00000242686,PDE6B-AS1,4.2,9.39000751985302e-05,
ENSG00000244383,FAM3D-AS1,-4.2,6.93743512329742e-09,
ENSG00000244734,HBB,-4.2,2.84851263306459e-08,
ENSG00000249346,LINC01016,-4.2,0.000428654252743848,
ENSG00000255548,,4.2,0.000682318841001448,
ENSG00000255794,RMST,4.2,0.000323750008749458,
ENSG00000257137,LINC02874,4.2,0.000364846839958444,
ENSG00000258010,,4.2,0.00077902386240943,
ENSG00000260362,,-4.2,5.45803141595818e-05,
ENSG00000261257,,-4.2,0.00357757511712757,
ENSG00000261272,MUC22,4.2,0.000944794462272202,
ENSG00000261429,DPPA2P4,-4.2,8.7468930489259e-05,
ENSG00000262884,,4.2,0.00139473233092391,
ENSG00000267112,,4.2,9.61470922374294e-05,
ENSG00000268079,BNIP3P30,4.2,0.00208255153645105,
ENSG00000269072,,-4.2,2.25435110389635e-05,
ENSG00000275215,RNA5-8SN3,-4.2,0.000335621978707076,
ENSG00000276409,CCL14,-4.2,3.93062449459233e-12,
ENSG00000280134,,4.2,0.00170953189238899,
ENSG00000280418,,-4.2,0.00140898624013599,
ENSG00000282511,CLUHP10,4.2,0.00178538813881913,
ENSG00000282943,,4.2,0.00161589338573214,
ENSG00000285931,,-4.2,0.000676081816491749,
ENSG00000005381,MPO,-4.1,3.92047183342095e-05,
ENSG00000007001,UPP2,-4.1,3.81207491115612e-07,
ENSG00000010932,FMO1,4.1,5.15492795935869e-07,
ENSG00000038427,VCAN,4.1,1.2520629435287e-18,
ENSG00000041353,RAB27B,4.1,1.69938817716968e-09,
ENSG00000054356,PTPRN,4.1,0.000110970733772855,
ENSG00000069018,TRPC7,4.1,0.00137152025574901,
ENSG00000083307,GRHL2,4.1,1.62448805161631e-11,
ENSG00000087237,CETP,-4.1,8.30826885543994e-13,
ENSG00000087258,GNAO1,-4.1,1.13529592366601e-19,
ENSG00000100003,SEC14L2,-4.1,6.78870176939003e-26,
ENSG00000100218,RSPH14,4.1,9.46530930912968e-09,
ENSG00000100867,DHRS2,-4.1,0.000112644729684582,
ENSG00000104899,AMH,4.1,6.94951330052754e-09,
ENSG00000112337,SLC17A2,-4.1,1.07375323674835e-07,
ENSG00000112379,ARFGEF3,4.1,7.61615385551307e-20,
ENSG00000116183,PAPPA2,-4.1,7.41482922231043e-11,
ENSG00000124143,ARHGAP40,4.1,0.00147599000513302,
ENSG00000125731,SH2D3A,4.1,3.83039189967917e-37,
ENSG00000131080,EDA2R,4.1,4.56655918180793e-30,
ENSG00000133800,LYVE1,-4.1,1.50013855364601e-15,
ENSG00000135116,HRK,4.1,0.00852651221723515,
ENSG00000137675,MMP27,-4.1,0.00436700364940425,
ENSG00000137713,PPP2R1B,-4.1,3.41820244477974e-28,
ENSG00000152620,NADK2,-4.1,7.27267216413989e-57,
ENSG00000153404,PLEKHG4B,4.1,8.52808752467584e-06,
ENSG00000154545,MAGED4,4.1,0.00470307531250828,
ENSG00000155666,KDM8,-4.1,3.02966733690567e-23,
ENSG00000158008,EXTL1,4.1,1.07301737825607e-08,
ENSG00000158077,NLRP14,-4.1,4.8331827331023e-05,
ENSG00000158406,H4C8,4.1,4.07840742408488e-12,
ENSG00000162931,TRIM17,4.1,1.55832182872496e-10,
ENSG00000165891,E2F7,4.1,3.52329694279392e-10,
ENSG00000168959,GRM5,4.1,0.00288407134494752,
ENSG00000173838,MARCHF10,4.1,0.000102846590298506,
ENSG00000175832,ETV4,4.1,7.89405881549754e-12,
ENSG00000176974,SHMT1,-4.1,2.12257102411369e-48,
ENSG00000177138,FAM9B,-4.1,0.000235933906123172,
ENSG00000179766,ATP8B5P,4.1,2.79415706326878e-05,
ENSG00000181656,GPR88,-4.1,1.31528223567954e-08,
ENSG00000182327,GLTPD2,-4.1,9.957034230454e-21,
ENSG00000182329,KIAA2012,-4.1,2.44755632377097e-11,
ENSG00000183154,,-4.1,1.13525727438348e-14,
ENSG00000184408,KCND2,4.1,3.02861488601309e-11,
ENSG00000185275,CD24P4,4.1,6.10722792623121e-11,
ENSG00000189410,SH2D5,4.1,5.41962153649803e-08,
ENSG00000196890,H2BU1,4.1,1.43484136744771e-08,
ENSG00000197301,HMGA2-AS1,4.1,0.000121105244155944,
ENSG00000198075,SULT1C4,4.1,1.6389523226794e-07,
ENSG00000198753,PLXNB3,4.1,3.91658123737979e-18,
ENSG00000198948,MFAP3L,-4.1,7.66400082084077e-21,
ENSG00000205795,CYS1,4.1,1.78912681465787e-10,
ENSG00000205922,ONECUT3,4.1,0.000132607769003095,
ENSG00000206172,HBA1,-4.1,2.20168378222913e-08,
ENSG00000226562,CYP4F26P,4.1,1.19577341889797e-05,
ENSG00000229792,LINC00399,-4.1,0.000668792089304375,
ENSG00000233929,MT1XP1,-4.1,1.21629651433048e-12,
ENSG00000234076,TPRG1-AS1,-4.1,1.7556880626929e-14,
ENSG00000234102,KRT19P4,-4.1,0.000720235596269203,
ENSG00000235034,C19orf81,4.1,4.28415695493293e-05,
ENSG00000236567,TCF3P1,-4.1,0.000268660482104811,
ENSG00000237338,FTCD-AS1,-4.1,2.0476168005477e-10,
ENSG00000239093,,4.1,0.00478624924627823,
ENSG00000242600,MBL1P,-4.1,3.74354593653355e-16,
ENSG00000244067,GSTA2,-4.1,0.00164648485782027,
ENSG00000249201,CTD-3080P12.3,-4.1,1.23647446587307e-11,
ENSG00000250320,EDIL3-DT,4.1,0.000292723341639014,
ENSG00000250362,,-4.1,2.25065070395701e-05,
ENSG00000253944,,-4.1,4.94767765504765e-10,
ENSG00000253978,CTB-178M22.2,4.1,7.88429391203132e-05,
ENSG00000255367,,4.1,0.00441898324823922,
ENSG00000258386,,4.1,0.00368042555269436,
ENSG00000258451,EGILA,-4.1,4.13545147216995e-12,
ENSG00000258955,LINC00519,4.1,0.000812260585202275,
ENSG00000259764,PCSK6-AS1,-4.1,0.000382950845020499,
ENSG00000261000,,4.1,0.00113548670204842,
ENSG00000267694,,-4.1,0.00058443325457632,
ENSG00000271133,ITGB8-AS1,4.1,8.8276829920305e-06,
ENSG00000275479,,4.1,6.2666821928946e-05,
ENSG00000276591,,-4.1,0.00326167288605107,
ENSG00000277352,,-4.1,0.000254253557874441,
ENSG00000278998,,-4.1,0.000105036059064448,
ENSG00000280255,,4.1,0.00144518571465902,
ENSG00000280309,,4.1,0.00608939457402861,
ENSG00000283098,,4.1,0.00325942104818217,
ENSG00000284743,,-4.1,2.81977693626552e-05,
ENSG00000036672,USP2,-4.0,1.74711163164846e-15,
ENSG00000095203,EPB41L4B,-4.0,1.10995117554102e-34,
ENSG00000100228,RAB36,4.0,1.70303359071385e-12,
ENSG00000101311,FERMT1,4.0,6.66557856553231e-13,
ENSG00000105855,ITGB8,4.0,5.62712521781356e-29,
ENSG00000106976,DNM1,4.0,3.80207075140179e-22,
ENSG00000110195,FOLR1,4.0,1.28152027662089e-07,
ENSG00000110244,APOA4,-4.0,6.29589100066325e-06,
ENSG00000113594,LIFR,-4.0,5.06501950971703e-31,
ENSG00000114529,C3orf52,4.0,7.96571085200009e-19,
ENSG00000115363,EVA1A,-4.0,4.24931867192783e-09,
ENSG00000117122,MFAP2,4.0,2.55857873147385e-10,
ENSG00000118194,TNNT2,4.0,1.42562531133142e-09,
ENSG00000120915,EPHX2,-4.0,3.73174602290295e-24,
ENSG00000128422,KRT17,4.0,1.45129583281765e-08,
ENSG00000128709,HOXD9,4.0,0.000122090305171549,
ENSG00000130413,STK33,4.0,9.68555919976063e-11,
ENSG00000130812,ANGPTL6,-4.0,2.83331987151941e-11,
ENSG00000134532,SOX5,-4.0,2.88186088189323e-22,
ENSG00000137440,FGFBP1,4.0,0.00628770788039542,
ENSG00000139445,FOXN4,-4.0,8.70793558573564e-06,
ENSG00000144035,NAT8,-4.0,4.19736658103383e-10,
ENSG00000147697,GSDMC,4.0,4.32735861229327e-05,
ENSG00000148346,LCN2,4.0,5.13743431750151e-09,
ENSG00000161896,IP6K3,-4.0,4.22967298496203e-06,
ENSG00000165694,FRMD7,-4.0,0.00383666959522016,
ENSG00000166035,LIPC,-4.0,3.01696672962924e-12,
ENSG00000167992,VWCE,-4.0,4.24002939626068e-14,
ENSG00000168502,MTCL1,4.0,3.26664832244672e-16,
ENSG00000170214,ADRA1B,-4.0,1.14187062125332e-28,
ENSG00000171954,CYP4F22,-4.0,1.09206061954931e-11,
ENSG00000172020,GAP43,4.0,4.63020830584494e-06,
ENSG00000173253,DMRT2,4.0,0.00259476812307314,
ENSG00000173557,FAM166C,4.0,4.3752127497865e-05,
ENSG00000176092,CRYBG2,4.0,1.6940039899815e-08,
ENSG00000177839,PCDHB9,4.0,3.73409464886724e-14,
ENSG00000178965,ERICH3,-4.0,1.38811687977365e-05,
ENSG00000179477,ALOX12B,4.0,0.000182741097002415,
ENSG00000183690,EFHC2,4.0,2.84470888005316e-06,
ENSG00000185519,FAM131C,4.0,2.7798794762381e-06,
ENSG00000186431,FCAR,-4.0,3.0411005110218e-05,
ENSG00000186765,FSCN2,4.0,1.62927208884333e-20,
ENSG00000187627,RGPD1,-4.0,2.57448473181256e-11,
ENSG00000187824,TMEM220,-4.0,2.6906070438051e-36,
ENSG00000196167,COLCA1,4.0,2.22117457948918e-20,
ENSG00000204618,RNF39,4.0,6.06787913464281e-11,
ENSG00000204965,PCDHA5,4.0,6.82250047383797e-05,
ENSG00000205360,MT1CP,-4.0,4.02533588660198e-05,
ENSG00000213413,PVRIG,4.0,1.22794441152107e-09,
ENSG00000225937,PCA3,-4.0,2.29001884003927e-05,
ENSG00000226442,,-4.0,0.00377502794137646,
ENSG00000228888,LINC01428,-4.0,0.0027918197695309,
ENSG00000230306,BANF1P2,-4.0,7.26107172734077e-21,
ENSG00000230805,,4.0,0.00152872001233652,
ENSG00000231252,,4.0,0.00326167288605107,
ENSG00000234235,BOK-AS1,-4.0,0.000462918633532917,
ENSG00000235532,LINC00402,-4.0,1.34875795934224e-05,
ENSG00000235621,LINC00494,4.0,0.000275860544428802,
ENSG00000237076,,-4.0,0.00249023104662676,
ENSG00000238062,SPATA3-AS1,4.0,0.000753169396714631,
ENSG00000238279,,4.0,4.84436708572255e-07,
ENSG00000240204,SMKR1,4.0,1.40140484059368e-06,
ENSG00000240813,,-4.0,0.000542857712148218,
ENSG00000242113,RN7SL124P,4.0,0.00114045186005822,
ENSG00000243444,,-4.0,1.13958759687616e-21,
ENSG00000243742,RPLP0P2,4.0,2.21508539285501e-07,
ENSG00000250050,MTND4P9,4.0,0.000290050493588121,
ENSG00000250722,SELENOP,-4.0,1.14819838191385e-19,
ENSG00000251637,LINC02754,-4.0,4.53379346239941e-16,
ENSG00000253406,,-4.0,6.4063780014932e-11,
ENSG00000254338,MAFA-AS1,4.0,0.00742802164637944,
ENSG00000255043,NAV2-AS5,-4.0,0.000342601638195909,
ENSG00000255319,ENPP7P8,4.0,0.00104746483204295,
ENSG00000258231,,4.0,0.00498538801780221,
ENSG00000259342,,4.0,0.0258898804215311,
ENSG00000260733,,-4.0,0.000798054286749321,
ENSG00000263400,TMEM220-AS1,-4.0,3.43148856862693e-20,
ENSG00000263680,,4.0,2.59663756190267e-06,
ENSG00000264404,LINC02675,-4.0,7.34435268452742e-11,
ENSG00000269646,,4.0,0.00317653038779227,
ENSG00000275088,,-4.0,2.19530121699359e-07,
ENSG00000275431,,-4.0,2.50679997730912e-07,
ENSG00000276115,,4.0,3.77548667597047e-10,
ENSG00000277977,,4.0,2.73765387162725e-05,
ENSG00000284709,,-4.0,2.82831634437728e-05,
ENSG00000285581,,4.0,4.07264142561097e-06,
ENSG00000285662,FAM245B,-4.0,3.95629547874435e-07,
ENSG00000285791,,-4.0,1.37189153571167e-13,
ENSG00000006747,SCIN,3.9,4.31340092832618e-08,
ENSG00000075239,ACAT1,-3.9,4.05626602496785e-38,
ENSG00000078295,ADCY2,3.9,0.000258875345714963,
ENSG00000099282,TSPAN15,3.9,7.52747680921515e-27,
ENSG00000101222,SPEF1,3.9,4.0497013841987e-09,
ENSG00000101695,RNF125,-3.9,1.68999988298847e-47,
ENSG00000101746,NOL4,-3.9,0.000144243197438726,
ENSG00000103723,AP3B2,3.9,6.74670412800047e-08,
ENSG00000104848,KCNA7,3.9,0.000863898573956208,
ENSG00000105852,PON3,-3.9,6.22321232057606e-10,
ENSG00000106128,GHRHR,3.9,1.9842570620096e-09,
ENSG00000107537,PHYH,-3.9,2.44544954338594e-20,
ENSG00000108551,RASD1,-3.9,7.02808158987422e-10,
ENSG00000108821,COL1A1,3.9,4.11396371703968e-13,
ENSG00000110427,KIAA1549L,3.9,1.38141873847301e-08,
ENSG00000115844,DLX2,3.9,0.0084095216711893,
ENSG00000118307,CFAP94,3.9,1.31098346913986e-06,
ENSG00000118997,DNAH7,3.9,4.25176846786503e-12,
ENSG00000128342,LIF,3.9,5.57218130680772e-07,
ENSG00000128487,SPECC1,3.9,1.75733407922529e-23,
ENSG00000129195,PIMREG,3.9,1.81735108414986e-13,
ENSG00000132000,PODNL1,3.9,4.90653349038115e-11,
ENSG00000132386,SERPINF1,-3.9,1.87594590820561e-20,
ENSG00000135409,AMHR2,-3.9,1.28339441798649e-06,
ENSG00000135749,PCNX2,3.9,1.1105510138022e-20,
ENSG00000136943,CTSV,3.9,4.48717068926221e-13,
ENSG00000142319,SLC6A3,3.9,0.00999264137183594,
ENSG00000143199,ADCY10,-3.9,6.88740822515005e-20,
ENSG00000143819,EPHX1,-3.9,6.82804153791752e-14,
ENSG00000146530,VWDE,3.9,4.97732594655703e-07,
ENSG00000152782,PANK1,-3.9,1.01713865340384e-22,
ENSG00000153165,RGPD3,-3.9,4.91553889020734e-10,
ENSG00000153347,FAM81B,3.9,0.0258064760743771,
ENSG00000154654,NCAM2,-3.9,8.27409192760427e-07,
ENSG00000158220,ESYT3,3.9,8.83242199416533e-14,
ENSG00000163618,CADPS,3.9,8.11945074706785e-12,
ENSG00000163884,KLF15,-3.9,7.67388280616401e-12,
ENSG00000164120,HPGD,-3.9,9.13853977034558e-05,
ENSG00000164266,SPINK1,3.9,0.0047875027569998,
ENSG00000164334,FAM170A,-3.9,0.00149689266760446,
ENSG00000164694,FNDC1,3.9,1.25278312707729e-15,
ENSG00000166741,NNMT,-3.9,6.81372864649768e-10,
ENSG00000167332,OR51E2,3.9,0.0025713649752852,
ENSG00000169509,CRCT1,3.9,0.00261701159410544,
ENSG00000170458,CD14,-3.9,1.72717396985308e-22,
ENSG00000172367,PDZD3,3.9,1.65033707571918e-05,
ENSG00000174502,SLC26A9,3.9,0.00724697005647034,
ENSG00000176884,GRIN1,3.9,1.25529297299969e-07,
ENSG00000181035,SLC25A42,-3.9,2.60430333379828e-41,
ENSG00000182704,TSKU,-3.9,2.25261420167249e-17,
ENSG00000183281,PLGLB1,-3.9,1.86470774139045e-11,
ENSG00000183778,B3GALT5,3.9,1.48044926559626e-07,
ENSG00000184232,OAF,-3.9,1.55927284820498e-37,
ENSG00000186466,AQP7P1,-3.9,1.4724890442293e-11,
ENSG00000186973,FAM183A,3.9,0.0131887478952748,
ENSG00000187268,FAM9C,3.9,0.0155840703800064,
ENSG00000188536,HBA2,-3.9,4.98533587102344e-09,
ENSG00000189431,RASSF10,3.9,0.00537985993673672,
ENSG00000194297,RNU1-75P,-3.9,0.00208307026244694,
ENSG00000196754,S100A2,3.9,5.29320599565637e-06,
ENSG00000197415,VEPH1,3.9,7.71196890337728e-19,
ENSG00000197479,PCDHB11,3.9,1.49619866051042e-12,
ENSG00000198277,,3.9,9.62687920953959e-07,
ENSG00000198417,MT1F,-3.9,2.35920803353968e-12,
ENSG00000200605,Y_RNA,-3.9,0.00238913770097883,
ENSG00000204580,DDR1,3.9,3.95730016019641e-54,
ENSG00000204860,FAM201A,3.9,2.29549889186357e-21,
ENSG00000204969,PCDHA2,3.9,0.000978936255761693,
ENSG00000205754,SLCO1B7,-3.9,3.37255905495591e-05,
ENSG00000205898,,3.9,0.00043157062641475,
ENSG00000206075,SERPINB5,3.9,0.0398383649514956,
ENSG00000207279,SNORD116-24,3.9,6.05572455002262e-05,
ENSG00000211454,AKR7L,-3.9,1.56877615013942e-07,
ENSG00000213996,TM6SF2,-3.9,5.3031004726394e-25,
ENSG00000214376,VSTM5,3.9,9.17359006824829e-11,
ENSG00000215483,LINC00598,-3.9,3.32089981145683e-14,
ENSG00000222335,Y_RNA,-3.9,0.000889633137055589,
ENSG00000223723,TFDP1P2,-3.9,7.04390353657662e-27,
ENSG00000223855,HRAT92,3.9,4.80400009786274e-16,
ENSG00000224177,LINC00570,-3.9,0.00315364254275513,
ENSG00000224477,,-3.9,0.00719089442261564,
ENSG00000225299,,-3.9,0.00124859837936376,
ENSG00000226887,ERVMER34-1,3.9,1.48324673184417e-05,
ENSG00000227234,SPANXB1,3.9,0.014205126554591,
ENSG00000227609,TMEM183AP1,3.9,0.00235250291514386,
ENSG00000228453,RPS15AP9,3.9,0.00122182446042988,
ENSG00000228620,,-3.9,6.37718210947465e-05,
ENSG00000228940,,3.9,0.00408079964704313,
ENSG00000229020,AKR7A2P1,-3.9,2.01417573300884e-11,
ENSG00000229436,,-3.9,0.000408956645478346,
ENSG00000229896,,-3.9,4.26089363733516e-08,
ENSG00000230533,,3.9,1.53892749938201e-05,
ENSG00000231185,SPRY4-AS1,3.9,2.23247886083049e-09,
ENSG00000231440,,-3.9,0.00279992152969119,
ENSG00000234427,,-3.9,2.65464305872597e-06,
ENSG00000234768,,-3.9,0.00316231631590059,
ENSG00000237400,,-3.9,0.0119120336865965,
ENSG00000240291,,-3.9,9.82252604333375e-21,
ENSG00000240583,AQP1,3.9,5.8016732702008e-10,
ENSG00000242419,PCDHGC4,3.9,8.59456672634742e-16,
ENSG00000243250,RPS6P16,-3.9,0.000262883281983904,
ENSG00000243560,RN7SL364P,3.9,0.000328829654050124,
ENSG00000243831,,-3.9,0.00367862706453524,
ENSG00000243902,ELFN2,3.9,0.00402939705048264,
ENSG00000245017,LINC02453,-3.9,6.27787493145226e-11,
ENSG00000245711,NADK2-AS1,-3.9,1.31879161930445e-14,
ENSG00000245848,CEBPA,-3.9,1.51570784479716e-19,
ENSG00000249158,PCDHA11,3.9,0.00413871144888194,
ENSG00000250934,,-3.9,3.68502355038196e-06,
ENSG00000251177,,-3.9,0.0414051840992624,
ENSG00000251409,,-3.9,3.60914646245595e-06,
ENSG00000253194,,-3.9,2.9522077819464e-10,
ENSG00000254186,,-3.9,9.69721938049108e-06,
ENSG00000254607,,-3.9,0.00282915976646706,
ENSG00000255622,PCDHB17P,3.9,1.33932920636468e-05,
ENSG00000257878,,-3.9,6.20124280623799e-06,
ENSG00000258818,RNASE4,-3.9,2.4877402813488e-14,
ENSG00000258919,,3.9,0.000172646023527928,
ENSG00000259379,MTND5P32,-3.9,0.00017933375267451,
ENSG00000259457,,-3.9,0.000128626174113327,
ENSG00000261115,TMEM178B,3.9,5.84826891410208e-08,
ENSG00000261469,,-3.9,1.53140354047343e-20,
ENSG00000262966,,-3.9,0.000169887196353145,
ENSG00000263961,RHEX,3.9,0.000167022489302487,
ENSG00000267659,LINC01482,-3.9,1.90819432057292e-08,
ENSG00000268333,,3.9,0.00307162850045219,
ENSG00000268812,LIF-AS2,3.9,2.34174980811585e-07,
ENSG00000268894,PLCE1-AS1,3.9,0.00239570963706263,
ENSG00000272763,,3.9,0.00258836011696583,
ENSG00000273445,,3.9,0.000151349178951104,
ENSG00000273736,,-3.9,0.00035367277067864,
ENSG00000274139,,-3.9,2.52717745886772e-06,
ENSG00000275367,,3.9,1.13058303628557e-08,
ENSG00000276417,,3.9,0.000122458653329053,
ENSG00000276960,,-3.9,0.00209983430401138,
ENSG00000276980,,-3.9,4.00543942418954e-11,
ENSG00000278530,CHMP1B2P,3.9,7.37701907280127e-05,
ENSG00000279688,AQP7P3,-3.9,0.0447191775669189,
ENSG00000279878,,-3.9,1.27939605978668e-09,
ENSG00000279932,,-3.9,0.00042253949008493,
ENSG00000280623,PCAT14,3.9,4.88146056012815e-05,
ENSG00000283064,,3.9,7.99881599574132e-05,
ENSG00000283221,,-3.9,0.00205544968268711,
ENSG00000284669,,-3.9,4.5869599412047e-11,
ENSG00000285219,HULC,-3.9,1.06417111772986e-22,
ENSG00000285699,,-3.9,0.0360799874168618,
ENSG00000007062,PROM1,3.8,2.85684201415407e-09,
ENSG00000060762,MPC1,-3.8,8.16040351413247e-33,
ENSG00000067057,PFKP,3.8,1.7050925184805e-23,
ENSG00000076716,GPC4,3.8,3.86630324116772e-19,
ENSG00000085741,WNT11,-3.8,3.99409414673307e-10,
ENSG00000108342,CSF3,-3.8,0.000571639706938154,
ENSG00000110063,DCPS,-3.8,4.35142901810638e-38,
ENSG00000113578,FGF1,3.8,4.42445425644609e-08,
ENSG00000113758,DBN1,3.8,1.09920859825125e-37,
ENSG00000113763,UNC5A,3.8,7.56093309643361e-06,
ENSG00000119681,LTBP2,3.8,2.96449764642073e-16,
ENSG00000120158,RCL1,-3.8,4.66557090602576e-43,
ENSG00000120324,PCDHB10,3.8,3.25213443601979e-17,
ENSG00000121904,CSMD2,3.8,2.70253797157931e-08,
ENSG00000123561,SERPINA7,-3.8,3.76782114405253e-06,
ENSG00000125551,PLGLB2,-3.8,0.000960604098071521,
ENSG00000127241,MASP1,-3.8,3.24543899303635e-12,
ENSG00000127863,TNFRSF19,3.8,2.91986257504417e-10,
ENSG00000128313,APOL5,-3.8,0.00152872001233652,
ENSG00000132938,MTUS2,-3.8,1.53144812400884e-07,
ENSG00000133863,TEX15,3.8,0.000547563083279607,
ENSG00000135423,GLS2,-3.8,9.40511567115152e-13,
ENSG00000136695,IL36RN,3.8,0.0192248220234462,
ENSG00000137269,LRRC1,3.8,7.51299178105519e-19,
ENSG00000137766,UNC13C,3.8,0.00716075185932326,
ENSG00000138119,MYOF,3.8,2.44032543495093e-41,
ENSG00000139151,PLCZ1,-3.8,2.51104045706318e-05,
ENSG00000140479,PCSK6,-3.8,1.01315227545436e-24,
ENSG00000140481,CCDC33,3.8,0.00326039394678412,
ENSG00000143028,SYPL2,-3.8,4.54665004640565e-24,
ENSG00000148735,PLEKHS1,3.8,0.00200549495284675,
ENSG00000149596,JPH2,3.8,1.19005207888053e-07,
ENSG00000152078,TLCD4,-3.8,1.00408830654816e-34,
ENSG00000152270,PDE3B,-3.8,1.56412567815642e-27,
ENSG00000154258,ABCA9,-3.8,2.50053666980666e-26,
ENSG00000155974,GRIP1,3.8,2.9732831204921e-14,
ENSG00000157680,DGKI,3.8,4.05972042150499e-10,
ENSG00000157766,ACAN,3.8,9.18644549969547e-06,
ENSG00000158528,PPP1R9A,3.8,1.91296737976988e-30,
ENSG00000160188,RSPH1,3.8,1.58553050248661e-14,
ENSG00000162814,SPATA17,3.8,1.43833633541639e-06,
ENSG00000163624,CDS1,3.8,3.44947934814795e-26,
ENSG00000166347,CYB5A,-3.8,6.69062962028921e-33,
ENSG00000167701,GPT,-3.8,1.16074633419917e-17,
ENSG00000168148,H3-4,3.8,0.000430545516525194,
ENSG00000170011,MYRIP,-3.8,5.58424164287898e-17,
ENSG00000170890,PLA2G1B,-3.8,7.37701907280127e-05,
ENSG00000170962,PDGFD,3.8,1.11626642577069e-14,
ENSG00000171815,PCDHB1,3.8,0.013409088330665,
ENSG00000183873,SCN5A,3.8,2.16900057514677e-07,
ENSG00000187556,NANOS3,3.8,0.00010053536971872,
ENSG00000187730,GABRD,3.8,4.51335575819673e-08,
ENSG00000188730,VWC2,3.8,0.0129525280655223,
ENSG00000188766,SPRED3,3.8,2.48276094719303e-10,
ENSG00000189334,S100A14,3.8,0.000356349397543929,
ENSG00000196136,SERPINA3,-3.8,2.84515868917865e-08,
ENSG00000196368,NUDT11,3.8,1.91495343200495e-05,
ENSG00000198535,C2CD4A,3.8,8.31989790678982e-06,
ENSG00000198695,MT-ND6,-3.8,2.65677085752901e-14,
ENSG00000198756,COLGALT2,3.8,0.000360511527324893,
ENSG00000198759,EGFL6,3.8,0.000476427328914033,
ENSG00000201815,RNU6-526P,-3.8,0.00101757195068586,
ENSG00000203585,LINC02408,3.8,0.000594605834751684,
ENSG00000203972,GLYATL3,-3.8,0.000970969940873621,
ENSG00000204060,FOXO6,3.8,7.43610375839307e-09,
ENSG00000214491,SEC14L6,3.8,2.17125863167839e-32,
ENSG00000215045,GRID2IP,3.8,3.20965930139747e-18,
ENSG00000216316,,-3.8,1.30394903297117e-05,
ENSG00000222236,RNA5SP163,-3.8,8.67566955992262e-09,
ENSG00000223485,LINC01615,3.8,0.000161810141217433,
ENSG00000224541,,3.8,0.00518684280265563,
ENSG00000224999,VTA1P1,3.8,0.00368942541283072,
ENSG00000225121,EEF1B2P5,-3.8,0.0024300677171099,
ENSG00000227560,RPS15AP30,-3.8,8.73168079876997e-05,
ENSG00000227742,CALR4P,-3.8,1.11286699415767e-08,
ENSG00000228560,,-3.8,0.00409089875035409,
ENSG00000229862,,-3.8,3.49020936868062e-05,
ENSG00000230102,LINC02028,-3.8,9.81009280620013e-14,
ENSG00000231690,LINC00574,-3.8,3.01480613693409e-26,
ENSG00000231852,CYP21A2,-3.8,4.89270564004713e-12,
ENSG00000231940,RPS7P3,3.8,0.000110456655456884,
ENSG00000233008,LINC01725,-3.8,3.4454787102256e-12,
ENSG00000233930,KRTAP5-AS1,3.8,4.60949078107018e-10,
ENSG00000235868,GAPDHP31,-3.8,0.00116367415665555,
ENSG00000237286,CARD11-AS1,3.8,0.00080620708241752,
ENSG00000237861,,3.8,0.00664668615746198,
ENSG00000237928,NFIA-AS2,3.8,0.00955101262311569,
ENSG00000238181,AHCYP2,-3.8,6.83808347247731e-06,
ENSG00000239265,CLRN1-AS1,-3.8,0.00127432933828451,
ENSG00000240764,PCDHGC5,3.8,4.42863106412028e-23,
ENSG00000241026,,-3.8,0.00029346694764937,
ENSG00000242640,RPS29P11,3.8,0.0127753704162024,
ENSG00000250337,PURPL,3.8,2.06965924899597e-06,
ENSG00000251230,MIR3945HG,-3.8,8.13147869172248e-05,
ENSG00000251608,OR12D1,3.8,0.0592966650041775,
ENSG00000253658,LINC01592,3.8,0.00751001361927646,
ENSG00000254366,,-3.8,0.00279733129694807,
ENSG00000255231,MRPS36P4,-3.8,2.77500269217881e-06,
ENSG00000255408,PCDHA3,3.8,0.00111639043166469,
ENSG00000256196,,3.8,0.0202141490618504,
ENSG00000257057,C11orf97,-3.8,0.000631322938994152,
ENSG00000257556,LINC02298,3.8,2.12672202588864e-13,
ENSG00000258404,LINC02320,3.8,0.00173965196839718,
ENSG00000259459,LINC02568,3.8,0.0189755500069791,
ENSG00000259982,CDC37P1,3.8,0.0058865503445356,
ENSG00000261068,,3.8,9.35308844310206e-09,
ENSG00000262188,LINC01978,3.8,1.00071376298351e-07,
ENSG00000262576,PCDHGA4,3.8,1.85721933626351e-07,
ENSG00000264148,,3.8,0.00102045442388431,
ENSG00000266151,MIR3646,-3.8,0.00156092849876052,
ENSG00000266973,,-3.8,0.00132595832545467,
ENSG00000270422,,-3.8,0.00862814569311826,
ENSG00000270497,,3.8,0.00312537464087379,
ENSG00000271447,MMP28,3.8,9.56870698782182e-11,
ENSG00000271732,,-3.8,0.000209555004201894,
ENSG00000271945,,-3.8,0.00502523730283703,
ENSG00000272312,,3.8,0.00208725250483824,
ENSG00000273209,,3.8,0.00190477970004789,
ENSG00000273319,,-3.8,2.39918618577387e-08,
ENSG00000274225,,-3.8,1.04487991803992e-16,
ENSG00000274520,,3.8,0.00994956657459389,
ENSG00000274824,MIR7152,-3.8,0.000932412867708222,
ENSG00000275216,,3.8,0.00746687971719065,
ENSG00000275465,,3.8,0.000335776571011522,
ENSG00000276070,CCL4L2,-3.8,5.46971338801752e-08,
ENSG00000277632,CCL3,-3.8,1.33274097499849e-10,
ENSG00000279481,,3.8,0.00100217220514016,
ENSG00000280660,,-3.8,0.000707485082239395,
ENSG00000283052,LINC02456,-3.8,0.00209851958008712,
ENSG00000284959,,-3.8,1.39249777639765e-20,
ENSG00000006283,CACNA1G,3.7,5.79620508525707e-05,
ENSG00000064787,BCAS1,3.7,7.84384809174271e-05,
ENSG00000074410,CA12,3.7,1.56654274887266e-10,
ENSG00000078898,BPIFB2,-3.7,0.0033911222387984,
ENSG00000084453,SLCO1A2,-3.7,0.00125921911220993,
ENSG00000084628,NKAIN1,3.7,0.0133368932767673,
ENSG00000091129,NRCAM,3.7,6.04069816929211e-06,
ENSG00000096088,PGC,3.7,0.00385092246404486,
ENSG00000100583,SAMD15,3.7,9.28571048089305e-09,
ENSG00000100665,SERPINA4,-3.7,3.44116162361464e-16,
ENSG00000102230,PCYT1B,3.7,3.99890589494269e-06,
ENSG00000102743,SLC25A15,-3.7,1.44339094711283e-19,
ENSG00000103876,FAH,-3.7,4.7403720057203e-39,
ENSG00000106031,HOXA13,3.7,0.0621941904251528,
ENSG00000108187,PBLD,-3.7,1.13599476921571e-22,
ENSG00000109265,CRACD,3.7,1.47192115177608e-13,
ENSG00000111058,ACSS3,-3.7,6.42286845983459e-20,
ENSG00000112280,COL9A1,3.7,1.67559754470272e-05,
ENSG00000113211,PCDHB6,3.7,1.37907495866124e-07,
ENSG00000119411,BSPRY,3.7,2.41334863694019e-15,
ENSG00000120437,ACAT2,-3.7,6.39607973365351e-24,
ENSG00000120875,DUSP4,3.7,1.5457594422861e-21,
ENSG00000125398,SOX9,3.7,1.44878753569414e-16,
ENSG00000125740,FOSB,-3.7,3.08587062632631e-06,
ENSG00000126218,F10,-3.7,2.92639294739718e-13,
ENSG00000128242,GAL3ST1,3.7,1.99965083373165e-38,
ENSG00000130054,FAM155B,3.7,6.39508267087682e-08,
ENSG00000136457,CHAD,-3.7,6.17703939962167e-15,
ENSG00000136542,GALNT5,3.7,1.49738555923831e-05,
ENSG00000139194,RBP5,-3.7,1.92113163695874e-45,
ENSG00000139200,PIANP,3.7,3.28705316240154e-07,
ENSG00000139915,MDGA2,-3.7,0.00451594125310955,
ENSG00000143416,SELENBP1,-3.7,3.94238115964362e-11,
ENSG00000155380,SLC16A1,-3.7,2.62224072544006e-24,
ENSG00000157087,ATP2B2,-3.7,0.0020382621672869,
ENSG00000159763,PIP,3.7,0.038676482049831,
ENSG00000162571,TTLL10,3.7,7.15037351551589e-05,
ENSG00000162738,VANGL2,3.7,5.32505420283884e-11,
ENSG00000164692,COL1A2,3.7,1.79067417464721e-12,
ENSG00000165475,CRYL1,-3.7,7.59436452637958e-50,
ENSG00000166268,MYRFL,3.7,8.54012051805733e-09,
ENSG00000166856,GPR182,-3.7,2.6419587243341e-11,
ENSG00000167178,ISLR2,3.7,1.03906965257766e-08,
ENSG00000169035,KLK7,3.7,0.0178692147151116,
ENSG00000169213,RAB3B,3.7,3.60917048594647e-07,
ENSG00000169851,PCDH7,3.7,6.2806856800343e-08,
ENSG00000171126,KCNG3,3.7,0.00647637747097708,
ENSG00000171435,KSR2,3.7,1.20473230200791e-05,
ENSG00000171766,GATM,-3.7,2.2807929053162e-15,
ENSG00000173826,KCNH6,3.7,5.7264507084012e-05,
ENSG00000175229,GAL3ST3,3.7,0.0168326289277772,
ENSG00000175497,DPP10,3.7,1.46083073808831e-05,
ENSG00000175920,DOK7,3.7,6.45182621658087e-07,
ENSG00000176894,PXMP2,-3.7,3.13525209673972e-26,
ENSG00000177414,UBE2U,3.7,0.0310525361904929,
ENSG00000178445,GLDC,-3.7,5.87820198668003e-10,
ENSG00000182013,PNMA8A,3.7,8.96149253311017e-05,
ENSG00000183160,TMEM119,3.7,4.87573138067588e-11,
ENSG00000183876,ARSI,3.7,1.0565428241858e-07,
ENSG00000185186,LINC00313,-3.7,0.000131434938606646,
ENSG00000187024,PTRH1,3.7,0.00185539872947141,
ENSG00000187486,KCNJ11,3.7,3.83450098947876e-12,
ENSG00000187546,AGMO,-3.7,5.97769701325721e-06,
ENSG00000189056,RELN,-3.7,8.99058685026845e-08,
ENSG00000196584,XRCC2,3.7,6.51115218560432e-23,
ENSG00000197085,NPSR1-AS1,3.7,0.00336855277186324,
ENSG00000204588,LINC01123,3.7,8.47793113818615e-15,
ENSG00000204889,KRT40,3.7,0.0034817225207897,
ENSG00000207652,MIR621,-3.7,9.28822912258122e-21,
ENSG00000207923,MIR559,3.7,0.000537771404918131,
ENSG00000211448,DIO2,3.7,2.13681469492911e-05,
ENSG00000214273,AGGF1P1,3.7,0.000216284425236898,
ENSG00000214626,POLR3DP1,-3.7,0.00223571635787264,
ENSG00000214888,,-3.7,0.000310019004877514,
ENSG00000223658,C1GALT1C1L,3.7,3.82497164491976e-06,
ENSG00000227729,RD3L,-3.7,0.010447945384092,
ENSG00000229539,PANK2-AS1,3.7,2.95267763258489e-10,
ENSG00000229588,,3.7,0.0057410473647165,
ENSG00000229920,RPS4XP5,-3.7,1.53866398184108e-06,
ENSG00000229950,TFAP2A-AS1,3.7,4.42247197479119e-10,
ENSG00000230445,LRRC37A6P,3.7,9.17902544225653e-08,
ENSG00000230645,LINC01818,-3.7,0.00930690627522233,
ENSG00000230870,FBXW11P1,-3.7,2.37512153835692e-13,
ENSG00000231054,,3.7,0.00427505476682498,
ENSG00000232097,,3.7,0.000355369723897959,
ENSG00000232368,FTLP2,-3.7,5.9625605029955e-06,
ENSG00000232406,,3.7,0.00099150362499038,
ENSG00000232456,,3.7,0.00108765797504387,
ENSG00000234928,LINC01659,3.7,0.00167941461756352,
ENSG00000235026,DPP10-AS1,3.7,1.02788130792458e-06,
ENSG00000236751,LINC01186,3.7,1.31691477922829e-05,
ENSG00000236780,LINC01829,3.7,4.21604939499777e-05,
ENSG00000237037,NDUFA6-DT,-3.7,3.18296285788461e-18,
ENSG00000237380,HOXD-AS2,3.7,0.020790994659929,
ENSG00000239367,RN7SL477P,3.7,0.00471580150642454,
ENSG00000244167,,3.7,0.0132960385694895,
ENSG00000245869,,3.7,0.00582751815030943,
ENSG00000246228,CASC8,3.7,0.00196791106400993,
ENSG00000249738,,3.7,2.81424183790823e-05,
ENSG00000250420,AACSP1,3.7,0.000641201639831534,
ENSG00000250740,,3.7,0.00105596801926469,
ENSG00000251142,,-3.7,0.0263236437750967,
ENSG00000252711,RN7SKP116,3.7,0.0203002334214325,
ENSG00000253898,LINC01419,3.7,0.0670957523570271,
ENSG00000256894,,3.7,1.53132949423782e-09,
ENSG00000257022,,-3.7,0.00871336378686353,
ENSG00000257808,,-3.7,1.53193426841174e-05,
ENSG00000257943,,-3.7,1.74884742648147e-05,
ENSG00000259098,,-3.7,0.0203924329243607,
ENSG00000259293,LIPC-AS1,-3.7,1.0420381070069e-06,
ENSG00000259495,,3.7,6.12925604500544e-13,
ENSG00000260653,,-3.7,0.000719842930057595,
ENSG00000261634,PAQR5-DT,3.7,8.63079156365211e-06,
ENSG00000263603,,3.7,0.00231636387304766,
ENSG00000265091,,-3.7,0.00127863817874274,
ENSG00000265688,MAFG-DT,3.7,2.56351615953811e-09,
ENSG00000266189,MIR3186,3.7,0.00628770788039542,
ENSG00000267128,RNF157-AS1,3.7,6.35468990275051e-10,
ENSG00000267690,LDLRAD4-AS1,-3.7,0.00189001285298139,
ENSG00000267709,,-3.7,0.00012085370542155,
ENSG00000268496,,3.7,0.000113923028608686,
ENSG00000268510,IFNL3P1,3.7,0.00277857261277852,
ENSG00000270765,GAS2L2,3.7,0.00462085009109052,
ENSG00000273291,,-3.7,1.19144635357469e-05,
ENSG00000274290,H2BC6,3.7,6.57632661881145e-08,
ENSG00000275718,CCL15,-3.7,1.7871652582221e-10,
ENSG00000275830,,-3.7,0.000143623881729704,
ENSG00000276075,,-3.7,7.02828650543118e-19,
ENSG00000276269,,-3.7,0.00589924909233249,
ENSG00000277229,,-3.7,5.89436369185546e-06,
ENSG00000277287,,3.7,0.000157749694596883,
ENSG00000279068,,3.7,0.0033734331022508,
ENSG00000281186,LINC00706,3.7,0.0439350144472657,
ENSG00000283167,,3.7,0.00146595786488012,
ENSG00000283991,,-3.7,0.00111407430194494,
ENSG00000284879,,-3.7,6.30414491335591e-11,
ENSG00000015413,DPEP1,3.6,1.80824438157857e-06,
ENSG00000047457,CP,-3.6,8.22865683440266e-06,
ENSG00000052802,MSMO1,-3.6,2.99059452739072e-24,
ENSG00000060971,ACAA1,-3.6,2.08613868558072e-19,
ENSG00000063180,CA11,3.6,2.98252201372196e-11,
ENSG00000069764,PLA2G10,3.6,0.000586117267335562,
ENSG00000100292,HMOX1,-3.6,5.97842759038866e-12,
ENSG00000102683,SGCG,3.6,0.00568028254467212,
ENSG00000104537,ANXA13,3.6,2.52159701374481e-13,
ENSG00000104635,SLC39A14,-3.6,2.94114595022446e-22,
ENSG00000105784,RUNDC3B,-3.6,1.47536265238474e-20,
ENSG00000106113,CRHR2,3.6,1.09378112490106e-05,
ENSG00000108231,LGI1,-3.6,8.00868511913277e-13,
ENSG00000108950,FAM20A,-3.6,1.95630195555181e-13,
ENSG00000111879,FAM184A,-3.6,5.31322467146188e-18,
ENSG00000114279,FGF12,3.6,5.87064106504004e-11,
ENSG00000116147,TNR,-3.6,4.06767698763804e-06,
ENSG00000118777,ABCG2,-3.6,1.13765826353363e-23,
ENSG00000121075,TBX4,3.6,0.0078619540112193,
ENSG00000121270,ABCC11,-3.6,5.37774251388657e-16,
ENSG00000121361,KCNJ8,-3.6,7.20180225638783e-19,
ENSG00000121691,CAT,-3.6,2.81868409775305e-24,
ENSG00000123999,INHA,3.6,4.90503267128719e-12,
ENSG00000124374,PAIP2B,-3.6,3.8749002612248e-27,
ENSG00000125498,KIR2DL1,-3.6,0.0178856187209446,
ENSG00000127561,SYNGR3,3.6,1.90370003722372e-07,
ENSG00000127884,ECHS1,-3.6,6.3878518518253e-56,
ENSG00000127948,POR,-3.6,8.96084294184359e-34,
ENSG00000128298,BAIAP2L2,3.6,2.65590005768042e-24,
ENSG00000129151,BBOX1,-3.6,5.31165462340596e-11,
ENSG00000131096,PYY,-3.6,0.000256768087734906,
ENSG00000131910,NR0B2,-3.6,8.34328284564682e-10,
ENSG00000134533,RERG,3.6,1.59188840427731e-18,
ENSG00000137563,GGH,-3.6,5.39999656355523e-26,
ENSG00000137642,SORL1,-3.6,5.31380678958982e-22,
ENSG00000137731,FXYD2,3.6,2.79154014231462e-08,
ENSG00000138311,ZNF365,3.6,4.06610372626757e-05,
ENSG00000138772,ANXA3,3.6,1.37869277914017e-26,
ENSG00000140254,DUOXA1,3.6,0.000211517248746102,
ENSG00000140470,ADAMTS17,-3.6,6.04250308945497e-11,
ENSG00000140961,OSGIN1,-3.6,2.08096470551101e-12,
ENSG00000142149,HUNK,3.6,2.36315346676001e-08,
ENSG00000145681,HAPLN1,3.6,0.0298579196397929,
ENSG00000145911,N4BP3,3.6,5.10154863535181e-14,
ENSG00000152463,OLAH,3.6,0.000796504249898372,
ENSG00000152760,DYNLT5,-3.6,1.40562239575755e-09,
ENSG00000152953,STK32B,3.6,4.64880199818161e-08,
ENSG00000153822,KCNJ16,3.6,8.04151103840138e-07,
ENSG00000154917,RAB6B,3.6,4.26272641588233e-12,
ENSG00000156885,COX6A2,-3.6,1.18301445319219e-11,
ENSG00000157103,SLC6A1,-3.6,1.07986217759852e-14,
ENSG00000159289,GOLGA6A,-3.6,2.46640709074088e-06,
ENSG00000161714,PLCD3,3.6,1.41883555361776e-25,
ENSG00000162073,PAQR4,3.6,1.30606614275147e-17,
ENSG00000163464,CXCR1,-3.6,9.7479731249975e-06,
ENSG00000165238,WNK2,3.6,5.08265358388161e-21,
ENSG00000166206,GABRB3,3.6,1.12873839357704e-08,
ENSG00000167535,CACNB3,3.6,8.59456672634742e-16,
ENSG00000167741,GGT6,3.6,0.00221729363840641,
ENSG00000170054,SERPINA9,-3.6,0.000452898619975776,
ENSG00000170801,HTRA3,3.6,2.10882664419755e-14,
ENSG00000171431,KRT20,3.6,0.00345721419457315,
ENSG00000171433,GLOD5,-3.6,1.13265966625398e-15,
ENSG00000172508,CARNS1,3.6,2.80848015647342e-08,
ENSG00000172828,CES3,-3.6,1.90149732159253e-10,
ENSG00000174307,PHLDA3,3.6,8.91822974290767e-34,
ENSG00000175820,CCDC168,-3.6,7.13262429137264e-10,
ENSG00000178821,TMEM52,-3.6,1.18996465727059e-20,
ENSG00000179674,ARL14,3.6,0.000581758548204647,
ENSG00000179772,FOXS1,3.6,2.93206351135381e-11,
ENSG00000180176,TH,-3.6,0.000150118726909008,
ENSG00000183644,HOATZ,3.6,0.0148287014161767,
ENSG00000183783,KCTD8,3.6,0.0177606242407663,
ENSG00000184227,ACOT1,-3.6,2.52867497494056e-12,
ENSG00000184292,TACSTD2,3.6,3.81019312364382e-06,
ENSG00000186118,TEX38,3.6,0.00350436603169536,
ENSG00000186407,CD300E,-3.6,5.70501703366819e-13,
ENSG00000187492,CDHR4,3.6,0.000175397279479703,
ENSG00000188549,CCDC9B,3.6,2.73304849402266e-21,
ENSG00000189099,PRSS48,-3.6,0.00821116490915655,
ENSG00000189423,USP32P3,3.6,3.3099906807098e-11,
ENSG00000196581,AJAP1,3.6,0.000853725133036205,
ENSG00000196632,WNK3,-3.6,4.6241255829781e-18,
ENSG00000198010,DLGAP2,-3.6,4.54938390131451e-10,
ENSG00000198569,SLC34A3,3.6,2.40028253596365e-12,
ENSG00000203446,SUGCT-AS1,3.6,5.11564154083088e-05,
ENSG00000203933,CXorf66,-3.6,0.0154437385773402,
ENSG00000203952,CCDC160,3.6,0.000906673924615608,
ENSG00000204381,LAYN,3.6,4.7625075795945e-26,
ENSG00000205847,OR7E91P,3.6,0.0121975953471517,
ENSG00000205869,KRTAP5-1,3.6,8.14519782815539e-21,
ENSG00000206120,EGFEM1P,-3.6,0.00104026587724656,
ENSG00000206538,VGLL3,3.6,3.24610474730517e-09,
ENSG00000212237,RNA5SP18,3.6,0.00885701859251464,
ENSG00000214688,C10orf105,-3.6,0.000414004055952196,
ENSG00000215270,TOMM40P2,3.6,0.000217932389873121,
ENSG00000220748,,3.6,0.00930995652791399,
ENSG00000224810,,-3.6,5.06112214862829e-08,
ENSG00000225527,,-3.6,1.63268330400327e-08,
ENSG00000226251,LINC02608,-3.6,1.04688154174098e-05,
ENSG00000226539,MLXP1,3.6,0.0187482590756875,
ENSG00000226622,,-3.6,0.00118251175724338,
ENSG00000227999,MTND5P1,-3.6,1.20392522357034e-20,
ENSG00000229848,,3.6,1.6688807636078e-11,
ENSG00000231181,,-3.6,1.80419395112342e-07,
ENSG00000231563,,3.6,0.000229612872146743,
ENSG00000232832,LMLN-AS1,-3.6,0.00386609289080325,
ENSG00000235050,MLIP-AS1,-3.6,0.00597405279235633,
ENSG00000235903,CPB2-AS1,-3.6,1.8553119426455e-09,
ENSG00000235946,H2BW3P,3.6,0.0118307046475338,
ENSG00000236700,LINC01010,-3.6,0.000115039649174915,
ENSG00000236776,RPL21P23,-3.6,0.000553152075476661,
ENSG00000237525,,-3.6,3.53009728265218e-06,
ENSG00000237759,,-3.6,0.0244873180001864,
ENSG00000240250,RN7SL541P,3.6,0.000578109671616635,
ENSG00000240476,LINC00973,3.6,0.0327075209830207,
ENSG00000241399,CD302,-3.6,8.37814641525531e-14,
ENSG00000241749,RPSAP52,3.6,0.0122151189383192,
ENSG00000248485,PCP4L1,-3.6,2.51386522983397e-10,
ENSG00000249604,,-3.6,0.000498571740013054,
ENSG00000251050,RBX1P2,3.6,0.00109186319003639,
ENSG00000253666,,3.6,3.1912174704457e-09,
ENSG00000255400,,3.6,0.00446325726729101,
ENSG00000256020,,-3.6,2.91420952488623e-05,
ENSG00000256713,PGA5,-3.6,0.00512564439636004,
ENSG00000258279,LINC00592,3.6,0.00152872001233652,
ENSG00000258793,,3.6,1.13712938442666e-11,
ENSG00000258819,LINC02289,-3.6,5.54651009141689e-07,
ENSG00000259418,,-3.6,0.0068150998512534,
ENSG00000259670,,-3.6,0.00455906269793651,
ENSG00000259744,,3.6,0.00446127643729558,
ENSG00000259998,,-3.6,0.0108786400914372,
ENSG00000260588,,3.6,1.12161941350333e-13,
ENSG00000261292,,3.6,0.00798842610156951,
ENSG00000265494,,-3.6,0.00407317139098474,
ENSG00000265763,ZNF488,3.6,1.86939741686553e-07,
ENSG00000267922,,3.6,0.0154970228509104,
ENSG00000268089,GABRQ,3.6,0.00628770788039542,
ENSG00000269097,TPRG1LP1,3.6,0.00217594347065075,
ENSG00000270258,DUXAP4,-3.6,0.00678448930035403,
ENSG00000270806,C17orf50,3.6,0.0043717116855032,
ENSG00000271275,,3.6,0.00100649615912715,
ENSG00000272129,,-3.6,1.10188432399962e-14,
ENSG00000272372,,-3.6,0.000287447663614719,
ENSG00000273002,ARHGEF2-AS2,3.6,7.29302292780526e-08,
ENSG00000273760,,3.6,1.14182387704978e-09,
ENSG00000273777,CEACAM20,-3.6,4.23655148784029e-06,
ENSG00000273824,,-3.6,6.08408787514531e-05,
ENSG00000273901,,-3.6,1.78180849207611e-18,
ENSG00000278505,C17orf78,3.6,0.00261991176850924,
ENSG00000278709,NKILA,3.6,9.44798213905965e-13,
ENSG00000279306,,3.6,0.000728210447514751,
ENSG00000279607,,-3.6,0.00283841449708574,
ENSG00000279721,,3.6,0.0034163378100427,
ENSG00000279910,,3.6,0.0294625950141184,
ENSG00000280157,,3.6,3.32160361318983e-12,
ENSG00000285591,,3.6,3.95099781447343e-06,
ENSG00000285627,,-3.6,0.000501976939441603,
ENSG00000008311,AASS,-3.5,4.59324875352519e-20,
ENSG00000067225,PKM,3.5,2.36526832610027e-34,
ENSG00000069482,GAL,3.5,0.0201449912517801,
ENSG00000091262,ABCC6,-3.5,4.11006035262485e-15,
ENSG00000092850,TEKT2,3.5,2.16564691619127e-05,
ENSG00000100739,BDKRB1,3.5,2.28018415169021e-09,
ENSG00000109929,SC5D,-3.5,2.63801360580514e-28,
ENSG00000109991,P2RX3,-3.5,3.03169753784078e-05,
ENSG00000110881,ASIC1,3.5,4.24686464588564e-08,
ENSG00000114812,VIPR1,-3.5,3.085839843153e-06,
ENSG00000116882,HAO2,-3.5,0.00537940863969314,
ENSG00000117643,MAN1C1,-3.5,4.23469099078522e-17,
ENSG00000121446,RGSL1,-3.5,0.00197628275818618,
ENSG00000124875,CXCL6,3.5,3.36550146678196e-07,
ENSG00000125872,LRRN4,3.5,0.000167730615439773,
ENSG00000128578,STRIP2,3.5,1.79002068610814e-05,
ENSG00000130287,NCAN,-3.5,0.00279850562133818,
ENSG00000130768,SMPDL3B,3.5,1.33521059627424e-05,
ENSG00000131650,KREMEN2,3.5,9.60890695815414e-10,
ENSG00000133027,PEMT,-3.5,5.1290435966389e-41,
ENSG00000135454,B4GALNT1,3.5,3.51679231272427e-07,
ENSG00000136193,SCRN1,3.5,1.19389699449395e-15,
ENSG00000142700,DMRTA2,3.5,0.0373595284704953,
ENSG00000150672,DLG2,-3.5,1.88938535718952e-11,
ENSG00000157470,FAM81A,3.5,2.98143465458624e-15,
ENSG00000161682,FAM171A2,3.5,8.476915171472e-12,
ENSG00000162004,CCDC78,3.5,2.20456982096646e-17,
ENSG00000162873,KLHDC8A,3.5,3.91427406213086e-05,
ENSG00000163075,CFAP221,3.5,6.48191737384743e-14,
ENSG00000163739,CXCL1,3.5,1.21689595566025e-08,
ENSG00000165152,PGAP4,3.5,1.03531180881132e-15,
ENSG00000165304,MELK,3.5,1.67454898571473e-11,
ENSG00000166391,MOGAT2,-3.5,0.00805031389361193,
ENSG00000168631,MUCL3,3.5,0.000350009182445491,
ENSG00000169064,ZBBX,3.5,0.0800351392335187,
ENSG00000169083,AR,-3.5,2.79630163224413e-09,
ENSG00000169302,STK32A,3.5,1.0561104946481e-11,
ENSG00000169604,ANTXR1,3.5,7.83570600240094e-10,
ENSG00000169877,AHSP,-3.5,0.0864407497763642,
ENSG00000171951,SCG2,3.5,0.00852740169631968,
ENSG00000173467,AGR3,3.5,0.00325942104818217,
ENSG00000173641,HSPB7,3.5,5.70584388909712e-10,
ENSG00000174226,SNX31,-3.5,0.00428841909307406,
ENSG00000175084,DES,3.5,0.00328104393409835,
ENSG00000176406,RIMS2,3.5,0.0399317623776392,
ENSG00000179455,MKRN3,3.5,0.0549532168610405,
ENSG00000181126,HLA-V,3.5,9.36369915986333e-05,
ENSG00000182986,ZNF320,3.5,4.53526637373405e-23,
ENSG00000183185,GABRR3,-3.5,0.0253525855136176,
ENSG00000183631,PRR32,-3.5,0.0155128622174797,
ENSG00000185567,AHNAK2,3.5,3.81251228561542e-07,
ENSG00000186160,CYP4Z1,-3.5,1.78004631770399e-10,
ENSG00000186847,KRT14,3.5,0.0163828203760274,
ENSG00000187116,LILRA5,-3.5,8.01704549023441e-13,
ENSG00000188162,OTOG,3.5,3.48256483901382e-05,
ENSG00000196109,ZNF676,3.5,4.90175681939603e-05,
ENSG00000196118,CCDC189,3.5,5.63888869238491e-08,
ENSG00000196337,CGB7,3.5,0.00167941461756352,
ENSG00000196420,S100A5,3.5,0.0168975516087919,
ENSG00000197142,ACSL5,-3.5,5.8803915247496e-10,
ENSG00000197506,SLC28A3,3.5,6.96297688390889e-06,
ENSG00000204291,COL15A1,3.5,1.301916866688e-13,
ENSG00000205038,PKHD1L1,-3.5,1.3530008981841e-07,
ENSG00000205106,LINC02716,-3.5,3.55517552787435e-11,
ENSG00000205832,C16orf96,-3.5,1.66036724751381e-09,
ENSG00000213239,NPM1P32,3.5,0.0150703354039177,
ENSG00000213793,ZNF888,3.5,1.6743183846905e-10,
ENSG00000213801,ZNF321P,3.5,1.48590067515385e-12,
ENSG00000214290,COLCA2,3.5,1.87162581576304e-13,
ENSG00000218902,PTMAP3,3.5,0.000927115655876386,
ENSG00000224020,MIR181A2HG,3.5,1.83753241308662e-07,
ENSG00000224122,POU6F2-AS1,-3.5,0.000136084713401442,
ENSG00000224747,MTCYBP21,-3.5,9.11886174079676e-12,
ENSG00000225684,FAM225B,3.5,0.00895505129260156,
ENSG00000227066,,-3.5,1.078229190732e-08,
ENSG00000227070,EPS15-AS1,-3.5,1.44412054052791e-07,
ENSG00000227240,,-3.5,0.000458765594811636,
ENSG00000227484,,3.5,0.0012406517333251,
ENSG00000227640,SOX21-AS1,3.5,0.0101301178617588,
ENSG00000227881,ASS1P5,-3.5,0.00311039535897102,
ENSG00000228826,,-3.5,1.27487398612669e-10,
ENSG00000230753,ZNF341-AS1,3.5,0.0141147733947789,
ENSG00000231201,,-3.5,0.00990764255129233,
ENSG00000231290,APCDD1L-DT,3.5,0.000426043543866973,
ENSG00000231882,F10-AS1,-3.5,0.000271320645859309,
ENSG00000231992,,-3.5,3.85422437652264e-06,
ENSG00000232710,,-3.5,1.86364187968858e-05,
ENSG00000232780,GAPDHP74,-3.5,0.00501434956866939,
ENSG00000232855,,-3.5,8.69387025752149e-11,
ENSG00000233098,CCDC144NL-AS1,3.5,1.28573463129932e-06,
ENSG00000234504,,3.5,0.0026239098526699,
ENSG00000242078,,3.5,0.00415578244504551,
ENSG00000243478,AOX2P,-3.5,1.31294597641275e-05,
ENSG00000243955,GSTA1,-3.5,0.00220321548879794,
ENSG00000244306,DUXAP10,3.5,7.50739380544531e-07,
ENSG00000246379,,-3.5,3.80330636024141e-08,
ENSG00000247131,,3.5,0.00612984118029517,
ENSG00000248187,,3.5,0.000268660482104811,
ENSG00000249166,,3.5,0.0891080203881663,
ENSG00000249304,,3.5,0.00294191303889013,
ENSG00000250133,HOXC-AS2,3.5,0.0322331394741423,
ENSG00000250451,HOXC-AS1,3.5,0.0677358931238423,
ENSG00000250579,CTD-2297D10.2,3.5,0.0315795252572129,
ENSG00000250753,,3.5,0.0252147890421415,
ENSG00000250889,,3.5,7.84384809174271e-05,
ENSG00000252096,,-3.5,3.22367914678086e-05,
ENSG00000253080,RNA5SP373,-3.5,0.00470516589627239,
ENSG00000254221,PCDHGB1,3.5,2.20535219454944e-09,
ENSG00000254389,RHPN1-AS1,3.5,1.58219073062311e-05,
ENSG00000255202,,3.5,1.88792222064263e-07,
ENSG00000255523,,-3.5,0.0156821920268159,
ENSG00000255970,LINC02421,3.5,0.000125917596246139,
ENSG00000256581,NLRP9P1,-3.5,0.00351532463801356,
ENSG00000256948,,-3.5,0.00136585223740154,
ENSG00000257322,,-3.5,0.000655924909394167,
ENSG00000258679,,-3.5,7.45794097910093e-05,
ENSG00000259023,LINC00524,3.5,0.0406654476283337,
ENSG00000259091,LINC00517,3.5,0.0126920201429587,
ENSG00000259600,,-3.5,5.67050382391283e-05,
ENSG00000261801,LOXL1-AS1,3.5,1.91124614495759e-07,
ENSG00000262119,,3.5,0.0353056790661205,
ENSG00000262693,ZFP3-DT,3.5,0.00417764013528946,
ENSG00000264443,NCMAP-DT,-3.5,0.00606262032299292,
ENSG00000264448,MIR378D2HG,3.5,0.0178684454346007,
ENSG00000267385,,-3.5,2.38909729631512e-10,
ENSG00000267412,,-3.5,0.000287955871494124,
ENSG00000267909,CCDC177,-3.5,0.0128674858240165,
ENSG00000271811,,3.5,0.00559982232711021,
ENSG00000272020,RNU1-30P,-3.5,0.0143073338557701,
ENSG00000272533,SNORA28,-3.5,1.3764143965091e-06,
ENSG00000272574,,-3.5,2.4577344691554e-18,
ENSG00000273129,PACERR,3.5,0.000805470100212168,
ENSG00000276662,,3.5,0.00320604449453541,
ENSG00000276966,H4C5,3.5,0.000129520124512083,
ENSG00000277311,,3.5,0.0206865696334558,
ENSG00000277550,,-3.5,0.000569439610063261,
ENSG00000277702,,3.5,0.0192712753503663,
ENSG00000278954,,3.5,0.0197006700622882,
ENSG00000279332,,-3.5,7.31288107817001e-10,
ENSG00000279711,,-3.5,0.00882073233368672,
ENSG00000280348,,-3.5,0.0171146959460495,
ENSG00000285417,,3.5,0.00904177741910587,
ENSG00000285923,,3.5,0.0200075154030113,
ENSG00000002933,TMEM176A,-3.4,3.5456441651739e-15,
ENSG00000006606,CCL26,3.4,0.00126876407657267,
ENSG00000007908,SELE,-3.4,3.39116483973083e-07,
ENSG00000011638,TMEM159,3.4,1.37533149942372e-25,
ENSG00000023839,ABCC2,-3.4,5.65982748119849e-05,
ENSG00000043591,ADRB1,-3.4,1.91760385407e-05,
ENSG00000049239,H6PD,-3.4,3.3062539384723e-36,
ENSG00000064225,ST3GAL6,-3.4,8.46160957377881e-26,
ENSG00000073711,PPP2R3A,3.4,3.91110511773604e-09,
ENSG00000073849,ST6GAL1,-3.4,2.91190537404912e-21,
ENSG00000075223,SEMA3C,3.4,6.61092020402146e-17,
ENSG00000080910,CFHR2,-3.4,0.00408150513455144,
ENSG00000086205,FOLH1,-3.4,9.32797127279115e-12,
ENSG00000093217,XYLB,-3.4,1.91428309041938e-14,
ENSG00000100116,GCAT,-3.4,1.02963213375194e-20,
ENSG00000100714,MTHFD1,-3.4,1.14231939894182e-33,
ENSG00000101198,NKAIN4,3.4,0.000189996897774507,
ENSG00000105205,CLC,-3.4,0.00734958537567135,
ENSG00000106665,CLIP2,3.4,3.27598403089181e-21,
ENSG00000107282,APBA1,-3.4,1.70793138085944e-16,
ENSG00000108511,HOXB6,3.4,8.19560420659701e-06,
ENSG00000110660,SLC35F2,3.4,3.25201745369631e-13,
ENSG00000112394,SLC16A10,-3.4,1.39292806197619e-06,
ENSG00000113924,HGD,-3.4,7.94885451078138e-37,
ENSG00000114737,CISH,-3.4,2.81885055230826e-10,
ENSG00000115255,REEP6,-3.4,1.62465640252436e-17,
ENSG00000115474,KCNJ13,3.4,0.00968089922978521,
ENSG00000115507,OTX1,3.4,2.20806688354934e-05,
ENSG00000115718,PROC,-3.4,1.98252420306191e-05,
ENSG00000116675,DNAJC6,3.4,4.02669587464565e-14,
ENSG00000117305,HMGCL,-3.4,3.63424657939395e-49,
ENSG00000120075,HOXB5,3.4,3.07750879060514e-08,
ENSG00000121753,ADGRB2,3.4,4.62447285974833e-11,
ENSG00000122420,PTGFR,3.4,2.7568872411487e-07,
ENSG00000126733,DACH2,3.4,0.0262633486983334,
ENSG00000128710,HOXD10,3.4,0.0229750816248052,
ENSG00000129596,CDO1,-3.4,0.00350124258184393,
ENSG00000131142,CCL25,-3.4,0.00475132231839171,
ENSG00000132840,BHMT2,-3.4,0.0019931212902114,
ENSG00000135314,KHDC1,3.4,5.21106762244028e-05,
ENSG00000137491,SLCO2B1,-3.4,1.64781678964847e-21,
ENSG00000137558,PI15,3.4,5.87333939081378e-05,
ENSG00000138079,SLC3A1,3.4,0.00476521324370752,
ENSG00000139540,SLC39A5,-3.4,1.22323017021861e-11,
ENSG00000139797,RNF113B,-3.4,0.00704143124324811,
ENSG00000140835,CHST4,3.4,1.4119764336769e-07,
ENSG00000144655,CSRNP1,-3.4,7.24664018917187e-13,
ENSG00000144820,ADGRG7,-3.4,8.03390402907742e-06,
ENSG00000145284,SCD5,3.4,1.63312007553771e-10,
ENSG00000145287,PLAC8,-3.4,1.75788056439017e-10,
ENSG00000146242,TPBG,3.4,2.81877487805317e-15,
ENSG00000146678,IGFBP1,-3.4,1.2961455278596e-05,
ENSG00000147206,NXF3,-3.4,9.35400410358944e-06,
ENSG00000147576,ADHFE1,-3.4,1.42292546579464e-26,
ENSG00000148935,GAS2,-3.4,6.08152007152947e-19,
ENSG00000150551,LYPD1,3.4,1.96818725038819e-05,
ENSG00000150594,ADRA2A,3.4,1.8254705571908e-12,
ENSG00000151224,MAT1A,-3.4,0.00475158542192933,
ENSG00000154760,SLFN13,3.4,8.08975850888728e-24,
ENSG00000161132,,-3.4,1.65802239965622e-07,
ENSG00000162482,AKR7A3,-3.4,3.66093272457285e-05,
ENSG00000162493,PDPN,3.4,9.24469115645242e-08,
ENSG00000162881,OXER1,-3.4,4.42306403164441e-19,
ENSG00000163915,IGF2BP2-AS1,3.4,0.0065541737612058,
ENSG00000163975,MELTF,3.4,9.22046054079429e-15,
ENSG00000164484,TMEM200A,3.4,1.58410977174801e-11,
ENSG00000165092,ALDH1A1,-3.4,2.86301754406678e-08,
ENSG00000166920,C15orf48,3.4,0.000291817734318961,
ENSG00000167653,PSCA,3.4,0.0108209487530218,
ENSG00000167748,KLK1,3.4,0.00629825969178554,
ENSG00000170044,ZPLD1,3.4,5.75775105512937e-06,
ENSG00000170099,SERPINA6,-3.4,5.42110222856832e-23,
ENSG00000171219,CDC42BPG,3.4,2.64065985960904e-19,
ENSG00000171503,ETFDH,-3.4,1.67394494576644e-31,
ENSG00000171759,PAH,-3.4,2.14780695940329e-17,
ENSG00000172318,B3GALT1,3.4,0.000861356980829577,
ENSG00000172831,CES2,-3.4,3.01499074121272e-30,
ENSG00000174885,NLRP6,-3.4,5.59118231631852e-13,
ENSG00000175879,HOXD8,3.4,0.00234587304723151,
ENSG00000175899,A2M,-3.4,1.25975110676262e-19,
ENSG00000176920,FUT2,3.4,2.21661712228801e-07,
ENSG00000177181,RIMKLA,3.4,1.24058422739944e-06,
ENSG00000177494,ZBED2,3.4,0.0016101053406807,
ENSG00000178537,SLC25A20,-3.4,1.03660569945118e-27,
ENSG00000178750,STX19,3.4,0.000168121586390083,
ENSG00000179869,ABCA13,-3.4,4.03186083011314e-05,
ENSG00000183010,PYCR1,3.4,1.45577236538016e-31,
ENSG00000183287,CCBE1,-3.4,2.38327558886097e-17,
ENSG00000183760,ACP7,3.4,0.00145856259020073,
ENSG00000184139,RPL7AP28,3.4,0.0141167158708753,
ENSG00000186451,SPATA12,3.4,4.04246554691923e-06,
ENSG00000186951,PPARA,-3.4,3.16203362034885e-37,
ENSG00000187098,MITF,3.4,1.67419358325117e-13,
ENSG00000188338,SLC38A3,-3.4,0.00387693981075225,
ENSG00000188959,C9orf152,3.4,0.000347910423037046,
ENSG00000189014,SHLD2P3,-3.4,3.61107872037459e-06,
ENSG00000196503,ARL9,3.4,8.07094955547231e-05,
ENSG00000196570,PFN3,-3.4,0.0141147733947789,
ENSG00000197520,FAM177B,3.4,0.000473605164827985,
ENSG00000198443,KRTAP4-1,3.4,0.0998090947704093,
ENSG00000199377,RNU5F-1,-3.4,0.00219497681805979,
ENSG00000203710,CR1,-3.4,2.50330474915173e-13,
ENSG00000204657,OR2H2,3.4,0.00020642290060865,
ENSG00000205336,ADGRG1,3.4,5.82245256019145e-21,
ENSG00000205879,FAM90A2P,3.4,0.0148137796192243,
ENSG00000206177,HBM,-3.4,0.0529024651535199,
ENSG00000211785,TRAV12-1,-3.4,0.0132079878836575,
ENSG00000213468,FIRRE,3.4,2.87248495197752e-05,
ENSG00000213886,UBD,3.4,0.000174568092192432,
ENSG00000216588,IGSF23,-3.4,5.97586536295042e-13,
ENSG00000216966,,-3.4,0.00941999725734421,
ENSG00000218048,,-3.4,0.00160893775823418,
ENSG00000218358,RAET1K,3.4,0.0291882900596721,
ENSG00000218617,,-3.4,0.00645526556026916,
ENSG00000222032,,3.4,0.0180350902324586,
ENSG00000223648,IGHV3-64,-3.4,0.00977300683747094,
ENSG00000224960,PPP4R3C,3.4,0.0607532291887474,
ENSG00000224984,,3.4,0.00674690984476353,
ENSG00000225431,LINC01671,3.4,1.49201051106915e-12,
ENSG00000226186,ELOCP21,3.4,0.0260932020833115,
ENSG00000226291,,-3.4,0.00469547821956475,
ENSG00000227351,NANOGP6,-3.4,0.00630278278287592,
ENSG00000227879,PSPC1P1,-3.4,0.0377206346016076,
ENSG00000228031,,3.4,0.0303254989228583,
ENSG00000229214,LINC00242,-3.4,8.87569447610635e-19,
ENSG00000229261,,3.4,0.00203058880428708,
ENSG00000230316,FEZF1-AS1,3.4,0.00119872249089898,
ENSG00000230550,ERLNC1,-3.4,4.55380664931875e-05,
ENSG00000231226,TRIM31-AS1,3.4,0.00844863708451101,
ENSG00000231749,ABCA9-AS1,-3.4,0.00184665419302132,
ENSG00000232283,HSD17B3-AS1,-3.4,0.000981929197193777,
ENSG00000232386,,3.4,0.00458174318895545,
ENSG00000232527,LINC02802,3.4,0.0563198477656628,
ENSG00000232721,,-3.4,6.06635185015531e-10,
ENSG00000233214,,-3.4,0.00865812950275632,
ENSG00000233308,OSTN-AS1,-3.4,0.00925603791096428,
ENSG00000234003,MTATP6P27,3.4,0.00695055262977303,
ENSG00000234715,,-3.4,0.00166197086017402,
ENSG00000235286,,-3.4,8.12835895468084e-10,
ENSG00000235890,TSPEAR-AS1,-3.4,6.22343794725509e-09,
ENSG00000236039,LINC02889,3.4,0.00403702725533699,
ENSG00000236358,,3.4,0.00427337265141471,
ENSG00000236483,MTND2P40,3.4,0.00122766699459525,
ENSG00000236841,,3.4,3.44517123363157e-06,
ENSG00000242559,RN7SL144P,3.4,0.0215493234148829,
ENSG00000246465,,3.4,0.00332011629030869,
ENSG00000248449,PCDHGB8P,3.4,3.10849769882827e-13,
ENSG00000248994,,3.4,0.0360449525313401,
ENSG00000249138,SLED1,-3.4,9.11086200275574e-05,
ENSG00000249274,PDLIM1P4,-3.4,2.10973220771928e-09,
ENSG00000249631,,3.4,0.00143198357108725,
ENSG00000251191,LINC00589,3.4,0.0158705124267782,
ENSG00000251303,CAB39P1,3.4,0.0117464374170176,
ENSG00000252002,RNA5SP154,-3.4,0.0119219193597371,
ENSG00000253112,,-3.4,0.00404682222520068,
ENSG00000253121,,-3.4,0.00094907216202352,
ENSG00000253858,,3.4,0.016599353799391,
ENSG00000255624,C10orf88B,3.4,0.000162548093734602,
ENSG00000255838,,-3.4,0.0251995279511939,
ENSG00000257829,,3.4,9.79190272242185e-06,
ENSG00000258179,,-3.4,0.018577169178962,
ENSG00000258628,RHPN2P1,3.4,0.000110945099910023,
ENSG00000258805,ADIPOR1P2,-3.4,0.0132193335380693,
ENSG00000258872,FDPSP3,-3.4,0.00740758992048802,
ENSG00000258913,LINC02691,-3.4,0.000627199492050107,
ENSG00000259246,HMGN2P47,-3.4,0.00336678306324362,
ENSG00000259349,,3.4,0.00159158882460898,
ENSG00000259594,,-3.4,0.00528095215394685,
ENSG00000260765,CES1P2,-3.4,0.00866006752056406,
ENSG00000261701,HPR,-3.4,0.00526176867609937,
ENSG00000261978,,-3.4,0.000660834257284151,
ENSG00000262703,,3.4,2.02757868030678e-05,
ENSG00000264530,RN7SL25P,-3.4,0.00101349445723649,
ENSG00000266378,,-3.4,0.0154016033816944,
ENSG00000267241,CYP4F10P,-3.4,0.012809305214725,
ENSG00000267390,KDSR-DT,-3.4,1.6067914477155e-21,
ENSG00000272745,,3.4,0.0269664092183258,
ENSG00000273107,,3.4,0.0160013535721935,
ENSG00000274114,ALOX15P1,-3.4,3.29337987473815e-10,
ENSG00000274259,SYNGAP1-AS1,3.4,0.0135270074498011,
ENSG00000275191,,3.4,0.00132894482478531,
ENSG00000275302,CCL4,-3.4,1.13712938442666e-11,
ENSG00000275328,SPDYE19P,3.4,0.000480015366749092,
ENSG00000276850,,3.4,2.21307075856088e-10,
ENSG00000277373,,3.4,0.00455419614724323,
ENSG00000277795,,3.4,0.0145225286875502,
ENSG00000278177,,-3.4,0.00689242656656456,
ENSG00000279199,,3.4,0.000244541600372355,
ENSG00000279622,,-3.4,0.000143585555310192,
ENSG00000280236,OR12D2,3.4,0.0804467366818164,
ENSG00000280335,,3.4,0.00284272908012803,
ENSG00000285201,,-3.4,0.0236517658431565,
ENSG00000285644,,3.4,0.00759354327246087,
ENSG00000285790,,3.4,0.0228527151124084,
ENSG00000010310,GIPR,3.3,7.33750573284821e-08,
ENSG00000023171,GRAMD1B,3.3,3.2944158524253e-14,
ENSG00000042980,ADAM28,3.3,3.16267862831268e-07,
ENSG00000070729,CNGB1,3.3,8.60677827135746e-07,
ENSG00000075461,CACNG4,3.3,0.000516849135659534,
ENSG00000081041,CXCL2,-3.3,1.71678074343029e-13,
ENSG00000089057,SLC23A2,-3.3,1.68999988298847e-47,
ENSG00000091010,POU4F3,3.3,0.0408403431102448,
ENSG00000091844,RGS17,3.3,5.07250268385628e-08,
ENSG00000092607,TBX15,-3.3,0.000102846590298506,
ENSG00000095777,MYO3A,3.3,1.53397832483121e-05,
ENSG00000100504,PYGL,-3.3,2.24320709774318e-17,
ENSG00000100577,GSTZ1,-3.3,5.30957534833546e-19,
ENSG00000102007,PLP2,3.3,1.57078623780404e-29,
ENSG00000103253,HAGHL,3.3,2.42012460822585e-13,
ENSG00000104435,STMN2,3.3,8.18191442215033e-08,
ENSG00000104921,FCER2,-3.3,1.58219073062311e-05,
ENSG00000107864,CPEB3,-3.3,2.51605151946087e-25,
ENSG00000108924,HLF,-3.3,4.49961873453465e-15,
ENSG00000110318,CEP126,3.3,1.08517203425102e-07,
ENSG00000111885,MAN1A1,-3.3,8.51051392818147e-20,
ENSG00000111981,ULBP1,3.3,0.000657866688107618,
ENSG00000114378,HYAL1,-3.3,3.27500280955727e-12,
ENSG00000114670,NEK11,3.3,2.38712661293546e-19,
ENSG00000114771,AADAC,-3.3,0.000193049781958064,
ENSG00000120833,SOCS2,-3.3,4.64197530085572e-13,
ENSG00000122691,TWIST1,3.3,1.2557269233549e-05,
ENSG00000124233,SEMG1,3.3,0.0405373378768902,
ENSG00000124766,SOX4,3.3,7.39566815705063e-15,
ENSG00000124882,EREG,3.3,0.0131514191110004,
ENSG00000128383,APOBEC3A,-3.3,2.23614945474507e-07,
ENSG00000130005,GAMT,-3.3,4.75376121327018e-22,
ENSG00000132563,REEP2,3.3,5.30635490066509e-09,
ENSG00000132692,BCAN,3.3,6.65415171994e-07,
ENSG00000136244,IL6,-3.3,3.34413069455719e-05,
ENSG00000136842,TMOD1,-3.3,1.41986265363243e-11,
ENSG00000138180,CEP55,3.3,6.82860935520803e-11,
ENSG00000138670,RASGEF1B,-3.3,3.18977538788391e-20,
ENSG00000139174,PRICKLE1,3.3,4.97120811182957e-18,
ENSG00000139287,TPH2,-3.3,0.0123749079900403,
ENSG00000139734,DIAPH3,3.3,1.82213251656255e-09,
ENSG00000143994,ABHD1,-3.3,4.10751134833582e-10,
ENSG00000144649,GASK1A,-3.3,3.838298696205e-12,
ENSG00000148488,ST8SIA6,-3.3,5.61773290397188e-07,
ENSG00000149927,DOC2A,3.3,9.70382643105709e-07,
ENSG00000155066,PROM2,3.3,2.31987602249969e-05,
ENSG00000157227,MMP14,3.3,1.02554849979889e-28,
ENSG00000159200,RCAN1,-3.3,5.32583722410027e-18,
ENSG00000159403,C1R,-3.3,4.526560473301e-25,
ENSG00000159713,TPPP3,3.3,3.65280843477784e-07,
ENSG00000160801,PTH1R,-3.3,1.08639204786567e-09,
ENSG00000161973,CCDC42,-3.3,0.00344560945793193,
ENSG00000162745,OLFML2B,3.3,3.30632039112178e-10,
ENSG00000163040,CCDC74A,3.3,1.05509000241072e-15,
ENSG00000163710,PCOLCE2,-3.3,9.50704948767688e-09,
ENSG00000165105,RASEF,3.3,4.07541807397279e-14,
ENSG00000166736,HTR3A,3.3,0.00399593874434006,
ENSG00000168928,CTRB2,3.3,0.00974494793000124,
ENSG00000169085,VXN,-3.3,3.25499414663478e-06,
ENSG00000170442,KRT86,3.3,5.18373184730201e-05,
ENSG00000172061,LRRC15,3.3,0.000271460187867272,
ENSG00000172377,OR9I1,3.3,0.0439594238571892,
ENSG00000173334,TRIB1,-3.3,1.07290620936791e-13,
ENSG00000174460,ZCCHC12,3.3,0.000172140185605236,
ENSG00000176919,C8G,-3.3,1.61630426651068e-07,
ENSG00000177535,OR2B11,-3.3,0.00397023698701292,
ENSG00000178125,PPP1R42,3.3,0.0131261113091928,
ENSG00000178395,CCDC185,3.3,0.045668744410896,
ENSG00000179935,LINC00652,3.3,2.16564691619127e-05,
ENSG00000180871,CXCR2,-3.3,1.10292918250361e-05,
ENSG00000181751,MACIR,3.3,5.56670117896111e-14,
ENSG00000182551,ADI1,-3.3,4.09293396381904e-29,
ENSG00000183908,LRRC55,-3.3,1.20981264170868e-06,
ENSG00000183929,DUSP5P1,3.3,0.000631180201505392,
ENSG00000184156,KCNQ3,3.3,6.01271476214041e-07,
ENSG00000185038,MROH2A,-3.3,0.00383891365954072,
ENSG00000185565,LSAMP,3.3,1.04738428450038e-08,
ENSG00000186205,MTARC1,-3.3,4.27724102481726e-42,
ENSG00000186510,CLCNKA,3.3,2.05520970386572e-05,
ENSG00000188582,PAQR9,-3.3,1.37298857937969e-16,
ENSG00000188613,NANOS1,3.3,5.11381633780612e-10,
ENSG00000188856,RPSAP47,-3.3,0.00201590303003447,
ENSG00000196353,CPNE4,3.3,0.0102206950627683,
ENSG00000197444,OGDHL,-3.3,1.44116930028733e-08,
ENSG00000197472,ZNF695,3.3,0.00222978810651848,
ENSG00000197549,PRAMENP,-3.3,0.00162863294515347,
ENSG00000198648,STK39,3.3,9.72446201979598e-15,
ENSG00000205267,DGAT2L7P,-3.3,0.00152872001233652,
ENSG00000205436,EXOC3L4,-3.3,5.88321380398458e-10,
ENSG00000207278,RNU6-831P,3.3,0.0287693561214689,
ENSG00000211672,IGLV4-3,-3.3,0.0157582846656057,
ENSG00000213085,CFAP45,3.3,4.99009490844368e-05,
ENSG00000213994,,3.3,0.0119599740597886,
ENSG00000214264,KCTD9P4,-3.3,8.54494990524375e-08,
ENSG00000215795,,3.3,3.83214767367024e-05,
ENSG00000219361,RPSAP72,-3.3,0.00186203546450477,
ENSG00000223431,MTND6P21,-3.3,6.73450286538535e-09,
ENSG00000223876,RPS27P1,-3.3,0.0392865264711972,
ENSG00000224271,,3.3,0.0909518143855394,
ENSG00000224543,SNRPGP15,3.3,4.07840742408488e-12,
ENSG00000224714,LINC02671,-3.3,0.000349128691354239,
ENSG00000225354,RPL7AP52,-3.3,1.84036370703476e-05,
ENSG00000226744,,3.3,0.00741800378385295,
ENSG00000227192,,-3.3,8.17393832379153e-08,
ENSG00000229964,,-3.3,0.0165269274989795,
ENSG00000230539,AOAH-IT1,-3.3,0.00455228490829112,
ENSG00000230635,CYP4F60P,-3.3,0.0282974973650763,
ENSG00000231047,GCNT1P3,-3.3,1.01101365965185e-08,
ENSG00000231651,DLG3-AS1,3.3,0.00647573150517751,
ENSG00000232305,CLCP1,-3.3,0.0167424097090618,
ENSG00000232310,,-3.3,1.44563979523844e-18,
ENSG00000233155,HMGA1P8,3.3,0.000169711755941178,
ENSG00000233947,ASS1P3,-3.3,0.0215964722195396,
ENSG00000234062,,3.3,1.03300485531214e-13,
ENSG00000234223,,-3.3,0.0449578082056153,
ENSG00000234509,,-3.3,3.40882000070279e-13,
ENSG00000234690,EPCAM-DT,3.3,7.16179769970624e-13,
ENSG00000235310,GXYLT1P6,-3.3,0.00304222052216711,
ENSG00000236849,LINC01474,-3.3,1.81006528168054e-13,
ENSG00000237556,KCND3-AS1,-3.3,0.0167268537595523,
ENSG00000237803,LINC00211,-3.3,0.0148976340121272,
ENSG00000238102,,-3.3,0.0252711938989339,
ENSG00000240338,,3.3,0.0106555845872243,
ENSG00000241570,PAQR9-AS1,-3.3,2.19880694984421e-10,
ENSG00000241770,,-3.3,9.2463152387702e-06,
ENSG00000243449,C4orf48,3.3,4.37057418366146e-12,
ENSG00000246334,PRR7-AS1,3.3,1.04539154166357e-09,
ENSG00000248705,,-3.3,0.000178153779123483,
ENSG00000248727,LINC01948,3.3,1.02583729037472e-09,
ENSG00000249885,ARHGEF38-IT1,3.3,0.0392286880893218,
ENSG00000250522,,3.3,0.0440673031057696,
ENSG00000251448,,-3.3,0.00164125255666633,
ENSG00000252927,RNA5SP404,-3.3,0.0211655302452039,
ENSG00000252984,RNU6-844P,-3.3,0.00677315121892608,
ENSG00000253525,CPP,-3.3,9.44536146390046e-05,
ENSG00000253760,,-3.3,0.00751001361927646,
ENSG00000254497,,3.3,0.0291867313223738,
ENSG00000255045,,3.3,0.000513837614393559,
ENSG00000255920,CCND2-AS1,3.3,6.40056808130847e-05,
ENSG00000256417,,3.3,0.0831572530323076,
ENSG00000256650,RERG-IT1,3.3,5.58820031731612e-05,
ENSG00000257732,,3.3,0.0324254653801625,
ENSG00000258661,,3.3,0.101534480563362,
ENSG00000258745,,-3.3,9.98589114227308e-05,
ENSG00000259370,,-3.3,5.86395985427265e-14,
ENSG00000259881,,-3.3,8.63292445600321e-09,
ENSG00000260015,,3.3,1.0640986078951e-05,
ENSG00000261411,,3.3,0.00378510227419712,
ENSG00000261538,,-3.3,0.000935920308550105,
ENSG00000261758,STAG1-DT,3.3,0.00458977529049384,
ENSG00000263567,,3.3,0.0401231859304572,
ENSG00000265331,MIR4524B,-3.3,0.0218557466961007,
ENSG00000266217,CTSLP2,-3.3,3.44110658835378e-05,
ENSG00000267034,,3.3,0.028099401978682,
ENSG00000267886,,3.3,0.0640443369545776,
ENSG00000268357,VN1R81P,3.3,3.35879679883539e-05,
ENSG00000270911,,-3.3,0.0156385489559251,
ENSG00000270972,,-3.3,3.46377768948802e-05,
ENSG00000271392,,3.3,0.0323099843613742,
ENSG00000271537,,3.3,0.0346835163134267,
ENSG00000271699,SNX29P2,-3.3,0.00135179082289931,
ENSG00000272597,,3.3,0.00899263604116472,
ENSG00000272674,PCDHB16,3.3,3.22967865884608e-15,
ENSG00000272953,,3.3,9.36038864559762e-05,
ENSG00000273006,,3.3,0.0129176402226421,
ENSG00000274080,,-3.3,1.31528223567954e-08,
ENSG00000274209,ANTXRL,-3.3,0.022647752021925,
ENSG00000277245,,3.3,0.00664481178085505,
ENSG00000278690,,-3.3,0.00299941097170574,
ENSG00000279375,,3.3,0.000123174138327174,
ENSG00000279619,,-3.3,1.94973882263059e-08,
ENSG00000280285,,3.3,0.0331334420924581,
ENSG00000280924,LINC00628,3.3,0.0318558812044063,
ENSG00000283689,,3.3,0.0176778512339603,
ENSG00000284690,CD300H,-3.3,0.00797249519353946,
ENSG00000285398,,3.3,0.0182081514289205,
ENSG00000285586,,-3.3,0.0329287023745512,
ENSG00000000971,CFH,-3.2,6.73740671976036e-09,
ENSG00000011426,ANLN,3.2,1.9164697717976e-08,
ENSG00000041982,TNC,3.2,4.47510194136684e-06,
ENSG00000060140,STYK1,3.2,0.0013859858382544,
ENSG00000064270,ATP2C2,3.2,6.15760449239867e-07,
ENSG00000079689,SCGN,3.2,0.000116346722548541,
ENSG00000084734,GCKR,-3.2,7.49320054908316e-05,
ENSG00000085265,FCN1,-3.2,6.5304661677159e-14,
ENSG00000091490,SEL1L3,3.2,1.57823477186653e-19,
ENSG00000099860,GADD45B,-3.2,1.4100274980125e-10,
ENSG00000100473,COCH,3.2,0.00870668486825409,
ENSG00000101443,WFDC2,3.2,1.32883300299995e-05,
ENSG00000105607,GCDH,-3.2,5.051942966437e-18,
ENSG00000105880,DLX5,3.2,0.0228075794631701,
ENSG00000106538,RARRES2,-3.2,1.04482851821291e-36,
ENSG00000106804,C5,-3.2,4.77298444857786e-06,
ENSG00000107105,ELAVL2,3.2,0.0285739703948494,
ENSG00000109738,GLRB,3.2,4.49989261300135e-10,
ENSG00000111341,MGP,3.2,2.04185051366267e-09,
ENSG00000113212,PCDHB7,3.2,6.6329803369585e-12,
ENSG00000118113,MMP8,-3.2,0.118295192974193,
ENSG00000119471,HSDL2,-3.2,1.84733679806722e-37,
ENSG00000119698,PPP4R4,-3.2,8.93153309457507e-08,
ENSG00000121552,CSTA,-3.2,1.61878402115398e-12,
ENSG00000127585,FBXL16,3.2,1.60831080287855e-05,
ENSG00000129910,CDH15,-3.2,0.000184716547116231,
ENSG00000131781,FMO5,-3.2,1.56414241144213e-05,
ENSG00000133216,EPHB2,3.2,1.53880155770444e-11,
ENSG00000134317,GRHL1,-3.2,8.17608564179424e-11,
ENSG00000134339,SAA2,-3.2,0.0243286340758607,
ENSG00000135931,ARMC9,3.2,6.82000389818955e-56,
ENSG00000135960,EDAR,3.2,0.000324876524461204,
ENSG00000136881,BAAT,-3.2,3.83145913395192e-12,
ENSG00000136999,CCN3,3.2,2.24822847729097e-10,
ENSG00000137809,ITGA11,3.2,5.70982849243634e-11,
ENSG00000139269,INHBE,-3.2,4.77379448891392e-08,
ENSG00000141431,ASXL3,-3.2,8.37507880058306e-06,
ENSG00000142235,LMTK3,3.2,1.33857108561749e-11,
ENSG00000142484,TM4SF5,-3.2,2.57979962070905e-05,
ENSG00000143001,TMEM61,3.2,1.50512348258564e-07,
ENSG00000143036,SLC44A3,3.2,5.65919786534561e-14,
ENSG00000143476,DTL,3.2,1.88754444774065e-12,
ENSG00000143839,REN,-3.2,0.000387532127284471,
ENSG00000144040,SFXN5,-3.2,1.05375863760523e-36,
ENSG00000147642,SYBU,-3.2,7.63564163854708e-12,
ENSG00000150873,C2orf50,3.2,0.000487009712754581,
ENSG00000151812,SLC35F4,3.2,0.0403209468812839,
ENSG00000151952,TMEM132D,-3.2,0.000215428210913757,
ENSG00000152104,PTPN14,3.2,2.29020515522366e-35,
ENSG00000152785,BMP3,3.2,0.00805498883973714,
ENSG00000154764,WNT7A,3.2,0.00038674336799546,
ENSG00000155011,DKK2,3.2,1.31550631505575e-05,
ENSG00000155761,SPAG17,3.2,5.82971491031528e-05,
ENSG00000156738,MS4A1,-3.2,6.74753235160576e-06,
ENSG00000157557,ETS2,-3.2,4.45382641258189e-12,
ENSG00000158014,SLC30A2,3.2,0.0144512928545814,
ENSG00000162849,KIF26B,3.2,3.62481637470828e-11,
ENSG00000163032,VSNL1,-3.2,5.2948574437574e-07,
ENSG00000163825,RTP3,-3.2,0.0335957547446382,
ENSG00000164849,GPR146,-3.2,3.9523086511389e-15,
ENSG00000164850,GPER1,-3.2,2.40010662256542e-09,
ENSG00000165995,CACNB2,-3.2,1.46713856368008e-22,
ENSG00000167580,AQP2,3.2,0.0571110825318677,
ENSG00000167972,ABCA3,3.2,1.15960887727587e-13,
ENSG00000170522,ELOVL6,-3.2,3.07779199997797e-20,
ENSG00000170837,GPR27,3.2,0.000141961763058813,
ENSG00000171199,OPRPN,-3.2,0.0638267277765338,
ENSG00000171843,MLLT3,3.2,1.84857923207387e-17,
ENSG00000172379,ARNT2,3.2,1.98908030828692e-15,
ENSG00000172733,PURG,3.2,0.0114113457615033,
ENSG00000173432,SAA1,-3.2,0.0149339011683207,
ENSG00000174473,GALNTL6,-3.2,0.00471164869852256,
ENSG00000174599,TRAM1L1,3.2,1.66483730710277e-09,
ENSG00000176194,CIDEA,-3.2,0.017280491362384,
ENSG00000176678,FOXL1,3.2,4.29577434376369e-07,
ENSG00000178836,,-3.2,3.61675982087328e-06,
ENSG00000179846,NKPD1,3.2,6.04675539901788e-09,
ENSG00000181778,TMEM252,-3.2,0.00018501020544478,
ENSG00000182195,LDOC1,3.2,6.71326073960714e-11,
ENSG00000182240,BACE2,3.2,2.11107462697728e-08,
ENSG00000183856,IQGAP3,3.2,2.12248898670554e-16,
ENSG00000185432,METTL7A,-3.2,6.2025861779704e-29,
ENSG00000185652,NTF3,-3.2,2.4559310057312e-16,
ENSG00000186481,ANKRD20A5P,3.2,0.00755931700823334,
ENSG00000186529,CYP4F3,-3.2,0.00231868451431338,
ENSG00000187045,TMPRSS6,-3.2,4.38237399415426e-07,
ENSG00000187193,MT1X,-3.2,0.00649371550301562,
ENSG00000188015,S100A3,3.2,3.7630548186817e-07,
ENSG00000188037,CLCN1,-3.2,0.00773561515305615,
ENSG00000196747,H2AC13,3.2,0.0825804386725096,
ENSG00000197261,C6orf141,3.2,3.80739999038558e-07,
ENSG00000197721,CR1L,-3.2,0.000167477340940413,
ENSG00000197748,CFAP43,3.2,1.92721189582465e-08,
ENSG00000198251,CYP2A7P2,-3.2,0.0296814340514163,
ENSG00000198786,MT-ND5,-3.2,1.00167388871302e-13,
ENSG00000200345,RNU6-485P,-3.2,8.13755254736839e-05,
ENSG00000203727,SAMD5,-3.2,2.3313773178584e-13,
ENSG00000204022,LIPJ,-3.2,0.00137152025574901,
ENSG00000206195,DUXAP8,3.2,3.13291643520573e-05,
ENSG00000211654,IGLV5-37,-3.2,0.022956910718506,
ENSG00000213171,LINGO4,-3.2,0.00020751824690273,
ENSG00000213412,HNRNPA1P33,3.2,0.0120440722858937,
ENSG00000214860,EVPLL,-3.2,0.00945432673104844,
ENSG00000217835,RBMXP5,-3.2,0.0181727739161355,
ENSG00000221571,RNU6ATAC35P,-3.2,0.0318019646335655,
ENSG00000223343,,3.2,0.00563574581266002,
ENSG00000224014,,3.2,8.7661734125634e-05,
ENSG00000224081,SLC44A3-AS1,3.2,1.63418632410666e-25,
ENSG00000224292,,-3.2,0.000122720915638686,
ENSG00000224566,FAM96AP2,3.2,2.21393396601503e-05,
ENSG00000224822,THRB-IT1,-3.2,0.00253947476337496,
ENSG00000224939,LINC00184,3.2,0.0111520570001102,
ENSG00000225742,LINC02036,-3.2,0.0142445026950592,
ENSG00000225794,,-3.2,0.0566409545868326,
ENSG00000225885,,-3.2,0.000230357506816475,
ENSG00000228061,,-3.2,0.0102859408673923,
ENSG00000228412,LNC-LBCS,3.2,2.27574806054653e-07,
ENSG00000228697,,-3.2,2.39918618577387e-08,
ENSG00000228980,LINC01205,-3.2,0.0101157895752091,
ENSG00000229017,LINC01277,-3.2,3.05361740407032e-10,
ENSG00000229424,,3.2,0.0322694318037597,
ENSG00000229492,,-3.2,0.00394651965639433,
ENSG00000230916,MTCO1P53,-3.2,0.0117315517351484,
ENSG00000231108,PRELID3BP11,-3.2,0.0145353950352679,
ENSG00000231892,,3.2,0.064458155829736,
ENSG00000232524,,3.2,0.0951554973291467,
ENSG00000232528,,3.2,1.26962438835503e-05,
ENSG00000232679,LINC01705,3.2,0.00510534538551791,
ENSG00000232862,,3.2,0.0462073668868321,
ENSG00000232934,,-3.2,8.1522922164043e-07,
ENSG00000233191,,-3.2,0.00114774100749925,
ENSG00000233829,RPL26P15,-3.2,0.0388104404756918,
ENSG00000234506,LINC01506,-3.2,0.0103619284260419,
ENSG00000235008,,3.2,0.0314348179435696,
ENSG00000235049,LINC00940,-3.2,0.0538984539449358,
ENSG00000236366,,3.2,0.0910125937220079,
ENSG00000237512,UNC5B-AS1,3.2,0.000374044170110092,
ENSG00000238143,,-3.2,0.0320456691875899,
ENSG00000238228,OR7E7P,3.2,2.06126011036139e-08,
ENSG00000239828,,3.2,0.000926106444703525,
ENSG00000240666,MME-AS1,-3.2,0.0207291646337749,
ENSG00000241175,RN7SL494P,-3.2,0.0352786662893467,
ENSG00000242173,ARHGDIG,3.2,0.00397149729106225,
ENSG00000244020,MT1HL1,-3.2,0.0563523860080089,
ENSG00000244998,,3.2,0.0614466359689135,
ENSG00000245750,DRAIC,-3.2,1.0448633309164e-14,
ENSG00000248405,PRR5-ARHGAP8,3.2,0.000752282128327151,
ENSG00000249588,,-3.2,0.0336127343129213,
ENSG00000249889,ALG1L11P,3.2,0.0423320758953759,
ENSG00000250174,MYLK-AS2,3.2,0.0142445026950592,
ENSG00000250304,ZBED1P1,-3.2,0.0420004467424825,
ENSG00000250343,STK32A-AS1,3.2,0.0200788269111564,
ENSG00000250699,,-3.2,0.0162246039044108,
ENSG00000251152,,3.2,0.00386567017219702,
ENSG00000251301,LINC02384,-3.2,4.85600120164027e-07,
ENSG00000252019,RNU6ATAC9P,-3.2,0.0275423152859122,
ENSG00000252860,RNU6-570P,-3.2,0.051384732265303,
ENSG00000253537,PCDHGA7,3.2,3.75687148195663e-13,
ENSG00000253661,ZFHX4-AS1,-3.2,0.000191352937436635,
ENSG00000253959,LINC01863,-3.2,0.0263236437750967,
ENSG00000254844,,3.2,0.000285428403626045,
ENSG00000254973,,3.2,0.000110653322878863,
ENSG00000255000,,3.2,0.063276679903958,
ENSG00000255201,,3.2,6.48444312269263e-05,
ENSG00000255433,LINC02735,3.2,0.0813219472565442,
ENSG00000256008,,3.2,0.0387604299213585,
ENSG00000256340,ABCC6P1,-3.2,1.51662319763919e-09,
ENSG00000256357,,-3.2,0.0182445316178278,
ENSG00000256427,,-3.2,5.21407323374767e-05,
ENSG00000257989,,-3.2,0.0107075163588992,
ENSG00000258474,LINC02313,3.2,0.0144435996958799,
ENSG00000259462,CPEB1-AS1,3.2,0.019346538576657,
ENSG00000259685,IDH2-DT,-3.2,0.0596803331398054,
ENSG00000260086,,3.2,0.000259283092398429,
ENSG00000260433,LINC01917,3.2,0.0624832791810231,
ENSG00000262006,,-3.2,3.17118805847676e-07,
ENSG00000262171,,3.2,0.0081445052435954,
ENSG00000263311,,-3.2,0.000176116045999416,
ENSG00000265692,LINC01970,3.2,0.000168180180736368,
ENSG00000267026,,3.2,0.0262521408792008,
ENSG00000267151,MIR2117HG,-3.2,0.0146233055893546,
ENSG00000267675,,-3.2,3.30790757973511e-16,
ENSG00000267795,SMIM22,3.2,0.00277634371326373,
ENSG00000268225,,3.2,3.61834608090465e-08,
ENSG00000268295,POLR3GP1,3.2,0.0599391760651912,
ENSG00000271387,C1orf21-DT,3.2,0.000440836457450742,
ENSG00000271429,RPL17P51,-3.2,0.0526029147221612,
ENSG00000271983,,3.2,0.00303051847268561,
ENSG00000272396,,3.2,0.0353056790661205,
ENSG00000273186,,3.2,0.0129213585899012,
ENSG00000273372,SFTPD-AS1,-3.2,5.66975992842132e-05,
ENSG00000274115,MIR6081,-3.2,0.0255229895054842,
ENSG00000275248,,3.2,0.0205348289203069,
ENSG00000275674,,3.2,0.0424287890701578,
ENSG00000275757,,-3.2,0.0295713438636763,
ENSG00000277619,,3.2,0.0639235929034623,
ENSG00000277840,,3.2,3.28954004534918e-06,
ENSG00000278642,,3.2,0.0409357723119974,
ENSG00000279091,,-3.2,0.0288631075292516,
ENSG00000279205,,3.2,0.0572884292538965,
ENSG00000279286,,3.2,0.000323776556546957,
ENSG00000279431,,-3.2,0.0117065307191528,
ENSG00000279489,,-3.2,0.00831361487594378,
ENSG00000279561,,3.2,0.000769502998288534,
ENSG00000279964,,-3.2,0.00879821186432443,
ENSG00000280216,,3.2,0.00787728792976288,
ENSG00000280384,,-3.2,5.27013942565053e-07,
ENSG00000280780,JAKMIP2-AS1,-3.2,0.0382462251442198,
ENSG00000283307,OR5AK4P,-3.2,0.0182462426922158,
ENSG00000285018,,3.2,7.92797365470985e-05,
ENSG00000285269,,-3.2,2.58047620428559e-08,
ENSG00000005073,HOXA11,3.1,0.119406347108962,
ENSG00000006016,CRLF1,3.1,1.50598169845544e-07,
ENSG00000046604,DSG2,3.1,1.75749574675283e-16,
ENSG00000053747,LAMA3,3.1,1.00416301906742e-11,
ENSG00000054803,CBLN4,-3.1,5.22466108408981e-06,
ENSG00000058335,RASGRF1,3.1,2.28071710062057e-05,
ENSG00000082458,DLG3,3.1,1.41899852304494e-30,
ENSG00000084636,COL16A1,3.1,1.48604991619083e-14,
ENSG00000101003,GINS1,3.1,2.35865521218344e-16,
ENSG00000105696,TMEM59L,3.1,0.000281696497205465,
ENSG00000106565,TMEM176B,-3.1,1.49050900448847e-15,
ENSG00000109072,VTN,-3.1,1.16492505748108e-05,
ENSG00000109576,AADAT,-3.1,2.35460444955501e-21,
ENSG00000112195,TREML2,-3.1,0.000207296959790015,
ENSG00000112773,TENT5A,-3.1,1.25636330267743e-14,
ENSG00000115112,TFCP2L1,3.1,1.00144834169075e-06,
ENSG00000115616,SLC9A2,3.1,8.5155072415199e-05,
ENSG00000120328,PCDHB12,3.1,1.20118705988446e-09,
ENSG00000120563,LYZL1,-3.1,0.0942143677988313,
ENSG00000121621,KIF18A,3.1,1.285505179514e-10,
ENSG00000126522,ASL,-3.1,9.45826197460197e-15,
ENSG00000127564,PKMYT1,3.1,3.04817404614238e-18,
ENSG00000128285,MCHR1,-3.1,1.63300019871949e-05,
ENSG00000128591,FLNC,3.1,5.83970260714698e-09,
ENSG00000129038,LOXL1,3.1,6.62335807711615e-11,
ENSG00000129152,MYOD1,3.1,0.100509006852686,
ENSG00000129991,TNNI3,3.1,0.0177384391210777,
ENSG00000135477,KRT87P,3.1,8.38284096225434e-07,
ENSG00000135697,BCO1,3.1,2.5679331034914e-06,
ENSG00000136425,CIB2,3.1,5.97440115525643e-07,
ENSG00000136634,IL10,-3.1,6.50056809179457e-05,
ENSG00000138435,CHRNA1,3.1,0.0255809297952588,
ENSG00000139597,N4BP2L1,-3.1,4.39066089107408e-29,
ENSG00000141682,PMAIP1,3.1,3.58813401778512e-07,
ENSG00000142408,CACNG8,3.1,0.000107095116701883,
ENSG00000142973,CYP4B1,3.1,0.0224413177868626,
ENSG00000144583,MARCHF4,3.1,0.00426970280098089,
ENSG00000145244,CORIN,3.1,9.53199847620333e-07,
ENSG00000146072,TNFRSF21,3.1,1.21151397978198e-51,
ENSG00000146858,ZC3HAV1L,3.1,3.25201745369631e-13,
ENSG00000148339,SLC25A25,-3.1,4.72837042748165e-10,
ENSG00000149256,TENM4,3.1,7.42165687282076e-06,
ENSG00000152661,GJA1,3.1,2.19619420939949e-05,
ENSG00000153237,CCDC148,3.1,3.66258774002828e-08,
ENSG00000154096,THY1,3.1,9.69615303413015e-11,
ENSG00000154127,UBASH3B,3.1,5.18858537292003e-13,
ENSG00000154263,ABCA10,-3.1,7.78365805903434e-16,
ENSG00000158089,GALNT14,3.1,0.000808941974027229,
ENSG00000159261,CLDN14,-3.1,1.31939881143985e-06,
ENSG00000159263,SIM2,3.1,1.8820717612245e-05,
ENSG00000159714,ZDHHC1,3.1,1.43312058973651e-22,
ENSG00000160233,LRRC3,-3.1,1.15443798411249e-13,
ENSG00000164114,MAP9,3.1,2.96466986492075e-15,
ENSG00000164161,HHIP,-3.1,2.93653885168737e-09,
ENSG00000165410,CFL2,-3.1,5.95040797955167e-30,
ENSG00000166926,MS4A6E,-3.1,0.0511637767093574,
ENSG00000167315,ACAA2,-3.1,1.24205836480358e-23,
ENSG00000167513,CDT1,3.1,8.23224025717398e-15,
ENSG00000167554,ZNF610,3.1,3.68139167257096e-06,
ENSG00000168079,SCARA5,-3.1,0.000336128767067997,
ENSG00000171864,PRND,3.1,0.0277689467693622,
ENSG00000172232,AZU1,-3.1,7.79227792436859e-05,
ENSG00000172782,FADS6,-3.1,0.010399732825655,
ENSG00000173376,NDNF,3.1,0.00833609544668759,
ENSG00000173678,SPDYE2B,3.1,0.0551940803499196,
ENSG00000176928,GCNT4,3.1,8.17745357527463e-09,
ENSG00000177103,DSCAML1,3.1,3.42417719672808e-07,
ENSG00000177602,HASPIN,3.1,2.46640709074088e-06,
ENSG00000177990,DPY19L2,3.1,9.6255092500234e-07,
ENSG00000179111,HES7,3.1,0.00474774394038067,
ENSG00000179141,MTUS2-AS1,-3.1,0.0318073952480797,
ENSG00000179168,GGN,3.1,3.09439622789621e-08,
ENSG00000179774,ATOH7,-3.1,5.89293972278452e-10,
ENSG00000180152,XIAPP3,3.1,0.0391004680551543,
ENSG00000180818,HOXC10,3.1,0.0945824640527846,
ENSG00000181097,LINC02878,3.1,2.46892920488388e-08,
ENSG00000182326,C1S,-3.1,8.89566295707276e-20,
ENSG00000183018,SPNS2,3.1,1.57902935320893e-07,
ENSG00000183560,IZUMO1R,3.1,0.0662525864278301,
ENSG00000184261,KCNK12,3.1,0.000147743392221702,
ENSG00000184856,LINC00308,3.1,0.128734774276854,
ENSG00000185101,ANO9,3.1,5.59962313131426e-24,
ENSG00000186185,KIF18B,3.1,4.37539147425103e-19,
ENSG00000186862,PDZD7,3.1,4.37843516124864e-08,
ENSG00000187144,SPATA21,-3.1,1.44400314724774e-05,
ENSG00000187372,PCDHB13,3.1,3.87770750993441e-11,
ENSG00000187398,LUZP2,3.1,0.0122747223816741,
ENSG00000188095,MESP2,3.1,0.00664334803448247,
ENSG00000188517,COL25A1,-3.1,3.1024689880233e-07,
ENSG00000188626,GOLGA8M,-3.1,2.1359504107889e-11,
ENSG00000196155,PLEKHG4,3.1,2.27195164362449e-13,
ENSG00000196593,ANKRD20A19P,3.1,0.0409215867178396,
ENSG00000196620,UGT2B15,-3.1,2.4459574526282e-05,
ENSG00000197249,SERPINA1,-3.1,2.4388947185339e-09,
ENSG00000197561,ELANE,-3.1,0.0016113533314856,
ENSG00000197635,DPP4,-3.1,1.27460461978829e-09,
ENSG00000197847,SLC22A20P,3.1,6.25124493998998e-07,
ENSG00000198286,CARD11,3.1,8.98161804499293e-10,
ENSG00000198300,PEG3,-3.1,1.34541468683549e-11,
ENSG00000198720,ANKRD13B,3.1,4.34549750990823e-12,
ENSG00000198732,SMOC1,-3.1,0.00273269741810298,
ENSG00000199172,MIR331,3.1,0.0349902744571177,
ENSG00000200472,RN7SKP44,-3.1,0.048115841887328,
ENSG00000201558,RNVU1-6,-3.1,0.0200638648684515,
ENSG00000203858,HSD3BP2,-3.1,0.00717727949931118,
ENSG00000205669,ACOT6,-3.1,1.73287067380061e-05,
ENSG00000207146,Y_RNA,3.1,0.0280967043307404,
ENSG00000211445,GPX3,-3.1,2.88465937319533e-11,
ENSG00000214193,SH3D21,3.1,7.26102240640145e-09,
ENSG00000218809,,-3.1,0.0780093206839955,
ENSG00000221858,OR2A12,3.1,0.0334056982410529,
ENSG00000222276,RNU2-33P,-3.1,0.0149169776422382,
ENSG00000223462,,3.1,0.00124438153972221,
ENSG00000224287,MSL3P1,3.1,0.00445453531960629,
ENSG00000224842,,3.1,0.118180547978062,
ENSG00000225329,LHFPL3-AS2,3.1,0.000105393281383581,
ENSG00000225680,,3.1,0.0039717809610979,
ENSG00000225953,SATB2-AS1,3.1,0.00731532374678992,
ENSG00000226889,,-3.1,0.0197006700622882,
ENSG00000227075,,-3.1,0.0497087345768155,
ENSG00000227755,,3.1,0.00368427546651917,
ENSG00000227802,DNAJB3,-3.1,0.000362219384283705,
ENSG00000227925,LINC01655,3.1,0.134263241835705,
ENSG00000228917,NECTIN4-AS1,3.1,0.0407779984429111,
ENSG00000230490,,-3.1,3.93961706398258e-08,
ENSG00000230561,CCDC192,3.1,0.000100588489616131,
ENSG00000231119,,-3.1,2.1790488582844e-08,
ENSG00000231301,RPL13AP,3.1,0.0969820868220682,
ENSG00000231566,LINC02595,3.1,0.0526004008934823,
ENSG00000231881,,3.1,0.0286645622151971,
