gene_id,gene_symbol,log2fc,pvalue,padj
ENSG00000165899,OTOGL,2.1,3.97530180958637e-06,
ENSG00000107317,PTGDS,-2.0,6.55521317841887e-06,
ENSG00000125618,PAX8,2.0,4.43699474369312e-06,
ENSG00000156925,ZIC3,2.0,1.82165090815478e-08,
ENSG00000171540,OTP,-2.0,5.09456262512355e-06,
ENSG00000126259,KIRREL2,1.9,9.37846840791891e-10,
ENSG00000148826,NKX6-2,-1.8,9.87207203412226e-05,
ENSG00000214402,LCNL1,-1.8,5.62787156827673e-05,
ENSG00000232480,TGFB2-AS1,-1.8,0.000270840052102507,
ENSG00000254656,RTL1,-1.8,2.29715300026193e-09,
ENSG00000092969,TGFB2,-1.7,0.000102064753492446,
ENSG00000109846,CRYAB,-1.7,0.000475219223770662,
ENSG00000168875,SOX14,-1.7,0.00032827965060736,
ENSG00000258548,LINC00645,-1.7,2.72497638063342e-06,
ENSG00000108691,CCL2,-1.6,0.000340402347898828,
ENSG00000112319,EYA4,-1.6,0.0022823179242574,
ENSG00000123892,RAB38,1.6,0.000506946769770239,
ENSG00000125046,SSUH2,1.6,0.00170795566412406,
ENSG00000142089,IFITM3,-1.6,1.82165090815478e-08,
ENSG00000186188,FFAR4,-1.6,0.00138553389473818,
ENSG00000189223,PAX8-AS1,1.6,0.00216048841743024,
ENSG00000197587,DMBX1,1.6,0.00149921060020508,
ENSG00000253846,PCDHGA10,-1.6,0.000602189894401623,
ENSG00000073756,PTGS2,1.5,0.00617707221594441,
ENSG00000105048,TNNT1,1.5,0.00115874442428945,
ENSG00000137441,FGFBP2,-1.5,0.00373290947689531,
ENSG00000137573,SULF1,-1.5,0.0044389624808142,
ENSG00000162551,ALPL,1.5,5.62787156827673e-05,
ENSG00000165072,MAMDC2,-1.5,0.00317440309649491,
ENSG00000168779,SHOX2,-1.5,0.000534163341360573,
ENSG00000185201,IFITM2,-1.5,4.02361586224536e-11,
ENSG00000189060,H1-0,1.5,4.83482935662935e-05,
ENSG00000221869,CEBPD,-1.5,0.00248782972497696,
ENSG00000064309,CDON,1.4,2.56021133934501e-05,
ENSG00000069812,HES2,-1.4,0.00841222171043752,
ENSG00000102265,TIMP1,-1.4,4.75771735143024e-07,
ENSG00000109861,CTSC,1.4,0.000151655040059435,
ENSG00000116147,TNR,-1.4,0.00230421453939108,
ENSG00000116711,PLA2G4A,1.4,5.62787156827673e-05,
ENSG00000139219,COL2A1,1.4,0.00383936894365291,
ENSG00000139800,ZIC5,1.4,0.00224102681988538,
ENSG00000145451,GLRA3,-1.4,0.00999347876985645,
ENSG00000147394,ZNF185,-1.4,0.00172397574238747,
ENSG00000152910,CNTNAP4,-1.4,0.00187166300876584,
ENSG00000164600,NEUROD6,-1.4,0.00710832354597014,
ENSG00000170396,ZNF804A,-1.4,0.000178145274561669,
ENSG00000178999,AURKB,1.4,0.000643223534120543,
ENSG00000182168,UNC5C,1.4,0.000869548749938281,
ENSG00000187094,CCK,-1.4,0.00828802272291737,
ENSG00000204516,MICB,1.4,0.00230421453939108,
ENSG00000272931,LRRC8D-DT,-1.4,0.0127972878764507,
ENSG00000043355,ZIC2,1.3,0.00730955783234111,
ENSG00000099994,SUSD2,1.3,0.00828802272291737,
ENSG00000112280,COL9A1,1.3,0.000715930261468189,
ENSG00000116833,NR5A2,-1.3,,
ENSG00000117971,CHRNB4,1.3,0.00149921060020508,
ENSG00000127564,PKMYT1,1.3,0.00170795566412406,
ENSG00000130203,APOE,-1.3,0.00852866118144102,
ENSG00000138207,RBP4,-1.3,0.0161955012209722,
ENSG00000144550,CPNE9,1.3,0.0277063995704094,
ENSG00000145242,EPHA5,-1.3,0.00403284226751307,
ENSG00000149633,KIAA1755,1.3,0.0291100433828037,
ENSG00000156395,SORCS3,-1.3,0.00176972855248797,
ENSG00000158715,SLC45A3,1.3,0.0132807483297808,
ENSG00000159173,TNNI1,1.3,0.015325001284835,
ENSG00000161270,NPHS1,1.3,0.00149921060020508,
ENSG00000161921,CXCL16,-1.3,0.0160067427424917,
ENSG00000162817,C1orf115,1.3,0.00294787424031702,
ENSG00000162975,KCNF1,-1.3,0.00132793421816459,
ENSG00000167900,TK1,1.3,0.00245406521070838,
ENSG00000169851,PCDH7,-1.3,5.5244241211093e-06,
ENSG00000170745,KCNS3,1.3,0.0160067427424917,
ENSG00000180818,HOXC10,1.3,0.0160067427424917,
ENSG00000183715,OPCML,-1.3,0.0102342007257276,
ENSG00000184697,CLDN6,1.3,0.0284186567817807,
ENSG00000186340,THBS2,-1.3,0.000893276756124307,
ENSG00000187867,PALM3,1.3,6.63746319399555e-06,
ENSG00000197057,DTHD1,-1.3,0.0241313384142672,
ENSG00000204175,GPRIN2,1.3,0.0104010271949208,
ENSG00000204291,COL15A1,-1.3,0.018798129432677,
ENSG00000206190,ATP10A,1.3,0.0250892113135427,
ENSG00000229214,LINC00242,1.3,0.00294787424031702,
ENSG00000231868,,-1.3,0.0250892113135427,
ENSG00000006047,YBX2,1.2,0.000740447583420365,
ENSG00000013810,TACC3,1.2,0.000904745141522264,
ENSG00000019102,VSIG2,1.2,0.0435446406909216,
ENSG00000082556,OPRK1,1.2,0.0241552381591755,
ENSG00000090889,KIF4A,1.2,8.03295542712101e-05,
ENSG00000101447,FAM83D,1.2,0.00082486107095532,
ENSG00000113578,FGF1,-1.2,0.0364641093089633,
ENSG00000114737,CISH,1.2,0.00864629149454209,
ENSG00000115380,EFEMP1,-1.2,0.00294787424031702,
ENSG00000116745,RPE65,-1.2,0.0277934198447236,
ENSG00000128052,KDR,1.2,0.0384630865458875,
ENSG00000128242,GAL3ST1,1.2,0.0360530593913048,
ENSG00000130600,H19,-1.2,0.0406469920043248,
ENSG00000132481,TRIM47,-1.2,0.00779299740010327,
ENSG00000134690,CDCA8,1.2,0.00274390585684667,
ENSG00000135476,ESPL1,1.2,0.00158209395982624,
ENSG00000136826,KLF4,1.2,0.00710832354597014,
ENSG00000138759,FRAS1,1.2,0.000869548749938281,
ENSG00000140451,PIF1,1.2,0.000643223534120543,
ENSG00000147257,GPC3,1.2,0.0150723445095906,
ENSG00000163932,PRKCD,1.2,0.0175436960752313,
ENSG00000166803,PCLAF,1.2,0.0424409539916651,
ENSG00000168267,PTF1A,1.2,0.0339415833184927,
ENSG00000171246,NPTX1,1.2,9.16844174341853e-05,
ENSG00000172575,RASGRP1,1.2,0.00748806548431644,
ENSG00000174963,ZIC4,1.2,0.0058669663300412,
ENSG00000175040,CHST2,1.2,0.00224102681988538,
ENSG00000177103,DSCAML1,-1.2,0.0405805344552975,
ENSG00000198400,NTRK1,1.2,0.053930549086798,
ENSG00000203805,PLPP4,-1.2,0.0456308539083448,
ENSG00000204711,C9orf135,1.2,,
ENSG00000229743,LINC01159,1.2,0.00943376608767253,
ENSG00000233836,,1.2,0.0044389624808142,
ENSG00000240583,AQP1,-1.2,0.0517838443890107,
ENSG00000255248,MIR100HG,-1.2,0.00154506581671305,
ENSG00000260850,,-1.2,0.0448438713869804,
ENSG00000276043,UHRF1,1.2,0.00594010927200811,
ENSG00000009694,TENM1,-1.1,0.0423100816808775,
ENSG00000011201,ANOS1,-1.1,3.97530180958637e-06,
ENSG00000046604,DSG2,1.1,0.0241552381591755,
ENSG00000066735,KIF26A,-1.1,0.0449557951449361,
ENSG00000073111,MCM2,1.1,0.00435358440807566,
ENSG00000081138,CDH7,-1.1,0.000904745141522264,
ENSG00000085117,CD82,1.1,0.0373041429822823,
ENSG00000095713,CRTAC1,-1.1,0.0411210837378223,
ENSG00000101057,MYBL2,1.1,0.00313847347331477,
ENSG00000101187,SLCO4A1,1.1,0.0544668806527477,
ENSG00000105011,ASF1B,1.1,0.00352968483641773,
ENSG00000107796,ACTA2,-1.1,0.0325471622738182,
ENSG00000119514,GALNT12,1.1,0.0820911376158698,
ENSG00000120885,CLU,-1.1,0.0527753890481367,
ENSG00000121152,NCAPH,1.1,0.010350552764779,
ENSG00000123095,BHLHE41,-1.1,0.076878560827882,
ENSG00000126787,DLGAP5,1.1,0.00575439029581731,
ENSG00000129151,BBOX1,-1.1,0.0841730854791433,
ENSG00000129195,PIMREG,1.1,0.00187166300876584,
ENSG00000134057,CCNB1,1.1,0.00738685661189991,
ENSG00000138449,SLC40A1,-1.1,0.0632547372919155,
ENSG00000141905,NFIC,-1.1,0.0137179468538922,
ENSG00000143171,RXRG,-1.1,0.0469992557027389,
ENSG00000144681,STAC,1.1,0.0242367009517451,
ENSG00000145824,CXCL14,-1.1,0.0729254099767467,
ENSG00000146670,CDCA5,1.1,0.00412073552347957,
ENSG00000152977,ZIC1,1.1,0.00828802272291737,
ENSG00000155792,DEPTOR,-1.1,0.0649836953714788,
ENSG00000156804,FBXO32,-1.1,0.0397936397173407,
ENSG00000163288,GABRB1,-1.1,0.0681193982538783,
ENSG00000166482,MFAP4,-1.1,0.0884824574403934,
ENSG00000166509,CLEC3A,-1.1,0.0606864968817743,
ENSG00000166862,CACNG2,-1.1,,
ENSG00000171848,RRM2,1.1,0.00420634838214998,
ENSG00000174473,GALNTL6,-1.1,0.0390189184222767,
ENSG00000177234,LINC01561,-1.1,0.0575753229633037,
ENSG00000177468,OLIG3,1.1,0.0382843597163944,
ENSG00000178033,CALHM5,1.1,0.0592131379231047,
ENSG00000181938,GINS3,1.1,0.000353816836894155,
ENSG00000182718,ANXA2,1.1,0.0132264377633353,
ENSG00000183856,IQGAP3,1.1,0.00187166300876584,
ENSG00000184497,TMEM255B,1.1,0.0237347816257197,
ENSG00000187017,ESPN,-1.1,0.0729254099767467,
ENSG00000188916,INSYN2A,-1.1,0.0542074399379509,
ENSG00000189343,RPS2P46,-1.1,0.0821565927590135,
ENSG00000196353,CPNE4,-1.1,0.00103540671264985,
ENSG00000204277,LINC01993,-1.1,0.0542074399379509,
ENSG00000224765,,1.1,,
ENSG00000237649,KIFC1,1.1,0.00230421453939108,
ENSG00000247516,MIR4458HG,-1.1,0.071902911672767,
ENSG00000262655,SPON1,-1.1,0.0575753229633037,
ENSG00000273356,LINC02019,1.1,0.095671222098289,
ENSG00000005102,MEOX1,1.0,,
ENSG00000010278,CD9,1.0,0.00852866118144102,
ENSG00000017427,IGF1,-1.0,0.0675138218845133,
ENSG00000035499,DEPDC1B,1.0,0.042906009406417,
ENSG00000039068,CDH1,-1.0,0.114867032275191,
ENSG00000041515,MYO16,-1.0,0.0058669663300412,
ENSG00000047365,ARAP2,-1.0,0.128375965374963,
ENSG00000060718,COL11A1,1.0,0.058881944766035,
ENSG00000062822,POLD1,1.0,0.0110532175426178,
ENSG00000067066,SP100,-1.0,,
ENSG00000069667,RORA,1.0,0.00145743966506246,
ENSG00000072657,TRHDE,-1.0,0.0566158140703955,
ENSG00000075218,GTSE1,1.0,0.0146037691560469,
ENSG00000075426,FOSL2,-1.0,0.106109273231706,
ENSG00000078295,ADCY2,-1.0,0.00717964215760153,
ENSG00000080493,SLC4A4,-1.0,0.130470033526242,
ENSG00000085840,ORC1,1.0,0.0182906424589912,
ENSG00000087586,AURKA,1.0,0.010505848053057,
ENSG00000088325,TPX2,1.0,0.0132969522938576,
ENSG00000089685,BIRC5,1.0,0.015325001284835,
ENSG00000101098,RIMS4,1.0,0.0160067427424917,
ENSG00000103316,CRYM,-1.0,0.0981973684746456,
ENSG00000107562,CXCL12,-1.0,0.0707794054194124,
ENSG00000108375,RNF43,1.0,0.143172028805944,
ENSG00000110876,SELPLG,1.0,0.108105311542009,
ENSG00000111206,FOXM1,1.0,0.0334949597732092,
ENSG00000111341,MGP,-1.0,0.139379137233809,
ENSG00000112984,KIF20A,1.0,0.0259338711589916,
ENSG00000113361,CDH6,-1.0,0.0542074399379509,
ENSG00000116014,KISS1R,1.0,0.122339739994578,
ENSG00000116183,PAPPA2,-1.0,0.092181637550023,
ENSG00000117399,CDC20,1.0,0.0229773712416732,
ENSG00000117724,CENPF,1.0,0.0188225095075015,
ENSG00000118432,CNR1,-1.0,0.000172950882088992,
ENSG00000120756,PLS1,1.0,0.0880880100096019,
ENSG00000121361,KCNJ8,-1.0,0.0994819690744824,
ENSG00000122966,CIT,1.0,0.0146801569133871,
ENSG00000123374,CDK2,1.0,0.00206820673317275,
ENSG00000123485,HJURP,1.0,0.0203345880573006,
ENSG00000129493,HEATR5A,-1.0,0.0177687491656546,
ENSG00000131153,GINS2,1.0,0.00827860601119177,
ENSG00000134107,BHLHE40,-1.0,0.0995854756571934,
ENSG00000135451,TROAP,1.0,0.0466758045732158,
ENSG00000136928,GABBR2,-1.0,0.119308841283075,
ENSG00000138160,KIF11,1.0,0.0132807483297808,
ENSG00000138795,LEF1,1.0,0.0472491801848073,
ENSG00000140534,TICRR,1.0,0.00230421453939108,
ENSG00000141441,GAREM1,-1.0,0.0243342838907154,
ENSG00000142945,KIF2C,1.0,0.0136640042786818,
ENSG00000143772,ITPKB,-1.0,0.0319758373616835,
ENSG00000144395,CCDC150,1.0,0.0915077218412058,
ENSG00000145358,DDIT4L,-1.0,0.104992239493144,
ENSG00000146233,CYP39A1,1.0,0.113939158644325,
ENSG00000147536,GINS4,1.0,0.0126256125679642,
ENSG00000147883,CDKN2B,1.0,0.126539986040035,
ENSG00000148773,MKI67,1.0,0.015325001284835,
ENSG00000150893,FREM2,1.0,0.047950624246765,
ENSG00000152377,SPOCK1,-1.0,0.0010150504211117,
ENSG00000153234,NR4A2,-1.0,0.0406272776167634,
ENSG00000153820,SPHKAP,-1.0,0.117243035421944,
ENSG00000154529,CNTNAP3B,1.0,0.149096755679101,
ENSG00000156970,BUB1B,1.0,0.00931811496930042,
ENSG00000157601,MX1,-1.0,0.108174950189199,
ENSG00000162641,AKNAD1,1.0,0.056549772414896,
ENSG00000163362,INAVA,1.0,0.00710832354597014,
ENSG00000163406,SLC15A2,-1.0,0.0852457723357351,
ENSG00000163623,NKX6-1,-1.0,0.103931613676803,
ENSG00000164362,TERT,1.0,,
ENSG00000164683,HEY1,-1.0,0.100789004882521,
ENSG00000167178,ISLR2,-1.0,0.0662789554288805,
ENSG00000167670,CHAF1A,1.0,0.0137448570405663,
ENSG00000175063,UBE2C,1.0,0.0522095500494764,
ENSG00000175874,CREG2,-1.0,0.0830674970370705,
ENSG00000177098,SCN4B,-1.0,0.115854429768074,
ENSG00000177822,TENM3-AS1,1.0,0.00437681858656983,
ENSG00000179520,SLC17A8,-1.0,0.0847909737055499,
ENSG00000180044,C3orf80,1.0,0.0994819690744824,
ENSG00000180440,SERTM1,-1.0,0.0753008208206926,
ENSG00000180758,GPR157,1.0,0.0700691899440295,
ENSG00000180828,BHLHE22,-1.0,0.0252764676756827,
ENSG00000181856,SLC2A4,1.0,0.118327354602069,
ENSG00000182256,GABRG3,-1.0,0.0916278213779626,
ENSG00000182492,BGN,-1.0,0.0950135511276933,
ENSG00000183117,CSMD1,-1.0,0.0839959974789907,
ENSG00000185483,ROR1,1.0,0.0104010271949208,
ENSG00000185559,DLK1,-1.0,0.056230379321085,
ENSG00000186193,SAPCD2,1.0,0.0126256125679642,
ENSG00000187486,KCNJ11,1.0,0.0576878039292165,
ENSG00000187730,GABRD,1.0,,
ENSG00000187741,FANCA,1.0,0.00671974999501474,
ENSG00000196091,MYBPC1,1.0,0.0680414698835873,
ENSG00000198948,MFAP3L,-1.0,0.0995685233656441,
ENSG00000205277,MUC12,1.0,,
ENSG00000214814,FER1L6,1.0,0.0886410324957077,
ENSG00000225626,C9orf135-DT,1.0,,
ENSG00000225756,DBH-AS1,1.0,0.0701602290414947,
ENSG00000226650,KIF4B,1.0,,
ENSG00000227268,KLLN,-1.0,0.0511582427079663,
ENSG00000230798,FOXD3-AS1,1.0,0.108058986962881,
ENSG00000232599,,-1.0,0.109088004686437,
ENSG00000239268,,-1.0,0.117965912511651,
ENSG00000249577,,1.0,0.0664576456055237,
ENSG00000256043,CTSO,-1.0,0.117965912511651,
ENSG00000256663,,1.0,0.121218605534837,
ENSG00000260918,,-1.0,0.114739859029402,
ENSG00000270953,,-1.0,0.0696604990397862,
ENSG00000272763,,1.0,0.0989680514978142,
ENSG00000273729,,-1.0,0.121580068564251,
ENSG00000279675,,-1.0,0.0808457632662275,
ENSG00000280344,,-1.0,0.0592131379231047,
ENSG00000006453,BAIAP2L1,0.9,0.111926709021554,
ENSG00000007968,E2F2,0.9,0.0738411547371768,
ENSG00000008323,PLEKHG6,0.9,0.197217354777368,
ENSG00000013588,GPRC5A,0.9,0.170169391265127,
ENSG00000024422,EHD2,-0.9,0.117965912511651,
ENSG00000026508,CD44,-0.9,0.127743364199576,
ENSG00000047617,ANO2,0.9,0.0993810140461944,
ENSG00000053438,NNAT,0.9,0.205702375571538,
ENSG00000063015,SEZ6,-0.9,0.0679911651668424,
ENSG00000065328,MCM10,0.9,0.0729254099767467,
ENSG00000065361,ERBB3,0.9,0.153069930134685,
ENSG00000071967,CYBRD1,-0.9,0.154015824513368,
ENSG00000075702,WDR62,0.9,0.00864409998407515,
ENSG00000076003,MCM6,0.9,0.0542074399379509,
ENSG00000076382,SPAG5,0.9,0.0146863464844652,
ENSG00000080986,NDC80,0.9,0.0167475237867729,
ENSG00000084636,COL16A1,-0.9,0.234716060930133,
ENSG00000087510,TFAP2C,0.9,0.219221350785955,
ENSG00000088992,TESC,-0.9,0.0832510687024872,
ENSG00000091513,TF,-0.9,0.197823854216027,
ENSG00000100078,PLA2G3,0.9,0.108174950189199,
ENSG00000100162,CENPM,0.9,0.044770928901838,
ENSG00000100297,MCM5,0.9,0.0170292784665075,
ENSG00000100427,MLC1,-0.9,0.16736581831223,
ENSG00000103528,SYT17,-0.9,0.0466758045732158,
ENSG00000104888,SLC17A7,0.9,0.124169230168709,
ENSG00000105499,PLA2G4C,-0.9,0.0931435292188209,
ENSG00000105894,PTN,0.9,0.00572993666519984,
ENSG00000106484,MEST,-0.9,0.0058669663300412,
ENSG00000109805,NCAPG,0.9,0.0310375549333658,
ENSG00000112742,TTK,0.9,0.0424217321155127,
ENSG00000113296,THBS4,-0.9,0.00815951916264992,
ENSG00000114529,C3orf52,0.9,,
ENSG00000115252,PDE1A,0.9,0.0318720692827803,
ENSG00000115884,SDC1,0.9,0.0832510687024872,
ENSG00000117602,RCAN3,0.9,0.197246473872844,
ENSG00000118495,PLAGL1,0.9,0.131908425424487,
ENSG00000118513,MYB,0.9,0.13420084188706,
ENSG00000119508,NR4A3,-0.9,0.110232020936105,
ENSG00000119614,VSX2,-0.9,0.184005517577266,
ENSG00000119917,IFIT3,-0.9,0.217530800094936,
ENSG00000120251,GRIA2,-0.9,0.0639222437515103,
ENSG00000122952,ZWINT,0.9,0.0331073555537806,
ENSG00000124134,KCNS1,-0.9,,
ENSG00000124479,NDP,-0.9,0.182675333642459,
ENSG00000125246,CLYBL,0.9,0.0680414698835873,
ENSG00000125255,SLC10A2,0.9,,
ENSG00000126882,FAM78A,0.9,0.0572010816756324,
ENSG00000127586,CHTF18,0.9,0.0102342007257276,
ENSG00000129534,MIS18BP1,0.9,0.0170292784665075,
ENSG00000130829,DUSP9,0.9,0.195897826691666,
ENSG00000131747,TOP2A,0.9,0.0310375549333658,
ENSG00000131771,PPP1R1B,-0.9,0.238866326001484,
ENSG00000132749,TESMIN,0.9,0.205757813792603,
ENSG00000132793,LPIN3,0.9,0.199693587830901,
ENSG00000133019,CHRM3,-0.9,0.0608257624819083,
ENSG00000133863,TEX15,0.9,0.123864264418947,
ENSG00000135116,HRK,-0.9,0.068973596484921,
ENSG00000137135,ARHGEF39,0.9,0.0393776773901866,
ENSG00000137269,LRRC1,0.9,0.0575753229633037,
ENSG00000138119,MYOF,-0.9,0.153531884422095,
ENSG00000138379,MSTN,-0.9,0.170169391265127,
ENSG00000138496,PARP9,-0.9,0.076878560827882,
ENSG00000140525,FANCI,0.9,0.0542074399379509,
ENSG00000142632,ARHGEF19,0.9,0.0822611474469347,
ENSG00000143375,CGN,0.9,0.115991244710157,
ENSG00000143603,KCNN3,-0.9,0.0563378640763252,
ENSG00000144290,SLC4A10,-0.9,0.224598521340173,
ENSG00000144642,RBMS3,-0.9,0.0434197548773534,
ENSG00000144824,PHLDB2,0.9,0.044770928901838,
ENSG00000145386,CCNA2,0.9,0.0424217321155127,
ENSG00000145526,CDH18,-0.9,0.152994399467136,
ENSG00000145721,LIX1,-0.9,0.178750186536393,
ENSG00000145779,TNFAIP8,0.9,0.0872308335904478,
ENSG00000146592,CREB5,-0.9,0.0424217321155127,
ENSG00000146674,IGFBP3,-0.9,0.113614816888128,
ENSG00000147862,NFIB,-0.9,0.0830674970370705,
ENSG00000149503,INCENP,0.9,0.00730955783234111,
ENSG00000149972,CNTN5,-0.9,0.127743364199576,
ENSG00000150361,KLHL1,-0.9,0.0246536401249136,
ENSG00000151725,CENPU,0.9,0.0489880412393277,
ENSG00000152229,PSTPIP2,0.9,0.0960909681342987,
ENSG00000153930,ANKFN1,-0.9,0.130167521251387,
ENSG00000154146,NRGN,0.9,0.115769225037508,
ENSG00000154175,ABI3BP,-0.9,0.210483250245664,
ENSG00000154188,ANGPT1,0.9,0.0997691243147039,
ENSG00000157103,SLC6A1,-0.9,0.0821565927590135,
ENSG00000158104,HPD,-0.9,0.197217354777368,
ENSG00000159167,STC1,0.9,0.205757813792603,
ENSG00000160447,PKN3,0.9,0.0455528801227583,
ENSG00000160957,RECQL4,0.9,0.013363448496184,
ENSG00000163273,NPPC,0.9,0.156601097930711,
ENSG00000163377,TAFA4,0.9,0.138876515688316,
ENSG00000163535,SGO2,0.9,0.0152391143143437,
ENSG00000163808,KIF15,0.9,0.0162222967934627,
ENSG00000164197,RNF180,-0.9,0.0439449719108527,
ENSG00000164308,ERAP2,-0.9,,
ENSG00000164611,PTTG1,0.9,0.0243342838907154,
ENSG00000164651,SP8,-0.9,0.0995854756571934,
ENSG00000164796,CSMD3,-0.9,0.130167521251387,
ENSG00000165905,LARGE2,0.9,,
ENSG00000166508,MCM7,0.9,0.00313847347331477,
ENSG00000166825,ANPEP,-0.9,0.202283296671371,
ENSG00000167244,IGF2,-0.9,,
ENSG00000167588,GPD1,-0.9,0.243624526458829,
ENSG00000167996,FTH1,-0.9,0.135015234039245,
ENSG00000168959,GRM5,-0.9,0.201519951679484,
ENSG00000169218,RSPO1,0.9,0.205524486850527,
ENSG00000169330,MINAR1,-0.9,0.053930549086798,
ENSG00000169607,CKAP2L,0.9,0.0350254378993759,
ENSG00000169679,BUB1,0.9,0.0126787264527032,
ENSG00000170017,ALCAM,-0.9,0.081823768778173,
ENSG00000170624,SGCD,-0.9,0.227809103702017,
ENSG00000171551,ECEL1,-0.9,0.074982349947953,
ENSG00000171766,GATM,-0.9,0.171095849337862,
ENSG00000172164,SNTB1,-0.9,0.129276840056874,
ENSG00000172889,EGFL7,0.9,0.0936315780195876,
ENSG00000174371,EXO1,0.9,0.0439234438953381,
ENSG00000174453,VWC2L,-0.9,0.184411095843744,
ENSG00000175643,RMI2,0.9,0.0481570119196375,
ENSG00000176720,BOK,0.9,0.0408956663169255,
ENSG00000176971,FIBIN,-0.9,0.157836441099758,
ENSG00000177084,POLE,0.9,0.00748806548431644,
ENSG00000177398,UMODL1,-0.9,,
ENSG00000177694,NAALADL2,-0.9,0.131007819597937,
ENSG00000178403,NEUROG2,0.9,0.0146863464844652,
ENSG00000181804,SLC9A9,-0.9,0.206246472571949,
ENSG00000183570,PCBP3,0.9,0.147947139456558,
ENSG00000183765,CHEK2,0.9,0.0182906424589912,
ENSG00000183775,KCTD16,-0.9,0.0549426629369246,
ENSG00000184828,ZBTB7C,-0.9,0.173706278838371,
ENSG00000185215,TNFAIP2,0.9,0.127743364199576,
ENSG00000185760,KCNQ5,0.9,0.204719257459493,
ENSG00000186185,KIF18B,0.9,0.0182906424589912,
ENSG00000186854,TRABD2A,0.9,,
ENSG00000186871,ERCC6L,0.9,0.0243342838907154,
ENSG00000187135,VSTM2B,-0.9,0.195092284343815,
ENSG00000187140,FOXD3,0.9,0.252674004719275,
ENSG00000188486,H2AX,0.9,0.0544668806527477,
ENSG00000188643,S100A16,-0.9,0.139555282373307,
ENSG00000196169,KIF19,0.9,0.113939158644325,
ENSG00000196208,GREB1,0.9,0.0226893538682669,
ENSG00000196562,SULF2,-0.9,0.0423354449412372,
ENSG00000197106,SLC6A17,0.9,0.127743364199576,
ENSG00000197905,TEAD4,0.9,0.0664576456055237,
ENSG00000203760,CENPW,0.9,0.0472491801848073,
ENSG00000204103,MAFB,-0.9,0.0996081340341351,
ENSG00000206532,,0.9,0.205702375571538,
ENSG00000210196,MT-TP,-0.9,0.119695292554466,
ENSG00000213988,ZNF90,0.9,0.0882430925033767,
ENSG00000215039,CD27-AS1,-0.9,0.0695859792188022,
ENSG00000215217,C5orf49,-0.9,0.153054887139949,
ENSG00000220323,H2BC19P,-0.9,0.0549426629369246,
ENSG00000221866,PLXNA4,-0.9,0.0325471622738182,
ENSG00000231205,ZNF826P,0.9,0.133213912882066,
ENSG00000233608,TWIST2,-0.9,0.178354107242527,
ENSG00000239922,,0.9,0.127743364199576,
ENSG00000242779,ZNF702P,0.9,0.151631086001318,
ENSG00000243620,,0.9,0.142531341094452,
ENSG00000248690,HAS2-AS1,-0.9,,
ENSG00000251442,LINC01094,-0.9,,
ENSG00000253764,,-0.9,0.0378535057829968,
ENSG00000254373,,-0.9,0.217547806294649,
ENSG00000260230,FRRS1L,-0.9,0.0696604990397862,
ENSG00000261292,,-0.9,0.158450673750823,
ENSG00000261801,LOXL1-AS1,0.9,0.141780353284118,
ENSG00000264539,MIR548AR,-0.9,,
ENSG00000269416,LINC01224,0.9,0.0436431607201839,
ENSG00000272425,,-0.9,0.190678594727178,
ENSG00000277954,,-0.9,0.095671222098289,
ENSG00000280135,,-0.9,0.108174950189199,
ENSG00000006016,CRLF1,0.8,0.353561790971244,
ENSG00000008196,TFAP2B,0.8,0.196504705240874,
ENSG00000010292,NCAPD2,0.8,0.0392749364341914,
ENSG00000013573,DDX11,0.8,0.0277934198447236,
ENSG00000014138,POLA2,0.8,0.100094113002452,
ENSG00000014914,MTMR11,-0.8,0.14813570472388,
ENSG00000024526,DEPDC1,0.8,0.130677162975945,
ENSG00000044524,EPHA3,0.8,0.131007819597937,
ENSG00000050555,LAMC3,0.8,0.314009957474546,
ENSG00000050628,PTGER3,-0.8,0.29935706839869,
ENSG00000051341,POLQ,0.8,0.132716287965923,
ENSG00000065675,PRKCQ,0.8,0.208463426633568,
ENSG00000065717,TLE2,-0.8,0.329467494783336,
ENSG00000068079,IFI35,-0.8,0.296935231764009,
ENSG00000069122,ADGRF5,0.8,,
ENSG00000071539,TRIP13,0.8,0.0439234438953381,
ENSG00000072571,HMMR,0.8,0.131432106859502,
ENSG00000073350,LLGL2,0.8,0.250413015302959,
ENSG00000074370,ATP2A3,0.8,0.261886693818507,
ENSG00000078596,ITM2A,-0.8,0.223967764009498,
ENSG00000079616,KIF22,0.8,0.056230379321085,
ENSG00000080166,DCT,-0.8,0.225473254253222,
ENSG00000080224,EPHA6,-0.8,0.268554053427695,
ENSG00000085999,RAD54L,0.8,0.0845093438400659,
ENSG00000086717,PPEF1,0.8,0.245788323217877,
ENSG00000087076,HSD17B14,-0.8,0.0900054533833443,
ENSG00000087250,MT3,-0.8,0.286001643076987,
ENSG00000087253,LPCAT2,0.8,0.268851408484259,
ENSG00000093009,CDC45,0.8,0.0700691899440295,
ENSG00000093217,XYLB,0.8,0.303115928602721,
ENSG00000096696,DSP,0.8,0.302202768593038,
ENSG00000099139,PCSK5,0.8,0.0759226364971579,
ENSG00000101412,E2F1,0.8,0.063693590465975,
ENSG00000101945,SUV39H1,0.8,0.0916278213779626,
ENSG00000101958,GLRA2,-0.8,0.220645891298853,
ENSG00000102384,CENPI,0.8,0.0481570119196375,
ENSG00000102879,CORO1A,0.8,0.0517838443890107,
ENSG00000103044,HAS3,-0.8,0.0872308335904478,
ENSG00000104361,NIPAL2,-0.8,0.24884779058658,
ENSG00000105486,LIG1,0.8,0.0390613875715685,
ENSG00000105699,LSR,0.8,0.278545857072266,
ENSG00000106565,TMEM176B,0.8,0.287176462714765,
ENSG00000106624,AEBP1,-0.8,0.0729254099767467,
ENSG00000106772,PRUNE2,-0.8,0.0350336187496065,
ENSG00000107295,SH3GL2,-0.8,0.0319758373616835,
ENSG00000107438,PDLIM1,0.8,0.0481570119196375,
ENSG00000108179,PPIF,0.8,0.0182906424589912,
ENSG00000109158,GABRA4,-0.8,,
ENSG00000109705,NKX3-2,-0.8,0.333037326623102,
ENSG00000110675,ELMOD1,-0.8,0.238134216211214,
ENSG00000111077,TNS2,-0.8,0.278999827538375,
ENSG00000111602,TIMELESS,0.8,0.053930549086798,
ENSG00000111665,CDCA3,0.8,0.0253387200278374,
ENSG00000111696,NT5DC3,0.8,0.324856829749333,
ENSG00000112118,MCM3,0.8,0.064649231545119,
ENSG00000112312,GMNN,0.8,0.0126256125679642,
ENSG00000112343,TRIM38,-0.8,,
ENSG00000112562,SMOC2,-0.8,0.172287801143214,
ENSG00000113532,ST8SIA4,-0.8,0.0146801569133871,
ENSG00000114698,PLSCR4,-0.8,0.324856829749333,
ENSG00000115163,CENPA,0.8,0.163698709895501,
ENSG00000115604,IL18R1,-0.8,,
ENSG00000115825,PRKD3,0.8,0.0563378640763252,
ENSG00000116254,CHD5,-0.8,0.210456866835567,
ENSG00000117650,NEK2,0.8,0.0732942348643725,
ENSG00000118785,SPP1,-0.8,0.352100472418334,
ENSG00000118971,CCND2,-0.8,0.205212128845707,
ENSG00000119333,DYNC2I2,0.8,0.0182906424589912,
ENSG00000119655,NPC2,-0.8,0.0557005310369415,
ENSG00000119686,FLVCR2,0.8,0.184411095843744,
ENSG00000120693,SMAD9,-0.8,0.164841080032155,
ENSG00000120820,GLT8D2,-0.8,0.142838605963469,
ENSG00000121068,TBX2,-0.8,0.299996947258665,
ENSG00000121454,LHX4,-0.8,0.316443118383315,
ENSG00000122176,FMOD,-0.8,0.163698709895501,
ENSG00000123130,ACOT9,0.8,0.0490051964108336,
ENSG00000124762,CDKN1A,-0.8,0.137857431587738,
ENSG00000124772,CPNE5,-0.8,0.0806227731470359,
ENSG00000125835,SNRPB,0.8,0.0434197548773534,
ENSG00000125845,BMP2,-0.8,0.297743221462887,
ENSG00000126453,BCL2L12,0.8,0.113939158644325,
ENSG00000126709,IFI6,-0.8,0.128299555817768,
ENSG00000126733,DACH2,0.8,0.0701226456404196,
ENSG00000128285,MCHR1,-0.8,0.192271491364284,
ENSG00000129244,ATP1B2,-0.8,0.0871193520945336,
ENSG00000129675,ARHGEF6,-0.8,0.139530440756781,
ENSG00000130643,CALY,-0.8,0.0338996923931962,
ENSG00000131142,CCL25,-0.8,,
ENSG00000131398,KCNC3,-0.8,0.345819926619594,
ENSG00000131652,THOC6,0.8,0.0233471539010082,
ENSG00000132692,BCAN,-0.8,0.208422765922787,
ENSG00000132854,KANK4,-0.8,0.306004865880347,
ENSG00000135063,FAM189A2,-0.8,0.218184739395671,
ENSG00000135185,TMEM243,0.8,0.153531884422095,
ENSG00000135697,BCO1,-0.8,0.314009957474546,
ENSG00000135723,FHOD1,0.8,0.0681193982538783,
ENSG00000136002,ARHGEF4,-0.8,0.153531884422095,
ENSG00000136014,USP44,0.8,0.127743364199576,
ENSG00000136122,BORA,0.8,0.148731218587113,
ENSG00000137098,SPAG8,-0.8,0.0884824574403934,
ENSG00000137807,KIF23,0.8,0.0597987162295235,
ENSG00000137959,IFI44L,-0.8,0.186205221660445,
ENSG00000138180,CEP55,0.8,0.0820911376158698,
ENSG00000138642,HERC6,-0.8,0.214801689808139,
ENSG00000138944,SHISAL1,-0.8,0.123288661650083,
ENSG00000139174,PRICKLE1,-0.8,0.0397936397173407,
ENSG00000140795,MYLK3,-0.8,0.263089031013428,
ENSG00000141293,SKAP1,-0.8,,
ENSG00000141404,GNAL,-0.8,0.154355465678476,
ENSG00000141524,TMC6,0.8,0.206000055267809,
ENSG00000142512,SIGLEC10,0.8,0.2633118855993,
ENSG00000143476,DTL,0.8,0.140855069215871,
ENSG00000144354,CDCA7,0.8,0.219098399506357,
ENSG00000144452,ABCA12,-0.8,0.271248005409276,
ENSG00000144554,FANCD2,0.8,0.0822429352502462,
ENSG00000145708,CRHBP,-0.8,0.286001643076987,
ENSG00000146143,PRIM2,0.8,0.139384843321848,
ENSG00000146530,VWDE,0.8,0.361274098632728,
ENSG00000146648,EGFR,-0.8,0.302739409856455,
ENSG00000147576,ADHFE1,-0.8,0.365015319556373,
ENSG00000149090,PAMR1,-0.8,0.267045688572078,
ENSG00000149218,ENDOD1,-0.8,0.131432106859502,
ENSG00000149403,GRIK4,-0.8,0.227955059814134,
ENSG00000149554,CHEK1,0.8,0.04748711489843,
ENSG00000149782,PLCB3,0.8,0.107827072091444,
ENSG00000150394,CDH8,-0.8,0.275701501090885,
ENSG00000150556,LYPD6B,0.8,,
ENSG00000151690,MFSD6,-0.8,0.205055738547162,
ENSG00000153904,DDAH1,-0.8,0.0995854756571934,
ENSG00000154065,ANKRD29,0.8,0.365015319556373,
ENSG00000154783,FGD5,0.8,0.34524405985829,
ENSG00000154920,EME1,0.8,0.062458636510791,
ENSG00000156398,SFXN2,0.8,0.0182906424589912,
ENSG00000157456,CCNB2,0.8,0.0981477264307841,
ENSG00000158457,TSPAN33,0.8,0.0533719798363858,
ENSG00000158813,EDA,0.8,0.133304238597225,
ENSG00000161888,SPC24,0.8,0.0599358618295864,
ENSG00000162063,CCNF,0.8,0.092181637550023,
ENSG00000162630,B3GALT2,-0.8,0.182917198632781,
ENSG00000162946,DISC1,0.8,0.196504705240874,
ENSG00000162981,LRATD1,-0.8,0.0631551108343942,
ENSG00000163072,NOSTRIN,0.8,0.264229859331432,
ENSG00000163431,LMOD1,0.8,0.333037326623102,
ENSG00000163507,CIP2A,0.8,0.068973596484921,
ENSG00000163840,DTX3L,-0.8,0.119308841283075,
ENSG00000164104,HMGB2,0.8,0.108337805612552,
ENSG00000164109,MAD2L1,0.8,0.108174950189199,
ENSG00000164114,MAP9,-0.8,0.00564240256815826,
ENSG00000164418,GRIK2,-0.8,0.17092892899707,
ENSG00000164463,CREBRF,-0.8,0.0325015336574564,
ENSG00000164626,KCNK5,0.8,0.264394659827296,
ENSG00000165084,C8orf34,-0.8,,
ENSG00000165304,MELK,0.8,0.0878684643124323,
ENSG00000165349,SLC7A3,0.8,0.251093142674955,
ENSG00000165480,SKA3,0.8,0.0456308539083448,
ENSG00000165633,VSTM4,-0.8,0.0397936397173407,
ENSG00000165757,JCAD,0.8,0.0386657667160544,
ENSG00000165895,ARHGAP42,-0.8,0.143172028805944,
ENSG00000166340,TPP1,-0.8,0.00294787424031702,
ENSG00000166582,CENPV,0.8,0.0547569562254587,
ENSG00000166851,PLK1,0.8,0.153531884422095,
ENSG00000167513,CDT1,0.8,0.178750186536393,
ENSG00000168306,ACOX2,-0.8,,
ENSG00000168389,MFSD2A,0.8,0.102407146797307,
ENSG00000168496,FEN1,0.8,0.0880880100096019,
ENSG00000168918,INPP5D,-0.8,0.211867052033018,
ENSG00000169282,KCNAB1,-0.8,0.148731126106029,
ENSG00000169302,STK32A,-0.8,0.158575198265007,
ENSG00000169933,FRMPD4,-0.8,0.303501689621932,
ENSG00000169964,TMEM42,0.8,0.232053533102943,
ENSG00000170312,CDK1,0.8,0.0798992569679172,
ENSG00000170419,VSTM2A,-0.8,0.063693590465975,
ENSG00000170500,LONRF2,-0.8,0.153531884422095,
ENSG00000170779,CDCA4,0.8,0.0397936397173407,
ENSG00000171320,ESCO2,0.8,0.128299555817768,
ENSG00000171587,DSCAM,-0.8,0.192271491364284,
ENSG00000171608,PIK3CD,0.8,0.05012741785992,
ENSG00000171700,RGS19,0.8,0.0995854756571934,
ENSG00000171885,AQP4,-0.8,0.263760288780801,
ENSG00000172602,RND1,0.8,0.0481570119196375,
ENSG00000173157,ADAMTS20,0.8,0.321642743454131,
ENSG00000173207,CKS1B,0.8,0.143172028805944,
ENSG00000173805,HAP1,-0.8,0.241901388075177,
ENSG00000173947,PIFO,-0.8,0.332242776181632,
ENSG00000174370,C11orf45,0.8,,
ENSG00000174607,UGT8,0.8,0.19412826863488,
ENSG00000175161,CADM2,-0.8,0.0542074399379509,
ENSG00000175868,CALCB,0.8,,
ENSG00000177301,KCNA2,0.8,0.205702375571538,
ENSG00000178821,TMEM52,0.8,0.302202768593038,
ENSG00000180543,TSPYL5,0.8,0.271248005409276,
ENSG00000181072,CHRM2,0.8,0.201519951679484,
ENSG00000182103,FAM181B,-0.8,0.105047433053422,
ENSG00000182481,KPNA2,0.8,0.074982349947953,
ENSG00000182771,GRID1,-0.8,0.095671222098289,
ENSG00000182912,TSPEAR-AS2,0.8,0.286001643076987,
ENSG00000183036,PCP4,-0.8,,
ENSG00000183098,GPC6,-0.8,0.164841080032155,
ENSG00000183798,EMILIN3,0.8,0.160741271445046,
ENSG00000184226,PCDH9,-0.8,0.10692066857137,
ENSG00000184254,ALDH1A3,-0.8,,
ENSG00000184347,SLIT3,-0.8,0.053930549086798,
ENSG00000184408,KCND2,-0.8,0.197217354777368,
ENSG00000184564,SLITRK6,-0.8,0.21797510314096,
ENSG00000184661,CDCA2,0.8,0.140855069215871,
ENSG00000185250,PPIL6,-0.8,0.175205740708585,
ENSG00000185480,PARPBP,0.8,0.0916278213779626,
ENSG00000187266,EPOR,0.8,0.0368727801076255,
ENSG00000187720,THSD4,-0.8,0.186205221660445,
ENSG00000188229,TUBB4B,0.8,0.0325015336574564,
ENSG00000188730,VWC2,-0.8,0.197893215284494,
ENSG00000188816,HMX2,0.8,,
ENSG00000189057,FAM111B,0.8,0.127743364199576,
ENSG00000196083,IL1RAP,-0.8,0.250413015302959,
ENSG00000196549,MME,-0.8,0.326311528266066,
ENSG00000196660,SLC30A10,-0.8,0.297731173804673,
ENSG00000197299,BLM,0.8,0.0542074399379509,
ENSG00000197355,UAP1L1,-0.8,0.302202768593038,
ENSG00000197461,PDGFA,-0.8,0.365015319556373,
ENSG00000197852,INKA2,-0.8,0.315240316445607,
ENSG00000197956,S100A6,-0.8,0.332771903502937,
ENSG00000198840,MT-ND3,-0.8,0.153531884422095,
ENSG00000204389,HSPA1A,0.8,0.279500067369734,
ENSG00000206579,XKR4,-0.8,0.178354107242527,
ENSG00000210049,MT-TF,-0.8,0.314161678775313,
ENSG00000210164,MT-TG,-0.8,0.0923922570130367,
ENSG00000213186,TRIM59,0.8,0.0243342838907154,
ENSG00000213694,S1PR3,-0.8,0.196443695370771,
ENSG00000213967,ZNF726,0.8,0.229049042725643,
ENSG00000215105,TTC3P1,0.8,0.373090713680776,
ENSG00000216819,TUBB2BP1,0.8,0.118327354602069,
ENSG00000218227,,0.8,0.278400591159536,
ENSG00000221963,APOL6,-0.8,0.275701501090885,
ENSG00000225031,EIF4BP7,-0.8,0.308901770204409,
ENSG00000226055,PAICSP1,-0.8,0.275390664249289,
ENSG00000226318,RPS3AP38,-0.8,,
ENSG00000228203,GRASLND,0.8,0.26695658621286,
ENSG00000230082,PRRT3-AS1,-0.8,,
ENSG00000230732,,-0.8,0.310457856726544,
ENSG00000230910,,-0.8,0.0981973684746456,
ENSG00000231305,,0.8,0.315195822514825,
ENSG00000231721,LINC-PINT,-0.8,0.360333706373208,
ENSG00000231977,,0.8,0.34953723964005,
ENSG00000233452,STXBP5-AS1,-0.8,0.302202768593038,
ENSG00000234664,HMGN2P5,0.8,0.303501689621932,
ENSG00000235652,FBXO30-DT,-0.8,0.119308841283075,
ENSG00000236197,PPP1R9A-AS1,-0.8,,
ENSG00000239857,GET4,-0.8,0.171095849337862,
ENSG00000246898,LINC00920,0.8,0.359680672866543,
ENSG00000250420,AACSP1,0.8,,
ENSG00000250486,FAM218A,-0.8,0.189628241371805,
ENSG00000258102,MAP1LC3B2,-0.8,0.157858646020373,
ENSG00000260077,,-0.8,0.203264180206628,
ENSG00000261716,H2BC20P,-0.8,0.11426136681828,
ENSG00000261762,,0.8,0.27405980195281,
ENSG00000267253,WHSC1L2P,0.8,,
ENSG00000267383,,0.8,0.288406737908552,
ENSG00000268119,,0.8,0.138013481722875,
ENSG00000269974,,0.8,,
ENSG00000272103,,-0.8,0.286001643076987,
ENSG00000273763,,-0.8,0.279500067369734,
ENSG00000275898,,-0.8,,
ENSG00000279656,,-0.8,0.279498658835871,
ENSG00000280079,,0.8,0.1773886126155,
ENSG00000280163,,-0.8,0.338945115745792,
ENSG00000280604,,0.8,,
ENSG00000282021,,-0.8,0.379569393779346,
ENSG00000283538,,-0.8,0.323646250610425,
ENSG00000285367,,-0.8,0.212631433036072,
ENSG00000285918,,-0.8,0.286001643076987,
ENSG00000003096,KLHL13,-0.7,0.135552729576409,
ENSG00000003436,TFPI,-0.7,0.395409881720227,
ENSG00000005448,WDR54,0.7,0.0688523231957966,
ENSG00000005513,SOX8,-0.7,0.410911999882057,
ENSG00000010626,LRRC23,-0.7,0.0971842272119604,
ENSG00000025770,NCAPH2,0.7,0.0832510687024872,
ENSG00000026103,FAS,-0.7,0.241785951464292,
ENSG00000031081,ARHGAP31,-0.7,0.369848938382747,
ENSG00000034677,RNF19A,-0.7,0.0791250283847075,
ENSG00000037965,HOXC8,0.7,0.489134228365234,
ENSG00000057657,PRDM1,-0.7,0.490452940578521,
ENSG00000064545,TMEM161A,0.7,0.0632547372919155,
ENSG00000064763,FAR2,-0.7,0.303115928602721,
ENSG00000066279,ASPM,0.7,0.200929006007639,
ENSG00000067225,PKM,0.7,0.0210954351223627,
ENSG00000069399,BCL3,-0.7,0.414317388440867,
ENSG00000072818,ACAP1,-0.7,0.247271890188367,
ENSG00000072864,NDE1,0.7,0.0812121386682788,
ENSG00000074071,MRPS34,0.7,0.0707794054194124,
ENSG00000074211,PPP2R2C,-0.7,0.390363741502168,
ENSG00000074803,SLC12A1,-0.7,,
ENSG00000076554,TPD52,-0.7,0.055970958257114,
ENSG00000079215,SLC1A3,-0.7,0.183194257661889,
ENSG00000081803,CADPS2,-0.7,0.264766893265897,
ENSG00000085552,IGSF9,0.7,0.127743364199576,
ENSG00000089116,LHX5,0.7,0.406309009643642,
ENSG00000090339,ICAM1,-0.7,0.469167611561481,
ENSG00000092068,SLC7A8,-0.7,0.413860704710444,
ENSG00000092345,DAZL,0.7,,
ENSG00000092377,TBL1Y,0.7,0.42503982914672,
ENSG00000092621,PHGDH,0.7,0.0789963837866015,
ENSG00000095203,EPB41L4B,-0.7,0.0819673339716744,
ENSG00000095303,PTGS1,0.7,0.324856829749333,
ENSG00000096060,FKBP5,0.7,0.413340170859522,
ENSG00000099849,RASSF7,0.7,0.291027749480947,
ENSG00000100024,UPB1,-0.7,0.392105930932881,
ENSG00000100095,SEZ6L,-0.7,0.438006344030122,
ENSG00000100097,LGALS1,-0.7,0.377504848948321,
ENSG00000100191,SLC5A4,-0.7,,
ENSG00000100625,SIX4,0.7,0.366686621272287,
ENSG00000100629,CEP128,0.7,0.0430697794339265,
ENSG00000100749,VRK1,0.7,0.186205221660445,
ENSG00000100842,EFS,0.7,0.163698709895501,
ENSG00000101003,GINS1,0.7,0.173081930352406,
ENSG00000101188,NTSR1,0.7,0.392105930932881,
ENSG00000101230,ISM1,0.7,0.382463069095177,
ENSG00000101333,PLCB4,-0.7,0.220392822271936,
ENSG00000101444,AHCY,0.7,0.0260923596153861,
ENSG00000101868,POLA1,0.7,0.0457248178659323,
ENSG00000102468,HTR2A,-0.7,0.498007223327931,
ENSG00000102924,CBLN1,0.7,0.436849000505534,
ENSG00000103024,NME3,0.7,0.343654574161996,
ENSG00000103966,EHD4,0.7,0.213847574266581,
ENSG00000103995,CEP152,0.7,0.200859675577394,
ENSG00000104147,OIP5,0.7,0.176598420174925,
ENSG00000104154,SLC30A4,-0.7,0.147947139456558,
ENSG00000104518,GSDMD,-0.7,0.404001379407621,
ENSG00000104738,MCM4,0.7,0.0657418323311905,
ENSG00000104763,ASAH1,-0.7,0.0675138218845133,
ENSG00000104881,PPP1R13L,0.7,0.190678594727178,
ENSG00000105971,CAV2,-0.7,0.467759603839367,
ENSG00000106066,CPVL,0.7,0.41372425198247,
ENSG00000106348,IMPDH1,0.7,0.0592131379231047,
ENSG00000106462,EZH2,0.7,0.0397936397173407,
ENSG00000106809,OGN,-0.7,,
ENSG00000106823,ECM2,-0.7,0.456650112220416,
ENSG00000106868,SUSD1,-0.7,0.185285878724747,
ENSG00000106991,ENG,-0.7,0.353561790971244,
ENSG00000107485,GATA3,-0.7,0.280540604352197,
ENSG00000107968,MAP3K8,0.7,0.044770928901838,
ENSG00000109099,PMP22,-0.7,0.340124753469445,
ENSG00000109107,ALDOC,0.7,0.288222726278437,
ENSG00000111788,,0.7,0.398290100253761,
ENSG00000112294,ALDH5A1,-0.7,0.0137179468538922,
ENSG00000112759,SLC29A1,0.7,0.187737433380497,
ENSG00000112877,CEP72,0.7,0.153015285843977,
ENSG00000112936,C7,-0.7,,
ENSG00000113231,PDE8B,-0.7,0.233890761064497,
ENSG00000113369,ARRDC3,-0.7,0.0434197548773534,
ENSG00000114115,RBP1,-0.7,0.192271491364284,
ENSG00000114346,ECT2,0.7,0.183151421776322,
ENSG00000115461,IGFBP5,-0.7,0.281884754280001,
ENSG00000116985,BMP8B,-0.7,0.382713443969189,
ENSG00000117115,PADI2,0.7,0.471786059939783,
ENSG00000117598,PLPPR5,-0.7,0.204719257459493,
ENSG00000117676,RPS6KA1,0.7,0.0807428777606523,
ENSG00000118946,PCDH17,-0.7,0.074982349947953,
ENSG00000119125,GDA,-0.7,,
ENSG00000119138,KLF9,-0.7,0.484191427508482,
ENSG00000119636,BBOF1,-0.7,0.186574202319,
ENSG00000119969,HELLS,0.7,0.206246472571949,
ENSG00000120437,ACAT2,0.7,0.0149681973656916,
ENSG00000120594,PLXDC2,-0.7,0.365174453074024,
ENSG00000120802,TMPO,0.7,0.124425246253879,
ENSG00000121104,FAM117A,0.7,0.222520812196207,
ENSG00000121207,LRAT,0.7,0.380356393948721,
ENSG00000121570,DPPA4,0.7,0.0999720645397511,
ENSG00000121621,KIF18A,0.7,0.142531341094452,
ENSG00000122584,NXPH1,-0.7,0.440185558130016,
ENSG00000122735,DNAI1,0.7,0.213314277034068,
ENSG00000123096,SSPN,-0.7,0.408377916982086,
ENSG00000123416,TUBA1B,0.7,0.0102342007257276,
ENSG00000123473,STIL,0.7,0.0794617704236664,
ENSG00000124145,SDC4,0.7,0.438006344030122,
ENSG00000124788,ATXN1,-0.7,0.242397346936604,
ENSG00000126822,PLEKHG3,0.7,0.139384843321848,
ENSG00000127589,TUBBP1,0.7,0.395409881720227,
ENSG00000127951,FGL2,-0.7,0.410300899824731,
ENSG00000128973,CLN6,0.7,0.157305379100109,
ENSG00000129810,SGO1,0.7,0.238866326001484,
ENSG00000130193,THEM6,0.7,0.186205221660445,
ENSG00000130711,PRDM12,-0.7,0.42599008614166,
ENSG00000130762,ARHGEF16,0.7,0.329516133420204,
ENSG00000130783,CCDC62,-0.7,0.448754377999378,
ENSG00000130816,DNMT1,0.7,0.0481570119196375,
ENSG00000132646,PCNA,0.7,0.227809103702017,
ENSG00000132780,NASP,0.7,0.0880880100096019,
ENSG00000133107,TRPC4,0.7,0.140855069215871,
ENSG00000134755,DSC2,0.7,0.487933258176091,
ENSG00000135245,HILPDA,0.7,0.131432106859502,
ENSG00000135740,SLC9A5,0.7,0.337453231243034,
ENSG00000135750,KCNK1,0.7,0.352100472418334,
ENSG00000136531,SCN2A,-0.7,0.0527753890481367,
ENSG00000136720,HS6ST1,0.7,0.107878887102972,
ENSG00000136982,DSCC1,0.7,0.303115928602721,
ENSG00000137337,MDC1,0.7,0.081823768778173,
ENSG00000137404,NRM,0.7,0.0764757237962569,
ENSG00000137812,KNL1,0.7,0.13511432531794,
ENSG00000138134,STAMBPL1,-0.7,0.122971622439096,
ENSG00000138135,CH25H,-0.7,0.452079218723607,
ENSG00000138161,CUZD1,0.7,0.469002339344419,
ENSG00000138346,DNA2,0.7,0.156035420257341,
ENSG00000138615,CILP,-0.7,0.481674064541333,
ENSG00000138669,PRKG2,-0.7,0.49574586361533,
ENSG00000138829,FBN2,0.7,0.423293320092712,
ENSG00000138835,RGS3,0.7,0.0884313238892363,
ENSG00000139618,BRCA2,0.7,0.252190523066291,
ENSG00000140044,JDP2,-0.7,0.190678594727178,
ENSG00000140450,ARRDC4,-0.7,0.0664576456055237,
ENSG00000140511,HAPLN3,0.7,0.419419813538598,
ENSG00000140961,OSGIN1,-0.7,0.483337495665923,
ENSG00000142686,C1orf216,0.7,0.127743364199576,
ENSG00000143333,RGS16,0.7,0.291027749480947,
ENSG00000143816,WNT9A,0.7,0.326023387552751,
ENSG00000144152,FBLN7,0.7,0.264766893265897,
ENSG00000144369,FAM171B,-0.7,0.0146863464844652,
ENSG00000145757,SPATA9,-0.7,,
ENSG00000146147,MLIP,-0.7,0.439996431793156,
ENSG00000146477,SLC22A3,-0.7,,
ENSG00000146918,NCAPG2,0.7,0.0819673339716744,
ENSG00000147481,SNTG1,-0.7,0.408377916982086,
ENSG00000148219,ASTN2,-0.7,0.102835245531463,
ENSG00000149380,P4HA3,-0.7,,
ENSG00000149636,DSN1,0.7,0.0967777992498995,
ENSG00000149948,HMGA2,0.7,0.305166696322029,
ENSG00000150594,ADRA2A,-0.7,0.420157596062957,
ENSG00000150687,PRSS23,-0.7,0.193373524548072,
ENSG00000151689,INPP1,-0.7,0.284801278152251,
ENSG00000151789,ZNF385D,-0.7,0.127743364199576,
ENSG00000151917,BEND6,-0.7,0.358646798864969,
ENSG00000152049,KCNE4,-0.7,0.410300899824731,
ENSG00000152253,SPC25,0.7,0.124169230168709,
ENSG00000153012,LGI2,0.7,0.333595721937063,
ENSG00000154027,AK5,-0.7,0.35885245471209,
ENSG00000154099,DNAAF1,-0.7,0.225300714397823,
ENSG00000154153,RETREG1,-0.7,0.436849000505534,
ENSG00000154330,PGM5,-0.7,0.438851404284906,
ENSG00000154342,WNT3A,0.7,,
ENSG00000154358,OBSCN,0.7,0.00736053469734884,
ENSG00000154478,GPR26,-0.7,,
ENSG00000154645,CHODL,-0.7,0.306009635078883,
ENSG00000154655,L3MBTL4,-0.7,0.440013680408585,
ENSG00000154760,SLFN13,0.7,0.467456680868241,
ENSG00000154839,SKA1,0.7,0.176598420174925,
ENSG00000155254,MARVELD1,-0.7,0.218277913276671,
ENSG00000156687,UNC5D,-0.7,0.044770928901838,
ENSG00000156802,ATAD2,0.7,0.167576945857002,
ENSG00000156959,LHFPL4,-0.7,0.310457856726544,
ENSG00000157388,CACNA1D,-0.7,0.448754377999378,
ENSG00000157445,CACNA2D3,0.7,0.410300899824731,
ENSG00000157782,CABP1,0.7,0.389896264092494,
ENSG00000158402,CDC25C,0.7,0.232409556033099,
ENSG00000158769,F11R,0.7,0.281884754280001,
ENSG00000159239,,-0.7,0.453422402636897,
ENSG00000159259,CHAF1B,0.7,0.16316244193052,
ENSG00000159713,TPPP3,0.7,0.174046234879261,
ENSG00000159958,TNFRSF13C,0.7,0.178346001184266,
ENSG00000160200,CBS,0.7,0.455195474231257,
ENSG00000160298,C21orf58,0.7,0.158197077702324,
ENSG00000160307,S100B,-0.7,0.452444252169105,
ENSG00000160949,TONSL,0.7,0.127743364199576,
ENSG00000161243,FBXO27,-0.7,0.410300899824731,
ENSG00000161980,POLR3K,0.7,0.174066273076715,
ENSG00000162062,TEDC2,0.7,0.0994819690744824,
ENSG00000162599,NFIA,-0.7,0.469439583982254,
ENSG00000163017,ACTG2,0.7,0.381869974344231,
ENSG00000163565,IFI16,-0.7,0.252381991223234,
ENSG00000163596,ICA1L,-0.7,0.15237570005848,
ENSG00000163702,IL17RC,-0.7,0.179665257665649,
ENSG00000164032,H2AZ1,0.7,0.0224900109653721,
ENSG00000164087,POC1A,0.7,0.131432106859502,
ENSG00000164330,EBF1,-0.7,0.111977256610113,
ENSG00000164591,MYOZ3,0.7,0.339675945112303,
ENSG00000164741,DLC1,-0.7,0.283935730902406,
ENSG00000164841,TMEM74,0.7,0.33312126583319,
ENSG00000165164,CFAP47,-0.7,0.340124753469445,
ENSG00000165181,SHOC1,-0.7,,
ENSG00000165272,AQP3,0.7,0.498315379238102,
ENSG00000165591,FAAH2,-0.7,0.436427155373152,
ENSG00000165973,NELL1,-0.7,0.352107107958227,
ENSG00000166086,JAM3,0.7,0.0382843597163944,
ENSG00000166145,SPINT1,0.7,,
ENSG00000166483,WEE1,0.7,0.0995854756571934,
ENSG00000166710,B2M,-0.7,0.238730107066787,
ENSG00000166979,EVA1C,-0.7,0.44794297431506,
ENSG00000167523,SPATA33,0.7,0.0995854756571934,
ENSG00000167553,TUBA1C,0.7,0.133683907077775,
ENSG00000167747,C19orf48,0.7,0.158575198265007,
ENSG00000168393,DTYMK,0.7,0.0882430925033767,
ENSG00000168476,REEP4,0.7,0.120064105592505,
ENSG00000170049,KCNAB3,0.7,0.213314277034068,
ENSG00000170456,DENND5B,-0.7,0.0137448570405663,
ENSG00000170579,DLGAP1,-0.7,0.0901653588454025,
ENSG00000170775,GPR37,-0.7,0.365015319556373,
ENSG00000171119,NRTN,0.7,0.457676492185467,
ENSG00000171189,GRIK1,-0.7,0.298647418464744,
ENSG00000171241,SHCBP1,0.7,0.131206352718,
ENSG00000171385,KCND3,-0.7,0.477527574239914,
ENSG00000171488,LRRC8C,-0.7,0.276796087522906,
ENSG00000171517,LPAR3,0.7,0.470787518383958,
ENSG00000171817,ZNF540,-0.7,0.201099413612052,
ENSG00000171992,SYNPO,-0.7,0.41372425198247,
ENSG00000172216,CEBPB,-0.7,0.34746361223132,
ENSG00000173714,WFIKKN2,0.7,0.421223066047019,
ENSG00000173894,CBX2,0.7,0.0431641736064276,
ENSG00000174080,CTSF,-0.7,0.140444606150512,
ENSG00000174137,FAM53A,0.7,0.416097817013393,
ENSG00000174500,GCSAM,0.7,0.41590942124221,
ENSG00000174807,CD248,-0.7,0.366686621272287,
ENSG00000175267,VWA3A,-0.7,0.487531693747568,
ENSG00000176046,NUPR1,-0.7,0.42503982914672,
ENSG00000176244,ACBD7,0.7,0.166892217172606,
ENSG00000176463,SLCO3A1,0.7,0.146790926399124,
ENSG00000176619,LMNB2,0.7,0.0324417264654153,
ENSG00000176890,TYMS,0.7,0.103931613676803,
ENSG00000177469,CAVIN1,-0.7,0.442399720368923,
ENSG00000177511,ST8SIA3,-0.7,0.393171149942063,
ENSG00000177602,HASPIN,0.7,0.130167521251387,
ENSG00000177757,FAM87B,-0.7,0.495146013993213,
ENSG00000178125,PPP1R42,-0.7,,
ENSG00000178773,CPNE7,0.7,0.392510000983422,
ENSG00000178878,APOLD1,0.7,0.091281156601199,
ENSG00000179630,LACC1,-0.7,0.498315379238102,
ENSG00000179958,DCTPP1,0.7,0.0386657667160544,
ENSG00000180198,RCC1,0.7,0.00964600239346668,
ENSG00000180287,PLD5,-0.7,0.302202768593038,
ENSG00000180921,FAM83H,0.7,0.421223066047019,
ENSG00000181392,SYNE4,-0.7,0.450319318363741,
ENSG00000181544,FANCB,0.7,0.446441424032801,
ENSG00000181722,ZBTB20,-0.7,0.29935706839869,
ENSG00000182010,RTKN2,0.7,0.190678594727178,
ENSG00000182022,CHST15,-0.7,0.337250307569656,
ENSG00000182325,FBXL6,0.7,0.111077929299914,
ENSG00000182379,NXPH4,-0.7,0.373250070071928,
ENSG00000182901,RGS7,-0.7,0.359520149955554,
ENSG00000183579,ZNRF3,0.7,0.0768577312042775,
ENSG00000183763,TRAIP,0.7,0.132656441674154,
ENSG00000183929,DUSP5P1,0.7,,
ENSG00000184185,KCNJ12,0.7,0.390046597895167,
ENSG00000184445,KNTC1,0.7,0.172982519437034,
ENSG00000184588,PDE4B,-0.7,0.131432106859502,
ENSG00000184709,LRRC26,-0.7,,
ENSG00000184731,FAM110C,-0.7,,
ENSG00000184811,TRARG1,0.7,0.438389531777208,
ENSG00000184992,BRI3BP,0.7,0.158575198265007,
ENSG00000185070,FLRT2,-0.7,0.073624957177709,
ENSG00000185347,TEDC1,0.7,0.190458526728542,
ENSG00000185361,TNFAIP8L1,0.7,0.131432106859502,
ENSG00000185432,METTL7A,-0.7,0.17895259192527,
ENSG00000185838,GNB1L,0.7,0.26695658621286,
ENSG00000186369,LINC00643,-0.7,0.447884478960162,
ENSG00000186462,NAP1L2,-0.7,0.188342879837682,
ENSG00000186638,KIF24,0.7,0.0350996089895269,
ENSG00000186777,ZNF732,0.7,0.423876635381285,
ENSG00000187244,BCAM,0.7,0.138067457060035,
ENSG00000187951,,0.7,0.197217354777368,
ENSG00000188158,NHS,0.7,0.194297196980196,
ENSG00000188610,FAM72B,0.7,0.416926493148273,
ENSG00000188833,ENTPD8,0.7,0.436849000505534,
ENSG00000196482,ESRRG,-0.7,0.171095849337862,
ENSG00000196584,XRCC2,0.7,0.227809103702017,
ENSG00000196611,MMP1,-0.7,,
ENSG00000197044,ZNF441,-0.7,0.127743364199576,
ENSG00000197406,DIO3,-0.7,0.362468368230605,
ENSG00000197635,DPP4,0.7,0.447743379880962,
ENSG00000197747,S100A10,-0.7,0.42612426503994,
ENSG00000197776,KLHDC1,-0.7,0.278999827538375,
ENSG00000197901,SLC22A6,-0.7,,
ENSG00000197993,KEL,-0.7,0.484191427508482,
ENSG00000198155,ZNF876P,0.7,0.442230399092289,
ENSG00000203688,LINC02487,0.7,0.26695658621286,
ENSG00000204640,NMS,0.7,,
ENSG00000205403,CFI,-0.7,0.395409881720227,
ENSG00000205592,MUC19,-0.7,0.423293320092712,
ENSG00000205929,C21orf62,-0.7,0.498315379238102,
ENSG00000207547,MIR25,0.7,0.379420733965067,
ENSG00000210117,MT-TW,-0.7,,
ENSG00000213347,MXD3,0.7,0.299996947258665,
ENSG00000213390,ARHGAP19,0.7,0.0551551838467501,
ENSG00000213949,ITGA1,0.7,0.467759603839367,
ENSG00000214192,UBE2V1P2,-0.7,0.481621974724757,
ENSG00000214391,TUBAP2,0.7,,
ENSG00000214510,SPINK13,-0.7,,
ENSG00000214688,C10orf105,-0.7,,
ENSG00000214826,DDX12P,0.7,0.324536193412243,
ENSG00000221890,NPTXR,-0.7,0.426043981505418,
ENSG00000224165,DNAJC27-AS1,-0.7,0.302202768593038,
ENSG00000224189,HAGLR,0.7,0.388697855824965,
ENSG00000224243,SOX1-OT,-0.7,0.149583928928239,
ENSG00000224631,RPS27AP16,-0.7,,
ENSG00000224897,POT1-AS1,-0.7,0.362468368230605,
ENSG00000227081,,-0.7,0.420157596062957,
ENSG00000227097,RPS28P7,0.7,0.416653396529526,
ENSG00000227544,,-0.7,,
ENSG00000227954,TARID,-0.7,,
ENSG00000228716,DHFR,0.7,0.194661022724991,
ENSG00000228929,RPS13P2,0.7,,
ENSG00000229619,MBNL1-AS1,0.7,0.419709010469166,
ENSG00000229644,NAMPTP1,-0.7,0.410300899824731,
ENSG00000231607,DLEU2,0.7,0.410300899824731,
ENSG00000233030,,-0.7,,
ENSG00000234456,MAGI2-AS3,-0.7,0.148590294909053,
ENSG00000235370,DNM1P51,0.7,0.41372425198247,
ENSG00000235448,LURAP1L-AS1,-0.7,,
ENSG00000235597,LINC01102,-0.7,0.323707161920502,
ENSG00000235760,MSH2-OT1,0.7,,
ENSG00000236483,MTND2P40,-0.7,0.455195474231257,
ENSG00000236609,ZNF853,-0.7,0.269127317468876,
ENSG00000237172,B3GNT9,-0.7,0.390363741502168,
ENSG00000237515,SHISA9,0.7,0.340124753469445,
ENSG00000238198,LRIG2-DT,-0.7,0.442399720368923,
ENSG00000238241,CCR12P,0.7,,
ENSG00000238741,SCARNA7,-0.7,,
ENSG00000239713,APOBEC3G,-0.7,,
ENSG00000240342,RPS2P5,0.7,,
ENSG00000240898,,-0.7,,
ENSG00000243199,,0.7,,
ENSG00000243232,PCDHAC2,-0.7,0.423876635381285,
ENSG00000245864,MEF2C-AS2,-0.7,,
ENSG00000247157,LINC01252,-0.7,0.450337763341392,
ENSG00000247796,,-0.7,0.469811319597833,
ENSG00000248127,,-0.7,0.410963750911862,
ENSG00000248485,PCP4L1,0.7,0.392247435629934,
ENSG00000250305,TRMT9B,-0.7,0.17895259192527,
ENSG00000250846,EPHA5-AS1,-0.7,0.399977595611431,
ENSG00000250899,,0.7,0.41372425198247,
ENSG00000251414,,-0.7,0.438006344030122,
ENSG00000253457,SMIM18,-0.7,0.272714441661159,
ENSG00000254122,PCDHGB7,-0.7,0.299495576242245,
ENSG00000254815,LMNTD2-AS1,0.7,0.396369826460173,
ENSG00000255366,,-0.7,0.408377916982086,
ENSG00000255774,LINC02747,0.7,,
ENSG00000256185,,-0.7,,
ENSG00000257711,,-0.7,0.398290100253761,
ENSG00000258738,,-0.7,0.390888398531924,
ENSG00000259953,,-0.7,0.310515310526874,
ENSG00000259964,THSD4-AS1,0.7,,
ENSG00000260236,,-0.7,0.412436034956605,
ENSG00000260711,,-0.7,,
ENSG00000260802,SERTM2,-0.7,0.392632619810985,
ENSG00000260978,,-0.7,0.421223066047019,
ENSG00000261141,,-0.7,0.405790134059887,
ENSG00000261146,,-0.7,,
ENSG00000261488,TBILA,0.7,0.496826450414042,
ENSG00000261675,,-0.7,,
ENSG00000262119,,-0.7,0.408377916982086,
ENSG00000263874,LINC00672,-0.7,0.225583735814048,
ENSG00000264345,LINC01894,0.7,,
ENSG00000265179,,0.7,0.438006344030122,
ENSG00000267041,ZNF850,0.7,0.153531884422095,
ENSG00000267475,NUDT19-DT,-0.7,,
ENSG00000267586,LINC00907,0.7,0.413340170859522,
ENSG00000269834,ZNF528-AS1,-0.7,0.125578332201149,
ENSG00000270419,CAHM,-0.7,0.272397733652501,
ENSG00000270433,H3P37,-0.7,0.425791747607113,
ENSG00000271789,,-0.7,,
ENSG00000272267,,-0.7,0.402161748131748,
ENSG00000272509,,-0.7,0.44357810194447,
ENSG00000272512,,0.7,0.269127317468876,
ENSG00000272667,,0.7,0.452726726728371,
ENSG00000272758,WDR5B-DT,-0.7,0.349039394557453,
ENSG00000273424,,-0.7,,
ENSG00000273599,,0.7,0.18881423717605,
ENSG00000273747,,-0.7,,
ENSG00000274461,,-0.7,0.44928176523222,
ENSG00000274718,,-0.7,0.39409305218475,
ENSG00000274776,,-0.7,,
ENSG00000275342,PRAG1,0.7,0.207010346083833,
ENSG00000276115,,-0.7,0.390046597895167,
ENSG00000276672,,0.7,0.421752957771436,
ENSG00000277399,GPR179,-0.7,0.396642553099148,
ENSG00000277767,,-0.7,0.436849000505534,
ENSG00000278668,,-0.7,,
ENSG00000279013,,-0.7,0.483337495665923,
ENSG00000281974,,-0.7,,
ENSG00000282381,,0.7,0.402161748131748,
ENSG00000283692,,0.7,,
ENSG00000283782,,-0.7,,
ENSG00000284906,,0.7,,
ENSG00000285907,,0.7,0.374883536269193,
ENSG00000285928,,-0.7,,
ENSG00000001460,STPG1,0.6,0.542112213763779,
ENSG00000002746,HECW1,-0.6,0.379569393779346,
ENSG00000008118,CAMK1G,0.6,0.306004865880347,
ENSG00000008441,NFIX,-0.6,0.478463637400157,
ENSG00000011426,ANLN,0.6,0.413092760318746,
ENSG00000012048,BRCA1,0.6,0.208643273951174,
ENSG00000013293,SLC7A14,-0.6,0.510666047183712,
ENSG00000022355,GABRA1,-0.6,,
ENSG00000022556,NLRP2,0.6,0.153531884422095,
ENSG00000023697,DERA,0.6,0.365015319556373,
ENSG00000033122,LRRC7,-0.6,0.507782194403134,
ENSG00000035664,DAPK2,0.6,0.518938354462658,
ENSG00000035862,TIMP2,-0.6,0.442230399092289,
ENSG00000049541,RFC2,0.6,0.0597987162295235,
ENSG00000050030,NEXMIF,-0.6,0.327405274786339,
ENSG00000050767,COL23A1,-0.6,0.606810092760019,
ENSG00000051523,CYBA,0.6,0.597348293982802,
ENSG00000052850,ALX4,0.6,,
ENSG00000053747,LAMA3,0.6,,
ENSG00000054179,ENTPD2,-0.6,0.513978626568817,
ENSG00000054654,SYNE2,0.6,0.200392207308207,
ENSG00000054967,RELT,0.6,0.196128304359897,
ENSG00000058453,CROCC,0.6,0.119308841283075,
ENSG00000064651,SLC12A2,-0.6,0.299418359948388,
ENSG00000064692,SNCAIP,-0.6,0.257951880443488,
ENSG00000066382,MPPED2,-0.6,0.438357251662426,
ENSG00000069020,MAST4,-0.6,0.45742383820422,
ENSG00000069535,MAOB,-0.6,0.586902257069591,
ENSG00000070159,PTPN3,-0.6,0.471521258136221,
ENSG00000072201,LNX1,-0.6,0.374530846780758,
ENSG00000072786,STK10,0.6,0.141780353284118,
ENSG00000073670,ADAM11,0.6,0.336156106138082,
ENSG00000074527,NTN4,0.6,0.310460331597314,
ENSG00000074800,ENO1,0.6,0.0854734312440252,
ENSG00000076043,REXO2,-0.6,0.291658000133507,
ENSG00000077152,UBE2T,0.6,0.0729254099767467,
ENSG00000077942,FBLN1,0.6,0.448754377999378,
ENSG00000078725,BRINP1,-0.6,0.395914587593122,
ENSG00000079841,RIMS1,-0.6,0.373090713680776,
ENSG00000080644,CHRNA3,0.6,0.202283296671371,
ENSG00000080709,KCNN2,-0.6,0.378588284894505,
ENSG00000081052,COL4A4,-0.6,,
ENSG00000081059,TCF7,0.6,0.241785951464292,
ENSG00000085365,SCAMP1,-0.6,0.202283296671371,
ENSG00000085662,AKR1B1,0.6,0.0575753229633037,
ENSG00000089041,P2RX7,-0.6,,
ENSG00000091073,DTX2,0.6,0.416926493148273,
ENSG00000091651,ORC6,0.6,0.253030123785794,
ENSG00000092853,CLSPN,0.6,0.223184045781112,
ENSG00000094804,CDC6,0.6,0.240930097927228,
ENSG00000095739,BAMBI,-0.6,0.540077263584069,
ENSG00000099260,PALMD,-0.6,0.439022479741457,
ENSG00000100206,DMC1,0.6,,
ENSG00000100401,RANGAP1,0.6,0.146883187855106,
ENSG00000100526,CDKN3,0.6,0.436849000505534,
ENSG00000100979,PLTP,-0.6,0.230256284374974,
ENSG00000101000,PROCR,-0.6,,
ENSG00000101160,CTSZ,-0.6,0.581370408741577,
ENSG00000101417,PXMP4,0.6,0.557370840990798,
ENSG00000101445,PPP1R16B,0.6,0.333595721937063,
ENSG00000101638,ST8SIA5,-0.6,0.539511648563187,
ENSG00000101846,STS,-0.6,0.117128470275255,
ENSG00000102007,PLP2,-0.6,0.513978626568817,
ENSG00000102053,ZC3H12B,0.6,0.225162295640321,
ENSG00000102290,PCDH11X,-0.6,0.438006344030122,
ENSG00000102362,SYTL4,0.6,0.581204518855211,
ENSG00000103154,NECAB2,0.6,0.24414670168045,
ENSG00000104872,PIH1D1,0.6,0.103465480717528,
ENSG00000104886,PLEKHJ1,0.6,0.275701501090885,
ENSG00000105281,SLC1A5,0.6,0.184411095843744,
ENSG00000105784,RUNDC3B,-0.6,0.350736450474426,
ENSG00000105835,NAMPT,-0.6,0.374530846780758,
ENSG00000105855,ITGB8,-0.6,0.0521971551266831,
ENSG00000106268,NUDT1,0.6,0.120006976856285,
ENSG00000106483,SFRP4,-0.6,0.527944105544119,
ENSG00000106538,RARRES2,0.6,0.514294660825358,
ENSG00000106688,SLC1A1,-0.6,0.297774362084609,
ENSG00000106789,CORO2A,0.6,0.467593470555953,
ENSG00000107249,GLIS3,-0.6,0.376918250020873,
ENSG00000107731,UNC5B,0.6,0.410712310407439,
ENSG00000107864,CPEB3,-0.6,0.238263031767724,
ENSG00000107902,LHPP,-0.6,0.386372317788373,
ENSG00000108515,ENO3,0.6,0.377586271776091,
ENSG00000109452,INPP4B,-0.6,0.588282666612478,
ENSG00000109458,GAB1,-0.6,0.318305416282036,
ENSG00000109674,NEIL3,0.6,0.410300899824731,
ENSG00000109738,GLRB,-0.6,0.472298198540205,
ENSG00000110092,CCND1,0.6,0.446829958369247,
ENSG00000110328,GALNT18,0.6,0.396642553099148,
ENSG00000111640,GAPDH,0.6,0.133348318882789,
ENSG00000111669,TPI1,0.6,0.127823040453367,
ENSG00000111716,LDHB,0.6,0.588975521116898,
ENSG00000111912,NCOA7,-0.6,0.423293320092712,
ENSG00000111913,RIPOR2,-0.6,0.402161748131748,
ENSG00000112029,FBXO5,0.6,0.218691865450604,
ENSG00000112149,CD83,0.6,0.469075079479897,
ENSG00000112175,BMP5,0.6,0.579476308153775,
ENSG00000112238,PRDM13,0.6,0.286001643076987,
ENSG00000112309,B3GAT2,-0.6,0.429251417083768,
ENSG00000113140,SPARC,-0.6,0.267517997103017,
ENSG00000113368,LMNB1,0.6,0.119695292554466,
ENSG00000113721,PDGFRB,-0.6,0.586720986066421,
ENSG00000113763,UNC5A,0.6,0.626724083084967,
ENSG00000114554,PLXNA1,0.6,0.0392749364341914,
ENSG00000114656,CFAP92,0.6,0.227809103702017,
ENSG00000115041,KCNIP3,-0.6,0.50533210744315,
ENSG00000115170,ACVR1,-0.6,0.370167202124326,
ENSG00000115267,IFIH1,-0.6,0.512852309877562,
ENSG00000115363,EVA1A,0.6,0.436849000505534,
ENSG00000116016,EPAS1,-0.6,0.615929914998966,
ENSG00000116133,DHCR24,0.6,0.068701991321591,
ENSG00000116285,ERRFI1,-0.6,0.231657819033095,
ENSG00000116729,WLS,0.6,0.138876515688316,
ENSG00000116741,RGS2,-0.6,0.178346001184266,
ENSG00000117834,SLC5A9,0.6,0.588975521116898,
ENSG00000118193,KIF14,0.6,0.395693509621093,
ENSG00000118596,SLC16A7,-0.6,0.440185558130016,
ENSG00000118733,OLFM3,-0.6,0.44928176523222,
ENSG00000118849,RARRES1,-0.6,,
ENSG00000119403,PHF19,0.6,0.199790077462409,
ENSG00000119547,ONECUT2,-0.6,0.579476308153775,
ENSG00000119632,IFI27L2,-0.6,0.0482585936857272,
ENSG00000119714,GPR68,0.6,0.545010237768762,
ENSG00000119922,IFIT2,-0.6,0.535142851819435,
ENSG00000120262,CCDC170,-0.6,0.541830610868591,
ENSG00000121064,SCPEP1,0.6,0.410300899824731,
ENSG00000121900,TMEM54,-0.6,0.398081360915157,
ENSG00000122068,FYTTD1,-0.6,0.0602325641123405,
ENSG00000122483,CCDC18,0.6,0.267719007261885,
ENSG00000122574,WIPF3,-0.6,0.386376480637609,
ENSG00000122733,PHF24,-0.6,0.621910170795634,
ENSG00000122971,ACADS,0.6,0.327022486135015,
ENSG00000123104,ITPR2,-0.6,0.58298430942168,
ENSG00000123136,DDX39A,0.6,0.10692066857137,
ENSG00000123427,EEF1AKMT3,-0.6,0.305348303722952,
ENSG00000123496,IL13RA2,0.6,0.521482464703307,
ENSG00000123570,RAB9B,-0.6,0.216552966084177,
ENSG00000123572,NRK,-0.6,,
ENSG00000123609,NMI,-0.6,,
ENSG00000123685,BATF3,0.6,,
ENSG00000123836,PFKFB2,-0.6,0.392105930932881,
ENSG00000123975,CKS2,0.6,0.410300899824731,
ENSG00000124140,SLC12A5,-0.6,0.33381748487423,
ENSG00000124608,AARS2,0.6,0.127743364199576,
ENSG00000124785,NRN1,-0.6,0.528878493026926,
ENSG00000124920,MYRF,0.6,0.417700316873692,
ENSG00000125531,FNDC11,0.6,0.440185558130016,
ENSG00000125848,FLRT3,-0.6,0.392489892548375,
ENSG00000125864,BFSP1,-0.6,0.627449350441379,
ENSG00000125878,TCF15,0.6,,
ENSG00000125898,FAM110A,0.6,0.413340170859522,
ENSG00000125970,RALY,0.6,0.141075783991884,
ENSG00000126215,XRCC3,0.6,0.330328400305436,
ENSG00000126803,HSPA2,-0.6,0.581402677644928,
ENSG00000127191,TRAF2,0.6,0.153531884422095,
ENSG00000127415,IDUA,-0.6,0.394878115986608,
ENSG00000127423,AUNIP,0.6,0.340029415866539,
ENSG00000128228,SDF2L1,0.6,0.400894807718687,
ENSG00000128610,FEZF1,0.6,,
ENSG00000128655,PDE11A,-0.6,0.367326821475405,
ENSG00000128872,TMOD2,-0.6,0.13467084510208,
ENSG00000128918,ALDH1A2,-0.6,,
ENSG00000129173,E2F8,0.6,0.56152743021496,
ENSG00000129625,REEP5,-0.6,0.0563378640763252,
ENSG00000130054,FAM155B,0.6,0.340029415866539,
ENSG00000130055,GDPD2,-0.6,0.274821468709796,
ENSG00000130270,ATP8B3,0.6,0.49962962649144,
ENSG00000130513,GDF15,-0.6,0.588975521116898,
ENSG00000130520,LSM4,0.6,0.108174950189199,
ENSG00000130695,CEP85,0.6,0.0751613285590312,
ENSG00000130958,SLC35D2,-0.6,0.533576627681824,
ENSG00000131015,ULBP2,0.6,,
ENSG00000131351,HAUS8,0.6,0.2613918996368,
ENSG00000131650,KREMEN2,0.6,0.469647123511819,
ENSG00000132182,NUP210,0.6,0.242234052733014,
ENSG00000132849,PATJ,-0.6,0.385981834419877,
ENSG00000132932,ATP8A2,-0.6,0.324536193412243,
ENSG00000133119,RFC3,0.6,0.34856740407434,
ENSG00000133321,PLAAT4,-0.6,0.510994110422242,
ENSG00000133466,C1QTNF6,-0.6,0.303115928602721,
ENSG00000133519,ZDHHC8P1,0.6,,
ENSG00000133789,SWAP70,0.6,0.379623838360234,
ENSG00000133958,UNC79,-0.6,0.416926493148273,
ENSG00000134569,LRP4,0.6,0.303115928602721,
ENSG00000134602,STK26,0.6,0.477825054835658,
ENSG00000135046,ANXA1,-0.6,0.467750849511984,
ENSG00000135587,SMPD2,0.6,0.399540129125472,
ENSG00000135925,WNT10A,-0.6,,
ENSG00000136147,PHF11,-0.6,0.543045713295493,
ENSG00000136156,ITM2B,-0.6,0.0832510687024872,
ENSG00000136160,EDNRB,-0.6,0.34524405985829,
ENSG00000136267,DGKB,-0.6,0.45742383820422,
ENSG00000136378,ADAMTS7,0.6,0.205576920138706,
ENSG00000136490,LIMD2,0.6,0.275390664249289,
ENSG00000136492,BRIP1,0.6,0.412436034956605,
ENSG00000136518,ACTL6A,0.6,0.229049042725643,
ENSG00000136542,GALNT5,-0.6,,
ENSG00000136732,GYPC,0.6,0.379569393779346,
ENSG00000136811,ODF2,0.6,0.0832510687024872,
ENSG00000136842,TMOD1,-0.6,0.608774765167832,
ENSG00000136943,CTSV,0.6,0.570875504987856,
ENSG00000136999,CCN3,-0.6,0.538222302471468,
ENSG00000137198,GMPR,-0.6,,
ENSG00000137310,TCF19,0.6,0.310460331597314,
ENSG00000137473,TTC29,-0.6,,
ENSG00000137502,RAB30,-0.6,0.210727195171653,
ENSG00000137642,SORL1,-0.6,0.390763780014049,
ENSG00000137700,SLC37A4,0.6,0.188342879837682,
ENSG00000137965,IFI44,-0.6,0.623013897291051,
ENSG00000138030,KHK,0.6,0.390363741502168,
ENSG00000138061,CYP1B1,-0.6,0.495075405796811,
ENSG00000138074,SLC5A6,0.6,0.0599358618295864,
ENSG00000138078,PREPL,-0.6,0.205702375571538,
ENSG00000138092,CENPO,0.6,0.0971991893453676,
ENSG00000138760,SCARB2,-0.6,0.232053533102943,
ENSG00000138778,CENPE,0.6,0.325253577312206,
ENSG00000138814,PPP3CA,-0.6,0.102835245531463,
ENSG00000139211,AMIGO2,-0.6,0.581370408741577,
ENSG00000139899,CBLN3,-0.6,0.637678375019655,
ENSG00000139910,NOVA1,-0.6,0.18840867155376,
ENSG00000140015,KCNH5,-0.6,0.417619869592963,
ENSG00000140092,FBLN5,-0.6,0.581102941757209,
ENSG00000140470,ADAMTS17,-0.6,0.460194401323492,
ENSG00000140545,MFGE8,0.6,0.0792031098797567,
ENSG00000140600,SH3GL3,-0.6,0.42599008614166,
ENSG00000140905,GCSH,-0.6,0.490668664456707,
ENSG00000140945,CDH13,-0.6,0.465843981331084,
ENSG00000140987,ZSCAN32,0.6,0.585749561711869,
ENSG00000141052,MYOCD,-0.6,0.577882872988994,
ENSG00000141198,TOM1L1,0.6,0.141580564286497,
ENSG00000141433,ADCYAP1,0.6,0.519697213203617,
ENSG00000141497,ZMYND15,-0.6,,
ENSG00000141499,WRAP53,0.6,0.0848111875257725,
ENSG00000141526,SLC16A3,0.6,0.539034314384998,
ENSG00000141569,TRIM65,0.6,0.15237570005848,
ENSG00000141577,CEP131,0.6,0.127743364199576,
ENSG00000141750,STAC2,0.6,0.557370840990798,
ENSG00000141854,MISP3,0.6,0.352107107958227,
ENSG00000142227,EMP3,-0.6,0.332949571862582,
ENSG00000142230,SAE1,0.6,0.0551912010386807,
ENSG00000142449,FBN3,0.6,0.108174950189199,
ENSG00000142627,EPHA2,0.6,0.365015319556373,
ENSG00000142731,PLK4,0.6,0.2633118855993,
ENSG00000142875,PRKACB,-0.6,0.074982349947953,
ENSG00000143228,NUF2,0.6,0.379569393779346,
ENSG00000143502,SUSD4,-0.6,0.518927605331693,
ENSG00000143847,PPFIA4,0.6,0.191547482573126,
ENSG00000143858,SYT2,0.6,0.129971548468224,
ENSG00000143942,CHAC2,0.6,0.549271288576291,
ENSG00000144229,THSD7B,0.6,0.575056166769439,
ENSG00000144649,GASK1A,0.6,,
ENSG00000144791,LIMD1,0.6,0.131432106859502,
ENSG00000144847,IGSF11,-0.6,0.494195293538661,
ENSG00000145247,OCIAD2,-0.6,0.614111491396249,
ENSG00000145349,CAMK2D,-0.6,0.192271491364284,
ENSG00000145416,MARCHF1,-0.6,0.0882430925033767,
ENSG00000145794,MEGF10,0.6,0.275390664249289,
ENSG00000145911,N4BP3,0.6,0.171095849337862,
ENSG00000145936,KCNMB1,-0.6,,
ENSG00000146038,DCDC2,-0.6,,
ENSG00000146242,TPBG,0.6,0.220645891298853,
ENSG00000146374,RSPO3,0.6,0.613395915024598,
ENSG00000146386,ABRACL,0.6,0.18881423717605,
ENSG00000146410,MTFR2,0.6,0.467593470555953,
ENSG00000146411,SLC2A12,0.6,0.590890864982505,
ENSG00000147642,SYBU,0.6,0.0871193520945336,
ENSG00000148297,MED22,0.6,0.132858742010939,
ENSG00000148488,ST8SIA6,-0.6,,
ENSG00000148680,HTR7,-0.6,,
ENSG00000148948,LRRC4C,-0.6,0.227809103702017,
ENSG00000149136,SSRP1,0.6,0.0702662309329731,
ENSG00000149571,KIRREL3,0.6,0.414637421494277,
ENSG00000149927,DOC2A,0.6,0.139355348470533,
ENSG00000149929,HIRIP3,0.6,0.160741271445046,
ENSG00000150275,PCDH15,0.6,0.381869974344231,
ENSG00000150625,GPM6A,-0.6,0.141657829627101,
ENSG00000150753,CCT5,0.6,0.0353868554143813,
ENSG00000151067,CACNA1C,-0.6,0.436849000505534,
ENSG00000151229,SLC2A13,-0.6,0.559109814711957,
ENSG00000151726,ACSL1,0.6,0.11542128673467,
ENSG00000151812,SLC35F4,-0.6,0.623013897291051,
ENSG00000151834,GABRA2,-0.6,0.448754377999378,
ENSG00000151892,GFRA1,-0.6,0.476739323604457,
ENSG00000152056,AP1S3,0.6,0.555267237008882,
ENSG00000152061,RABGAP1L,-0.6,0.227809103702017,
ENSG00000152092,ASTN1,-0.6,0.315240316445607,
ENSG00000152137,HSPB8,-0.6,0.542112213763779,
ENSG00000152763,DNAI4,-0.6,0.303115928602721,
ENSG00000152785,BMP3,-0.6,,
ENSG00000152954,NRSN1,-0.6,0.134265160682812,
ENSG00000153048,CARHSP1,0.6,0.123160238314595,
ENSG00000153347,FAM81B,-0.6,0.480919771069204,
ENSG00000153832,FBXO36,-0.6,0.194297196980196,
ENSG00000154080,CHST9,-0.6,0.438006344030122,
ENSG00000154127,UBASH3B,-0.6,0.443353784234077,
ENSG00000154162,CDH12,-0.6,0.413340170859522,
ENSG00000154237,LRRK1,-0.6,0.639489898230772,
ENSG00000154240,CEP112,0.6,0.360483784584485,
ENSG00000154654,NCAM2,-0.6,0.396642553099148,
ENSG00000154864,PIEZO2,0.6,0.329516133420204,
ENSG00000154914,USP43,0.6,0.210727195171653,
ENSG00000154930,ACSS1,-0.6,0.639264112550725,
ENSG00000155008,APOOL,-0.6,0.0448438713869804,
ENSG00000155011,DKK2,-0.6,0.588820300656641,
ENSG00000155052,CNTNAP5,-0.6,0.326846647522422,
ENSG00000156298,TSPAN7,-0.6,0.126610359076195,
ENSG00000156504,PABIR2,0.6,0.158059510302063,
ENSG00000156510,HKDC1,-0.6,,
ENSG00000156689,GLYATL2,0.6,0.473137406333642,
ENSG00000157005,SST,0.6,0.513978626568817,
ENSG00000157087,ATP2B2,-0.6,0.437016194882396,
ENSG00000157150,TIMP4,-0.6,0.618522594689787,
ENSG00000157404,KIT,0.6,0.380893037962586,
ENSG00000157734,SNX22,0.6,0.335496678221135,
ENSG00000157927,RADIL,0.6,0.271248005409276,
ENSG00000157978,LDLRAP1,0.6,0.275390664249289,
ENSG00000158169,FANCC,0.6,0.131432106859502,
ENSG00000158525,CPA5,-0.6,0.555971054868417,
ENSG00000159055,MIS18A,0.6,0.267517997103017,
ENSG00000159217,IGF2BP1,0.6,0.163698709895501,
ENSG00000159399,HK2,0.6,0.151629533146074,
ENSG00000159648,TEPP,0.6,0.581204518855211,
ENSG00000160188,RSPH1,-0.6,0.504786700535918,
ENSG00000160753,RUSC1,0.6,0.184411095843744,
ENSG00000160796,NBEAL2,0.6,0.190678594727178,
ENSG00000161533,ACOX1,-0.6,0.114791464127263,
ENSG00000161618,ALDH16A1,0.6,0.194190481066527,
ENSG00000161638,ITGA5,0.6,0.299996947258665,
ENSG00000161642,ZNF385A,0.6,0.42599008614166,
ENSG00000161692,DBF4B,0.6,0.184411095843744,
ENSG00000161800,RACGAP1,0.6,0.123412807902688,
ENSG00000161944,ASGR2,-0.6,,
ENSG00000161996,WDR90,0.6,0.141005978702438,
ENSG00000162344,FGF19,0.6,,
ENSG00000162374,ELAVL4,-0.6,0.390782772714147,
ENSG00000162490,DRAXIN,0.6,0.0667356687226961,
ENSG00000162522,KIAA1522,0.6,0.152763099879617,
ENSG00000162604,TM2D1,-0.6,0.123515744109238,
ENSG00000162670,BRINP3,0.6,0.466540558902006,
ENSG00000162814,SPATA17,-0.6,0.438006344030122,
ENSG00000162998,FRZB,0.6,0.511341595157136,
ENSG00000163075,CFAP221,-0.6,0.396642553099148,
ENSG00000163249,CCNYL1,0.6,0.133298107950233,
ENSG00000163328,GPR155,-0.6,0.402986717737668,
ENSG00000163568,AIM2,0.6,0.454189592055995,
ENSG00000163644,PPM1K,-0.6,0.1773886126155,
ENSG00000163694,RBM47,-0.6,0.578950307403178,
ENSG00000163788,SNRK,-0.6,0.105174130906252,
ENSG00000163794,UCN,-0.6,0.467122635376065,
ENSG00000163874,ZC3H12A,0.6,0.476739323604457,
ENSG00000163923,RPL39L,0.6,0.337250307569656,
ENSG00000164124,TMEM144,-0.6,,
ENSG00000164199,ADGRV1,0.6,0.521245301805038,
ENSG00000164946,FREM1,0.6,0.32655484847887,
ENSG00000164967,RPP25L,0.6,0.127743364199576,
ENSG00000165138,ANKS6,0.6,0.276796087522906,
ENSG00000165490,DDIAS,0.6,0.382330149386833,
ENSG00000165568,AKR1E2,0.6,0.578950307403178,
ENSG00000165617,DACT1,-0.6,0.491339098016149,
ENSG00000165730,STOX1,-0.6,0.260643010794694,
ENSG00000165805,C12orf50,0.6,,
ENSG00000165891,E2F7,0.6,0.306009635078883,
ENSG00000165929,TC2N,-0.6,0.456700030525504,
ENSG00000165959,CLMN,0.6,0.477927235248503,
ENSG00000166106,ADAMTS15,-0.6,0.520272524811731,
ENSG00000166148,AVPR1A,-0.6,0.440651675126596,
ENSG00000166250,CLMP,-0.6,0.333091963051508,
ENSG00000166451,CENPN,0.6,0.213847574266581,
ENSG00000166473,PKD1L2,-0.6,0.61227273156483,
ENSG00000166596,CFAP52,-0.6,0.607718219980744,
ENSG00000166689,PLEKHA7,0.6,0.25332512796449,
ENSG00000166707,ZCCHC18,-0.6,0.261591639278949,
ENSG00000166840,GLYATL1,0.6,0.588975521116898,
ENSG00000167325,RRM1,0.6,0.134265160682812,
ENSG00000167549,CORO6,0.6,0.225162295640321,
ENSG00000167604,NFKBID,0.6,0.493448980150544,
ENSG00000167637,ZNF283,-0.6,0.286001643076987,
ENSG00000167646,DNAAF3,0.6,0.440185558130016,
ENSG00000167984,NLRC3,-0.6,0.431149092128288,
ENSG00000168078,PBK,0.6,0.128299555817768,
ENSG00000168264,IRF2BP2,-0.6,0.0237537564367709,
ENSG00000168268,NT5DC2,0.6,0.186361001285717,
ENSG00000168418,KCNG4,-0.6,,
ENSG00000168610,STAT3,-0.6,0.260081769801793,
ENSG00000168675,LDLRAD4,-0.6,0.460194401323492,
ENSG00000168676,KCTD19,0.6,0.58298430942168,
ENSG00000168811,IL12A,-0.6,,
ENSG00000169006,NTSR2,0.6,,
ENSG00000169032,MAP2K1,0.6,0.275390664249289,
ENSG00000169085,VXN,-0.6,0.623795644345234,
ENSG00000169220,RGS14,0.6,0.407520157221487,
ENSG00000169683,LRRC45,0.6,0.188342879837682,
ENSG00000169946,ZFPM2,-0.6,0.442389992867657,
ENSG00000170075,GPR37L1,-0.6,0.553915407906171,
ENSG00000170370,EMX2,-0.6,0.436849000505534,
ENSG00000170468,RIOX1,0.6,0.565514244545477,
ENSG00000170485,NPAS2,-0.6,0.375908451302191,
ENSG00000170801,HTRA3,-0.6,0.618201339749614,
ENSG00000170891,CYTL1,-0.6,0.459259373886457,
ENSG00000171124,FUT3,-0.6,,
ENSG00000171243,SOSTDC1,-0.6,0.513978626568817,
ENSG00000171462,DLK2,0.6,0.481746008834604,
ENSG00000171502,COL24A1,0.6,0.588282666612478,
ENSG00000171530,TBCA,-0.6,0.14885719964025,
ENSG00000171532,NEUROD2,-0.6,0.438006344030122,
ENSG00000172123,SLFN12,0.6,0.588975521116898,
ENSG00000172137,CALB2,-0.6,0.610434361225795,
ENSG00000172183,ISG20,-0.6,0.602685723396215,
ENSG00000172409,CLP1,0.6,0.262804530621286,
ENSG00000172465,TCEAL1,-0.6,0.110674083026544,
ENSG00000172687,ZNF738,0.6,0.0527753890481367,
ENSG00000172828,CES3,0.6,0.436743219284598,
ENSG00000173406,DAB1,-0.6,0.436849000505534,
ENSG00000173548,SNX33,0.6,0.0995854756571934,
ENSG00000173726,TOMM20,-0.6,0.299996947258665,
ENSG00000173801,JUP,0.6,0.263473675973669,
ENSG00000173846,PLK3,0.6,0.152763099879617,
ENSG00000173848,NET1,0.6,0.291270757564731,
ENSG00000174145,NWD2,-0.6,0.597348293982802,
ENSG00000174428,GTF2IRD2B,-0.6,0.560612387711938,
ENSG00000174721,FGFBP3,-0.6,0.291027749480947,
ENSG00000174804,FZD4,0.6,0.442230399092289,
ENSG00000175395,ZNF25,-0.6,0.134265160682812,
ENSG00000176014,TUBB6,0.6,0.180666323897402,
ENSG00000176125,UFSP1,-0.6,0.628286603885136,
ENSG00000176472,ZNF575,-0.6,0.541453791270545,
ENSG00000176485,PLAAT3,-0.6,0.518100340632667,
ENSG00000176563,CNTD1,-0.6,0.520272524811731,
ENSG00000176641,RNF152,-0.6,0.392510000983422,
ENSG00000176771,NCKAP5,0.6,0.127743364199576,
ENSG00000176907,TCIM,-0.6,0.575843084979895,
ENSG00000176978,DPP7,-0.6,0.32655484847887,
ENSG00000177406,NINJ2-AS1,-0.6,,
ENSG00000177483,RBM44,0.6,0.541970221136149,
ENSG00000177917,ARL6IP6,0.6,0.41372425198247,
ENSG00000177971,IMP3,0.6,0.280517788948524,
ENSG00000178038,ALS2CL,0.6,0.550253290569778,
ENSG00000178295,GEN1,0.6,0.321330992999676,
ENSG00000178752,ERFE,0.6,0.404001379407621,
ENSG00000178852,EFCAB13,-0.6,0.390782772714147,
ENSG00000178921,PFAS,0.6,0.0995854756571934,
ENSG00000179131,,-0.6,,
ENSG00000179331,RAB39A,0.6,0.529433114987957,
ENSG00000179361,ARID3B,0.6,0.33801746022687,
ENSG00000179477,ALOX12B,0.6,,
ENSG00000180178,FAR2P1,-0.6,0.576510464335405,
ENSG00000180447,GAS1,0.6,0.533576627681824,
ENSG00000180638,SLC47A2,-0.6,0.588975521116898,
ENSG00000180806,HOXC9,0.6,0.557370840990798,
ENSG00000180815,MAP3K15,0.6,0.588975521116898,
ENSG00000181381,DDX60L,-0.6,0.443353784234077,
ENSG00000182132,KCNIP1,-0.6,0.227809103702017,
ENSG00000182179,UBA7,-0.6,0.543045713295493,
ENSG00000182484,WASH6P,0.6,0.487802831093439,
ENSG00000182700,IGIP,-0.6,0.405790134059887,
ENSG00000184113,CLDN5,0.6,0.437016194882396,
ENSG00000184305,CCSER1,-0.6,0.518100340632667,
ENSG00000184635,ZNF93,0.6,0.231657819033095,
ENSG00000184702,SEPTIN5,-0.6,0.380987149743494,
ENSG00000184908,CLCNKB,0.6,,
ENSG00000184990,SIVA1,0.6,0.139384843321848,
ENSG00000185052,SLC24A3,-0.6,0.273991440704812,
ENSG00000185053,SGCZ,-0.6,,
ENSG00000185164,NOMO2,-0.6,0.507013166716208,
ENSG00000185267,CDNF,-0.6,0.606992760633816,
ENSG00000185269,NOTUM,0.6,0.628585801135285,
ENSG00000185298,CCDC137,0.6,0.208643273951174,
ENSG00000185522,LMNTD2,0.6,0.437016194882396,
ENSG00000185565,LSAMP,-0.6,0.279500067369734,
ENSG00000185567,AHNAK2,0.6,0.340539069533095,
ENSG00000185666,SYN3,-0.6,0.540077263584069,
ENSG00000185681,MORN5,-0.6,0.527944105544119,
ENSG00000185742,C11orf87,-0.6,0.469002339344419,
ENSG00000185774,KCNIP4,-0.6,0.476199497029105,
ENSG00000186628,FSD2,-0.6,,
ENSG00000186792,HYAL3,0.6,0.494992996239426,
ENSG00000186951,PPARA,-0.6,0.392105930932881,
ENSG00000187268,FAM9C,-0.6,,
ENSG00000187416,LHFPL3,0.6,0.581370408741577,
ENSG00000188033,ZNF490,-0.6,0.392178064431538,
ENSG00000188176,SMTNL2,0.6,0.608774765167832,
ENSG00000188177,ZC3H6,-0.6,0.130470033526242,
ENSG00000188211,NCR3LG1,0.6,0.489134228365234,
ENSG00000188603,CLN3,-0.6,0.535142851819435,
ENSG00000188613,NANOS1,-0.6,0.308759856298165,
ENSG00000188779,SKOR1,0.6,0.557390773909675,
ENSG00000188868,ZNF563,-0.6,0.487531693747568,
ENSG00000189292,ALKAL2,-0.6,,
ENSG00000189403,HMGB1,0.6,0.153531884422095,
ENSG00000196104,SPOCK3,-0.6,0.423905692323571,
ENSG00000196503,ARL9,0.6,0.528491896267114,
ENSG00000196683,TOMM7,-0.6,0.183458840312126,
ENSG00000196975,ANXA4,-0.6,0.373591659006902,
ENSG00000197168,NEK5,-0.6,0.354303982626175,
ENSG00000197249,SERPINA1,-0.6,,
ENSG00000197442,MAP3K5,-0.6,,
ENSG00000197472,ZNF695,0.6,0.396642553099148,
ENSG00000197479,PCDHB11,-0.6,0.398153138012911,
ENSG00000197594,ENPP1,0.6,0.517809878289211,
ENSG00000197696,NMB,0.6,0.365174453074024,
ENSG00000197785,ATAD3A,0.6,0.220392822271936,
ENSG00000197959,DNM3,-0.6,0.142623120854629,
ENSG00000198010,DLGAP2,-0.6,0.538222302471468,
ENSG00000198088,NUP62CL,0.6,0.622206870687037,
ENSG00000198108,CHSY3,-0.6,0.608550977340717,
ENSG00000198331,HYLS1,0.6,0.53107378824533,
ENSG00000198355,PIM3,0.6,0.163295072182328,
ENSG00000198483,ANKRD35,0.6,,
ENSG00000198554,WDHD1,0.6,0.241542738207691,
ENSG00000198753,PLXNB3,-0.6,0.467759603839367,
ENSG00000198759,EGFL6,-0.6,0.587468023733319,
ENSG00000198826,ARHGAP11A,0.6,0.279197754699892,
ENSG00000198830,HMGN2,0.6,0.0695859792188022,
ENSG00000203685,STUM,-0.6,0.570875504987856,
ENSG00000203780,FANK1,-0.6,0.400894807718687,
ENSG00000204130,RUFY2,-0.6,0.0551551838467501,
ENSG00000204172,AGAP9,0.6,0.474035890986063,
ENSG00000204209,DAXX,0.6,0.0664576456055237,
ENSG00000204228,HSD17B8,0.6,0.334841940390919,
ENSG00000204252,HLA-DOA,0.6,,
ENSG00000204264,PSMB8,-0.6,0.517650374654762,
ENSG00000204347,BTBD17,0.6,0.197217354777368,
ENSG00000204410,MSH5,0.6,0.329516133420204,
ENSG00000204438,GPANK1,0.6,0.16226589536994,
ENSG00000204520,MICA,0.6,0.535142851819435,
ENSG00000205611,LINC01597,0.6,0.302202768593038,
ENSG00000205682,,-0.6,,
ENSG00000205744,DENND1C,0.6,0.581328517248739,
ENSG00000205771,CATSPER2P1,-0.6,,
ENSG00000205856,C22orf42,-0.6,,
ENSG00000207156,RNU6-505P,0.6,,
ENSG00000210194,MT-TE,-0.6,0.447884478960162,
ENSG00000213018,PABPN1P1,-0.6,0.623605340101938,
ENSG00000213654,GPSM3,0.6,0.602685723396215,
ENSG00000213985,,0.6,0.597348293982802,
ENSG00000215018,COL28A1,-0.6,0.50533210744315,
ENSG00000215417,MIR17HG,0.6,0.626739035923013,
ENSG00000215915,ATAD3C,0.6,,
ENSG00000216775,,0.6,0.0690912016215492,
ENSG00000217130,,0.6,,
ENSG00000218175,,-0.6,0.602685723396215,
ENSG00000218672,,0.6,0.586902257069591,
ENSG00000221184,,0.6,0.589122670562872,
ENSG00000223403,MEG9,0.6,0.467469501624079,
ENSG00000224382,LINC00703,-0.6,,
ENSG00000224790,,-0.6,0.513978626568817,
ENSG00000225808,DNAJC19P5,-0.6,,
ENSG00000226415,TPI1P1,0.6,0.539034314384998,
ENSG00000226742,HSBP1L1,-0.6,0.229049042725643,
ENSG00000226744,,-0.6,,
ENSG00000226823,SUGT1P1,-0.6,,
ENSG00000226864,ATE1-AS1,-0.6,0.50596409986109,
ENSG00000227165,WDR11-AS1,-0.6,0.465532421790287,
ENSG00000227885,,0.6,0.516708681673226,
ENSG00000228692,,-0.6,,
ENSG00000228789,HCG22,-0.6,0.533708405480993,
ENSG00000228824,MIR4500HG,-0.6,0.541450157309457,
ENSG00000229654,LINC02526,-0.6,,
ENSG00000230133,LINC01721,0.6,,
ENSG00000230321,MTCO2P27,-0.6,,
ENSG00000230453,ANKRD18B,0.6,0.505744455103465,
ENSG00000230510,PPP5D1,-0.6,0.548225177737664,
ENSG00000231441,DST-AS1,-0.6,,
ENSG00000232112,TMA7,-0.6,0.410300899824731,
ENSG00000233101,HOXB-AS3,-0.6,0.481674064541333,
ENSG00000233639,PANTR1,0.6,0.118327354602069,
ENSG00000233723,LINC01122,-0.6,0.585749561711869,
ENSG00000233974,,-0.6,,
ENSG00000235121,,-0.6,,
ENSG00000235194,PPP1R3E,-0.6,0.30703227904414,
ENSG00000235363,SNRPGP10,-0.6,0.445409012621591,
ENSG00000235453,SMIM27,-0.6,0.352409930816718,
ENSG00000235681,,-0.6,0.512852309877562,
ENSG00000235848,RMDN2-AS1,-0.6,,
ENSG00000236411,NDUFAF4P3,-0.6,,
ENSG00000236711,SMAD9-IT1,-0.6,,
ENSG00000237737,DCTN1-AS1,-0.6,,
ENSG00000237765,FAM200B,-0.6,0.15237570005848,
ENSG00000237854,LINC00674,-0.6,0.398153138012911,
ENSG00000239587,,0.6,,
ENSG00000243364,EFNA4,0.6,0.230007683217552,
ENSG00000243646,IL10RB,-0.6,0.593726409539607,
ENSG00000244509,APOBEC3C,-0.6,0.469002339344419,
ENSG00000245598,DACT3-AS1,-0.6,0.610802378117017,
ENSG00000245748,,0.6,,
ENSG00000246250,,-0.6,0.58298430942168,
ENSG00000246695,RASSF8-AS1,-0.6,0.271248005409276,
ENSG00000247077,PGAM5,0.6,0.111077929299914,
ENSG00000247240,UBL7-AS1,0.6,0.423293320092712,
ENSG00000248019,FAM13A-AS1,-0.6,0.473137406333642,
ENSG00000248668,OXCT1-AS1,-0.6,0.628286603885136,
ENSG00000248719,,-0.6,0.618546839811167,
ENSG00000249532,MIR302CHG,-0.6,,
ENSG00000249635,,-0.6,,
ENSG00000249790,,0.6,,
ENSG00000250132,,-0.6,0.227694537651814,
ENSG00000250133,HOXC-AS2,0.6,0.470052922759409,
ENSG00000250303,LINC02762,-0.6,0.418363355626334,
ENSG00000251259,,-0.6,,
ENSG00000251417,,-0.6,0.628926524162265,
ENSG00000251485,NRBF2P6,0.6,0.602685723396215,
ENSG00000251666,ZNF346-IT1,-0.6,,
ENSG00000251867,,-0.6,0.492450742154446,
ENSG00000252757,RN7SKP96,0.6,,
ENSG00000253092,,0.6,,
ENSG00000253320,MAILR,-0.6,0.231657819033095,
ENSG00000253549,CA3-AS1,-0.6,0.512852309877562,
ENSG00000253948,VPS13B-DT,-0.6,0.448804549070242,
ENSG00000254087,LYN,0.6,0.588975521116898,
ENSG00000254343,,-0.6,,
ENSG00000255240,,0.6,,
ENSG00000255571,MIR9-3HG,0.6,0.467593470555953,
ENSG00000256073,URB1-AS1,-0.6,0.544597638314123,
ENSG00000256124,LINC01152,-0.6,,
ENSG00000256229,ZNF486,0.6,0.326311528266066,
ENSG00000257178,,-0.6,0.597348293982802,
ENSG00000258655,ARHGAP5-AS1,-0.6,0.549531187170365,
ENSG00000258708,SLC25A21-AS1,-0.6,0.577882872988994,
ENSG00000259158,ADAM20P1,-0.6,0.557611367820564,
ENSG00000259407,,0.6,0.522595329507826,
ENSG00000259495,,-0.6,0.233414543607884,
ENSG00000259642,ST20-AS1,-0.6,0.339675945112303,
ENSG00000259683,,0.6,0.410300899824731,
ENSG00000259775,,-0.6,0.461824561625374,
ENSG00000259781,HMGB1P6,0.6,0.518100340632667,
ENSG00000259969,,-0.6,0.418294946882336,
ENSG00000260034,LCMT1-AS2,-0.6,0.578074608140408,
ENSG00000260057,LINC01571,-0.6,0.607320310615165,
ENSG00000260179,,0.6,,
ENSG00000260196,,0.6,0.343508105175317,
ENSG00000260269,,0.6,,
ENSG00000260343,LINC01043,0.6,,
ENSG00000260473,,0.6,0.504550513690928,
ENSG00000260484,,0.6,,
ENSG00000260495,,-0.6,0.615485615828432,
ENSG00000261474,,-0.6,0.417700316873692,
ENSG00000261568,,0.6,0.564376390928645,
ENSG00000261611,,-0.6,,
ENSG00000262454,MIR193BHG,0.6,0.507782194403134,
ENSG00000263531,,-0.6,,
ENSG00000264569,DCXR-DT,0.6,,
ENSG00000264769,,0.6,,
ENSG00000265458,NARF-AS2,0.6,,
ENSG00000265688,MAFG-DT,0.6,0.507782194403134,
ENSG00000266235,MIR3176,-0.6,,
ENSG00000266479,,0.6,,
ENSG00000266573,,0.6,,
ENSG00000266907,,-0.6,,
ENSG00000267023,LRRC37A16P,-0.6,0.426444634486846,
ENSG00000267040,,-0.6,,
ENSG00000267150,,0.6,,
ENSG00000267374,MIR924HG,0.6,,
ENSG00000267506,,0.6,0.574581465760975,
ENSG00000267769,,0.6,,
ENSG00000267886,,0.6,0.42599008614166,
ENSG00000267980,,0.6,0.449653120773288,
ENSG00000268041,ERFL,-0.6,0.608550977340717,
ENSG00000268205,,-0.6,0.136292403255311,
ENSG00000268592,RAET1E-AS1,-0.6,,
ENSG00000269535,,-0.6,,
ENSG00000269994,LINC02893,0.6,0.608550977340717,
ENSG00000270629,NBPF14,0.6,0.543232382975649,
ENSG00000271275,,0.6,,
ENSG00000272078,,0.6,0.637220983387533,
ENSG00000272308,,-0.6,,
ENSG00000272338,,-0.6,0.518927605331693,
ENSG00000272549,LINC02538,0.6,0.504550513690928,
ENSG00000272630,,-0.6,0.477527574239914,
ENSG00000272829,,-0.6,,
ENSG00000272970,,-0.6,0.588282666612478,
ENSG00000272980,,0.6,,
ENSG00000273079,GRIN2B,-0.6,0.481746008834604,
ENSG00000273238,TMEM271,-0.6,0.555971054868417,
ENSG00000273301,,-0.6,0.410300899824731,
ENSG00000273451,,-0.6,,
ENSG00000274204,,0.6,,
ENSG00000275476,,-0.6,,
ENSG00000275560,,0.6,0.607320310615165,
ENSG00000276564,,-0.6,0.587888510276754,
ENSG00000276710,CSPG4P10,0.6,0.434656007051631,
ENSG00000277806,,-0.6,0.514294660825358,
ENSG00000277840,,-0.6,0.61227273156483,
ENSG00000278934,,-0.6,,
ENSG00000279088,,-0.6,0.438357251662426,
ENSG00000279161,,0.6,0.386075861486665,
ENSG00000279339,,-0.6,,
ENSG00000279541,,-0.6,0.517809878289211,
ENSG00000279587,,-0.6,0.61602521052341,
ENSG00000279690,,-0.6,0.588975521116898,
ENSG00000279692,,0.6,0.628046849041494,
ENSG00000280255,,-0.6,0.339675945112303,
ENSG00000280285,,-0.6,,
ENSG00000280399,,0.6,,
ENSG00000280594,BTG3-AS1,0.6,0.467759603839367,
ENSG00000281880,PAUPAR,-0.6,0.467759603839367,
ENSG00000282458,WASH5P,-0.6,,
ENSG00000283122,HYMAI,0.6,,
ENSG00000283703,VSIG10L2,0.6,,
ENSG00000284196,,-0.6,,
ENSG00000284308,C2orf81,0.6,0.46708672955065,
ENSG00000284681,,0.6,,
ENSG00000284946,,0.6,0.218691865450604,
ENSG00000285587,,-0.6,0.588975521116898,
ENSG00000285684,,-0.6,,
ENSG00000285721,,-0.6,0.620555424196912,
ENSG00000285938,,-0.6,,
ENSG00000002586,CD99,-0.5,0.141657829627101,
ENSG00000003137,CYP26B1,-0.5,0.65156184995076,
ENSG00000004660,CAMKK1,0.5,0.42867271370595,
ENSG00000004799,PDK4,-0.5,0.588282666612478,
ENSG00000005249,PRKAR2B,-0.5,0.306004865880347,
ENSG00000006062,MAP3K14,0.5,0.623605340101938,
ENSG00000006634,DBF4,0.5,0.481746008834604,
ENSG00000006744,ELAC2,0.5,0.190678594727178,
ENSG00000006757,PNPLA4,0.5,0.639264112550725,
ENSG00000007062,PROM1,0.5,0.614111491396249,
ENSG00000008952,SEC62,-0.5,0.251747953325263,
ENSG00000010256,UQCRC1,0.5,0.346496184837564,
ENSG00000010319,SEMA3G,-0.5,0.670710462052067,
ENSG00000010404,IDS,-0.5,0.238433044235915,
ENSG00000011304,PTBP1,0.5,0.323304664509996,
ENSG00000011422,PLAUR,0.5,0.476739323604457,
ENSG00000013561,RNF14,-0.5,0.538222302471468,
ENSG00000019991,HGF,-0.5,,
ENSG00000020577,SAMD4A,-0.5,0.63434759832932,
ENSG00000021826,CPS1,0.5,0.623795644345234,
ENSG00000026025,VIM,-0.5,0.460677711643584,
ENSG00000026036,RTEL1-TNFRSF6B,0.5,0.589122670562872,
ENSG00000030110,BAK1,0.5,0.436849000505534,
ENSG00000034152,MAP2K3,0.5,0.314009957474546,
ENSG00000042429,MED17,0.5,0.54600627587155,
ENSG00000047346,FAM214A,-0.5,0.213847574266581,
ENSG00000047597,XK,0.5,0.706633326819304,
ENSG00000047932,GOPC,-0.5,0.2613918996368,
ENSG00000049323,LTBP1,-0.5,0.377504848948321,
ENSG00000051180,RAD51,0.5,0.6482441410091,
ENSG00000054219,LY75,-0.5,,
ENSG00000054277,OPN3,0.5,0.652946716605415,
ENSG00000056558,TRAF1,0.5,0.692210955624299,
ENSG00000058404,CAMK2B,-0.5,0.625472436613539,
ENSG00000059378,PARP12,-0.5,0.49595927922831,
ENSG00000060709,RIMBP2,-0.5,0.493483419522384,
ENSG00000061455,PRDM6,-0.5,0.736323269892226,
ENSG00000061656,SPAG4,-0.5,0.678346073189831,
ENSG00000062096,ARSF,-0.5,0.628443730721093,
ENSG00000064989,CALCRL,-0.5,0.618457233585609,
ENSG00000065320,NTN1,-0.5,0.606992760633816,
ENSG00000065534,MYLK,0.5,0.664884792511056,
ENSG00000066230,SLC9A3,-0.5,0.402894133362875,
ENSG00000066855,MTFR1,0.5,0.447140036666103,
ENSG00000067113,PLPP1,-0.5,0.620555424196912,
ENSG00000067798,NAV3,-0.5,0.288730775671169,
ENSG00000068028,RASSF1,0.5,0.308901770204409,
ENSG00000068366,ACSL4,-0.5,0.498315379238102,
ENSG00000068489,PRR11,0.5,0.380356393948721,
ENSG00000069431,ABCC9,-0.5,0.541062635262051,
ENSG00000069696,DRD4,-0.5,0.69327611642284,
ENSG00000069998,HDHD5,0.5,0.307935276031058,
ENSG00000070729,CNGB1,-0.5,0.608550977340717,
ENSG00000070814,TCOF1,0.5,0.224598521340173,
ENSG00000072041,SLC6A15,0.5,0.467759603839367,
ENSG00000072501,SMC1A,0.5,0.171095849337862,
ENSG00000074047,GLI2,0.5,0.467122635376065,
ENSG00000074219,TEAD2,0.5,0.264306895051393,
ENSG00000075188,NUP37,0.5,0.336061371663046,
ENSG00000075213,SEMA3A,-0.5,0.652500593628661,
ENSG00000075340,ADD2,0.5,0.315240316445607,
ENSG00000077264,PAK3,-0.5,0.280944566854458,
ENSG00000077279,DCX,-0.5,0.262745811852322,
ENSG00000077514,POLD3,0.5,0.431149092128288,
ENSG00000077943,ITGA8,-0.5,0.700648082951995,
ENSG00000078487,ZCWPW1,-0.5,0.607320310615165,
ENSG00000079102,RUNX1T1,-0.5,0.41590942124221,
ENSG00000079435,LIPE,0.5,0.670541731881634,
ENSG00000079482,OPHN1,-0.5,0.438851404284906,
ENSG00000080031,PTPRH,0.5,0.685962008263129,
ENSG00000080839,RBL1,0.5,0.382202963795059,
ENSG00000081181,ARG2,0.5,0.41372425198247,
ENSG00000082512,TRAF5,0.5,0.49043825116884,
ENSG00000085741,WNT11,-0.5,0.657922605972756,
ENSG00000086289,EPDR1,-0.5,0.602685723396215,
ENSG00000086506,HBQ1,0.5,0.680243400922491,
ENSG00000086570,FAT2,0.5,0.739090562453473,
ENSG00000087087,SRRT,0.5,0.271249004101428,
ENSG00000088280,ASAP3,0.5,0.26032267672179,
ENSG00000088727,KIF9,-0.5,0.602685723396215,
ENSG00000088970,KIZ,-0.5,0.446394886640372,
ENSG00000089692,LAG3,0.5,0.554546602211718,
ENSG00000090006,LTBP4,0.5,0.250413015302959,
ENSG00000090447,TFAP4,0.5,0.336180170055113,
ENSG00000090776,EFNB1,0.5,0.328198127676123,
ENSG00000091127,PUS7,0.5,0.678160794527054,
ENSG00000091128,LAMB4,0.5,,
ENSG00000091879,ANGPT2,0.5,0.643149573632855,
ENSG00000092470,WDR76,0.5,0.49962962649144,
ENSG00000092607,TBX15,-0.5,0.713275135716277,
ENSG00000095637,SORBS1,-0.5,0.238134216211214,
ENSG00000099204,ABLIM1,-0.5,0.332209130706867,
ENSG00000099783,HNRNPM,0.5,0.190678594727178,
ENSG00000099812,MISP,-0.5,0.72477642137636,
ENSG00000099953,MMP11,0.5,0.49962962649144,
ENSG00000099998,GGT5,-0.5,,
ENSG00000100065,CARD10,-0.5,0.713128973048484,
ENSG00000100312,ACR,-0.5,,
ENSG00000100379,KCTD17,0.5,0.34399674949889,
ENSG00000100416,TRMU,0.5,0.110511571755271,
ENSG00000100439,ABHD4,-0.5,0.493700066290272,
ENSG00000100473,COCH,-0.5,0.498207393310809,
ENSG00000100505,TRIM9,-0.5,0.405211679653979,
ENSG00000100614,PPM1A,-0.5,0.304820870245036,
ENSG00000100726,TELO2,0.5,0.393173480972873,
ENSG00000100918,REC8,0.5,0.654270873409605,
ENSG00000101084,RAB5IF,-0.5,0.639264112550725,
ENSG00000101134,DOK5,-0.5,0.436849000505534,
ENSG00000101189,MRGBP,0.5,0.141780353284118,
ENSG00000101220,C20orf27,0.5,0.507782194403134,
ENSG00000101224,CDC25B,0.5,0.533576627681824,
ENSG00000101306,MYLK2,0.5,0.732870505034598,
ENSG00000101311,FERMT1,0.5,,
ENSG00000101353,MROH8,-0.5,0.410300899824731,
ENSG00000101489,CELF4,-0.5,0.652500593628661,
ENSG00000101883,RHOXF1,0.5,,
ENSG00000101911,PRPS2,0.5,0.583984509951817,
ENSG00000101997,CCDC22,0.5,0.442635477370612,
ENSG00000102172,SMS,0.5,0.557268814748871,
ENSG00000102409,BEX4,-0.5,0.284801278152251,
ENSG00000102445,RUBCNL,0.5,0.738055040389062,
ENSG00000102554,KLF5,0.5,0.607320310615165,
ENSG00000102802,MEDAG,-0.5,,
ENSG00000102878,HSF4,-0.5,0.660786027102337,
ENSG00000103187,COTL1,0.5,0.450828550506316,
ENSG00000103202,NME4,0.5,0.108105311542009,
ENSG00000103365,GGA2,0.5,0.177884117489086,
ENSG00000103381,CPPED1,0.5,0.213314277034068,
ENSG00000103534,TMC5,-0.5,,
ENSG00000103550,KNOP1,0.5,0.241785951464292,
ENSG00000103888,CEMIP,0.5,,
ENSG00000104112,SCG3,-0.5,0.459259373886457,
ENSG00000104205,SGK3,-0.5,0.726129801327464,
ENSG00000104213,PDGFRL,-0.5,0.714081606615091,
ENSG00000104219,ZDHHC2,-0.5,0.0994819690744824,
ENSG00000104356,POP1,0.5,0.456650112220416,
ENSG00000104415,CCN4,-0.5,0.664884792511056,
ENSG00000104419,NDRG1,-0.5,0.557268814748871,
ENSG00000104427,ZC2HC1A,-0.5,0.201099413612052,
ENSG00000104524,PYCR3,0.5,0.476739323604457,
ENSG00000104756,KCTD9,0.5,0.478737754011879,
ENSG00000105227,PRX,0.5,0.603527747403048,
ENSG00000105255,FSD1,0.5,0.264306895051393,
ENSG00000105355,PLIN3,0.5,0.339675945112303,
ENSG00000105427,CNFN,0.5,0.675862477732894,
ENSG00000105467,SYNGR4,-0.5,,
ENSG00000105676,ARMC6,0.5,0.343508105175317,
ENSG00000105974,CAV1,-0.5,0.606992760633816,
ENSG00000106070,GRB10,0.5,0.177884117489086,
ENSG00000106113,CRHR2,-0.5,,
ENSG00000106399,RPA3,0.5,0.438006344030122,
ENSG00000106460,TMEM106B,-0.5,0.306145883860122,
ENSG00000106511,MEOX2,-0.5,,
ENSG00000106571,GLI3,0.5,0.54277845939032,
ENSG00000106633,GCK,0.5,0.660786027102337,
ENSG00000106689,LHX2,-0.5,0.750338289811946,
ENSG00000107282,APBA1,-0.5,0.510994110422242,
ENSG00000107521,HPS1,0.5,0.420636214211685,
ENSG00000107742,SPOCK2,-0.5,0.514294660825358,
ENSG00000107821,KAZALD1,0.5,0.740140920836768,
ENSG00000108379,WNT3,0.5,0.436849000505534,
ENSG00000108387,SEPTIN4,0.5,0.476801683277847,
ENSG00000108639,SYNGR2,0.5,0.437016194882396,
ENSG00000108679,LGALS3BP,-0.5,0.282951124981842,
ENSG00000108821,COL1A1,-0.5,0.653392123768449,
ENSG00000108828,VAT1,0.5,0.439022479741457,
ENSG00000108961,RANGRF,0.5,0.711107446699939,
ENSG00000109063,MYH3,0.5,0.629729776512782,
ENSG00000109255,NMU,0.5,0.670710462052067,
ENSG00000109339,MAPK10,0.5,0.329516133420204,
ENSG00000110107,PRPF19,0.5,0.12224408579065,
ENSG00000110237,ARHGEF17,0.5,0.199508090849843,
ENSG00000110697,PITPNM1,0.5,0.518927605331693,
ENSG00000111247,RAD51AP1,0.5,0.637972737129442,
ENSG00000111331,OAS3,-0.5,,
ENSG00000111424,VDR,-0.5,,
ENSG00000111445,RFC5,0.5,0.27405980195281,
ENSG00000111554,MDM1,0.5,0.473345860818209,
ENSG00000111581,NUP107,0.5,0.393642439516291,
ENSG00000111647,UHRF1BP1L,-0.5,0.333646990863573,
ENSG00000111783,RFX4,-0.5,0.378588284894505,
ENSG00000111786,SRSF9,0.5,0.268147374687134,
ENSG00000111911,HINT3,-0.5,0.446394886640372,
ENSG00000112164,GLP1R,0.5,0.678719693214917,
ENSG00000112394,SLC16A10,0.5,0.670710462052067,
ENSG00000112414,ADGRG6,-0.5,0.639264112550725,
ENSG00000112530,PACRG,-0.5,0.674227736884454,
ENSG00000112599,GUCA1B,-0.5,0.560024468288862,
ENSG00000112769,LAMA4,-0.5,0.476801683277847,
ENSG00000113119,TMCO6,0.5,0.541453791270545,
ENSG00000113163,CERT1,-0.5,0.204719257459493,
ENSG00000113389,NPR3,-0.5,,
ENSG00000113504,SLC12A7,0.5,0.310457856726544,
ENSG00000113739,STC2,0.5,0.448754377999378,
ENSG00000113790,EHHADH,-0.5,0.410300899824731,
ENSG00000113805,CNTN3,-0.5,0.677211081522853,
ENSG00000113810,SMC4,0.5,0.284801278152251,
ENSG00000114200,BCHE,0.5,0.44794297431506,
ENSG00000114251,WNT5A,-0.5,0.602685723396215,
ENSG00000114646,CSPG5,-0.5,0.416097817013393,
ENSG00000114738,MAPKAPK3,0.5,0.280517788948524,
ENSG00000114757,PEX5L,-0.5,0.607320310615165,
ENSG00000115232,ITGA4,0.5,0.625472436613539,
ENSG00000115392,FANCL,0.5,0.55968093157633,
ENSG00000115457,IGFBP2,0.5,0.549531187170365,
ENSG00000115468,EFHD1,0.5,0.399540129125472,
ENSG00000115687,PASK,0.5,0.41372425198247,
ENSG00000116032,GRIN3B,0.5,0.702446661939463,
ENSG00000116035,VAX2,0.5,0.694056230210209,
ENSG00000116691,MIIP,0.5,0.423267003727046,
ENSG00000116747,RO60,-0.5,0.280944566854458,
ENSG00000116819,TFAP2E,-0.5,0.489134228365234,
ENSG00000116830,TTF2,0.5,0.373591659006902,
ENSG00000117013,KCNQ4,0.5,0.695543366286084,
ENSG00000117122,MFAP2,0.5,0.469811319597833,
ENSG00000117151,CTBS,-0.5,0.670710462052067,
ENSG00000117707,PROX1,-0.5,0.192574313913379,
ENSG00000117758,STX12,-0.5,0.178346001184266,
ENSG00000117791,MTARC2,0.5,0.589901889640574,
ENSG00000118420,UBE3D,0.5,0.398024357324083,
ENSG00000118473,SGIP1,-0.5,0.305884446467537,
ENSG00000118655,DCLRE1B,0.5,0.34524405985829,
ENSG00000118707,TGIF2,0.5,0.274959221346356,
ENSG00000118777,ABCG2,-0.5,,
ENSG00000119408,NEK6,-0.5,0.603527747403048,
ENSG00000119711,ALDH6A1,-0.5,0.465085011929574,
ENSG00000120008,WDR11,-0.5,0.317086436936578,
ENSG00000120256,LRP11,-0.5,0.670710462052067,
ENSG00000120322,PCDHB8,-0.5,,
ENSG00000120833,SOCS2,-0.5,0.491075649824616,
ENSG00000121690,DEPDC7,0.5,0.543045713295493,
ENSG00000121957,GPSM2,0.5,0.274104239199599,
ENSG00000122862,SRGN,-0.5,,
ENSG00000123219,CENPK,0.5,0.516708681673226,
ENSG00000123243,ITIH5,-0.5,0.652946716605415,
ENSG00000123342,MMP19,-0.5,,
ENSG00000123505,AMD1,0.5,0.470052922759409,
ENSG00000123989,CHPF,-0.5,0.437984769367045,
ENSG00000123999,INHA,-0.5,0.730047838937828,
ENSG00000124074,ENKD1,0.5,0.420157596062957,
ENSG00000124191,TOX2,0.5,0.2613918996368,
ENSG00000124212,PTGIS,0.5,0.344161565677352,
ENSG00000124313,IQSEC2,-0.5,0.528069843326087,
ENSG00000124406,ATP8A1,-0.5,0.392105930932881,
ENSG00000124491,F13A1,-0.5,,
ENSG00000124507,PACSIN1,-0.5,0.639264112550725,
ENSG00000124549,BTN2A3P,0.5,0.618546839811167,
ENSG00000124588,NQO2,0.5,0.438851404284906,
ENSG00000124615,MOCS1,0.5,0.443830866254001,
ENSG00000124875,CXCL6,0.5,,
ENSG00000125089,SH3TC1,-0.5,,
ENSG00000125285,SOX21,0.5,0.408377916982086,
ENSG00000125319,HROB,0.5,0.571156963081865,
ENSG00000125450,NUP85,0.5,0.164841080032155,
ENSG00000125454,SLC25A19,0.5,0.654543544220812,
ENSG00000125533,BHLHE23,0.5,,
ENSG00000125779,PANK2,0.5,0.469811319597833,
ENSG00000125827,TMX4,-0.5,0.259903835336402,
ENSG00000125851,PCSK2,-0.5,0.622622138613853,
ENSG00000125871,MGME1,0.5,0.219221350785955,
ENSG00000125885,MCM8,0.5,0.333595721937063,
ENSG00000126003,PLAGL2,0.5,0.273053925366986,
ENSG00000126218,F10,-0.5,0.659693935800255,
ENSG00000126561,STAT5A,-0.5,0.691951915733496,
ENSG00000126785,RHOJ,0.5,0.657922605972756,
ENSG00000127249,ATP13A4,-0.5,0.713275135716277,
ENSG00000127528,KLF2,-0.5,,
ENSG00000127588,GNG13,0.5,0.691254116070647,
ENSG00000128050,PAICS,0.5,0.390046597895167,
ENSG00000128203,ASPHD2,0.5,0.436849000505534,
ENSG00000128283,CDC42EP1,-0.5,0.627118931481339,
ENSG00000128394,APOBEC3F,-0.5,0.679581044701702,
ENSG00000128482,RNF112,-0.5,0.702446661939463,
ENSG00000128564,VGF,-0.5,0.587888510276754,
ENSG00000128591,FLNC,-0.5,0.57765470840539,
ENSG00000128594,LRRC4,0.5,0.579476308153775,
ENSG00000128602,SMO,0.5,0.382202963795059,
ENSG00000128604,IRF5,0.5,,
ENSG00000128683,GAD1,-0.5,0.608550977340717,
ENSG00000128923,MINDY2,-0.5,0.446476220975212,
ENSG00000128944,KNSTRN,0.5,0.39409305218475,
ENSG00000129347,KRI1,0.5,0.308591932208306,
ENSG00000129467,ADCY4,-0.5,,
ENSG00000129474,AJUBA,0.5,0.598071684290313,
ENSG00000129535,NRL,-0.5,0.725589956940877,
ENSG00000130037,KCNA5,-0.5,0.684406061203183,
ENSG00000130309,COLGALT1,0.5,0.268147374687134,
ENSG00000130649,CYP2E1,-0.5,0.647654545980283,
ENSG00000130713,EXOSC2,0.5,0.294635145191666,
ENSG00000130726,TRIM28,0.5,0.384027255838174,
ENSG00000130748,TMEM160,-0.5,0.588975521116898,
ENSG00000130813,SHFL,-0.5,0.379569393779346,
ENSG00000131773,KHDRBS3,0.5,0.652211089097613,
ENSG00000132000,PODNL1,0.5,0.661015428231523,
ENSG00000132017,DCAF15,0.5,0.518927605331693,
ENSG00000132341,RAN,0.5,0.365015319556373,
ENSG00000132432,SEC61G,0.5,0.700648082951995,
ENSG00000132470,ITGB4,-0.5,0.622206870687037,
ENSG00000132688,NES,0.5,0.153531884422095,
ENSG00000132781,MUTYH,0.5,0.310457856726544,
ENSG00000132846,ZBED3,-0.5,0.267517997103017,
ENSG00000132975,GPR12,-0.5,0.645574929411071,
ENSG00000133065,SLC41A1,-0.5,0.411268322354514,
ENSG00000133083,DCLK1,-0.5,0.250608699280705,
ENSG00000133246,PRAM1,-0.5,0.717683624644832,
ENSG00000133275,CSNK1G2,0.5,0.354303982626175,
ENSG00000133678,TMEM254,-0.5,0.467759603839367,
ENSG00000134222,PSRC1,0.5,0.410300899824731,
ENSG00000134245,WNT2B,-0.5,0.581204518855211,
ENSG00000134323,MYCN,0.5,0.361274098632728,
ENSG00000134352,IL6ST,-0.5,0.438357251662426,
ENSG00000134533,RERG,-0.5,0.743042188213579,
ENSG00000134686,PHC2,0.5,0.509763551547179,
ENSG00000134762,DSC3,0.5,0.642725575186356,
ENSG00000134970,TMED7,-0.5,0.528306311585683,
ENSG00000134982,APC,-0.5,0.223184045781112,
ENSG00000135045,C9orf40,0.5,0.467759603839367,
ENSG00000135083,CCNJL,0.5,0.505744455103465,
ENSG00000135486,HNRNPA1,0.5,0.241785951464292,
ENSG00000135547,HEY2,-0.5,0.642725575186356,
ENSG00000135631,RAB11FIP5,0.5,0.399540129125472,
ENSG00000135636,DYSF,0.5,0.717683624644832,
ENSG00000135972,MRPS9,0.5,0.438221434095493,
ENSG00000136040,PLXNC1,-0.5,0.360333706373208,
ENSG00000136052,SLC41A2,-0.5,0.581328517248739,
ENSG00000136111,TBC1D4,0.5,0.664884792511056,
ENSG00000136167,LCP1,0.5,,
ENSG00000136197,C7orf25,-0.5,,
ENSG00000136235,GPNMB,-0.5,0.717981782506591,
ENSG00000136297,MMD2,-0.5,,
ENSG00000136450,SRSF1,0.5,0.523531170914091,
ENSG00000136699,SMPD4,0.5,0.152994399467136,
ENSG00000136861,CDK5RAP2,0.5,0.223967764009498,
ENSG00000137033,IL33,-0.5,0.686630543411735,
ENSG00000137166,FOXP4,0.5,0.588975521116898,
ENSG00000137203,TFAP2A,0.5,0.660594505138736,
ENSG00000137309,HMGA1,0.5,0.408377916982086,
ENSG00000137331,IER3,0.5,0.602685723396215,
ENSG00000137414,FAM8A1,-0.5,0.252190523066291,
ENSG00000137500,CCDC90B,-0.5,0.197246473872844,
ENSG00000137691,CFAP300,-0.5,0.637972737129442,
ENSG00000137872,SEMA6D,-0.5,0.190678594727178,
ENSG00000137970,RPL7P9,0.5,0.720658595927745,
ENSG00000138172,CALHM2,0.5,0.671168915963688,
ENSG00000138316,ADAMTS14,-0.5,0.687025123476495,
ENSG00000138587,MNS1,0.5,0.588975521116898,
ENSG00000138650,PCDH10,-0.5,0.625848137923214,
ENSG00000138771,SHROOM3,0.5,0.425330808282873,
ENSG00000138794,CASP6,0.5,0.438006344030122,
ENSG00000138798,EGF,-0.5,0.362468368230605,
ENSG00000139289,PHLDA1,-0.5,0.380356393948721,
ENSG00000139354,GAS2L3,0.5,0.518516139911555,
ENSG00000139508,SLC46A3,-0.5,0.608550977340717,
ENSG00000139517,LNX2,0.5,0.498207393310809,
ENSG00000139641,ESYT1,0.5,0.146883187855106,
ENSG00000139737,SLAIN1,0.5,0.262523870077368,
ENSG00000139835,GRTP1,0.5,0.436636686471363,
ENSG00000140009,ESR2,0.5,0.657050895589007,
ENSG00000140090,SLC24A4,0.5,0.608550977340717,
ENSG00000140263,SORD,0.5,0.542112213763779,
ENSG00000140320,BAHD1,0.5,0.392105930932881,
ENSG00000140368,PSTPIP1,0.5,,
ENSG00000140479,PCSK6,0.5,0.657922605972756,
ENSG00000140832,MARVELD3,-0.5,0.678719693214917,
ENSG00000141338,ABCA8,-0.5,0.649973911909361,
ENSG00000141522,ARHGDIA,0.5,0.362468368230605,
ENSG00000141753,IGFBP4,-0.5,0.296780427717026,
ENSG00000142065,ZFP14,-0.5,0.205702375571538,
ENSG00000142166,IFNAR1,-0.5,0.159517054546588,
ENSG00000142453,CARM1,0.5,0.532726124812889,
ENSG00000142961,MOB3C,0.5,0.442230399092289,
ENSG00000143028,SYPL2,0.5,0.729686853679508,
ENSG00000143032,BARHL2,0.5,,
ENSG00000143179,UCK2,0.5,0.206781955395362,
ENSG00000143195,ILDR2,0.5,0.670076409422769,
ENSG00000143341,HMCN1,0.5,0.654270873409605,
ENSG00000143469,SYT14,-0.5,0.414234705355352,
ENSG00000143507,DUSP10,-0.5,0.642112015313417,
ENSG00000143621,ILF2,0.5,0.176621830353365,
ENSG00000143815,LBR,0.5,0.5700630249538,
ENSG00000144476,ACKR3,0.5,0.652500593628661,
ENSG00000144857,BOC,0.5,0.465015495869823,
ENSG00000144908,ALDH1L1,-0.5,0.584958872118655,
ENSG00000145864,GABRB2,-0.5,0.677211081522853,
ENSG00000145949,MYLK4,-0.5,,
ENSG00000146221,TCTE1,-0.5,0.660786027102337,
ENSG00000146373,RNF217,-0.5,0.664496919988845,
ENSG00000146376,ARHGAP18,-0.5,0.567676322441663,
ENSG00000146938,NLGN4X,-0.5,0.131007819597937,
ENSG00000147231,RADX,0.5,0.440651675126596,
ENSG00000147526,TACC1,-0.5,0.502282281735401,
ENSG00000147813,NAPRT,0.5,0.60921063208328,
ENSG00000148123,PLPPR1,-0.5,0.611712868733182,
ENSG00000148175,STOM,-0.5,0.724371157312048,
ENSG00000148408,CACNA1B,0.5,0.357769177208201,
ENSG00000148848,ADAM12,-0.5,0.66432092941615,
ENSG00000149054,ZNF215,0.5,0.736293071823547,
ENSG00000149091,DGKZ,0.5,0.306009635078883,
ENSG00000149212,SESN3,-0.5,0.278999827538375,
ENSG00000149451,ADAM33,-0.5,0.701910389204158,
ENSG00000149635,OCSTAMP,-0.5,0.670710462052067,
ENSG00000149761,NUDT22,0.5,0.488680357982889,
ENSG00000149781,FERMT3,0.5,0.739090562453473,
ENSG00000150281,CTF1,-0.5,0.673092333436324,
ENSG00000150471,ADGRL3,-0.5,0.332595317261864,
ENSG00000150551,LYPD1,-0.5,0.601526070221916,
ENSG00000151023,ENKUR,-0.5,0.436849000505534,
ENSG00000151287,TEX30,0.5,0.531700941030169,
ENSG00000151376,ME3,0.5,0.711107446699939,
ENSG00000151490,PTPRO,-0.5,0.624445238504709,
ENSG00000151617,EDNRA,-0.5,0.656319944833278,
ENSG00000151746,BICD1,-0.5,0.245437172305809,
ENSG00000151967,SCHIP1,-0.5,0.473079449958261,
ENSG00000152240,HAUS1,0.5,0.210912697119065,
ENSG00000152402,GUCY1A2,-0.5,0.601374407491806,
ENSG00000152409,JMY,-0.5,0.302202768593038,
ENSG00000152620,NADK2,-0.5,0.578074608140408,
ENSG00000152953,STK32B,0.5,0.706633326819304,
ENSG00000153044,CENPH,0.5,0.448754377999378,
ENSG00000153208,MERTK,-0.5,0.689043287986571,
ENSG00000153406,NMRAL1,0.5,0.6538837204219,
ENSG00000153531,ADPRHL1,0.5,0.45742383820422,
ENSG00000153933,DGKE,-0.5,0.452471822743278,
ENSG00000154646,TMPRSS15,-0.5,0.642725575186356,
ENSG00000155846,PPARGC1B,0.5,,
ENSG00000155858,LSM11,-0.5,0.417700316873692,
ENSG00000155926,SLA,-0.5,,
ENSG00000155966,AFF2,-0.5,0.538880037413907,
ENSG00000156076,WIF1,-0.5,0.69327611642284,
ENSG00000156113,KCNMA1,-0.5,0.539890990882373,
ENSG00000156172,C8orf37,-0.5,0.37067288277226,
ENSG00000156509,FBXO43,0.5,0.688270295078286,
ENSG00000156671,SAMD8,-0.5,0.398153138012911,
ENSG00000157021,CIBAR1P1,-0.5,0.670710462052067,
ENSG00000157227,MMP14,-0.5,0.636768222709192,
ENSG00000157399,ARSL,0.5,0.579476308153775,
ENSG00000157856,DRC1,-0.5,0.717981782506591,
ENSG00000157999,ANKRD61,0.5,0.713951377829034,
ENSG00000158156,XKR8,0.5,0.711616629814549,
ENSG00000158220,ESYT3,0.5,0.738789037284203,
ENSG00000158270,COLEC12,-0.5,0.699924209577739,
ENSG00000158292,GPR153,0.5,0.310460331597314,
ENSG00000158555,GDPD5,0.5,0.472937482489932,
ENSG00000158716,DUSP23,0.5,0.743042188213579,
ENSG00000159433,STARD9,0.5,0.470052922759409,
ENSG00000159625,DRC7,-0.5,0.697303993961042,
ENSG00000160256,FAM207A,0.5,0.454939344958882,
ENSG00000160299,PCNT,0.5,0.178750186536393,
ENSG00000160410,SHKBP1,0.5,0.413340170859522,
ENSG00000160801,PTH1R,0.5,0.64144867453653,
ENSG00000161132,,0.5,0.640517192129048,
ENSG00000161547,SRSF2,0.5,0.437016194882396,
ENSG00000162068,NTN3,-0.5,0.647110302878866,
ENSG00000162073,PAQR4,0.5,0.357769177208201,
ENSG00000162241,SLC25A45,-0.5,0.652500593628661,
ENSG00000162390,ACOT11,0.5,,
ENSG00000162520,SYNC,-0.5,0.691951915733496,
ENSG00000162545,CAMK2N1,-0.5,0.520272524811731,
ENSG00000162600,OMA1,-0.5,0.521482464703307,
ENSG00000162607,USP1,0.5,0.431149092128288,
ENSG00000162621,LRRC53,-0.5,,
ENSG00000162631,NTNG1,-0.5,0.606992760633816,
ENSG00000162643,DNAI3,-0.5,0.664585592170323,
ENSG00000162733,DDR2,-0.5,0.658085720844345,
ENSG00000162757,C1orf74,0.5,0.633071139275816,
ENSG00000162889,MAPKAPK2,0.5,0.308901770204409,
ENSG00000163009,,0.5,0.652946716605415,
ENSG00000163331,DAPL1,-0.5,,
ENSG00000163453,IGFBP7,-0.5,0.708414986273181,
ENSG00000163624,CDS1,-0.5,0.651057485610241,
ENSG00000163635,ATXN7,0.5,0.670710462052067,
ENSG00000163637,PRICKLE2,-0.5,0.24884779058658,
ENSG00000163638,ADAMTS9,-0.5,0.546762080209594,
ENSG00000163689,CFAP20DC,0.5,,
ENSG00000163803,PLB1,-0.5,0.706633326819304,
ENSG00000163909,HEYL,0.5,0.658175976470765,
ENSG00000163918,RFC4,0.5,0.339675945112303,
ENSG00000164002,EXO5,0.5,0.502282281735401,
ENSG00000164010,ERMAP,-0.5,0.324856829749333,
ENSG00000164031,DNAJB14,-0.5,0.410300899824731,
ENSG00000164038,SLC9B2,-0.5,0.447884478960162,
ENSG00000164053,ATRIP,0.5,0.359520149955554,
ENSG00000164076,CAMKV,0.5,0.386496245499428,
ENSG00000164125,GASK1B,-0.5,0.706633326819304,
ENSG00000164300,SERINC5,-0.5,0.484191427508482,
ENSG00000164638,SLC29A4,0.5,0.311179222759621,
ENSG00000164976,MYORG,0.5,0.535142851819435,
ENSG00000165071,TMEM71,-0.5,0.722256492628323,
ENSG00000165156,ZHX1,-0.5,0.189628241371805,
ENSG00000165509,MAGEC3,0.5,0.712667215394955,
ENSG00000165704,HPRT1,0.5,0.602685723396215,
ENSG00000166002,SMCO4,0.5,0.703936405237166,
ENSG00000166046,TCP11L2,-0.5,0.454152082173193,
ENSG00000166257,SCN3B,-0.5,0.536556867663432,
ENSG00000166265,CYYR1,0.5,0.469002339344419,
ENSG00000166292,TMEM100,-0.5,0.708845572471697,
ENSG00000166311,SMPD1,-0.5,0.392247435629934,
ENSG00000166405,RIC3,-0.5,0.50533210744315,
ENSG00000166448,TMEM130,-0.5,0.29510964145026,
ENSG00000166546,BEAN1,-0.5,0.678587996637358,
ENSG00000166603,MC4R,-0.5,0.652946716605415,
ENSG00000166682,TMPRSS5,0.5,0.607320310615165,
ENSG00000166763,STRCP1,-0.5,,
ENSG00000166816,LDHD,-0.5,0.71170738405791,
ENSG00000166831,RBPMS2,0.5,0.606992760633816,
ENSG00000167107,ACSF2,0.5,0.547659069213826,
ENSG00000167114,SLC27A4,0.5,0.303115928602721,
ENSG00000167123,CERCAM,0.5,0.235896258899965,
ENSG00000167315,ACAA2,0.5,0.132048853117853,
ENSG00000167543,TP53I13,0.5,0.473137406333642,
ENSG00000167578,RAB4B,-0.5,0.634438499547411,
ENSG00000167674,HDGFL2,0.5,0.436427155373152,
ENSG00000167772,ANGPTL4,-0.5,0.655780754145756,
ENSG00000167800,TBX10,-0.5,,
ENSG00000167912,,0.5,0.362468368230605,
ENSG00000167969,ECI1,0.5,0.299495576242245,
ENSG00000168005,SPINDOC,0.5,0.47755001192512,
ENSG00000168135,KCNJ4,0.5,0.457676492185467,
ENSG00000168140,VASN,-0.5,0.703936405237166,
ENSG00000168216,LMBRD1,-0.5,0.361274098632728,
ENSG00000168505,GBX2,0.5,0.47774892535123,
ENSG00000168646,AXIN2,0.5,0.18881423717605,
ENSG00000168672,LRATD2,-0.5,0.16537436740779,
ENSG00000168702,LRP1B,-0.5,0.685151333058735,
ENSG00000168792,ABHD15,0.5,0.467593470555953,
ENSG00000169083,AR,0.5,0.487531693747568,
ENSG00000169116,PARM1,-0.5,0.678587996637358,
ENSG00000169239,CA5B,-0.5,0.535142851819435,
ENSG00000169247,SH3TC2,0.5,0.730047838937828,
ENSG00000169359,SLC33A1,-0.5,0.385234889167522,
ENSG00000169429,CXCL8,-0.5,,
ENSG00000169499,PLEKHA2,-0.5,0.538222302471468,
ENSG00000169684,CHRNA5,0.5,0.542112213763779,
ENSG00000169692,AGPAT2,0.5,0.374856167857122,
ENSG00000169750,RAC3,0.5,0.440185558130016,
ENSG00000169891,REPS2,-0.5,0.643149573632855,
ENSG00000169908,TM4SF1,-0.5,,
ENSG00000170231,FABP6,-0.5,,
ENSG00000170271,FAXDC2,-0.5,0.42599008614166,
ENSG00000170275,CRTAP,-0.5,0.264306895051393,
ENSG00000170365,SMAD1,-0.5,0.226682032160284,
ENSG00000170412,GPRC5C,-0.5,0.664496919988845,
ENSG00000170421,KRT8,0.5,,
ENSG00000170525,PFKFB3,0.5,0.141657829627101,
ENSG00000170634,ACYP2,-0.5,0.443353784234077,
ENSG00000171219,CDC42BPG,0.5,0.656319944833278,
ENSG00000171451,DSEL,-0.5,0.615929914998966,
ENSG00000171492,LRRC8D,-0.5,0.0859639074066528,
ENSG00000171621,SPSB1,0.5,0.677328865017479,
ENSG00000171649,ZIK1,0.5,0.439022479741457,
ENSG00000171720,HDAC3,0.5,0.226267862675422,
ENSG00000171757,LRRC34,-0.5,0.655073351161206,
ENSG00000171867,PRNP,-0.5,0.404001379407621,
ENSG00000171940,ZNF217,0.5,0.196504705240874,
ENSG00000171943,SRGAP2C,-0.5,0.389126614062871,
ENSG00000172009,THOP1,0.5,0.190458526728542,
ENSG00000172167,MTBP,0.5,0.57765470840539,
ENSG00000172350,ABCG4,0.5,0.602267290781239,
ENSG00000172404,DNAJB7,-0.5,0.65156184995076,
ENSG00000172458,IL17D,-0.5,0.656319944833278,
ENSG00000172461,FUT9,-0.5,0.588975521116898,
ENSG00000172638,EFEMP2,-0.5,0.504550513690928,
ENSG00000172667,ZMAT3,-0.5,0.613752179350625,
ENSG00000173068,BNC2,-0.5,0.677328865017479,
ENSG00000173376,NDNF,-0.5,0.346896307517732,
ENSG00000173456,RNF26,0.5,0.268147374687134,
ENSG00000173540,GMPPB,0.5,0.296780427717026,
ENSG00000174059,CD34,-0.5,0.712667215394955,
ENSG00000174132,FAM174A,-0.5,0.483337495665923,
ENSG00000174332,GLIS1,-0.5,0.70235253657371,
ENSG00000174348,PODN,-0.5,0.657050895589007,
ENSG00000174403,MIR1-1HG-AS1,0.5,0.678346073189831,
ENSG00000174483,BBS1,-0.5,0.586902257069591,
ENSG00000174669,SLC29A2,0.5,0.393173480972873,
ENSG00000174791,RIN1,-0.5,0.678473638327752,
ENSG00000174799,CEP135,0.5,0.190970201786292,
ENSG00000174844,DNAH12,-0.5,0.706780283726293,
ENSG00000174886,NDUFA11,0.5,0.438006344030122,
ENSG00000174948,GPR149,-0.5,,
ENSG00000174951,FUT1,0.5,0.72126987548079,
ENSG00000175048,ZDHHC14,-0.5,0.61092065326484,
ENSG00000175183,CSRP2,0.5,0.379623838360234,
ENSG00000175206,NPPA,-0.5,0.628443730721093,
ENSG00000175567,UCP2,0.5,0.438006344030122,
ENSG00000175792,RUVBL1,0.5,0.108174950189199,
ENSG00000175970,UNC119B,0.5,0.365015319556373,
ENSG00000176040,TMPRSS7,-0.5,0.733574726080711,
ENSG00000176490,DIRAS1,0.5,0.448754377999378,
ENSG00000176723,ZNF843,-0.5,0.648404769627362,
ENSG00000176912,TYMSOS,0.5,0.681460168208599,
ENSG00000176928,GCNT4,0.5,0.677186150905308,
ENSG00000176974,SHMT1,0.5,0.359520149955554,
ENSG00000177045,SIX5,0.5,0.583984509951817,
ENSG00000177432,NAP1L5,-0.5,0.347003520086553,
ENSG00000177606,JUN,-0.5,0.449653120773288,
ENSG00000177807,KCNJ10,-0.5,0.638121529325891,
ENSG00000178163,ZNF518B,0.5,0.291027749480947,
ENSG00000178404,CEP295NL,-0.5,,
ENSG00000178409,BEND3,0.5,0.41307313440308,
ENSG00000178567,EPM2AIP1,-0.5,0.190678594727178,
ENSG00000178585,CTNNBIP1,0.5,0.207242584414411,
ENSG00000179133,C10orf67,0.5,,
ENSG00000179241,LDLRAD3,-0.5,0.435516284569827,
ENSG00000179242,CDH4,0.5,0.510666047183712,
ENSG00000179403,VWA1,0.5,0.372522069691074,
ENSG00000179456,ZBTB18,0.5,0.238331354351066,
ENSG00000179715,PCED1B,-0.5,,
ENSG00000180035,ZNF48,0.5,0.410911999882057,
ENSG00000180043,FAM71E2,-0.5,,
ENSG00000180139,ACTA2-AS1,-0.5,,
ENSG00000180263,FGD6,0.5,0.438006344030122,
ENSG00000180425,C11orf71,-0.5,0.435516284569827,
ENSG00000180488,MIGA1,-0.5,0.42599008614166,
ENSG00000180592,SKIDA1,0.5,0.2855900848913,
ENSG00000180694,TMEM64,-0.5,0.366686621272287,
ENSG00000180914,OXTR,0.5,0.518927605331693,
ENSG00000180998,GPR137C,-0.5,0.404601861015212,
ENSG00000181284,TMEM102,0.5,0.594255314041633,
ENSG00000181378,CFAP65,-0.5,0.657050895589007,
ENSG00000181847,TIGIT,-0.5,,
ENSG00000181908,LINC02724,0.5,,
ENSG00000182054,IDH2,0.5,0.11426136681828,
ENSG00000182108,DEXI,0.5,0.65734626213857,
ENSG00000182173,TSEN54,0.5,0.327022486135015,
ENSG00000182185,RAD51B,0.5,0.607320310615165,
ENSG00000182218,HHIPL1,-0.5,0.545546480804133,
ENSG00000182327,GLTPD2,-0.5,,
ENSG00000182359,KBTBD3,-0.5,0.609903380732227,
ENSG00000182489,XKRX,0.5,,
ENSG00000182568,SATB1,-0.5,0.450828550506316,
ENSG00000182752,PAPPA,-0.5,0.74060004808082,
ENSG00000182774,RPS17,0.5,0.638121529325891,
ENSG00000182836,PLCXD3,-0.5,0.614789534163423,
ENSG00000182890,GLUD2,-0.5,,
ENSG00000182902,SLC25A18,-0.5,0.525467706850671,
ENSG00000182968,SOX1,0.5,0.381544637524744,
ENSG00000183010,PYCR1,0.5,0.222332313856571,
ENSG00000183048,SLC25A10,0.5,0.568963259405834,
ENSG00000183049,CAMK1D,0.5,0.40378551579002,
ENSG00000183186,C2CD4C,0.5,0.42599008614166,
ENSG00000183354,KIAA2026,-0.5,0.282951124981842,
ENSG00000183397,C19orf71,0.5,0.668707458830477,
ENSG00000183454,GRIN2A,-0.5,0.538880037413907,
ENSG00000183479,TREX2,0.5,,
ENSG00000183655,KLHL25,0.5,0.404001379407621,
ENSG00000183684,ALYREF,0.5,0.237495129878331,
ENSG00000183751,TBL3,0.5,0.302202768593038,
ENSG00000183873,SCN5A,-0.5,,
ENSG00000183876,ARSI,0.5,,
ENSG00000184047,DIABLO,-0.5,0.413092760318746,
ENSG00000184083,FAM120C,-0.5,0.410712310407439,
ENSG00000184261,KCNK12,-0.5,0.720658595927745,
ENSG00000184515,BEX5,-0.5,0.678587996637358,
ENSG00000184672,RALYL,-0.5,0.331490464421304,
ENSG00000184678,H2BC21,-0.5,0.64652558155382,
ENSG00000184838,PRR16,-0.5,,
ENSG00000184967,NOC4L,0.5,0.426444634486846,
ENSG00000185189,NRBP2,-0.5,0.34856740407434,
ENSG00000185274,GALNT17,-0.5,0.41590942124221,
ENSG00000185291,IL3RA,-0.5,0.429274646478207,
ENSG00000185305,ARL15,-0.5,0.314336685898578,
ENSG00000185437,SH3BGR,-0.5,,
ENSG00000185442,FAM174B,-0.5,0.606510720826871,
ENSG00000185739,SRL,0.5,0.506560300725308,
ENSG00000185811,IKZF1,0.5,0.664215170030571,
ENSG00000185924,RTN4RL1,0.5,0.521678166849397,
ENSG00000186479,RGS7BP,-0.5,0.625848137923214,
ENSG00000186487,MYT1L,-0.5,0.624445238504709,
ENSG00000186493,C5orf38,0.5,0.496792088684415,
ENSG00000186532,SMYD4,0.5,0.191547482573126,
ENSG00000186732,MPPED1,0.5,0.680243400922491,
ENSG00000187122,SLIT1,-0.5,0.388574640164906,
ENSG00000187164,SHTN1,-0.5,0.410300899824731,
ENSG00000187391,MAGI2,-0.5,0.469002339344419,
ENSG00000187398,LUZP2,-0.5,0.709075898557867,
ENSG00000187522,HSPA14,0.5,0.438006344030122,
ENSG00000187848,P2RX2,0.5,,
ENSG00000188002,,0.5,0.714312464923403,
ENSG00000188060,RAB42,0.5,0.652211089097613,
ENSG00000188522,FAM83G,0.5,0.750450809591169,
ENSG00000188641,DPYD,-0.5,0.655780754145756,
ENSG00000188674,C2orf80,-0.5,0.410300899824731,
ENSG00000189120,SP6,-0.5,,
ENSG00000189410,SH2D5,0.5,0.481485055313135,
ENSG00000189431,RASSF10,-0.5,0.525467706850671,
ENSG00000196081,ZNF724,0.5,0.576121008015915,
ENSG00000196230,TUBB,0.5,0.221410982495391,
ENSG00000196262,PPIA,0.5,0.426444634486846,
ENSG00000196277,GRM7,-0.5,0.678346073189831,
ENSG00000196419,XRCC6,0.5,0.118053611299049,
ENSG00000196511,TPK1,-0.5,0.627449350441379,
ENSG00000196628,TCF4,-0.5,0.359680672866543,
ENSG00000196639,HRH1,0.5,,
ENSG00000196656,,-0.5,,
ENSG00000196782,MAML3,-0.5,0.2865876322928,
ENSG00000197162,ZNF785,0.5,0.589122670562872,
ENSG00000197308,GATA3-AS1,-0.5,,
ENSG00000197410,DCHS2,-0.5,0.664884792511056,
ENSG00000197444,OGDHL,0.5,0.365015319556373,
ENSG00000197757,HOXC6,0.5,0.6968179116225,
ENSG00000197859,ADAMTSL2,0.5,0.652500593628661,
ENSG00000197943,PLCG2,0.5,0.6386001777843,
ENSG00000198131,ZNF544,0.5,0.489134228365234,
ENSG00000198133,TMEM229B,-0.5,0.618457233585609,
ENSG00000198162,MAN1A2,-0.5,0.148590294909053,
ENSG00000198205,ZXDA,-0.5,0.557268814748871,
ENSG00000198216,CACNA1E,-0.5,0.638121529325891,
ENSG00000198633,ZNF534,-0.5,0.6968179116225,
ENSG00000198695,MT-ND6,-0.5,0.473137406333642,
ENSG00000198719,DLL1,0.5,0.539866723088762,
ENSG00000198865,CCDC152,-0.5,0.654543544220812,
ENSG00000198885,ITPRIPL1,0.5,0.652500593628661,
ENSG00000198944,SOWAHA,-0.5,,
ENSG00000198947,DMD,-0.5,0.65156184995076,
ENSG00000198952,SMG5,0.5,0.190678594727178,
ENSG00000198963,RORB,0.5,0.577882872988994,
ENSG00000203724,C1orf53,-0.5,,
ENSG00000203734,ECT2L,-0.5,,
ENSG00000203910,C1orf146,-0.5,,
ENSG00000203930,LINC00632,-0.5,0.284801278152251,
ENSG00000203965,EFCAB7,-0.5,0.339675945112303,
ENSG00000204055,,-0.5,,
ENSG00000204060,FOXO6,-0.5,0.678473638327752,
ENSG00000204116,CHIC1,-0.5,0.507782194403134,
ENSG00000204128,C2orf72,-0.5,0.556948400961269,
ENSG00000204173,LRRC37A5P,-0.5,,
ENSG00000204253,HNRNPCP2,0.5,0.615101259294085,
ENSG00000204261,PSMB8-AS1,-0.5,,
ENSG00000204311,PJVK,-0.5,0.570399608783021,
ENSG00000204659,CBY3,-0.5,,
ENSG00000204706,MAMDC2-AS1,-0.5,0.69327611642284,
ENSG00000204956,PCDHGA1,-0.5,0.727035945536755,
ENSG00000205056,LINC02397,0.5,,
ENSG00000205129,C4orf47,-0.5,0.664884792511056,
ENSG00000205212,CCDC144NL,0.5,0.666333916784871,
ENSG00000205323,SARNP,-0.5,0.678473638327752,
ENSG00000205413,SAMD9,-0.5,0.687920619964609,
ENSG00000205476,CCDC85C,0.5,0.127743364199576,
ENSG00000205795,CYS1,-0.5,0.678545986394865,
ENSG00000205898,,-0.5,,
ENSG00000206052,DOK6,-0.5,0.602685723396215,
ENSG00000206053,JPT2,0.5,0.367326821475405,
ENSG00000207525,Y_RNA,-0.5,,
ENSG00000207751,,0.5,0.725905943411636,
ENSG00000207816,MIR124-2,-0.5,0.489134228365234,
ENSG00000210135,MT-TN,-0.5,,
ENSG00000210184,MT-TS2,-0.5,0.713275135716277,
ENSG00000212123,PRR22,0.5,0.60008577760419,
ENSG00000212175,,-0.5,,
ENSG00000213024,NUP62,0.5,0.279500067369734,
ENSG00000213178,RPL22P1,0.5,,
ENSG00000213185,FAM24B,-0.5,,
ENSG00000213212,NCLP1,-0.5,0.664884792511056,
ENSG00000213246,SUPT4H1,-0.5,0.726732134025245,
ENSG00000213261,EEF1B2P6,-0.5,,
ENSG00000213445,SIPA1,0.5,0.525292781970205,
ENSG00000213468,FIRRE,0.5,0.744548890149298,
ENSG00000213638,ADAT3,0.5,0.633071139275816,
ENSG00000213866,YBX1P10,0.5,0.602685723396215,
ENSG00000213976,,0.5,0.539511648563187,
ENSG00000214076,CPSF1P1,-0.5,0.658175976470765,
ENSG00000214102,WEE2,-0.5,,
ENSG00000214290,COLCA2,0.5,,
ENSG00000214578,HMGN2P15,-0.5,,
ENSG00000214796,TUBA5P,0.5,0.399540129125472,
ENSG00000215244,LINC02649,-0.5,,
ENSG00000215440,NPEPL1,-0.5,0.263334933064918,
ENSG00000215910,C1orf167,0.5,,
ENSG00000217801,,0.5,0.495038795072578,
ENSG00000218226,TATDN2P2,0.5,0.72477642137636,
ENSG00000218890,NUFIP1P1,-0.5,,
ENSG00000220201,ZGLP1,-0.5,0.687181916220858,
ENSG00000221829,FANCG,0.5,0.189628241371805,
ENSG00000222046,DCDC2B,-0.5,0.668707458830477,
ENSG00000223259,RNA5SP508,-0.5,,
ENSG00000223313,RNU6-516P,-0.5,0.678719693214917,
ENSG00000223374,,0.5,,
ENSG00000223393,,0.5,0.712667215394955,
ENSG00000223459,TCAF1P1,0.5,,
ENSG00000223486,,0.5,0.659019907009112,
ENSG00000223669,,-0.5,,
ENSG00000223760,MED15P9,-0.5,,
ENSG00000223797,ENTPD3-AS1,-0.5,0.592103169452725,
ENSG00000224116,INHBA-AS1,-0.5,0.659693935800255,
ENSG00000224186,C5orf66,0.5,0.713275135716277,
ENSG00000224292,,-0.5,,
ENSG00000224812,TMEM72-AS1,-0.5,0.720658595927745,
ENSG00000225125,RANP4,-0.5,0.694056230210209,
ENSG00000225264,ZNRF2P2,-0.5,,
ENSG00000226328,NUP50-DT,-0.5,0.393173480972873,
ENSG00000226608,FTLP3,-0.5,0.677211081522853,
ENSG00000226779,NAALADL2-AS2,-0.5,,
ENSG00000226824,,-0.5,0.710669090600702,
ENSG00000227045,,-0.5,0.607718219980744,
ENSG00000227252,,0.5,0.720506620940244,
ENSG00000227963,RBM15-AS1,-0.5,,
ENSG00000228141,,-0.5,,
ENSG00000228415,PTMAP1,-0.5,0.680926095727434,
ENSG00000228436,,-0.5,0.659968022539904,
ENSG00000228549,,0.5,,
ENSG00000228672,PROB1,-0.5,0.367201916046497,
ENSG00000228876,,0.5,,
ENSG00000229057,RPS3AP54,-0.5,,
ENSG00000229191,,0.5,0.539866723088762,
ENSG00000229474,PATL2,-0.5,,
ENSG00000229814,RPL35AP21,0.5,,
ENSG00000229891,LINC01315,0.5,0.489134228365234,
ENSG00000229950,TFAP2A-AS1,0.5,0.731023545217857,
ENSG00000230498,,-0.5,,
ENSG00000230667,SETSIP,0.5,,
ENSG00000231534,FBXO36-IT1,-0.5,,
ENSG00000231663,COA6-AS1,-0.5,,
ENSG00000231725,VN1R110P,-0.5,,
ENSG00000231754,,-0.5,,
ENSG00000231925,TAPBP,-0.5,0.373228729643064,
ENSG00000231989,PPP1R2B,-0.5,,
ENSG00000231999,LRRC8C-DT,-0.5,0.713491749970347,
ENSG00000232838,PET117,-0.5,0.705194505285275,
ENSG00000232893,IQCA1-AS1,0.5,,
ENSG00000233056,ERVH48-1,-0.5,0.636681899450822,
ENSG00000233196,,-0.5,,
ENSG00000233231,HNRNPA1P49,-0.5,,
ENSG00000233328,PFN1P1,-0.5,0.555971054868417,
ENSG00000233589,,0.5,0.713275135716277,
ENSG00000233718,MYCNOS,0.5,0.695745543420847,
ENSG00000233830,EIF4HP1,0.5,0.716172844151654,
ENSG00000233859,ADH5P4,0.5,0.713275135716277,
ENSG00000233901,LINC01503,-0.5,0.687025123476495,
ENSG00000233927,RPS28,0.5,0.670532743328486,
ENSG00000233954,UQCRHL,-0.5,0.588975521116898,
ENSG00000234224,TMEM229A,-0.5,,
ENSG00000234797,RPS3AP6,0.5,,
ENSG00000234869,,-0.5,,
ENSG00000235091,,0.5,,
ENSG00000235257,ITGA9-AS1,-0.5,0.678719693214917,
ENSG00000235280,MCF2L-AS1,-0.5,0.70235253657371,
ENSG00000235531,MSC-AS1,0.5,,
ENSG00000235885,LINC01828,-0.5,,
ENSG00000235902,,-0.5,0.655780754145756,
ENSG00000235944,ZNF815P,0.5,0.678587996637358,
ENSG00000235989,MORC2-AS1,0.5,,
ENSG00000236035,NSA2P1,-0.5,,
ENSG00000236165,PRADC1P1,-0.5,,
ENSG00000236209,,0.5,,
ENSG00000236438,FAM157A,0.5,,
ENSG00000236552,RPL13AP5,0.5,0.657050895589007,
ENSG00000237310,GS1-124K5.4,-0.5,0.703936405237166,
ENSG00000237350,CDC42P6,-0.5,0.657050895589007,
ENSG00000237489,C10orf143,-0.5,0.678346073189831,
ENSG00000237774,,-0.5,0.69327611642284,
ENSG00000237943,PRKCQ-AS1,0.5,0.664687710952903,
ENSG00000238041,TMEM230P2,-0.5,0.713275135716277,
ENSG00000238083,LRRC37A2,0.5,0.61917699737862,
ENSG00000239389,PCDHA13,-0.5,0.662177998918119,
ENSG00000239887,C1orf226,0.5,0.209993303384449,
ENSG00000240065,PSMB9,-0.5,,
ENSG00000240137,ERICH6-AS1,-0.5,,
ENSG00000240184,PCDHGC3,-0.5,0.402161748131748,
ENSG00000240509,RPL34P18,-0.5,0.678587996637358,
ENSG00000240882,,0.5,,
ENSG00000240950,,0.5,,
ENSG00000241163,LINC00877,0.5,,
ENSG00000241218,CSP2,-0.5,,
ENSG00000241511,RPS15AP24,-0.5,,
ENSG00000241535,CBX5P1,0.5,,
ENSG00000241741,RPL7AP30,0.5,,
ENSG00000242207,HOXB-AS4,0.5,0.731023545217857,
ENSG00000242474,,-0.5,0.718862685775708,
ENSG00000243024,,-0.5,,
ENSG00000243230,,0.5,0.70918476561623,
ENSG00000243753,HLA-L,0.5,0.54277845939032,
ENSG00000244094,SPRR2F,0.5,,
ENSG00000244187,TMEM141,0.5,0.59518722694425,
ENSG00000244405,ETV5,0.5,0.717268520160316,
ENSG00000245648,KLRK1-AS1,-0.5,0.732870505034598,
ENSG00000245812,LINC02202,-0.5,0.65156184995076,
ENSG00000245910,SNHG6,-0.5,0.579476308153775,
ENSG00000246308,,-0.5,0.738965476203167,
ENSG00000246366,LACTB2-AS1,-0.5,,
ENSG00000246477,,0.5,0.73775399434657,
ENSG00000246985,SOCS2-AS1,-0.5,0.443353784234077,
ENSG00000247199,,-0.5,0.670541731881634,
ENSG00000247373,TMED2-DT,-0.5,0.597348293982802,
ENSG00000247675,LRP4-AS1,0.5,0.731023545217857,
ENSG00000247970,,-0.5,,
ENSG00000248508,SRP14-AS1,-0.5,0.544597638314123,
ENSG00000248522,SBF1P1,-0.5,,
ENSG00000248643,RBM14-RBM4,0.5,0.711557289380641,
ENSG00000248801,C8orf34-AS1,-0.5,,
ENSG00000248905,FMN1,0.5,,
ENSG00000249042,,-0.5,0.695543366286084,
ENSG00000249362,LINC02488,-0.5,0.640044094620436,
ENSG00000249456,,-0.5,,
ENSG00000249853,HS3ST5,-0.5,0.564376390928645,
ENSG00000249855,EEF1A1P19,0.5,0.721026926225293,
ENSG00000250321,,0.5,0.731618979846063,
ENSG00000250377,,0.5,0.713275135716277,
ENSG00000250415,,-0.5,,
ENSG00000250742,LINC02381,-0.5,0.678587996637358,
ENSG00000250988,SNHG21,-0.5,0.730047838937828,
ENSG00000251072,LMNB1-DT,0.5,,
ENSG00000251095,,-0.5,,
ENSG00000252797,RN7SKP272,-0.5,,
ENSG00000253973,,0.5,,
ENSG00000254226,LINC01933,-0.5,0.677328865017479,
ENSG00000254449,SF3A3P2,0.5,,
ENSG00000254535,PABPC4L,0.5,0.688186520419775,
ENSG00000254610,,-0.5,,
ENSG00000254676,,-0.5,,
ENSG00000254682,,-0.5,0.578559249591801,
ENSG00000254717,GLYATL1P2,0.5,0.677211081522853,
ENSG00000254941,,-0.5,0.683954689822123,
ENSG00000255690,TRIL,-0.5,0.602174155517351,
ENSG00000255737,AGAP2-AS1,0.5,,
ENSG00000256274,TAS2R64P,-0.5,,
ENSG00000256612,CYP2B7P,-0.5,0.6482441410091,
ENSG00000256894,,-0.5,,
ENSG00000257097,CLIP1-AS1,0.5,,
ENSG00000257261,,-0.5,,
ENSG00000257335,MGAM,-0.5,0.723886832430506,
ENSG00000257918,,-0.5,0.657922605972756,
ENSG00000258302,,-0.5,0.709075898557867,
ENSG00000258498,DIO3OS,-0.5,0.680016997191104,
ENSG00000258819,LINC02289,-0.5,,
ENSG00000258957,,-0.5,0.666647543958781,
ENSG00000259081,,0.5,0.647540642195583,
ENSG00000259219,,-0.5,,
ENSG00000259322,,-0.5,,
ENSG00000259520,,-0.5,0.677328865017479,
ENSG00000259555,,0.5,,
ENSG00000259797,,-0.5,,
ENSG00000259845,HERC2P10,0.5,,
ENSG00000259920,,-0.5,0.743042188213579,
ENSG00000259994,,-0.5,0.606992760633816,
ENSG00000260025,CRIM1-DT,0.5,0.599335476190924,
ENSG00000260060,,-0.5,,
ENSG00000260093,,-0.5,,
ENSG00000260404,,0.5,0.443353784234077,
ENSG00000260412,,-0.5,0.560833552222479,
ENSG00000260426,,0.5,0.734508561055336,
ENSG00000260573,,-0.5,,
ENSG00000260686,,-0.5,0.579476308153775,
ENSG00000260708,,-0.5,0.580583792964669,
ENSG00000260743,,-0.5,,
ENSG00000260807,CEROX1,-0.5,0.700474244076242,
ENSG00000260947,,-0.5,0.466540558902006,
ENSG00000261207,,-0.5,0.679155313287226,
ENSG00000261215,,0.5,0.653906156662551,
ENSG00000261227,,-0.5,,
ENSG00000261236,BOP1,0.5,0.44928176523222,
ENSG00000261371,PECAM1,-0.5,,
ENSG00000261529,,-0.5,0.684448623467458,
ENSG00000261582,,-0.5,,
ENSG00000261587,TMEM249,0.5,0.731855676670274,
ENSG00000261654,,0.5,,
ENSG00000262050,,0.5,,
ENSG00000263786,,0.5,0.629729776512782,
ENSG00000263812,,-0.5,0.722131734056036,
ENSG00000264304,,-0.5,0.74438828366238,
ENSG00000264350,SNRPGP2,0.5,,
ENSG00000264515,VSTM2B-DT,-0.5,,
ENSG00000265100,,-0.5,,
ENSG00000265415,,0.5,0.518927605331693,
ENSG00000265763,ZNF488,0.5,0.615929914998966,
ENSG00000266028,SRGAP2,0.5,0.137788391431384,
ENSG00000266402,SNHG25,-0.5,,
ENSG00000266524,GDF10,0.5,0.717981782506591,
ENSG00000266709,,0.5,0.700648082951995,
ENSG00000266904,LINC00663,-0.5,0.587468023733319,
ENSG00000267260,,0.5,0.656319944833278,
ENSG00000267348,GEMIN7-AS1,-0.5,0.620555424196912,
ENSG00000267466,,0.5,0.633071139275816,
ENSG00000267645,,-0.5,,
ENSG00000267651,,-0.5,0.665284720284454,
ENSG00000267707,,-0.5,0.695601958485688,
ENSG00000267731,,-0.5,0.707268378769609,
ENSG00000267750,RUNDC3A-AS1,-0.5,0.668707458830477,
ENSG00000267868,,-0.5,0.743042188213579,
ENSG00000267924,,0.5,,
ENSG00000267934,,-0.5,0.641545269051732,
ENSG00000268157,,0.5,,
ENSG00000268903,,0.5,0.713275135716277,
ENSG00000269226,TMSB15B,0.5,,
ENSG00000269463,,-0.5,,
ENSG00000269609,C10orf95-AS1,-0.5,0.539034314384998,
ENSG00000269980,,0.5,,
ENSG00000270059,,-0.5,0.622206870687037,
ENSG00000270195,,0.5,0.69327611642284,
ENSG00000270264,NDUFB8P2,-0.5,,
ENSG00000270540,,-0.5,0.652517357334586,
ENSG00000270589,,-0.5,0.655780754145756,
ENSG00000270876,ZNF30-AS1,-0.5,,
ENSG00000270917,,-0.5,,
ENSG00000270977,,0.5,0.722131734056036,
ENSG00000271383,NBPF19,0.5,0.678587996637358,
ENSG00000271425,NBPF10,0.5,,
ENSG00000271757,,-0.5,0.700402904706686,
ENSG00000271860,,-0.5,0.721026926225293,
ENSG00000271888,JARID2-DT,0.5,,
ENSG00000272102,,-0.5,,
ENSG00000272269,NUP153-AS1,-0.5,,
ENSG00000272341,,-0.5,0.627449350441379,
ENSG00000272871,,-0.5,0.714081606615091,
ENSG00000272905,,-0.5,,
ENSG00000273026,,0.5,0.714081606615091,
ENSG00000273274,ZBTB8B,-0.5,0.570550007332984,
ENSG00000273284,,-0.5,0.660786027102337,
ENSG00000273297,,-0.5,,
ENSG00000273369,,-0.5,0.627449350441379,
ENSG00000273403,,-0.5,0.672382007296907,
ENSG00000273474,,-0.5,,
ENSG00000273486,,-0.5,0.528878493026926,
ENSG00000273604,EPOP,0.5,0.478371076156594,
ENSG00000273618,,-0.5,,
ENSG00000273819,ENPP7P7,-0.5,,
ENSG00000274422,,-0.5,0.567676322441663,
ENSG00000274512,TBC1D3L,0.5,0.722202617287698,
ENSG00000274561,,-0.5,0.602685723396215,
ENSG00000274987,,-0.5,,
ENSG00000275620,FLJ16779,-0.5,0.286001643076987,
ENSG00000276182,,-0.5,0.570875504987856,
ENSG00000276728,,-0.5,0.599871751008967,
ENSG00000276916,,-0.5,0.750450809591169,
ENSG00000277287,,-0.5,0.66291191046477,
ENSG00000277290,,-0.5,0.700077520955009,
ENSG00000277720,H3C5P,-0.5,,
ENSG00000278023,RDM1,0.5,0.696917959315329,
ENSG00000278254,,-0.5,,
ENSG00000278627,,-0.5,0.618457233585609,
ENSG00000278922,,-0.5,0.623605340101938,
ENSG00000279039,,0.5,,
ENSG00000279146,,-0.5,,
ENSG00000279166,,0.5,,
ENSG00000279198,,-0.5,0.651650776757789,
ENSG00000279300,,-0.5,,
ENSG00000279331,RBM12B-AS1,0.5,0.707561734935433,
ENSG00000279344,,-0.5,,
ENSG00000279347,,0.5,0.744548890149298,
ENSG00000279427,,-0.5,0.670541731881634,
ENSG00000279474,,-0.5,,
ENSG00000279489,,0.5,,
ENSG00000279583,,-0.5,0.678719693214917,
ENSG00000279905,,-0.5,,
ENSG00000280011,,-0.5,,
ENSG00000280206,,0.5,0.580069771753138,
ENSG00000280234,,-0.5,0.6382204721244,
ENSG00000280239,,0.5,0.680016997191104,
ENSG00000280707,HPAT5,-0.5,0.72477642137636,
ENSG00000280734,LINC01232,-0.5,0.687025123476495,
ENSG00000280852,,-0.5,0.670532743328486,
ENSG00000281091,,0.5,0.686630543411735,
ENSG00000281327,LINC01338,0.5,0.684406061203183,
ENSG00000281344,HELLPAR,0.5,0.655238076464657,
ENSG00000281731,METTL14-DT,-0.5,,
ENSG00000283189,,-0.5,0.744548890149298,
ENSG00000283199,C13orf46,0.5,0.744548890149298,
ENSG00000283236,,-0.5,0.60008577760419,
ENSG00000284484,,-0.5,,
ENSG00000284610,,0.5,,
ENSG00000284966,,0.5,0.636768222709192,
ENSG00000285184,,-0.5,0.577104864037271,
ENSG00000285564,,-0.5,0.664884792511056,
ENSG00000285596,,-0.5,0.689931020722593,
ENSG00000285816,,0.5,,
ENSG00000285967,NIPBL-DT,-0.5,0.212325157469714,
ENSG00000000460,C1orf112,0.4,0.621270337939139,
ENSG00000000971,CFH,-0.4,0.725589956940877,
ENSG00000002822,MAD1L1,0.4,0.361496534276498,
ENSG00000004468,CD38,-0.4,0.664585592170323,
ENSG00000004848,ARX,-0.4,,
ENSG00000005187,ACSM3,-0.4,,
ENSG00000005243,COPZ2,-0.4,0.845646336912535,
ENSG00000005812,FBXL3,-0.4,0.491075649824616,
ENSG00000006042,TMEM98,0.4,0.470052922759409,
ENSG00000006128,TAC1,0.4,0.717981782506591,
ENSG00000006377,DLX6,-0.4,,
ENSG00000006625,GGCT,0.4,0.608550977340717,
ENSG00000006740,ARHGAP44,0.4,0.581328517248739,
ENSG00000006837,CDKL3,-0.4,0.687025123476495,
ENSG00000007237,GAS7,-0.4,0.750250610646583,
ENSG00000007350,TKTL1,0.4,0.576792581139238,
ENSG00000008083,JARID2,0.4,0.325965590371018,
ENSG00000008283,CYB561,0.4,0.628585801135285,
ENSG00000008516,MMP25,0.4,0.799708721489769,
ENSG00000009413,REV3L,-0.4,0.725589956940877,
ENSG00000009724,MASP2,-0.4,0.588975521116898,
ENSG00000009950,MLXIPL,0.4,,
ENSG00000010818,HIVEP2,-0.4,0.467593470555953,
ENSG00000011009,LYPLA2,0.4,0.490124287757357,
ENSG00000011028,MRC2,-0.4,0.725589956940877,
ENSG00000011478,QPCTL,0.4,0.607439785718827,
ENSG00000011590,ZBTB32,-0.4,,
ENSG00000012174,MBTPS2,-0.4,0.465015495869823,
ENSG00000012232,EXTL3,0.4,0.221088361651191,
ENSG00000012963,UBR7,0.4,0.321827113418281,
ENSG00000013364,MVP,-0.4,0.652500593628661,
ENSG00000013583,HEBP1,0.4,0.497353011557832,
ENSG00000018408,WWTR1,-0.4,0.702446661939463,
ENSG00000019582,CD74,0.4,0.82237308087699,
ENSG00000023445,BIRC3,0.4,,
ENSG00000023892,DEF6,0.4,0.846798868115676,
ENSG00000026297,RNASET2,-0.4,0.713275135716277,
ENSG00000026559,KCNG1,0.4,0.677328865017479,
ENSG00000028116,VRK2,0.4,0.82237308087699,
ENSG00000029153,ARNTL2,0.4,0.628597370044007,
ENSG00000029993,HMGB3,0.4,0.291027749480947,
ENSG00000035928,RFC1,0.4,0.518633025009416,
ENSG00000037280,FLT4,0.4,0.677211081522853,
ENSG00000039560,RAI14,0.4,0.588975521116898,
ENSG00000039650,PNKP,0.4,0.467759603839367,
ENSG00000040275,SPDL1,0.4,0.450828550506316,
ENSG00000042062,RIPOR3,-0.4,0.774854392494863,
ENSG00000043143,JADE2,-0.4,0.732870505034598,
ENSG00000046889,PREX2,0.4,0.730047838937828,
ENSG00000047457,CP,-0.4,0.772132622602033,
ENSG00000047579,DTNBP1,-0.4,0.678587996637358,
ENSG00000049245,VAMP3,-0.4,0.365015319556373,
ENSG00000049246,PER3,-0.4,0.722202617287698,
ENSG00000049860,HEXB,-0.4,0.676381119456466,
ENSG00000050344,NFE2L3,0.4,0.795504901060288,
ENSG00000051382,PIK3CB,-0.4,0.664585592170323,
ENSG00000051596,THOC3,0.4,0.799145330779667,
ENSG00000053372,MRTO4,0.4,0.49962962649144,
ENSG00000054356,PTPRN,-0.4,0.561692305579418,
ENSG00000055070,SZRD1,0.4,0.593726409539607,
ENSG00000055332,EIF2AK2,-0.4,0.454189592055995,
ENSG00000058335,RASGRF1,-0.4,,
ENSG00000058804,NDC1,0.4,0.581328517248739,
ENSG00000059728,MXD1,-0.4,0.58298430942168,
ENSG00000063176,SPHK2,0.4,0.704883806659651,
ENSG00000063438,AHRR,-0.4,0.709075898557867,
ENSG00000064300,NGFR,0.4,0.767259398421596,
ENSG00000064726,BTBD1,-0.4,0.489134228365234,
ENSG00000065057,NTHL1,0.4,0.662177998918119,
ENSG00000065268,WDR18,0.4,0.716499249615884,
ENSG00000065621,GSTO2,-0.4,0.725589956940877,
ENSG00000066379,POLR1H,0.4,0.68069096455733,
ENSG00000066629,EML1,0.4,0.390782772714147,
ENSG00000067057,PFKP,0.4,0.620206951503369,
ENSG00000067842,ATP2B3,-0.4,0.807360150464773,
ENSG00000068615,REEP1,-0.4,0.639264112550725,
ENSG00000068650,ATP11A,0.4,0.674241697416437,
ENSG00000068912,ERLEC1,-0.4,0.549531187170365,
ENSG00000070182,SPTB,-0.4,0.807360150464773,
ENSG00000070540,WIPI1,-0.4,0.647654545980283,
ENSG00000070950,RAD18,0.4,0.627449350441379,
ENSG00000071246,VASH1,0.4,0.655780754145756,
ENSG00000071564,TCF3,0.4,0.605956914703921,
ENSG00000071626,DAZAP1,0.4,0.342647638986876,
ENSG00000071894,CPSF1,0.4,0.544246216515869,
ENSG00000072310,SREBF1,0.4,0.538222302471468,
ENSG00000072506,HSD17B10,0.4,0.607718219980744,
ENSG00000073711,PPP2R3A,-0.4,0.26695658621286,
ENSG00000073905,VDAC1P1,0.4,,
ENSG00000074266,EED,0.4,0.701218232135437,
ENSG00000074410,CA12,-0.4,0.816500098209375,
ENSG00000075234,TTC38,0.4,0.555981041846195,
ENSG00000075275,CELSR1,-0.4,0.771847414598969,
ENSG00000075429,CACNG5,-0.4,0.844663058734668,
ENSG00000075618,FSCN1,0.4,0.543356025862588,
