gene_id,gene_symbol,log2fc,pvalue,padj
ENSG00000115414,FN1,8.8,6.42071947857583e-138,
ENSG00000063438,AHRR,8.2,2.13213920663683e-113,
ENSG00000100311,PDGFB,8.2,6.84669109808745e-60,
ENSG00000225107,,8.2,1.77143326848923e-26,
ENSG00000250033,SLC7A11-AS1,8.0,4.59123640830772e-29,
ENSG00000003436,TFPI,7.7,8.59967993189975e-64,
ENSG00000087245,MMP2,7.6,2.91816925999298e-31,
ENSG00000151012,SLC7A11,7.5,7.92258956887007e-23,
ENSG00000280780,JAKMIP2-AS1,7.4,4.77806552667167e-17,
ENSG00000019186,CYP24A1,7.3,8.74007316921907e-20,
ENSG00000114251,WNT5A,7.2,2.69898562406144e-58,
ENSG00000233818,,7.2,1.28882845523301e-17,
ENSG00000132170,PPARG,7.1,1.6252508339536e-78,
ENSG00000268316,,7.1,2.33859054366538e-18,
ENSG00000176049,JAKMIP2,7.0,2.25881559731856e-24,
ENSG00000250645,,7.0,1.64459654688943e-16,
ENSG00000125740,FOSB,-6.9,3.88237683671668e-88,
ENSG00000141655,TNFRSF11A,6.9,1.41047299542869e-53,
ENSG00000181631,P2RY13,-6.9,5.48785286367077e-96,
ENSG00000234191,LINC01283,6.9,5.48484667859895e-16,
ENSG00000107130,NCS1,6.8,5.0543333772408e-30,
ENSG00000140859,KIFC3,6.8,2.80081452317662e-116,
ENSG00000162493,PDPN,6.8,8.22255438275956e-15,
ENSG00000179593,ALOX15B,-6.8,6.33674565568429e-14,
ENSG00000258083,OR9A4,6.8,3.13987649914383e-36,
ENSG00000106178,CCL24,6.7,4.41518365681648e-17,
ENSG00000010278,CD9,6.6,1.15927141775667e-77,
ENSG00000154736,ADAMTS5,-6.6,9.05297016373966e-15,
ENSG00000187474,FPR3,6.6,3.60758198353901e-92,
ENSG00000232277,SLC30A6P1,6.6,3.72719941330029e-14,
ENSG00000168329,CX3CR1,-6.5,4.70615443717647e-25,
ENSG00000169439,SDC2,6.5,7.93035227091366e-27,
ENSG00000169902,TPST1,6.5,1.80202920642226e-93,
ENSG00000224063,,6.5,3.30980980725809e-13,
ENSG00000235531,MSC-AS1,6.5,3.22590408726525e-77,
ENSG00000258227,CLEC5A,6.5,4.42029241161123e-82,
ENSG00000019144,PHLDB1,6.4,1.65662218364781e-83,
ENSG00000039560,RAI14,6.4,1.4919038933124e-10,
ENSG00000107719,PALD1,6.4,1.37466804043806e-20,
ENSG00000113657,DPYSL3,6.4,3.27963147018993e-32,
ENSG00000136378,ADAMTS7,6.4,8.05120064841735e-13,
ENSG00000104055,TGM5,6.3,6.30850195640364e-16,
ENSG00000111344,RASAL1,6.3,3.47383606151554e-16,
ENSG00000136160,EDNRB,6.3,1.89011944470768e-17,
ENSG00000150637,CD226,6.3,6.95978030291498e-76,
ENSG00000171517,LPAR3,6.3,6.37744987405377e-16,
ENSG00000196139,AKR1C3,6.3,4.9768523606799e-40,
ENSG00000230573,LINC02639,-6.3,1.7375514269048e-13,
ENSG00000245688,,6.3,1.31889259874011e-17,
ENSG00000266378,,6.3,1.84262758026641e-28,
ENSG00000100558,PLEK2,6.2,1.96135938490036e-33,
ENSG00000125430,HS3ST3B1,6.2,6.01547314428847e-49,
ENSG00000132854,KANK4,6.2,2.49044297634132e-11,
ENSG00000138821,SLC39A8,6.2,2.46747914443484e-131,
ENSG00000164920,OSR2,-6.2,3.90854653351471e-18,
ENSG00000179362,HMGN2P46,6.2,7.50956095947015e-59,
ENSG00000276216,,-6.2,1.21940516319513e-39,
ENSG00000128274,A4GALT,6.1,2.63954172188787e-23,
ENSG00000217825,,6.1,4.35195401649921e-12,
ENSG00000241942,RPS20P20,6.1,5.47279176287344e-21,
ENSG00000105976,MET,6.0,9.05334389384138e-11,
ENSG00000123342,MMP19,6.0,5.74067069383717e-93,
ENSG00000157445,CACNA2D3,-6.0,1.03669462849286e-54,
ENSG00000253698,,6.0,1.30990154448302e-11,
ENSG00000258820,,-6.0,2.72558724295898e-71,
ENSG00000276842,,-6.0,7.14541926443285e-16,
ENSG00000011028,MRC2,5.9,3.04709649525381e-10,
ENSG00000118785,SPP1,5.9,8.55175296723912e-12,
ENSG00000119714,GPR68,5.9,2.20673948643881e-59,
ENSG00000120436,GPR31,5.9,3.9137655759201e-12,
ENSG00000135931,ARMC9,5.9,2.31992732498031e-13,
ENSG00000156535,CD109,5.9,1.25812944887419e-131,
ENSG00000186205,MTARC1,-5.9,1.31044210730105e-63,
ENSG00000214787,MS4A4E,-5.9,3.16046599536591e-49,
ENSG00000230001,,5.9,1.71681068310648e-14,
ENSG00000230479,,5.9,1.15400608783594e-14,
ENSG00000230910,,-5.9,1.85922268381787e-26,
ENSG00000253335,,5.9,7.62144786153448e-12,
ENSG00000108688,CCL7,5.8,1.60988119891542e-08,
ENSG00000108691,CCL2,5.8,3.49877986898139e-11,
ENSG00000124225,PMEPA1,5.8,7.25983992114329e-45,
ENSG00000158473,CD1D,-5.8,2.86202784145592e-102,
ENSG00000164266,SPINK1,5.8,2.3020378319805e-13,
ENSG00000175147,TMEM51-AS1,5.8,4.56680916150473e-14,
ENSG00000179029,TMEM107,-5.8,6.63345344751025e-49,
ENSG00000198283,OR5B21,5.8,1.075844519454e-55,
ENSG00000199377,RNU5F-1,-5.8,8.14697334877532e-12,
ENSG00000225873,C3orf86,-5.8,9.72140385855816e-12,
ENSG00000236939,BAALC-AS2,5.8,4.14400070132175e-10,
ENSG00000072163,LIMS2,5.7,7.754418312101e-42,
ENSG00000159339,PADI4,-5.7,1.7887699358279e-44,
ENSG00000196754,S100A2,5.7,5.4030486216016e-24,
ENSG00000198610,AKR1C4,5.7,5.7134409675623e-10,
ENSG00000225026,,5.7,2.36515717501132e-15,
ENSG00000229646,,5.7,3.9695434968821e-10,
ENSG00000237686,SCIRT,5.7,2.22762724084574e-22,
ENSG00000253230,MIR124-1HG,5.7,2.95375712808294e-13,
ENSG00000278886,,5.7,4.70850057363483e-10,
ENSG00000281883,,5.7,8.14855402149398e-14,
ENSG00000079308,TNS1,5.6,6.1248038174452e-189,
ENSG00000104321,TRPA1,5.6,7.66448614277962e-27,
ENSG00000133317,LGALS12,-5.6,1.36237339641599e-34,
ENSG00000159261,CLDN14,5.6,1.38674316325186e-09,
ENSG00000170837,GPR27,-5.6,6.32097892737092e-22,
ENSG00000212195,U3,-5.6,5.03642691226136e-32,
ENSG00000216721,,5.6,1.78665247128876e-14,
ENSG00000224034,LINC02561,5.6,2.15523036601885e-30,
ENSG00000231123,SPATA20P1,5.6,8.44661862912358e-11,
ENSG00000255176,,5.6,6.92166506876401e-11,
ENSG00000123689,G0S2,-5.5,4.15297652311575e-59,
ENSG00000134532,SOX5,5.5,2.18078808631205e-18,
ENSG00000136826,KLF4,-5.5,1.49139352310804e-140,
ENSG00000173391,OLR1,5.5,1.00475777575053e-44,
ENSG00000206052,DOK6,5.5,1.11767366087985e-32,
ENSG00000214269,LGMNP1,5.5,6.0859214105483e-15,
ENSG00000256120,SOX5-AS1,5.5,5.33316720729944e-09,
ENSG00000267341,,5.5,1.98064391389573e-09,
ENSG00000274978,RNU11,-5.5,9.06463454535653e-10,
ENSG00000279365,,5.5,2.65625920347438e-12,
ENSG00000279602,,-5.5,7.61096065153838e-22,
ENSG00000024422,EHD2,5.4,2.15105761304393e-11,
ENSG00000105855,ITGB8,5.4,4.4937365869454e-17,
ENSG00000107249,GLIS3,5.4,9.3769547291758e-19,
ENSG00000114270,COL7A1,5.4,7.32712072997754e-63,
ENSG00000128965,CHAC1,5.4,5.49545918996421e-12,
ENSG00000136052,SLC41A2,5.4,3.0144735991624e-116,
ENSG00000140465,CYP1A1,5.4,3.65053092058157e-08,
ENSG00000143344,RGL1,5.4,4.50959446629004e-45,
ENSG00000153234,NR4A2,-5.4,1.15487013804571e-55,
ENSG00000156011,PSD3,5.4,1.32108085523229e-83,
ENSG00000160791,CCR5,5.4,5.82471849072991e-23,
ENSG00000161835,TAMALIN,-5.4,1.20663212272768e-103,
ENSG00000172379,ARNT2,5.4,1.67263971800757e-09,
ENSG00000182585,EPGN,5.4,7.38449357862909e-41,
ENSG00000185070,FLRT2,5.4,7.26116489899858e-11,
ENSG00000225968,ELFN1,5.4,1.48319447941158e-08,
ENSG00000227824,,5.4,1.89472892944237e-10,
ENSG00000231039,,5.4,1.27499981468203e-16,
ENSG00000234311,,-5.4,2.25209801367339e-08,
ENSG00000259535,RPL21P12,-5.4,1.91377101870677e-08,
ENSG00000284633,,5.4,1.90950907936919e-77,
ENSG00000124575,H1-3,-5.3,3.28278969482957e-56,
ENSG00000134247,PTGFRN,5.3,6.02483644238193e-61,
ENSG00000171658,NMRAL2P,5.3,1.03385450900572e-27,
ENSG00000201558,RNVU1-6,-5.3,4.9655848922411e-08,
ENSG00000224598,RPS5P2,5.3,2.23325852751321e-13,
ENSG00000231680,LINC02723,-5.3,9.67252343271383e-33,
ENSG00000236352,,5.3,3.2444522259935e-15,
ENSG00000248909,HMGB1P21,5.3,1.02836507044906e-20,
ENSG00000252510,RNA5SP55,5.3,2.49841301806122e-08,
ENSG00000255299,,5.3,4.18097636196662e-62,
ENSG00000261326,LINC01355,5.3,2.38323943483142e-43,
ENSG00000270255,,5.3,5.09158405926059e-08,
ENSG00000270980,,5.3,1.65251837174334e-09,
ENSG00000272717,,-5.3,2.53434291639136e-11,
ENSG00000273338,,-5.3,6.27622770460018e-36,
ENSG00000276600,RAB7B,5.3,1.60327690809904e-09,
ENSG00000280060,,5.3,5.48104118096743e-09,
ENSG00000058866,DGKG,-5.2,5.24691810004769e-76,
ENSG00000078081,LAMP3,5.2,5.08227603119733e-23,
ENSG00000135298,ADGRB3,-5.2,1.7677925096957e-11,
ENSG00000164929,BAALC,5.2,1.59341461965456e-12,
ENSG00000166033,HTRA1,5.2,1.00902979819967e-63,
ENSG00000167680,SEMA6B,5.2,1.76301704403309e-12,
ENSG00000185972,CCIN,-5.2,2.50513477804755e-15,
ENSG00000225496,RTRAFP1,5.2,2.41444452783585e-18,
ENSG00000249241,LINC02265,-5.2,3.47052240600949e-09,
ENSG00000272173,,-5.2,2.94234516925205e-16,
ENSG00000274210,RNVU1-27,-5.2,4.49270974722983e-18,
ENSG00000092445,TYRO3,5.1,1.70174543353232e-23,
ENSG00000113721,PDGFRB,5.1,1.17315903416451e-38,
ENSG00000124019,FAM124B,-5.1,2.85180360458977e-22,
ENSG00000138449,SLC40A1,-5.1,9.96967454629766e-50,
ENSG00000142494,SLC47A1,-5.1,5.48301069440932e-13,
ENSG00000150054,MPP7,-5.1,4.358125926596e-129,
ENSG00000158477,CD1A,-5.1,1.39592388040237e-18,
ENSG00000171631,P2RY6,5.1,3.91549406415369e-65,
ENSG00000178860,MSC,5.1,3.83685075552101e-09,
ENSG00000198768,APCDD1L,5.1,8.38341574410809e-10,
ENSG00000224596,ZMIZ1-AS1,5.1,5.19729637732423e-73,
ENSG00000231333,RPL34P6,5.1,2.19397389107385e-12,
ENSG00000236182,,5.1,1.97536359419644e-18,
ENSG00000258425,,5.1,1.60671717671641e-07,
ENSG00000262202,,-5.1,8.24460436383704e-17,
ENSG00000283402,,5.1,1.73833141584853e-08,
ENSG00000283527,U6,-5.1,1.49366668551655e-07,
ENSG00000064787,BCAS1,5.0,1.06853571475284e-40,
ENSG00000072954,TMEM38A,-5.0,1.93995585136392e-16,
ENSG00000087842,PIR,5.0,1.22401994704634e-12,
ENSG00000102755,FLT1,5.0,8.83702804665229e-35,
ENSG00000108700,CCL8,5.0,1.96241454562975e-07,
ENSG00000130208,APOC1,5.0,1.45806795684242e-06,
ENSG00000133105,RXFP2,-5.0,6.29653900898829e-21,
ENSG00000135144,DTX1,5.0,4.64523259246574e-06,
ENSG00000142178,SIK1,-5.0,6.59741486238288e-09,
ENSG00000157551,KCNJ15,5.0,9.50313470964344e-44,
ENSG00000157613,CREB3L1,5.0,2.73291611493149e-11,
ENSG00000177469,CAVIN1,5.0,2.51700497471346e-10,
ENSG00000177606,JUN,-5.0,7.67817689571407e-44,
ENSG00000188707,ZBED6CL,-5.0,7.90850164658869e-12,
ENSG00000207205,RNVU1-15,-5.0,1.45114667220225e-09,
ENSG00000217801,,5.0,1.97818515499274e-10,
ENSG00000234290,,-5.0,6.15051246838977e-192,
ENSG00000244018,RPL35P6,5.0,4.54047681013153e-07,
ENSG00000251019,HIGD1AP13,5.0,1.82382669580184e-07,
ENSG00000254952,LINC02705,-5.0,2.06389129593246e-16,
ENSG00000257138,TAS2R38,5.0,2.31819865707372e-07,
ENSG00000271681,,5.0,1.5007707345057e-07,
ENSG00000283676,MIR5087,-5.0,9.53603560216633e-07,
ENSG00000078269,SYNJ2,4.9,2.28152164285283e-142,
ENSG00000109906,ZBTB16,-4.9,8.11407264003503e-19,
ENSG00000111913,RIPOR2,-4.9,1.82707274986804e-48,
ENSG00000117115,PADI2,-4.9,2.1371685558763e-41,
ENSG00000119681,LTBP2,4.9,9.27788572367655e-60,
ENSG00000123405,NFE2,-4.9,9.39082744004448e-35,
ENSG00000131355,ADGRE3,-4.9,3.34003564216878e-30,
ENSG00000140090,SLC24A4,-4.9,5.39512670537218e-96,
ENSG00000153789,CIBAR2,-4.9,1.25462956475559e-06,
ENSG00000155093,PTPRN2,-4.9,3.78648342499621e-13,
ENSG00000164935,DCSTAMP,4.9,5.27989771754488e-10,
ENSG00000223725,,-4.9,2.36591577397003e-53,
ENSG00000230647,,4.9,3.20285879224639e-09,
ENSG00000260719,,-4.9,2.4486009027449e-18,
ENSG00000275993,SIK1B,-4.9,2.20670118072643e-08,
ENSG00000282917,,4.9,3.48135807033055e-21,
ENSG00000107738,VSIR,-4.8,6.68109868226976e-65,
ENSG00000126351,THRA,-4.8,2.39392849111437e-33,
ENSG00000145040,UCN2,4.8,1.17527006422926e-24,
ENSG00000159713,TPPP3,-4.8,3.63436923991955e-37,
ENSG00000163293,NIPAL1,4.8,9.31728116067057e-12,
ENSG00000175315,CST6,4.8,7.65980849339534e-15,
ENSG00000177721,ANXA2R,-4.8,1.55160594429208e-38,
ENSG00000187229,,4.8,2.26494449412267e-09,
ENSG00000188404,SELL,-4.8,8.59514746891972e-66,
ENSG00000203685,STUM,-4.8,1.36280168544366e-08,
ENSG00000207308,RNU6-878P,-4.8,7.83208670353393e-10,
ENSG00000228526,MIR34AHG,4.8,2.64478877561438e-07,
ENSG00000231461,HLA-DPA2,-4.8,1.51218800318697e-07,
ENSG00000233096,,-4.8,1.66797061306679e-13,
ENSG00000236965,OR52N3P,4.8,1.06269437160387e-06,
ENSG00000238184,CD81-AS1,-4.8,1.03817425041301e-07,
ENSG00000255921,,4.8,5.44786729010053e-09,
ENSG00000256660,CLEC12B,-4.8,1.25527366319085e-38,
ENSG00000258831,,-4.8,1.63420007655576e-06,
ENSG00000258976,,4.8,7.03578744797393e-09,
ENSG00000259374,NDUFB4P11,-4.8,5.11201793363788e-27,
ENSG00000268336,SIGLEC20P,-4.8,3.64820386884227e-06,
ENSG00000272383,,4.8,1.51810020025089e-11,
ENSG00000279518,,4.8,9.76990912381488e-07,
ENSG00000002587,HS3ST1,4.7,4.24171107980918e-49,
ENSG00000082014,SMARCD3,-4.7,1.60802661906065e-100,
ENSG00000110665,C11orf21,-4.7,5.48131056074499e-44,
ENSG00000121900,TMEM54,4.7,1.62509381997615e-06,
ENSG00000134198,TSPAN2,-4.7,1.26145035128518e-15,
ENSG00000137809,ITGA11,4.7,6.93795998250312e-26,
ENSG00000159403,C1R,-4.7,7.91460081232859e-09,
ENSG00000165071,TMEM71,-4.7,3.29109613584928e-86,
ENSG00000166920,C15orf48,4.7,1.54176108312356e-10,
ENSG00000170017,ALCAM,4.7,1.47853595843732e-116,
ENSG00000170345,FOS,-4.7,7.08439136412709e-88,
ENSG00000177383,MAGEF1,-4.7,5.18455276977776e-13,
ENSG00000179630,LACC1,4.7,1.79867468761257e-168,
ENSG00000188158,NHS,-4.7,1.30857145315787e-45,
ENSG00000214688,C10orf105,-4.7,5.33782807792732e-09,
ENSG00000219039,,4.7,3.65485478141984e-08,
ENSG00000222375,RN7SKP127,-4.7,2.95805573463797e-06,
ENSG00000236304,,-4.7,1.24096887043334e-06,
ENSG00000257715,,4.7,3.26192967770236e-09,
ENSG00000259884,NR4A1AS,-4.7,3.92983824342419e-07,
ENSG00000285646,,-4.7,2.57228713175459e-08,
ENSG00000285895,,4.7,6.66291861273083e-40,
ENSG00000064201,TSPAN32,-4.6,7.79077530056862e-61,
ENSG00000106991,ENG,4.6,7.45487001448039e-121,
ENSG00000107104,KANK1,4.6,3.22746393328816e-25,
ENSG00000108984,MAP2K6,-4.6,1.32519297669784e-46,
ENSG00000109743,BST1,-4.6,4.73948046193131e-89,
ENSG00000118308,IRAG2,-4.6,7.0864999148852e-114,
ENSG00000121653,MAPK8IP1,-4.6,4.01955913888974e-14,
ENSG00000128512,DOCK4,4.6,8.69368702595638e-128,
ENSG00000137474,MYO7A,-4.6,8.12364256390274e-27,
ENSG00000145685,LHFPL2,4.6,1.49449861058904e-50,
ENSG00000152377,SPOCK1,-4.6,1.14650533909223e-31,
ENSG00000152689,RASGRP3,4.6,4.02564566299234e-40,
ENSG00000165511,ZNF22-AS1,-4.6,5.83934955376629e-46,
ENSG00000167895,TMC8,-4.6,2.55639510286947e-129,
ENSG00000171729,TMEM51,4.6,6.03466271764798e-66,
ENSG00000181577,C6orf223,4.6,1.15712134008201e-06,
ENSG00000201801,RNU5E-4P,-4.6,1.73966129055026e-08,
ENSG00000223534,HLA-DQB1-AS1,-4.6,9.72736268567724e-06,
ENSG00000231412,,-4.6,1.36723889327382e-05,
ENSG00000234030,TMEM97P1,-4.6,8.77396832994279e-06,
ENSG00000236453,,4.6,1.04088935240065e-05,
ENSG00000242574,HLA-DMB,-4.6,8.80339227252481e-60,
ENSG00000250929,LINC01181,4.6,8.32591352912022e-09,
ENSG00000258545,RHOXF1-AS1,-4.6,7.59339450239434e-06,
ENSG00000263893,,-4.6,5.67488537519416e-06,
ENSG00000272839,,-4.6,5.65160289505161e-13,
ENSG00000274428,RNVU1-25,-4.6,1.37318139270954e-07,
ENSG00000104154,SLC30A4,4.5,1.35540372710837e-08,
ENSG00000115590,IL1R2,4.5,2.80713098531777e-39,
ENSG00000115594,IL1R1,4.5,5.52097229224279e-37,
ENSG00000119660,DPPA5P4,-4.5,2.07267825610462e-06,
ENSG00000160323,ADAMTS13,-4.5,5.18279559067084e-19,
ENSG00000163596,ICA1L,-4.5,2.70324230461247e-95,
ENSG00000164867,NOS3,-4.5,1.69827316691e-06,
ENSG00000173762,CD7,-4.5,2.78795233408581e-24,
ENSG00000184838,PRR16,4.5,1.3025522352706e-25,
ENSG00000186480,INSIG1,4.5,3.32616222375199e-62,
ENSG00000188886,ASTL,-4.5,4.27232570066183e-41,
ENSG00000198756,COLGALT2,4.5,1.2494007037653e-19,
ENSG00000198771,RCSD1,-4.5,2.80147115641823e-40,
ENSG00000199867,Y_RNA,4.5,7.01237415926416e-06,
ENSG00000213557,,-4.5,1.60915576937589e-16,
ENSG00000213853,EMP2,4.5,4.71019016405841e-09,
ENSG00000225572,DOCK4-AS1,4.5,5.13394198816072e-55,
ENSG00000227660,UST-AS1,4.5,2.63861619836038e-07,
ENSG00000230661,YY1P1,4.5,1.38088622363115e-06,
ENSG00000231508,RPL34P20,-4.5,1.72381930158533e-21,
ENSG00000235072,ARNILA,-4.5,9.44896031657057e-06,
ENSG00000235527,HIPK1-AS1,-4.5,3.14770602438436e-36,
ENSG00000240669,,-4.5,1.00358861041125e-09,
ENSG00000253557,,4.5,3.59490099572946e-05,
ENSG00000258449,,-4.5,8.11980292134203e-06,
ENSG00000259681,,4.5,1.29765220194071e-06,
ENSG00000277610,RNVU1-4,-4.5,1.46328099003007e-19,
ENSG00000278596,MIR6077,-4.5,5.47103374124834e-05,
ENSG00000279384,,4.5,4.47405009929648e-12,
ENSG00000279465,,4.5,7.2932435533758e-19,
ENSG00000017483,SLC38A5,4.4,2.21903057095366e-14,
ENSG00000072952,IRAG1,-4.4,1.80103760080314e-33,
ENSG00000074181,NOTCH3,4.4,2.14533207597899e-19,
ENSG00000092200,RPGRIP1,-4.4,1.7047461184231e-26,
ENSG00000101220,C20orf27,-4.4,1.32987877514475e-43,
ENSG00000104814,MAP4K1,-4.4,8.55213612550557e-73,
ENSG00000108813,DLX4,-4.4,1.84390169211725e-08,
ENSG00000110077,MS4A6A,-4.4,4.41860333649975e-78,
ENSG00000135047,CTSL,4.4,1.23603455824787e-13,
ENSG00000157227,MMP14,4.4,6.36879283497063e-69,
ENSG00000200648,RNU6-226P,-4.4,4.01737999741554e-05,
ENSG00000207975,MIR181B1,4.4,6.82983134053349e-13,
ENSG00000213972,,-4.4,4.08312399644226e-07,
ENSG00000215720,MFFP1,4.4,6.31004014616043e-24,
ENSG00000220412,,-4.4,4.95074114130508e-08,
ENSG00000224796,RPL32P1,-4.4,2.39896355659e-38,
ENSG00000229414,KCNQ1-AS1,-4.4,1.25603280366143e-07,
ENSG00000233392,UICLM,-4.4,6.03525868646595e-07,
ENSG00000234506,LINC01506,-4.4,6.3548505542707e-11,
ENSG00000236747,LINC01282,4.4,2.59911332959955e-05,
ENSG00000237400,,-4.4,7.82079695413111e-19,
ENSG00000246100,LINC00900,4.4,1.43292433047637e-22,
ENSG00000255587,RAB44,-4.4,2.49610238781719e-48,
ENSG00000259178,,4.4,2.35418785863297e-05,
ENSG00000259347,,-4.4,2.10188917122374e-07,
ENSG00000262074,SNORD3B-2,-4.4,7.58451174274562e-14,
ENSG00000263934,SNORD3A,-4.4,3.00835443000646e-16,
ENSG00000265185,SNORD3B-1,-4.4,7.19284151597026e-07,
ENSG00000267432,DNAH17-AS1,4.4,8.31690578384304e-11,
ENSG00000268849,SIGLEC22P,-4.4,1.59911450880625e-22,
ENSG00000270409,,4.4,1.65490334021514e-21,
ENSG00000271947,,4.4,1.05890695694541e-05,
ENSG00000272568,,-4.4,3.63473894498545e-24,
ENSG00000275458,MIR6809,4.4,1.44963248822827e-05,
ENSG00000013619,MAMLD1,4.3,2.31276988217683e-09,
ENSG00000100095,SEZ6L,-4.3,1.39816224180525e-19,
ENSG00000109667,SLC2A9,-4.3,9.24416224106487e-53,
ENSG00000112394,SLC16A10,4.3,6.38883545840517e-17,
ENSG00000127528,KLF2,-4.3,1.37902056217416e-37,
ENSG00000138439,FAM117B,-4.3,7.85643986039775e-89,
ENSG00000138944,SHISAL1,4.3,1.89708428994124e-05,
ENSG00000143545,RAB13,4.3,2.24719802943047e-77,
ENSG00000149564,ESAM,-4.3,2.92208320788466e-27,
ENSG00000176236,RPP38-DT,-4.3,6.33155306586441e-07,
ENSG00000188522,FAM83G,4.3,9.26280071152553e-18,
ENSG00000189068,VSTM1,-4.3,1.71127352589369e-65,
ENSG00000202318,Y_RNA,4.3,1.51218800318697e-07,
ENSG00000204136,GGTA1,-4.3,2.51352869534189e-31,
ENSG00000204464,C1orf195,4.3,1.4142913440667e-18,
ENSG00000204666,,-4.3,3.5804222639018e-05,
ENSG00000225231,LINC02470,-4.3,1.74712247767086e-06,
ENSG00000228800,,4.3,0.000159704046965179,
ENSG00000233038,PTPRN2-AS1,-4.3,5.32458174330231e-29,
ENSG00000234358,,4.3,5.45446031491437e-35,
ENSG00000234436,,-4.3,1.17317089399867e-13,
ENSG00000236390,,4.3,7.60964018975052e-07,
ENSG00000236736,UQCRC2P1,4.3,1.93170743420014e-05,
ENSG00000241163,LINC00877,-4.3,1.12539031909117e-48,
ENSG00000245667,,4.3,1.56083676930432e-15,
ENSG00000249934,NCOA4P2,4.3,1.83385599959642e-05,
ENSG00000252951,RNA5SP165,4.3,4.48162171728236e-05,
ENSG00000253522,MIR3142HG,4.3,2.28212607521243e-30,
ENSG00000254983,,-4.3,1.86967996628752e-12,
ENSG00000258268,,-4.3,6.05636668308813e-18,
ENSG00000259447,,4.3,1.90004060584297e-05,
ENSG00000259704,,-4.3,3.12439895749565e-08,
ENSG00000260733,,-4.3,2.53294628302731e-06,
ENSG00000276980,,4.3,2.15591657525004e-16,
ENSG00000285040,,-4.3,4.19844913781581e-05,
ENSG00000088543,C3orf18,-4.2,6.45123144898942e-05,
ENSG00000106034,CPED1,-4.2,3.46718303397567e-56,
ENSG00000123095,BHLHE41,4.2,9.88083068056533e-08,
ENSG00000133574,GIMAP4,-4.2,3.06893966619169e-26,
ENSG00000137841,PLCB2,-4.2,2.09493129214247e-110,
ENSG00000138448,ITGAV,4.2,3.2976175060803e-184,
ENSG00000143816,WNT9A,4.2,6.93113680495365e-05,
ENSG00000153976,HS3ST3A1,4.2,2.67302039740835e-05,
ENSG00000157150,TIMP4,4.2,2.05168023463384e-06,
ENSG00000161509,GRIN2C,-4.2,1.00308814118938e-16,
ENSG00000161955,TNFSF13,-4.2,1.60255821436392e-23,
ENSG00000164683,HEY1,4.2,5.00566341425619e-14,
ENSG00000172322,CLEC12A,-4.2,5.24829050200748e-46,
ENSG00000172794,RAB37,-4.2,2.6607705265126e-59,
ENSG00000179580,RNF151,4.2,0.000107844631187988,
ENSG00000187166,H1-7,-4.2,6.2206962971779e-05,
ENSG00000187726,DNAJB13,-4.2,1.74349543595784e-13,
ENSG00000188921,HACD4,-4.2,5.42691145457128e-80,
ENSG00000198944,SOWAHA,-4.2,9.41508057384367e-05,
ENSG00000200169,RNU5D-1,-4.2,3.32245112752354e-06,
ENSG00000222182,RNA5SP156,4.2,6.16246926994174e-11,
ENSG00000224802,TUBB4BP2,4.2,4.4663603486232e-10,
ENSG00000228058,LINC01736,-4.2,7.17294308560198e-07,
ENSG00000229452,CPVL-AS1,-4.2,3.15314425903632e-11,
ENSG00000229719,MIR194-2HG,-4.2,6.66883476789823e-14,
ENSG00000230838,LINC01614,4.2,2.21522665283849e-11,
ENSG00000233517,,-4.2,8.22119938356175e-06,
ENSG00000236724,,4.2,2.6857141672232e-05,
ENSG00000237276,ANO7L1,-4.2,2.549657357331e-07,
ENSG00000238825,RNVU1-2,-4.2,7.38214383540402e-05,
ENSG00000243426,RN7SL454P,4.2,1.27113668841874e-05,
ENSG00000251301,LINC02384,-4.2,4.34573096803279e-17,
ENSG00000272203,,-4.2,7.11986622289618e-05,
ENSG00000273727,U1,-4.2,0.000187026951191695,
ENSG00000274508,,4.2,5.76033916899593e-06,
ENSG00000279349,,4.2,9.35221755523305e-09,
ENSG00000006283,CACNA1G,4.1,3.33319830223547e-08,
ENSG00000099250,NRP1,4.1,5.39615831084684e-34,
ENSG00000100373,UPK3A,-4.1,3.00970331371267e-10,
ENSG00000102794,ACOD1,4.1,1.46487835889176e-06,
ENSG00000123358,NR4A1,-4.1,5.0407323160882e-45,
ENSG00000125968,ID1,-4.1,9.04256216041175e-10,
ENSG00000127399,LRRC61,-4.1,1.92117472989686e-07,
ENSG00000129538,RNASE1,4.1,7.80205268932514e-25,
ENSG00000132359,RAP1GAP2,-4.1,1.42558247793684e-81,
ENSG00000137507,LRRC32,-4.1,4.6111796479113e-06,
ENSG00000144837,PLA1A,-4.1,4.0510801406291e-11,
ENSG00000145708,CRHBP,-4.1,1.08781035366841e-09,
ENSG00000147576,ADHFE1,-4.1,1.94863162904542e-24,
ENSG00000155846,PPARGC1B,-4.1,3.1421655830209e-37,
ENSG00000160593,JAML,-4.1,6.35667015471028e-47,
ENSG00000163467,TSACC,4.1,2.99440985498286e-19,
ENSG00000167105,TMEM92,4.1,1.86886456763285e-11,
ENSG00000167261,DPEP2,-4.1,4.73948046193131e-89,
ENSG00000169604,ANTXR1,4.1,3.55588992357661e-05,
ENSG00000170006,TMEM154,-4.1,3.19013821984724e-76,
ENSG00000175352,NRIP3,4.1,1.26365104274523e-23,
ENSG00000197632,SERPINB2,4.1,6.66674436929526e-08,
ENSG00000198743,SLC5A3,4.1,2.04065048829155e-57,
ENSG00000206828,RNVU1-30,-4.1,3.9121078682351e-12,
ENSG00000227039,ITGB2-AS1,-4.1,2.28952590881527e-38,
ENSG00000230923,LINC00309,-4.1,3.94491594208457e-11,
ENSG00000232679,LINC01705,4.1,0.000107035227299405,
ENSG00000233730,LINC01765,-4.1,0.000112668923112675,
ENSG00000236041,COX6CP18,-4.1,0.000110887538872697,
ENSG00000236969,GGT8P,4.1,1.67253114229116e-13,
ENSG00000243273,,-4.1,4.74450407209625e-06,
ENSG00000244130,UBE2Q2P9,-4.1,0.000152283493164826,
ENSG00000244586,WNT5A-AS1,4.1,9.252259223863e-06,
ENSG00000251179,TMEM92-AS1,4.1,4.68168092250123e-10,
ENSG00000252126,RNU6-313P,4.1,4.04140695247743e-05,
ENSG00000257226,,-4.1,3.32069768113547e-05,
ENSG00000267770,,4.1,9.39692693175899e-05,
ENSG00000285081,,-4.1,4.62677686712606e-22,
ENSG00000285823,LINC02793,4.1,4.88631014153634e-06,
ENSG00000070814,TCOF1,-4.0,4.18134728946456e-92,
ENSG00000095932,SMIM24,-4.0,0.000190100861267104,
ENSG00000106366,SERPINE1,4.0,9.38282424931797e-06,
ENSG00000111199,TRPV4,-4.0,2.35120709833306e-11,
ENSG00000120337,TNFSF18,4.0,0.000414687251481028,
ENSG00000121743,GJA3,4.0,0.000192801166960658,
ENSG00000124875,CXCL6,4.0,0.000244504132206266,
ENSG00000134207,SYT6,4.0,4.13126976443014e-10,
ENSG00000134222,PSRC1,-4.0,2.35565965930425e-19,
ENSG00000134531,EMP1,4.0,1.42192424988853e-26,
ENSG00000138061,CYP1B1,4.0,7.85492897580647e-24,
ENSG00000141096,DPEP3,-4.0,1.00748074325388e-11,
ENSG00000146221,TCTE1,-4.0,0.000181375633697948,
ENSG00000147614,ATP6V0D2,4.0,4.80886828665731e-05,
ENSG00000148204,CRB2,-4.0,1.3760332962265e-36,
ENSG00000161791,FMNL3,4.0,1.96180829504069e-107,
ENSG00000162599,NFIA,-4.0,4.56044119861362e-36,
ENSG00000162881,OXER1,-4.0,1.32637463896515e-25,
ENSG00000164556,FAM183BP,-4.0,0.000244691794382129,
ENSG00000166428,PLD4,-4.0,2.38058983319702e-19,
ENSG00000166923,GREM1,4.0,5.54427152721112e-05,
ENSG00000169313,P2RY12,-4.0,4.41029095338788e-08,
ENSG00000169432,SCN9A,-4.0,3.27454524465491e-08,
ENSG00000170807,LMOD2,-4.0,2.01357806579636e-18,
ENSG00000172380,GNG12,4.0,1.62509381997615e-06,
ENSG00000174684,B4GAT1,-4.0,4.62724218818074e-05,
ENSG00000177679,SRRM3,4.0,0.000286184480706651,
ENSG00000182853,VMO1,4.0,3.62594595750806e-07,
ENSG00000183742,MACC1,4.0,2.41121318589063e-06,
ENSG00000184588,PDE4B,-4.0,4.41284210601096e-46,
ENSG00000185436,IFNLR1,4.0,8.21434639313489e-05,
ENSG00000196411,EPHB4,-4.0,8.75822127929544e-12,
ENSG00000196839,ADA,4.0,8.04612142876988e-12,
ENSG00000198910,L1CAM,4.0,6.16426061605884e-11,
ENSG00000205336,ADGRG1,4.0,1.25694519297654e-14,
ENSG00000212479,U3,4.0,2.49841301806122e-08,
ENSG00000213373,LINC00671,-4.0,5.87680186131084e-05,
ENSG00000219951,,4.0,2.01851951606372e-07,
ENSG00000222455,RNA5SP296,4.0,2.48270706301106e-07,
ENSG00000226125,LINC01907,-4.0,4.00562414035648e-05,
ENSG00000226153,CHP1P3,-4.0,7.6670813466048e-06,
ENSG00000226828,LINC02774,-4.0,1.21642839034247e-08,
ENSG00000229498,,-4.0,0.000297846537854122,
ENSG00000230831,,-4.0,8.7375170850941e-07,
ENSG00000235217,TSPY26P,-4.0,5.51225493204552e-37,
ENSG00000237152,,-4.0,2.41237265056527e-05,
ENSG00000237263,MAPK6P3,4.0,6.25676701240786e-21,
ENSG00000240183,RN7SL297P,4.0,1.42335024555743e-12,
ENSG00000242341,RN7SL646P,4.0,8.33258422946441e-05,
ENSG00000243055,GK-AS1,4.0,5.66280378019907e-61,
ENSG00000247095,MIR210HG,4.0,6.91805903021611e-05,
ENSG00000259146,,-4.0,7.87160228284421e-25,
ENSG00000265432,MIR4308,-4.0,4.21769874437097e-10,
ENSG00000266709,,4.0,8.3951367395483e-23,
ENSG00000269019,HOMER3-AS1,4.0,3.47807814542487e-29,
ENSG00000271749,,4.0,6.67605101498772e-09,
ENSG00000271855,,-4.0,7.8398884053743e-07,
ENSG00000273768,RNVU1-29,-4.0,5.29784010928462e-07,
ENSG00000274719,,4.0,8.83563443657577e-05,
ENSG00000283994,,-4.0,8.73100128196329e-13,
ENSG00000009790,TRAF3IP3,-3.9,4.75326366403691e-56,
ENSG00000023171,GRAMD1B,-3.9,4.37538409304694e-91,
ENSG00000050767,COL23A1,3.9,7.84388871338624e-17,
ENSG00000064042,LIMCH1,-3.9,2.28014726900758e-06,
ENSG00000090924,PLEKHG2,-3.9,2.90612140652626e-50,
ENSG00000100600,LGMN,3.9,2.41307301163837e-72,
ENSG00000124491,F13A1,-3.9,5.26434298271167e-26,
ENSG00000132589,FLOT2,-3.9,2.46226074641933e-120,
ENSG00000136235,GPNMB,3.9,2.01338109291631e-24,
ENSG00000139174,PRICKLE1,-3.9,1.00877608717726e-14,
ENSG00000152217,SETBP1,-3.9,1.6434382124322e-22,
ENSG00000157927,RADIL,-3.9,4.64063691315052e-07,
ENSG00000158825,CDA,-3.9,4.84642766523078e-64,
ENSG00000160886,LY6K,3.9,4.01424237745198e-05,
ENSG00000164949,GEM,3.9,2.19176333393118e-13,
ENSG00000168685,IL7R,3.9,2.08042204543851e-36,
ENSG00000169083,AR,3.9,7.83193435445063e-07,
ENSG00000172878,METAP1D,-3.9,2.83268859369081e-10,
ENSG00000176659,C20orf197,-3.9,4.2052561706687e-14,
ENSG00000177725,,3.9,6.37760485707022e-09,
ENSG00000179639,FCER1A,-3.9,0.000154873593993186,
ENSG00000182162,P2RY8,-3.9,1.34684650918096e-110,
ENSG00000182557,SPNS3,-3.9,1.73358858028131e-08,
ENSG00000184117,NIPSNAP1,-3.9,2.74976175048439e-22,
ENSG00000187116,LILRA5,-3.9,1.93141641266191e-39,
ENSG00000196932,TMEM26,3.9,0.00043489212271912,
ENSG00000197561,ELANE,-3.9,0.000144624740796861,
ENSG00000204282,,-3.9,1.31209737870856e-19,
ENSG00000213386,,-3.9,4.48604090525204e-06,
ENSG00000226254,PTP4A1P3,3.9,0.000108972825691697,
ENSG00000234425,,3.9,1.43338261943857e-13,
ENSG00000234484,,-3.9,1.6753728010373e-16,
ENSG00000235834,,-3.9,3.26427291672083e-14,
ENSG00000236911,,-3.9,0.000300867755783601,
ENSG00000248187,,3.9,3.69165736640564e-08,
ENSG00000254233,LINC02365,3.9,0.000277706370803964,
ENSG00000255148,,3.9,0.000359048877424183,
ENSG00000258101,,-3.9,2.19085245171912e-20,
ENSG00000258980,EIF1AXP2,3.9,0.00035674260880069,
ENSG00000265100,,-3.9,1.81123278499612e-20,
ENSG00000267174,,-3.9,2.31973739028042e-09,
ENSG00000270022,,-3.9,3.83748623016249e-18,
ENSG00000271913,TAGAP-AS1,-3.9,9.07736021551726e-25,
ENSG00000272256,,-3.9,1.61152955482985e-18,
ENSG00000279430,,-3.9,3.99018981068198e-21,
ENSG00000280042,,3.9,0.000111059241367915,
ENSG00000285534,,-3.9,3.83312630476944e-08,
ENSG00000049089,COL9A2,-3.8,4.40803911643597e-13,
ENSG00000049130,KITLG,3.8,3.83312630476944e-08,
ENSG00000073737,DHRS9,3.8,3.84304956881155e-10,
ENSG00000102981,PARD6A,-3.8,0.000294012230448132,
ENSG00000105383,CD33,-3.8,4.41042631945975e-69,
ENSG00000106004,HOXA5,-3.8,2.10820164661568e-06,
ENSG00000115598,IL1RL2,3.8,4.87145811857058e-15,
ENSG00000116667,C1orf21,3.8,1.54050713563271e-23,
ENSG00000117411,B4GALT2,3.8,3.00205694082755e-09,
ENSG00000124140,SLC12A5,3.8,1.28569988919158e-06,
ENSG00000135636,DYSF,-3.8,3.58581705857763e-42,
ENSG00000136068,FLNB,3.8,6.47497001784468e-87,
ENSG00000137962,ARHGAP29,-3.8,1.24564897085066e-11,
ENSG00000151704,KCNJ1,-3.8,1.4380287963365e-24,
ENSG00000151952,TMEM132D,-3.8,2.5981106911106e-05,
ENSG00000154856,APCDD1,-3.8,2.53563085772192e-11,
ENSG00000163421,PROK2,-3.8,7.66931877655062e-08,
ENSG00000163734,CXCL3,3.8,2.98041770665809e-17,
ENSG00000164687,FABP5,3.8,9.60149465201886e-29,
ENSG00000165490,DDIAS,-3.8,4.66012843443519e-35,
ENSG00000166833,NAV2,3.8,3.4064317931466e-06,
ENSG00000170989,S1PR1,3.8,2.13780374824093e-24,
ENSG00000173597,SULT1B1,-3.8,6.41138220933121e-10,
ENSG00000176533,GNG7,-3.8,1.37910950629941e-17,
ENSG00000176595,KBTBD11,-3.8,7.4656131420363e-87,
ENSG00000178104,PDE4DIP,3.8,8.643501940592e-71,
ENSG00000180871,CXCR2,-3.8,2.36515717501132e-15,
ENSG00000181652,ATG9B,-3.8,5.18730542615803e-10,
ENSG00000185745,IFIT1,3.8,7.70223246351111e-06,
ENSG00000196636,SDHAF3,-3.8,8.8162698278749e-25,
ENSG00000214278,,3.8,9.81837935985759e-14,
ENSG00000215861,,3.8,5.70112867486857e-19,
ENSG00000222346,RNA5SP237,3.8,9.61899680203911e-13,
ENSG00000229331,GK-IT1,3.8,1.83651774248215e-20,
ENSG00000229896,,-3.8,1.17099651290576e-10,
ENSG00000233456,LINC01077,3.8,0.000218000331223602,
ENSG00000233725,NRAD1,3.8,0.000752599677913487,
ENSG00000235121,,3.8,5.37915528683129e-19,
ENSG00000235128,,-3.8,3.3048455740745e-06,
ENSG00000236783,RPS15AP27,-3.8,7.77924644208329e-08,
ENSG00000237331,XIAP-AS1,3.8,9.11083734040279e-06,
ENSG00000237493,,3.8,1.30430321946909e-25,
ENSG00000238258,,3.8,0.000631344156569463,
ENSG00000239445,ST3GAL6-AS1,3.8,4.75259690762273e-08,
ENSG00000241144,RN7SL728P,3.8,0.000201507098297471,
ENSG00000241886,,3.8,1.62026204144657e-38,
ENSG00000241978,,3.8,0.000577017381506416,
ENSG00000244292,OR9N1P,3.8,0.000591168956905016,
ENSG00000253006,RN7SKP283,3.8,7.88243634612264e-30,
ENSG00000256913,,-3.8,8.13009726779301e-07,
ENSG00000257127,CLLU1,3.8,0.000734262099067317,
ENSG00000258546,CENPUP2,-3.8,7.88586189094123e-08,
ENSG00000258754,LINC01579,-3.8,0.000314699904068707,
ENSG00000259673,IQCH-AS1,-3.8,8.6292341385626e-11,
ENSG00000261218,,-3.8,3.04617280266071e-14,
ENSG00000262358,,3.8,0.000600292940545372,
ENSG00000264354,MIR3134,3.8,2.61112677346829e-05,
ENSG00000266698,MIR3945,-3.8,2.5832243479325e-07,
ENSG00000270741,PRELID3BP8,3.8,0.00029530127508501,
ENSG00000270742,,-3.8,2.40492941665234e-05,
ENSG00000271216,LINC01050,3.8,0.000878424179367409,
ENSG00000271614,ATP2B1-AS1,-3.8,5.15843357975319e-30,
ENSG00000272384,,-3.8,1.48906381205818e-06,
ENSG00000272715,,3.8,0.000205341949752172,
ENSG00000275693,,-3.8,6.63749740012112e-11,
ENSG00000279719,,-3.8,3.73527126937611e-07,
ENSG00000279853,,-3.8,0.000550594115266097,
ENSG00000050730,TNIP3,3.7,5.64340434578052e-12,
ENSG00000058091,CDK14,3.7,1.25514609854685e-68,
ENSG00000060982,BCAT1,3.7,2.10788890267863e-24,
ENSG00000100320,RBFOX2,3.7,4.67686529779988e-07,
ENSG00000104067,TJP1,3.7,0.000297162376126604,
ENSG00000104804,TULP2,-3.7,5.30926288978802e-25,
ENSG00000104951,IL4I1,3.7,2.88862896775609e-41,
ENSG00000105514,RAB3D,-3.7,2.33790025483417e-72,
ENSG00000106571,GLI3,3.7,0.000907272408309507,
ENSG00000111962,UST,3.7,1.00939090123195e-37,
ENSG00000113749,HRH2,-3.7,1.63232073817536e-76,
ENSG00000120262,CCDC170,-3.7,2.90457104280769e-36,
ENSG00000125780,TGM3,3.7,0.000218864317576921,
ENSG00000126803,HSPA2,3.7,8.51878214918378e-25,
ENSG00000127074,RGS13,3.7,8.33684683871499e-08,
ENSG00000130167,TSPAN16,-3.7,7.09361981673058e-10,
ENSG00000130881,LRP3,-3.7,3.87182283946864e-11,
ENSG00000131711,MAP1B,-3.7,2.71606023274433e-11,
ENSG00000135549,PKIB,3.7,5.89475869487475e-05,
ENSG00000142408,CACNG8,3.7,3.28262143119904e-06,
ENSG00000146592,CREB5,-3.7,9.5270122196883e-35,
ENSG00000158481,CD1C,-3.7,3.91246468738769e-26,
ENSG00000163739,CXCL1,3.7,1.33462665590551e-23,
ENSG00000168268,NT5DC2,3.7,6.74512535533708e-40,
ENSG00000168405,CMAHP,-3.7,2.26950840470611e-43,
ENSG00000172159,FRMD3,-3.7,2.27717923305894e-20,
ENSG00000173918,C1QTNF1,3.7,5.22939480350252e-06,
ENSG00000176170,SPHK1,3.7,3.14777970313712e-48,
ENSG00000181908,LINC02724,-3.7,6.92336704147059e-10,
ENSG00000185201,IFITM2,-3.7,2.22781724531726e-48,
ENSG00000186628,FSD2,3.7,7.56551332725822e-08,
ENSG00000188001,TPRG1,3.7,7.77306237136952e-49,
ENSG00000196220,SRGAP3,-3.7,3.47381644164487e-37,
ENSG00000196301,HLA-DRB9,-3.7,0.000377528926012626,
ENSG00000197540,GZMM,-3.7,0.000283861718870112,
ENSG00000199568,RNU5A-1,-3.7,6.10853818140013e-05,
ENSG00000206557,TRIM71,-3.7,2.22384468338446e-11,
ENSG00000213145,CRIP1,-3.7,5.07627737154743e-14,
ENSG00000213203,GIMAP1,-3.7,4.09582448710822e-34,
ENSG00000218809,,-3.7,2.81804621859498e-21,
ENSG00000222043,,-3.7,1.13212506732846e-12,
ENSG00000227825,SLC9A7P1,-3.7,9.78120296276338e-35,
ENSG00000227929,SRGAP3-AS3,-3.7,0.000441242878066214,
ENSG00000228323,MYADM-AS1,-3.7,1.75506635664786e-09,
ENSG00000228353,,-3.7,1.10217735252562e-09,
ENSG00000228763,LIMS1-AS1,3.7,2.72986738194544e-15,
ENSG00000229162,RUNX3-AS1,3.7,1.40733265589586e-13,
ENSG00000230013,CT70,-3.7,0.000212834007937279,
ENSG00000233261,FAM238A,-3.7,8.11218650336412e-06,
ENSG00000235308,,3.7,0.000213547243586219,
ENSG00000235590,GNAS-AS1,3.7,0.000301243445138646,
ENSG00000236936,,-3.7,2.50940881365482e-08,
ENSG00000237223,SULT1C2P1,-3.7,0.00113837765480495,
ENSG00000239736,CEACAMP3,-3.7,0.000675250589080588,
ENSG00000244161,FLNB-AS1,3.7,7.01364359493069e-18,
ENSG00000248323,LUCAT1,3.7,4.47651629532947e-60,
ENSG00000254246,,3.7,1.309180917174e-05,
ENSG00000254255,,3.7,0.000678735323000771,
ENSG00000256940,PPP1R14B-AS1,3.7,0.000426371191321049,
ENSG00000257167,TMPO-AS1,-3.7,5.11386841079585e-19,
ENSG00000257452,,3.7,5.17534842887505e-14,
ENSG00000258234,,-3.7,1.67042475199647e-07,
ENSG00000258928,,-3.7,5.24468585745817e-18,
ENSG00000259954,IL21R-AS1,3.7,3.37651737837197e-05,
ENSG00000260286,ARMH2,-3.7,0.00134133228173336,
ENSG00000260816,,-3.7,4.84292862759877e-10,
ENSG00000262884,,-3.7,2.62104109951526e-07,
ENSG00000264006,AKR1C8P,3.7,0.000859526705312861,
ENSG00000266559,MIR4530,-3.7,4.30571128288736e-05,
ENSG00000269927,,-3.7,5.04565001588333e-06,
ENSG00000273175,,-3.7,2.81169023718651e-10,
ENSG00000274736,CCL23,3.7,0.000207085025915268,
ENSG00000277562,,-3.7,0.000704726050157246,
ENSG00000279772,,3.7,0.000885360370267701,
ENSG00000285881,,3.7,2.62430441643672e-21,
ENSG00000005381,MPO,-3.6,6.95729536063825e-28,
ENSG00000026751,SLAMF7,3.6,8.79234602690735e-22,
ENSG00000053918,KCNQ1,-3.6,9.62513078158924e-51,
ENSG00000093134,VNN3,-3.6,2.97048686866241e-20,
ENSG00000100271,TTLL1,-3.6,4.01031055418765e-12,
ENSG00000101489,CELF4,-3.6,0.00049744083504453,
ENSG00000111261,MANSC1,-3.6,2.21640552956973e-11,
ENSG00000112303,VNN2,-3.6,2.04085225471861e-27,
ENSG00000115718,PROC,3.6,1.17317089399867e-13,
ENSG00000119922,IFIT2,3.6,1.22339558896049e-05,
ENSG00000120129,DUSP1,-3.6,6.50630661248312e-32,
ENSG00000121101,TEX14,-3.6,2.67754275965619e-13,
ENSG00000121797,CCRL2,3.6,3.17456908427047e-44,
ENSG00000125730,C3,3.6,7.04736582524333e-80,
ENSG00000131203,IDO1,3.6,3.48282643187275e-10,
ENSG00000132518,GUCY2D,-3.6,0.000320285130369937,
ENSG00000133816,MICAL2,-3.6,1.23089563439932e-108,
ENSG00000134321,RSAD2,3.6,5.87805979482285e-05,
ENSG00000134369,NAV1,3.6,6.98378707349659e-70,
ENSG00000139178,C1RL,-3.6,9.81568455667277e-46,
ENSG00000143515,ATP8B2,3.6,1.6488971878372e-27,
ENSG00000144230,GPR17,3.6,7.88242959769727e-06,
ENSG00000146409,SLC18B1,-3.6,1.52426799818478e-25,
ENSG00000148677,ANKRD1,3.6,0.000573147237005136,
ENSG00000153064,BANK1,-3.6,1.3787811167029e-16,
ENSG00000153071,DAB2,3.6,6.85798662901858e-45,
ENSG00000154102,C16orf74,-3.6,6.72096616862961e-13,
ENSG00000154783,FGD5,3.6,5.18044708102226e-08,
ENSG00000158485,CD1B,-3.6,7.83414188412712e-09,
ENSG00000158488,CD1E,-3.6,6.74306601509742e-09,
ENSG00000168765,GSTM4,-3.6,9.7661356833657e-15,
ENSG00000175084,DES,-3.6,0.000213547243586219,
ENSG00000176490,DIRAS1,3.6,0.000724789933739367,
ENSG00000178038,ALS2CL,-3.6,6.39352959647462e-13,
ENSG00000181001,OR52N1,3.6,0.00181451026133677,
ENSG00000181656,GPR88,-3.6,0.00115067959098765,
ENSG00000184489,PTP4A3,-3.6,1.26560037420306e-10,
ENSG00000185905,C16orf54,-3.6,9.29178674025571e-59,
ENSG00000186193,SAPCD2,-3.6,1.47548089115917e-12,
ENSG00000187837,H1-2,-3.6,6.83027602046803e-45,
ENSG00000188452,CERKL,-3.6,2.09852355378519e-61,
ENSG00000188779,SKOR1,-3.6,5.21501936280786e-06,
ENSG00000203710,CR1,-3.6,5.09430799512545e-49,
ENSG00000214193,SH3D21,3.6,1.03489364987333e-16,
ENSG00000214727,RPL5P35,-3.6,0.000449312104274641,
ENSG00000216192,MIR920,3.6,0.00132137964558583,
ENSG00000221507,RNU6ATAC40P,-3.6,0.00103762533384311,
ENSG00000223911,,3.6,1.6221893767289e-11,
ENSG00000224977,LINC02776,-3.6,3.64156706725719e-12,
ENSG00000226149,,3.6,1.35944998732226e-12,
ENSG00000227508,LINC01624,-3.6,6.24382261860053e-05,
ENSG00000228340,MIR646HG,-3.6,5.25088384615604e-14,
ENSG00000228723,SRGAP3-AS2,-3.6,0.00165898411685291,
ENSG00000231758,ARHGAP15-AS1,-3.6,1.24494265963159e-11,
ENSG00000232396,,-3.6,0.000415186738809594,
ENSG00000232492,NPM1P13,-3.6,0.00066482981658916,
ENSG00000235185,,-3.6,2.54160912234963e-05,
ENSG00000235897,TM4SF19-AS1,3.6,2.25695196664112e-07,
ENSG00000236591,UST-AS2,3.6,0.00169919256413846,
ENSG00000238279,,3.6,1.62422221420295e-12,
ENSG00000240014,RN7SL254P,3.6,6.17826904014292e-08,
ENSG00000243968,RN7SL402P,-3.6,1.39659469445904e-11,
ENSG00000245281,,-3.6,6.16504931390981e-13,
ENSG00000248848,PPBPP2,3.6,0.00106556311652091,
ENSG00000250420,AACSP1,3.6,0.0021702157778395,
ENSG00000257341,,-3.6,5.00327586374739e-06,
ENSG00000258476,LINC02207,-3.6,6.99850379340412e-08,
ENSG00000258499,LINC02287,-3.6,0.00113805326057424,
ENSG00000259094,,3.6,5.73339609650254e-12,
ENSG00000260417,,-3.6,3.24347763538876e-23,
ENSG00000261040,WFDC21P,3.6,5.28886008053558e-11,
ENSG00000263264,,-3.6,4.93302044714066e-19,
ENSG00000266877,,3.6,0.0011086018817881,
ENSG00000270324,,3.6,4.9126977536443e-07,
ENSG00000271086,NAMA,3.6,0.000738215518753684,
ENSG00000274286,ADRA2B,-3.6,7.29748128386454e-10,
ENSG00000277186,,-3.6,0.00132403259808838,
ENSG00000278972,,-3.6,5.9956899506052e-05,
ENSG00000278987,,3.6,1.89480227910435e-14,
ENSG00000285630,,3.6,0.000123389861687089,
ENSG00000014257,ACP3,-3.5,3.8355111446115e-55,
ENSG00000085871,MGST2,-3.5,9.16250663808151e-38,
ENSG00000086288,NME8,-3.5,1.5911894700605e-29,
ENSG00000101187,SLCO4A1,3.5,1.68889412593764e-07,
ENSG00000102575,ACP5,3.5,5.70661814217948e-25,
ENSG00000103485,QPRT,-3.5,2.17879318973129e-06,
ENSG00000105246,EBI3,3.5,2.70557928359163e-09,
ENSG00000105974,CAV1,3.5,0.00143862925891166,
ENSG00000113600,C9,3.5,0.00223426239786621,
ENSG00000118200,CAMSAP2,3.5,9.48419368946592e-66,
ENSG00000120802,TMPO,-3.5,6.9000289293683e-58,
ENSG00000122035,RASL11A,-3.5,8.03163535700049e-09,
ENSG00000126787,DLGAP5,3.5,8.6292341385626e-11,
ENSG00000133561,GIMAP6,-3.5,1.0864557024038e-15,
ENSG00000135069,PSAT1,3.5,2.87126448038752e-05,
ENSG00000137070,IL11RA,-3.5,1.60302775022542e-36,
ENSG00000138030,KHK,-3.5,2.29541109760989e-05,
ENSG00000139289,PHLDA1,3.5,1.515906686322e-08,
ENSG00000140022,STON2,-3.5,3.01563871766895e-18,
ENSG00000141524,TMC6,-3.5,5.34661798619134e-47,
ENSG00000142733,MAP3K6,-3.5,9.88244596197606e-17,
ENSG00000142875,PRKACB,-3.5,7.26466646964363e-32,
ENSG00000144130,NT5DC4,-3.5,0.00088515755217788,
ENSG00000145107,TM4SF19,3.5,6.11187567654599e-05,
ENSG00000152953,STK32B,-3.5,2.05042045361095e-12,
ENSG00000157657,ZNF618,-3.5,4.53388009256447e-23,
ENSG00000163357,DCST1,-3.5,1.43540872371228e-06,
ENSG00000163735,CXCL5,3.5,3.52836336659645e-05,
ENSG00000163923,RPL39L,-3.5,0.000652676082400131,
ENSG00000164188,RANBP3L,3.5,0.00225817331251471,
ENSG00000165029,ABCA1,3.5,1.22007347755066e-32,
ENSG00000165092,ALDH1A1,-3.5,1.40846636993069e-48,
ENSG00000168899,VAMP5,-3.5,6.46330303554282e-37,
ENSG00000169220,RGS14,-3.5,6.45204878914916e-19,
ENSG00000179921,GPBAR1,-3.5,2.35565965930425e-19,
ENSG00000180884,ZNF792,-3.5,2.39018647716055e-11,
ENSG00000182871,COL18A1,-3.5,1.86768817911665e-22,
ENSG00000185347,TEDC1,-3.5,2.53600846898045e-45,
ENSG00000187957,DNER,3.5,3.72314141987752e-17,
ENSG00000197256,KANK2,3.5,1.12424551266435e-33,
ENSG00000204161,TMEM273,3.5,5.45295585762361e-21,
ENSG00000204815,ODAD4,-3.5,2.98885523194622e-11,
ENSG00000224164,LINC02828,3.5,6.41241714942608e-06,
ENSG00000224307,,-3.5,1.00269806769864e-06,
ENSG00000224649,,3.5,2.67275939322735e-06,
ENSG00000228291,ARL4AP3,3.5,0.00113541879231534,
ENSG00000231290,APCDD1L-DT,3.5,0.000870758371026016,
ENSG00000233672,RNASEH2B-AS1,-3.5,3.73025963945907e-06,
ENSG00000236710,,-3.5,5.70279126984585e-09,
ENSG00000236849,LINC01474,-3.5,0.000229250447092784,
ENSG00000239636,TFAP2E-AS1,-3.5,2.69127527910622e-09,
ENSG00000240184,PCDHGC3,3.5,1.37550687682203e-13,
ENSG00000242193,CRYZL2P,-3.5,2.57048710026474e-18,
ENSG00000248592,STIMATE-MUSTN1,-3.5,6.6065373833835e-20,
ENSG00000249863,,-3.5,6.64232076529504e-13,
ENSG00000253556,MTCO1P4,3.5,0.00030014745186646,
ENSG00000253736,,-3.5,7.00966001693176e-09,
ENSG00000254732,,3.5,1.00324347228331e-35,
ENSG00000256249,,-3.5,1.41453364850794e-07,
ENSG00000257335,MGAM,3.5,2.02563449830664e-25,
ENSG00000258742,LINC02833,-3.5,0.00093439173108376,
ENSG00000259073,FOXN3-AS2,-3.5,5.02484374760834e-15,
ENSG00000261656,BEAN1-AS1,-3.5,2.33630136280284e-05,
ENSG00000272341,,3.5,7.9417279137545e-21,
ENSG00000274441,,3.5,1.07027891185595e-10,
ENSG00000278480,ZBTB2P1,3.5,8.8107934243234e-07,
ENSG00000279622,,-3.5,0.00024950841202204,
ENSG00000280025,,3.5,8.01099702181459e-11,
ENSG00000000971,CFH,-3.4,0.00181323364940901,
ENSG00000057294,PKP2,-3.4,3.38427406568418e-10,
ENSG00000067606,PRKCZ,-3.4,6.02066021878446e-07,
ENSG00000070731,ST6GALNAC2,-3.4,2.92579155918206e-05,
ENSG00000083123,BCKDHB,-3.4,1.24745984536589e-21,
ENSG00000110628,SLC22A18,-3.4,4.63522271101025e-24,
ENSG00000119042,SATB2,-3.4,8.94851735875431e-13,
ENSG00000121316,PLBD1,-3.4,1.22914665026519e-100,
ENSG00000122877,EGR2,3.4,8.69678567975538e-18,
ENSG00000124256,ZBP1,-3.4,5.18821297174837e-17,
ENSG00000128564,VGF,3.4,0.00300805801264061,
ENSG00000134028,ADAMDEC1,3.4,1.13596827188024e-23,
ENSG00000137103,TMEM8B,-3.4,4.85119515873922e-38,
ENSG00000137843,PAK6,-3.4,0.00294379145162259,
ENSG00000139194,RBP5,-3.4,1.43668546100672e-06,
ENSG00000142765,SYTL1,-3.4,8.45728803433221e-35,
ENSG00000150627,WDR17,-3.4,3.48799718425302e-17,
ENSG00000152931,PART1,-3.4,3.30807693919981e-06,
ENSG00000154099,DNAAF1,-3.4,1.77066014898637e-19,
ENSG00000157514,TSC22D3,-3.4,1.61660715190101e-37,
ENSG00000162728,KCNJ9,-3.4,3.27961402726538e-09,
ENSG00000164086,DUSP7,-3.4,1.27162995113345e-48,
ENSG00000169122,FAM110B,-3.4,2.13976181428382e-16,
ENSG00000170917,NUDT6,-3.4,1.75020781735883e-11,
ENSG00000171954,CYP4F22,-3.4,0.00438325409600418,
ENSG00000172602,RND1,3.4,7.89968747018728e-11,
ENSG00000174175,SELP,-3.4,1.95125043518113e-07,
ENSG00000175262,C1orf127,-3.4,5.06241774100756e-06,
ENSG00000178146,GK4P,3.4,1.29997230983176e-07,
ENSG00000181773,GPR3,-3.4,7.59217654365796e-09,
ENSG00000181790,ADGRB1,3.4,1.37508443939579e-17,
ENSG00000182759,MAFA,3.4,0.00298799551490576,
ENSG00000184349,EFNA5,-3.4,5.57802158379886e-06,
ENSG00000189319,FAM53B,-3.4,5.02320199330026e-53,
ENSG00000189377,CXCL17,-3.4,0.00140095375349202,
ENSG00000196668,LINC00173,-3.4,1.50787982145837e-09,
ENSG00000198133,TMEM229B,-3.4,1.16937246344526e-18,
ENSG00000198417,MT1F,-3.4,2.69274957013904e-08,
ENSG00000200972,RNU5A-8P,-3.4,0.00190456477229017,
ENSG00000201469,RNA5SP379,3.4,0.000754175623405468,
ENSG00000207286,Y_RNA,-3.4,0.00149173935326261,
ENSG00000215458,AATBC,-3.4,1.97455010244603e-52,
ENSG00000221066,SNORD111,3.4,0.000562045266345701,
ENSG00000222503,Y_RNA,-3.4,0.00331765372598432,
ENSG00000224025,,3.4,1.19743143953257e-05,
ENSG00000224478,,-3.4,2.84639472847276e-06,
ENSG00000224776,RPSAP50,3.4,0.00381024223009243,
ENSG00000224950,,3.4,3.50323697825347e-30,
ENSG00000226314,ZNF192P1,-3.4,2.25974737439504e-06,
ENSG00000228318,,3.4,6.17961571989164e-09,
ENSG00000229294,,3.4,0.00136465411048805,
ENSG00000229759,MRPS18AP1,-3.4,0.0003394609646673,
ENSG00000230730,,-3.4,2.0124088300893e-05,
ENSG00000232324,,-3.4,3.65076245895266e-12,
ENSG00000233343,ATP6V1G1P4,3.4,0.000776362933924232,
ENSG00000234144,COX6CP13,3.4,0.00288988041787781,
ENSG00000235321,,3.4,1.32280623321697e-07,
ENSG00000236056,GAPDHP14,3.4,1.22045974930996e-11,
ENSG00000236564,YWHAQP5,3.4,0.0043706887130289,
ENSG00000239263,RBM43P1,-3.4,0.001129541162953,
ENSG00000243696,,-3.4,5.81118846025827e-18,
ENSG00000245522,LINC02709,3.4,4.35717969753886e-13,
ENSG00000247982,LINC00926,3.4,6.16926749679572e-22,
ENSG00000249717,PARM1-AS1,3.4,0.000620151777212877,
ENSG00000251706,RNU7-61P,3.4,5.06241774100756e-06,
ENSG00000252549,RNU6-759P,3.4,3.45610575052778e-05,
ENSG00000255303,OR5BA1P,3.4,0.00144339130907552,
ENSG00000255481,OR56A7P,-3.4,0.00289646066160374,
ENSG00000257093,DENND11,3.4,1.49281911505044e-37,
ENSG00000258021,,3.4,0.000970776197287984,
ENSG00000258875,,3.4,1.05754838423859e-17,
ENSG00000259065,,-3.4,0.00323569654327336,
ENSG00000259802,,-3.4,4.12810898925504e-11,
ENSG00000261804,,-3.4,0.00286680244829392,
ENSG00000262873,,-3.4,0.00125039677877376,
ENSG00000267852,ARHGEF18-AS1,-3.4,0.000397097011328735,
ENSG00000272043,,-3.4,0.00156049535698794,
ENSG00000272195,,-3.4,3.55337440041109e-21,
ENSG00000272789,,3.4,0.00156049535698794,
ENSG00000273164,,-3.4,0.00286258984944119,
ENSG00000279320,,3.4,1.876134531891e-10,
ENSG00000284032,MIR29A,3.4,0.00296332778186696,
ENSG00000284726,,3.4,6.91805903021611e-05,
ENSG00000007312,CD79B,-3.3,7.64482994029614e-08,
ENSG00000013016,EHD3,-3.3,2.85935974144128e-19,
ENSG00000020181,ADGRA2,-3.3,3.93437583446793e-26,
ENSG00000065325,GLP2R,-3.3,0.000137649947048365,
ENSG00000075884,ARHGAP15,-3.3,4.02123146797878e-67,
ENSG00000088992,TESC,-3.3,7.59677040600685e-42,
ENSG00000091409,ITGA6,3.3,3.14887221560343e-41,
ENSG00000092621,PHGDH,3.3,4.14628833609408e-09,
ENSG00000100079,LGALS2,-3.3,8.6772805317502e-49,
ENSG00000101695,RNF125,-3.3,4.16997217936099e-25,
ENSG00000102038,SMARCA1,3.3,0.000107912955314455,
ENSG00000102265,TIMP1,3.3,1.49764786206641e-46,
ENSG00000103056,SMPD3,-3.3,3.82630257446167e-06,
ENSG00000103196,CRISPLD2,-3.3,1.83737256766628e-16,
ENSG00000103522,IL21R,3.3,2.41342669001926e-06,
ENSG00000105290,APLP1,-3.3,6.88146495169802e-11,
ENSG00000105352,CEACAM4,-3.3,2.99981549327937e-13,
ENSG00000110203,FOLR3,-3.3,,
ENSG00000112799,LY86,-3.3,1.07729677309944e-32,
ENSG00000114204,SERPINI2,-3.3,9.73625460890032e-07,
ENSG00000115232,ITGA4,-3.3,1.93965943541401e-42,
ENSG00000115425,PECR,-3.3,1.06545164042324e-20,
ENSG00000118418,HMGN3,-3.3,4.21221599980183e-45,
ENSG00000119147,ECRG4,-3.3,0.00219111978252237,
ENSG00000119326,CTNNAL1,3.3,2.02142812479742e-19,
ENSG00000119917,IFIT3,3.3,2.16526926009871e-05,
ENSG00000120162,MOB3B,-3.3,1.6574622073298e-38,
ENSG00000124102,PI3,3.3,0.00566523735776467,
ENSG00000125246,CLYBL,-3.3,2.01525633632688e-06,
ENSG00000125363,AMELX,3.3,3.1789024066634e-06,
ENSG00000126895,AVPR2,-3.3,8.89002100540454e-11,
ENSG00000137094,DNAJB5,3.3,2.04780706735432e-23,
ENSG00000137727,ARHGAP20,3.3,9.87332546893793e-08,
ENSG00000137831,UACA,-3.3,1.63709726804719e-21,
ENSG00000137936,BCAR3,3.3,1.19796126329332e-23,
ENSG00000139044,B4GALNT3,-3.3,0.00232687843687383,
ENSG00000143126,CELSR2,-3.3,4.36453029988288e-16,
ENSG00000143502,SUSD4,-3.3,0.00550864225222291,
ENSG00000145824,CXCL14,3.3,0.00486852239673483,
ENSG00000146809,ASB15,-3.3,7.20648904442251e-07,
ENSG00000147394,ZNF185,-3.3,6.85619923448393e-50,
ENSG00000153347,FAM81B,-3.3,0.000469968240296822,
ENSG00000162444,RBP7,-3.3,4.80361000393477e-43,
ENSG00000162849,KIF26B,-3.3,2.19217344298401e-07,
ENSG00000163328,GPR155,-3.3,2.85733967951659e-39,
ENSG00000164048,ZNF589,-3.3,5.95344169147262e-30,
ENSG00000164171,ITGA2,3.3,6.84296815449923e-21,
ENSG00000164877,MICALL2,3.3,5.09142068695198e-32,
ENSG00000165125,TRPV6,-3.3,5.23183367738567e-05,
ENSG00000166257,SCN3B,-3.3,2.3020378319805e-13,
ENSG00000168067,MAP4K2,-3.3,6.04597816792282e-40,
ENSG00000172197,MBOAT1,-3.3,8.90929507678719e-67,
ENSG00000172915,NBEA,-3.3,4.54687476767514e-11,
ENSG00000173068,BNC2,3.3,1.45370837198111e-06,
ENSG00000174370,C11orf45,-3.3,1.95437201725901e-06,
ENSG00000175985,PLEKHD1,-3.3,0.00204829233250277,
ENSG00000179348,GATA2,-3.3,0.00498700800014857,
ENSG00000180611,MB21D2,3.3,5.80078313582327e-17,
ENSG00000182566,CLEC4G,-3.3,0.000403837777665412,
ENSG00000183578,TNFAIP8L3,3.3,0.0014310823246453,
ENSG00000183773,AIFM3,-3.3,6.78285971302767e-17,
ENSG00000183779,ZNF703,-3.3,2.38550974489838e-21,
ENSG00000185198,PRSS57,-3.3,0.0042605153190943,
ENSG00000186469,GNG2,-3.3,7.11177989391179e-34,
ENSG00000196639,HRH1,3.3,7.03114342199019e-15,
ENSG00000197043,ANXA6,-3.3,3.43747063671986e-73,
ENSG00000198814,GK,3.3,4.42767493624145e-59,
ENSG00000198959,TGM2,3.3,3.71873223427166e-24,
ENSG00000204472,AIF1,-3.3,6.24402252847572e-113,
ENSG00000205927,OLIG2,3.3,5.48498106594137e-18,
ENSG00000211455,STK38L,3.3,1.83777868041365e-68,
ENSG00000214407,LINC02085,-3.3,2.1851240707071e-05,
ENSG00000215397,SCRT2,3.3,4.37503661801733e-05,
ENSG00000218676,BRD7P4,3.3,6.5747799713165e-27,
ENSG00000224093,BCAR3-AS1,3.3,3.23449156386728e-14,
ENSG00000225032,,3.3,7.12745881978246e-14,
ENSG00000225216,,3.3,6.46843011787816e-07,
ENSG00000225886,,3.3,6.18045170214307e-07,
ENSG00000226012,,3.3,0.00217365148203184,
ENSG00000226124,FTCDNL1,-3.3,3.85090516033677e-14,
ENSG00000229515,FLT1P1,3.3,0.00481748641798678,
ENSG00000229914,,-3.3,0.0031225480805635,
ENSG00000234584,,3.3,5.72559382806447e-16,
ENSG00000235008,,-3.3,0.000219696390907906,
ENSG00000235385,LINC02154,3.3,0.00381024223009243,
ENSG00000236015,,3.3,0.000728875884127256,
ENSG00000244356,RN7SL398P,3.3,2.04595600953547e-05,
ENSG00000250141,LINC02276,-3.3,0.00476930136869986,
ENSG00000250659,,-3.3,1.66404145562233e-45,
ENSG00000253210,,-3.3,2.06201846130869e-28,
ENSG00000253295,,-3.3,2.26577259429206e-05,
ENSG00000254027,,3.3,0.00237633181391875,
ENSG00000256967,,-3.3,0.000511383799461917,
ENSG00000257743,MGAM2,3.3,2.32899985358875e-08,
ENSG00000258104,HIGD1AP9,3.3,0.00327226564948474,
ENSG00000260078,,-3.3,4.55062198603824e-41,
ENSG00000260277,,3.3,1.02157094268252e-09,
ENSG00000263724,DLGAP1-AS3,-3.3,0.00726048765803003,
ENSG00000264513,,3.3,4.16476206222042e-13,
ENSG00000264596,,3.3,0.000273405927358324,
ENSG00000266907,,-3.3,4.66011297893626e-06,
ENSG00000267123,SCAT1,3.3,7.02068449823014e-13,
ENSG00000267198,,-3.3,0.00134796036423779,
ENSG00000272632,,-3.3,7.27611208244772e-14,
ENSG00000273381,,-3.3,2.54248716715063e-07,
ENSG00000273742,MIR6075,-3.3,2.02484727592936e-10,
ENSG00000274642,,3.3,0.0037318550539108,
ENSG00000274816,MIR6772,3.3,0.00356270784945328,
ENSG00000275538,RNVU1-19,-3.3,0.00864538920175155,
ENSG00000276747,PADI6,-3.3,0.00117583907105156,
ENSG00000277152,,-3.3,2.55369829842039e-11,
ENSG00000277406,SEC22B4P,-3.3,1.58417891415124e-16,
ENSG00000277954,,-3.3,0.00339970498265924,
ENSG00000279887,,-3.3,0.000220139510519675,
ENSG00000280721,LINC01943,3.3,7.31703334298388e-07,
ENSG00000282440,,-3.3,0.00359933270100997,
ENSG00000283654,LMLN2,3.3,0.00339003935197715,
ENSG00000285791,,-3.3,0.00245204498847202,
ENSG00000285856,,-3.3,0.00018746099758051,
ENSG00000013297,CLDN11,3.2,0.00451236299852464,
ENSG00000015133,CCDC88C,-3.2,2.09321502029014e-117,
ENSG00000052749,RRP12,-3.2,9.69962429920747e-44,
ENSG00000065057,NTHL1,-3.2,8.36570896893832e-06,
ENSG00000088881,EBF4,3.2,0.00728985701659164,
ENSG00000100504,PYGL,-3.2,2.74859605706815e-81,
ENSG00000101883,RHOXF1,-3.2,0.00679675052225153,
ENSG00000102096,PIM2,-3.2,7.48597460104256e-67,
ENSG00000104312,RIPK2,-3.2,2.21622949406013e-33,
ENSG00000106560,GIMAP2,-3.2,4.60220077592509e-48,
ENSG00000107242,PIP5K1B,-3.2,1.01503131475837e-25,
ENSG00000109047,RCVRN,-3.2,4.30620478339648e-11,
ENSG00000115919,KYNU,3.2,1.94573989519783e-93,
ENSG00000117834,SLC5A9,-3.2,3.22887091262448e-09,
ENSG00000120254,MTHFD1L,3.2,5.54377522289411e-36,
ENSG00000122778,KIAA1549,3.2,6.99359694676662e-10,
ENSG00000131188,PRR7,-3.2,9.46917300374868e-09,
ENSG00000132819,RBM38,-3.2,4.00054878628188e-22,
ENSG00000133056,PIK3C2B,-3.2,1.79837589097489e-16,
ENSG00000134070,IRAK2,3.2,1.91963298188943e-05,
ENSG00000136305,CIDEB,-3.2,0.00618395567798318,
ENSG00000137491,SLCO2B1,3.2,0.00142725766877492,
ENSG00000137801,THBS1,3.2,0.00241903847730388,
ENSG00000138185,ENTPD1,-3.2,1.3842430385247e-34,
ENSG00000140945,CDH13,-3.2,0.000174434060634018,
ENSG00000146054,TRIM7,-3.2,6.92748743738302e-10,
ENSG00000148660,CAMK2G,-3.2,2.00160413111407e-79,
ENSG00000149573,MPZL2,-3.2,3.35020092332199e-16,
ENSG00000152207,CYSLTR2,-3.2,7.99397765094125e-22,
ENSG00000152760,DYNLT5,3.2,6.06328490691052e-05,
ENSG00000154930,ACSS1,-3.2,1.06589336131103e-42,
ENSG00000155893,PXYLP1,-3.2,4.21405113024143e-31,
ENSG00000159618,ADGRG5,-3.2,0.000101872134903273,
ENSG00000159708,LRRC36,-3.2,1.54978052998249e-05,
ENSG00000159714,ZDHHC1,-3.2,1.38091891457082e-05,
ENSG00000161929,SCIMP,-3.2,3.07648442053355e-33,
ENSG00000162267,ITIH3,-3.2,7.38174361120252e-06,
ENSG00000162733,DDR2,3.2,1.65077508101514e-05,
ENSG00000163491,NEK10,3.2,4.45756325411106e-13,
ENSG00000164039,BDH2,-3.2,4.47672835206306e-11,
ENSG00000164904,ALDH7A1,-3.2,4.3048488071227e-08,
ENSG00000165457,FOLR2,-3.2,1.05420823627321e-31,
ENSG00000166793,YPEL4,3.2,0.000106303693187601,
ENSG00000167799,NUDT8,-3.2,0.00578375121240463,
ENSG00000167815,PRDX2,-3.2,5.88544800818046e-21,
ENSG00000168298,H1-4,-3.2,4.73555621321752e-89,
ENSG00000169181,GSG1L,-3.2,0.003924573778178,
ENSG00000170801,HTRA3,3.2,8.14934904082362e-06,
ENSG00000172731,LRRC20,-3.2,0.000426420414240629,
ENSG00000184719,RNLS,-3.2,3.92849207857363e-14,
ENSG00000186334,SLC36A3,-3.2,0.000158611315574852,
ENSG00000186815,TPCN1,-3.2,1.33349272526937e-48,
ENSG00000187079,TEAD1,3.2,0.00573048170332877,
ENSG00000187741,FANCA,-3.2,3.62969132590179e-24,
ENSG00000197614,MFAP5,3.2,0.00043512573628053,
ENSG00000198515,CNGA1,3.2,7.88868557518657e-07,
ENSG00000201176,RNU6-853P,3.2,0.00589322420784502,
ENSG00000205856,C22orf42,3.2,0.00402687968660865,
ENSG00000207171,,3.2,7.93711983775104e-07,
ENSG00000211679,IGLC3,-3.2,0.00580262709203727,
ENSG00000211890,IGHA2,-3.2,0.00470669504708449,
ENSG00000214846,,-3.2,1.81297339992464e-08,
ENSG00000222164,RN7SKP266,-3.2,1.7400502315356e-05,
ENSG00000224001,,3.2,5.30044572244635e-07,
ENSG00000224220,DTNB-AS1,-3.2,0.00142650222299867,
ENSG00000225203,,-3.2,0.00867999660844083,
ENSG00000229792,LINC00399,-3.2,0.00641091313689629,
ENSG00000230138,LINC02812,-3.2,2.36004549342712e-05,
ENSG00000230587,LINC02580,-3.2,0.00653986081451232,
ENSG00000231035,RPL7L1P9,3.2,1.2977495692728e-07,
ENSG00000231231,LINC01423,3.2,8.5695633071585e-05,
ENSG00000232022,FAAHP1,-3.2,0.00349461923054688,
ENSG00000232434,AJM1,-3.2,0.00522891531399502,
ENSG00000232518,,3.2,0.00330510439771937,
ENSG00000233929,MT1XP1,-3.2,6.01329125701553e-07,
ENSG00000234902,,-3.2,4.56932597899529e-07,
ENSG00000236700,LINC01010,3.2,1.43751685054127e-05,
ENSG00000237499,WAKMAR2,-3.2,5.03423403542649e-30,
ENSG00000238152,OR7E140P,-3.2,0.00333764048942181,
ENSG00000239873,GAPDHP27,-3.2,0.00461783570227382,
ENSG00000240198,ARHGEF3-AS1,3.2,0.000297162376126604,
ENSG00000240403,KIR3DL2,3.2,2.98340185383016e-05,
ENSG00000240966,RN7SL681P,3.2,2.2750029499475e-06,
ENSG00000242258,LINC00996,3.2,0.000646840402157774,
ENSG00000246898,LINC00920,-3.2,0.000407792502028681,
ENSG00000249219,,-3.2,0.00108401446563613,
ENSG00000251131,,-3.2,3.07378807594648e-06,
ENSG00000255422,,-3.2,3.67154617703669e-09,
ENSG00000255847,,-3.2,0.00661791523109836,
ENSG00000256482,,3.2,0.00676598509449284,
ENSG00000256947,,-3.2,0.00694105266870672,
ENSG00000257277,,-3.2,2.05450674351001e-07,
ENSG00000258481,,-3.2,0.0095530507944944,
ENSG00000258602,LINC01629,3.2,0.00826476750002056,
ENSG00000258777,HIF1A-AS1,3.2,0.00796177434941333,
ENSG00000259436,,-3.2,3.14127278783407e-34,
ENSG00000260228,,-3.2,2.76848147877608e-05,
ENSG00000260244,,-3.2,0.00388951805367688,
ENSG00000261837,,-3.2,0.000745319687389606,
ENSG00000266783,,3.2,4.6084057077512e-09,
ENSG00000269898,,-3.2,0.000434633385893861,
ENSG00000269959,SPACA6P-AS,3.2,0.000618572659848197,
ENSG00000270124,,-3.2,3.66644862319551e-12,
ENSG00000270390,SFXN4P1,3.2,1.38912469384953e-26,
ENSG00000271286,CYTH1P1,-3.2,0.00164542262450529,
ENSG00000272491,,-3.2,0.00267250232907486,
ENSG00000274256,,-3.2,6.52339009102596e-06,
ENSG00000274997,H2AC12,3.2,0.00014248532643849,
ENSG00000275036,MIR8086,-3.2,0.00760944159586373,
ENSG00000275927,,3.2,5.64298817527558e-34,
ENSG00000276900,,3.2,1.79729442842894e-22,
ENSG00000278831,,-3.2,0.000678538159353364,
ENSG00000279658,,3.2,0.000350406090941731,
ENSG00000284959,,-3.2,1.93493301191815e-07,
ENSG00000285106,,3.2,2.11403575214002e-23,
ENSG00000006327,TNFRSF12A,3.1,3.14464983024648e-12,
ENSG00000028116,VRK2,3.1,5.67587475190817e-66,
ENSG00000042980,ADAM28,3.1,4.02931625847021e-30,
ENSG00000047230,CTPS2,-3.1,8.84557648863567e-24,
ENSG00000055163,CYFIP2,-3.1,3.2018960605873e-41,
ENSG00000056558,TRAF1,3.1,1.00562344297388e-40,
ENSG00000064393,HIPK2,3.1,3.28516420879693e-50,
ENSG00000070404,FSTL3,-3.1,3.38599728025929e-17,
ENSG00000073282,TP63,-3.1,0.0053570078422126,
ENSG00000076770,MBNL3,-3.1,3.54278961668844e-99,
ENSG00000082196,C1QTNF3,-3.1,4.8173502043824e-05,
ENSG00000099814,CEP170B,3.1,3.50671678211895e-06,
ENSG00000100065,CARD10,3.1,0.0100762373151198,
ENSG00000104883,PEX11G,-3.1,3.27959039078124e-10,
ENSG00000105516,DBP,-3.1,2.33471428881967e-23,
ENSG00000106804,C5,-3.1,1.34478738493368e-29,
ENSG00000109265,CRACD,3.1,0.000976311962957356,
ENSG00000110492,MDK,-3.1,3.59273309131469e-06,
ENSG00000110844,PRPF40B,3.1,2.70198313356029e-16,
ENSG00000111879,FAM184A,3.1,0.000226083178631274,
ENSG00000112232,KHDRBS2,-3.1,0.000686420493246497,
ENSG00000114812,VIPR1,-3.1,1.23306841718934e-20,
ENSG00000116741,RGS2,-3.1,8.0448298257737e-47,
ENSG00000118322,ATP10B,3.1,1.17331805101356e-05,
ENSG00000121691,CAT,-3.1,1.15987775796985e-35,
ENSG00000122547,EEPD1,3.1,2.71423556341031e-44,
ENSG00000122986,HVCN1,-3.1,8.84061770814409e-30,
ENSG00000123685,BATF3,-3.1,1.84795341295125e-13,
ENSG00000125454,SLC25A19,3.1,7.24430932705263e-37,
ENSG00000125869,LAMP5,-3.1,0.00264985540471398,
ENSG00000128253,RFPL2,-3.1,0.0118225082186602,
ENSG00000129521,EGLN3,3.1,0.000289315045238216,
ENSG00000129993,CBFA2T3,-3.1,5.46290797865648e-53,
ENSG00000130827,PLXNA3,3.1,1.05754838423859e-17,
ENSG00000131409,LRRC4B,-3.1,0.000375880118190466,
ENSG00000132122,SPATA6,-3.1,3.02617472817837e-56,
ENSG00000132915,PDE6A,-3.1,2.18488533972648e-08,
ENSG00000133943,DGLUCY,-3.1,1.23589498500217e-68,
ENSG00000136634,IL10,3.1,1.07727061935054e-25,
ENSG00000136695,IL36RN,3.1,0.00635883766274031,
ENSG00000136732,GYPC,-3.1,1.80483554090845e-26,
ENSG00000142046,TMEM91,-3.1,2.29127455726702e-27,
ENSG00000145476,CYP4V2,-3.1,7.71970254030998e-37,
ENSG00000146215,CRIP3,-3.1,6.27360144432032e-05,
ENSG00000147650,LRP12,3.1,9.84938891681913e-53,
ENSG00000148680,HTR7,3.1,2.56357487780004e-34,
ENSG00000154165,GPR15,3.1,0.0105019153649967,
ENSG00000154889,MPPE1,-3.1,3.73157745545731e-36,
ENSG00000156265,MAP3K7CL,3.1,3.73384898987871e-23,
ENSG00000157890,MEGF11,3.1,4.47663543131618e-19,
ENSG00000162512,SDC3,-3.1,3.3729348504715e-10,
ENSG00000162543,UBXN10,-3.1,1.60412989168405e-05,
ENSG00000162779,AXDND1,-3.1,3.67385131160407e-05,
ENSG00000163563,MNDA,-3.1,9.29236631396031e-19,
ENSG00000164061,BSN,3.1,1.27237478312141e-10,
ENSG00000164684,ZNF704,3.1,5.52083622927928e-06,
ENSG00000165097,KDM1B,-3.1,1.8057878018068e-62,
ENSG00000165682,CLEC1B,-3.1,1.66328974596018e-32,
ENSG00000166546,BEAN1,-3.1,1.77434088017393e-12,
ENSG00000167964,RAB26,3.1,9.32520994245182e-08,
ENSG00000168874,ATOH8,-3.1,4.17463694338056e-06,
ENSG00000169385,RNASE2,-3.1,5.96421922302831e-41,
ENSG00000171115,GIMAP8,-3.1,4.22225554100675e-07,
ENSG00000173198,CYSLTR1,-3.1,2.20428762738933e-27,
ENSG00000176601,MAP3K19,3.1,1.21790192222619e-05,
ENSG00000179583,CIITA,-3.1,3.03244938193235e-17,
ENSG00000182511,FES,-3.1,1.45196404783487e-44,
ENSG00000183166,CALN1,-3.1,0.00536097992759365,
ENSG00000183324,REC114,3.1,7.81111279179637e-21,
ENSG00000184574,LPAR5,3.1,2.17199636594547e-11,
ENSG00000196460,RFX8,3.1,0.0103501274779081,
ENSG00000196476,C20orf96,-3.1,1.94384987474404e-17,
ENSG00000197046,SIGLEC15,-3.1,3.55186183708222e-10,
ENSG00000202290,RNA5SP37,-3.1,6.06516208877769e-08,
ENSG00000213046,EEF1A1P32,3.1,5.63665063796121e-13,
ENSG00000221263,MIR548P,3.1,0.000293897534894588,
ENSG00000224687,RASAL2-AS1,3.1,0.000133237551555423,
ENSG00000225746,MEG8,3.1,0.00767938710901249,
ENSG00000227374,,-3.1,0.00995901926956351,
ENSG00000228770,,3.1,8.2290461811913e-11,
ENSG00000228802,,3.1,0.00576801383867438,
ENSG00000228917,NECTIN4-AS1,3.1,0.00266993100838538,
ENSG00000229891,LINC01315,-3.1,0.00193245279242563,
ENSG00000230555,,-3.1,0.000816742949536091,
ENSG00000232070,TMEM253,-3.1,0.000325901314026439,
ENSG00000233246,PHC2-AS1,3.1,5.27072164602602e-08,
ENSG00000234816,H2AC5P,3.1,4.3380783271764e-05,
ENSG00000236137,,3.1,3.95476780308271e-12,
ENSG00000237525,,3.1,4.90813308184553e-15,
ENSG00000239697,TNFSF12,-3.1,3.71887585282434e-22,
ENSG00000244509,APOBEC3C,-3.1,8.26992054743915e-86,
ENSG00000246430,LINC00968,-3.1,2.38015521677511e-12,
ENSG00000248487,ABHD14A,-3.1,0.000117017069400082,
ENSG00000250582,SMAD1-AS2,-3.1,2.10849820224096e-06,
ENSG00000253831,ETV3L,3.1,2.46272495161755e-10,
ENSG00000254028,,-3.1,1.1367646501718e-08,
ENSG00000255363,LINC02757,-3.1,7.90273313172324e-09,
ENSG00000255438,,-3.1,2.86941309983958e-40,
ENSG00000255666,LINC02700,-3.1,5.36327693101852e-08,
ENSG00000258471,,3.1,0.00496175180466747,
ENSG00000258854,,-3.1,0.00413417492579482,
ENSG00000259293,LIPC-AS1,3.1,0.00780781733821837,
ENSG00000259354,,3.1,4.24534773953694e-21,
ENSG00000259674,,-3.1,0.0105193875791341,
ENSG00000259874,,-3.1,0.00168087773710689,
ENSG00000259931,,3.1,0.00263825027887423,
ENSG00000260306,,3.1,3.18920494504985e-05,
ENSG00000261026,,-3.1,9.71289390460859e-11,
ENSG00000262732,,3.1,0.000876214211248285,
ENSG00000266903,CEACAM16-AS1,3.1,0.000948685905094058,
ENSG00000267082,,3.1,0.000135682773322379,
ENSG00000267653,,-3.1,0.00820724288703307,
ENSG00000267670,,-3.1,0.00289475444010433,
ENSG00000269220,LINC00528,-3.1,3.76655478291799e-17,
ENSG00000271581,,-3.1,9.45552138622116e-06,
ENSG00000271924,RNA5SP108,3.1,0.000451681847331623,
ENSG00000273565,,-3.1,0.000143345253407396,
ENSG00000273855,,-3.1,2.59587648428997e-13,
ENSG00000275709,,-3.1,5.6637340397183e-08,
ENSG00000277494,GPIHBP1,3.1,0.00320146729322735,
ENSG00000279110,,3.1,0.0032462046563004,
ENSG00000279174,,-3.1,0.0107782462869783,
ENSG00000279554,,-3.1,7.688073617161e-15,
ENSG00000279699,,3.1,6.22509179162628e-14,
ENSG00000284095,,3.1,0.0105460651496114,
ENSG00000285639,,-3.1,3.69632455451703e-22,
ENSG00000006118,TMEM132A,-3.0,1.31691692763109e-64,
ENSG00000020256,ZFP64,-3.0,1.11221599496691e-18,
ENSG00000026950,BTN3A1,-3.0,1.01950506241041e-23,
ENSG00000064115,TM7SF3,-3.0,1.22098618267332e-40,
ENSG00000068831,RASGRP2,-3.0,3.08174428456481e-43,
ENSG00000070371,CLTCL1,-3.0,1.71983285635706e-26,
ENSG00000083067,TRPM3,3.0,0.00787353015324333,
ENSG00000091262,ABCC6,-3.0,6.79045954293395e-19,
ENSG00000092969,TGFB2,3.0,5.07375669397977e-06,
ENSG00000102780,DGKH,3.0,5.75502428008353e-26,
ENSG00000103490,PYCARD,-3.0,1.31645939749195e-40,
ENSG00000105219,CCNP,-3.0,0.0140120221638481,
ENSG00000111817,DSE,3.0,1.03402319289874e-108,
ENSG00000115392,FANCL,3.0,2.41947684242838e-34,
ENSG00000116157,GPX7,3.0,1.51277397205166e-15,
ENSG00000118017,A4GNT,-3.0,0.00706452376698696,
ENSG00000119915,ELOVL3,-3.0,0.000120911836265621,
ENSG00000120896,SORBS3,-3.0,3.04016818626176e-14,
ENSG00000120913,PDLIM2,-3.0,3.65485545708944e-39,
ENSG00000123096,SSPN,3.0,0.0067548032620321,
ENSG00000125510,OPRL1,-3.0,1.75597538393776e-13,
ENSG00000133246,PRAM1,-3.0,2.41002636290678e-50,
ENSG00000136250,AOAH,-3.0,3.42987086109385e-34,
ENSG00000139514,SLC7A1,3.0,9.18867311674006e-38,
ENSG00000139832,RAB20,-3.0,5.33537932559961e-12,
ENSG00000140522,RLBP1,-3.0,2.24127443759727e-08,
ENSG00000142513,ACP4,-3.0,0.00146628936024506,
ENSG00000142910,TINAGL1,3.0,0.0072207315207905,
ENSG00000144644,GADL1,3.0,0.0209177358981192,
ENSG00000145358,DDIT4L,3.0,0.00202381294821225,
ENSG00000148218,ALAD,-3.0,4.75523259632346e-27,
ENSG00000154146,NRGN,-3.0,2.12609055835701e-32,
ENSG00000161682,FAM171A2,3.0,0.0152131438130873,
ENSG00000162729,IGSF8,-3.0,4.59455598816701e-23,
ENSG00000162836,ACP6,-3.0,5.42132666328948e-11,
ENSG00000162882,HAAO,-3.0,1.19700498789518e-18,
ENSG00000163121,NEURL3,3.0,0.00821663859024304,
ENSG00000163823,CCR1,3.0,1.55104362690379e-24,
ENSG00000164181,ELOVL7,3.0,2.80838044143675e-14,
ENSG00000167210,LOXHD1,-3.0,1.8782157617146e-09,
ENSG00000168229,PTGDR,3.0,4.25432873583941e-06,
ENSG00000169184,MN1,3.0,0.000255188263111539,
ENSG00000169860,P2RY1,3.0,7.45570734562584e-14,
ENSG00000169991,IFFO2,-3.0,2.63482920509065e-22,
ENSG00000171408,PDE7B,-3.0,9.20257254017297e-19,
ENSG00000171643,S100Z,-3.0,6.52744201916427e-25,
ENSG00000172985,SH3RF3,-3.0,3.78390836146173e-09,
ENSG00000173546,CSPG4,3.0,1.05280164042625e-16,
ENSG00000173728,C1orf100,3.0,3.02594930656076e-11,
ENSG00000176485,PLAAT3,-3.0,1.18193692684163e-05,
ENSG00000176903,PNMA1,3.0,8.84953350898722e-33,
ENSG00000177483,RBM44,-3.0,8.08684200645099e-13,
ENSG00000177602,HASPIN,3.0,2.11051480040231e-15,
ENSG00000179163,FUCA1,3.0,5.07844863907358e-21,
ENSG00000180767,CHST13,-3.0,1.80430882913064e-06,
ENSG00000183092,BEGAIN,-3.0,0.000121630903436109,
ENSG00000183921,SDR42E2,-3.0,1.22067641663191e-12,
ENSG00000186529,CYP4F3,-3.0,0.000468204652510617,
ENSG00000187134,AKR1C1,3.0,5.18895602388338e-07,
ENSG00000187486,KCNJ11,3.0,0.000183160084589737,
ENSG00000188282,RUFY4,-3.0,3.21349465114552e-14,
ENSG00000189221,MAOA,3.0,4.52645336079942e-09,
ENSG00000189337,KAZN,3.0,0.0102162726083113,
ENSG00000196502,SULT1A1,-3.0,7.52126781574699e-20,
ENSG00000196562,SULF2,-3.0,1.93558356459918e-64,
ENSG00000196586,MYO6,3.0,6.18045170214307e-07,
ENSG00000196951,SCOC-AS1,-3.0,0.0128815979972222,
ENSG00000197670,,3.0,6.27488492606595e-32,
ENSG00000197816,CCDC180,-3.0,0.000901044941373248,
ENSG00000199168,MIR374A,3.0,0.00308857906458929,
ENSG00000200087,SNORA73B,3.0,7.62867240235781e-10,
ENSG00000200156,RNU5B-1,-3.0,6.38351093241992e-06,
ENSG00000200170,Y_RNA,3.0,0.00154248338714851,
ENSG00000204283,LINC01973,-3.0,6.97054651040227e-07,
ENSG00000205022,PABPN1L,-3.0,0.00315848269895576,
ENSG00000207802,MIR646,-3.0,0.00121784780760122,
ENSG00000207820,MIR545,3.0,0.000335046523338266,
ENSG00000214629,RPSAP6,3.0,7.42847999298401e-15,
ENSG00000221937,TAS2R40,-3.0,0.0184677337400918,
ENSG00000221949,LINC01465,-3.0,8.53915930450634e-11,
ENSG00000224157,HCG14,-3.0,0.000272940721376214,
ENSG00000224680,PLA2G12AP1,3.0,0.000572254587167503,
ENSG00000225314,,-3.0,6.39250666334422e-05,
ENSG00000225690,TREML5P,-3.0,2.70554425787673e-06,
ENSG00000225945,,-3.0,0.000172178910119915,
ENSG00000226925,IL1R1-AS1,3.0,0.013136788412261,
ENSG00000228594,FNDC10,-3.0,9.43821855083778e-11,
ENSG00000229029,CDCA4P1,-3.0,0.0062427110700856,
ENSG00000229431,MED8-AS1,3.0,4.05067956048296e-10,
ENSG00000229700,,-3.0,0.00103795943648314,
ENSG00000230062,ANKRD66,3.0,0.0190560907296355,
ENSG00000231530,,3.0,6.53143982828455e-07,
ENSG00000232290,,3.0,0.0086862126976988,
ENSG00000232931,LINC00342,-3.0,3.56631360170618e-14,
ENSG00000233153,UBE2E2-AS1,-3.0,0.00298256601681899,
ENSG00000233496,SYNJ2-IT1,3.0,0.00180114289524288,
ENSG00000234854,LINC00676,-3.0,0.00551051576964935,
ENSG00000236389,,-3.0,0.0133982887470814,
ENSG00000236686,BZW1P1,3.0,0.000158611315574852,
ENSG00000237737,DCTN1-AS1,3.0,7.46087443764971e-06,
ENSG00000239823,Y_RNA,3.0,1.57731747968341e-05,
ENSG00000239988,RPL31P60,3.0,0.0039309831191713,
ENSG00000240888,,-3.0,4.71091303782468e-06,
ENSG00000242020,RN7SL68P,3.0,0.00858447522968589,
ENSG00000242578,,3.0,0.00306438510901336,
ENSG00000245750,DRAIC,-3.0,6.80379271374124e-05,
ENSG00000249417,,-3.0,0.0126742984914425,
ENSG00000253574,,-3.0,0.00585588883133149,
ENSG00000254750,CASP1P2,3.0,0.0001923069432262,
ENSG00000254876,STRA6LP,-3.0,0.00184545732128056,
ENSG00000255274,SMIM35,-3.0,1.04889580495596e-30,
ENSG00000257640,,-3.0,2.38957219088465e-12,
ENSG00000259079,,-3.0,7.03952873201628e-25,
ENSG00000259687,LINC01220,-3.0,6.24479313515102e-12,
ENSG00000260528,FAM157C,-3.0,1.08088917346453e-12,
ENSG00000260660,,-3.0,4.36045141894453e-08,
ENSG00000261024,GS1-279B7.1,-3.0,4.94799834584777e-05,
ENSG00000264529,DNAJB6P8,3.0,2.6881153661645e-06,
ENSG00000264659,,-3.0,0.000214158974020749,
ENSG00000265237,MIR3142,3.0,0.00951432941337808,
ENSG00000267783,,-3.0,3.982623831482e-05,
ENSG00000268598,VN1R80P,3.0,0.00845247447657792,
ENSG00000270040,,3.0,0.000123790714194783,
ENSG00000271833,,-3.0,0.000941584210963054,
ENSG00000272871,,-3.0,0.000207085025915268,
ENSG00000273032,DGCR5,-3.0,1.01284706867829e-07,
ENSG00000273461,,-3.0,6.62240610944887e-07,
ENSG00000279400,,3.0,5.97035816086365e-15,
ENSG00000283416,MIR1910,-3.0,0.00109119025629556,
ENSG00000285492,,-3.0,1.66765845697821e-07,
ENSG00000285771,,-3.0,0.0138361082845398,
ENSG00000006747,SCIN,2.9,2.67655979283287e-09,
ENSG00000008516,MMP25,-2.9,6.4730405491304e-19,
ENSG00000059588,TARBP1,-2.9,5.34661798619134e-47,
ENSG00000064687,ABCA7,-2.9,3.38931745262892e-47,
ENSG00000064835,POU1F1,2.9,0.00482871476148817,
ENSG00000065485,PDIA5,-2.9,1.16162827894355e-24,
ENSG00000067836,ROGDI,-2.9,4.03197280056605e-29,
ENSG00000073146,MOV10L1,-2.9,0.00757158265626453,
ENSG00000086289,EPDR1,-2.9,0.001469105368875,
ENSG00000089169,RPH3A,-2.9,5.14661464273239e-15,
ENSG00000089847,ANKRD24,-2.9,0.00149823548839873,
ENSG00000090013,BLVRB,-2.9,2.81343527923111e-64,
ENSG00000090659,CD209,-2.9,1.74660003915022e-09,
ENSG00000096696,DSP,2.9,3.58488908690204e-06,
ENSG00000099860,GADD45B,-2.9,4.80376023922197e-25,
ENSG00000100427,MLC1,-2.9,8.07483222251394e-06,
ENSG00000102683,SGCG,2.9,0.0136978430869832,
ENSG00000103319,EEF2K,-2.9,1.12773302932116e-22,
ENSG00000106009,BRAT1,-2.9,2.55547599033476e-33,
ENSG00000109066,TMEM104,-2.9,4.68786667102385e-27,
ENSG00000111452,ADGRD1,-2.9,1.2068692341883e-39,
ENSG00000112245,PTP4A1,-2.9,0.00202468334631005,
ENSG00000114554,PLXNA1,2.9,2.7230660406256e-15,
ENSG00000115183,TANC1,2.9,4.70132818017739e-07,
ENSG00000116675,DNAJC6,2.9,1.26129421755672e-07,
ENSG00000118257,NRP2,2.9,1.09045903886632e-31,
ENSG00000118922,KLF12,-2.9,4.35302866124842e-39,
ENSG00000121104,FAM117A,-2.9,2.57498719819454e-39,
ENSG00000121310,ECHDC2,-2.9,1.43938532858268e-18,
ENSG00000121989,ACVR2A,2.9,8.72178353512632e-41,
ENSG00000125637,PSD4,-2.9,1.4254226654602e-30,
ENSG00000127418,FGFRL1,2.9,4.22320716225279e-25,
ENSG00000128872,TMOD2,-2.9,1.69451026192703e-28,
ENSG00000129116,PALLD,2.9,8.40527204402692e-21,
ENSG00000129951,PLPPR3,-2.9,1.89720499373174e-07,
ENSG00000130518,IQCN,-2.9,1.4106357389268e-17,
ENSG00000132182,NUP210,-2.9,2.39310271848244e-71,
ENSG00000132879,FBXO44,-2.9,2.32713473977382e-16,
ENSG00000133195,SLC39A11,-2.9,3.72805952914045e-40,
ENSG00000134775,FHOD3,-2.9,0.0105357505526986,
ENSG00000135638,EMX1,-2.9,1.43243448752823e-05,
ENSG00000137098,SPAG8,-2.9,0.000375903717515897,
ENSG00000137819,PAQR5,2.9,0.00285977504198533,
ENSG00000138119,MYOF,2.9,2.32590728740694e-39,
ENSG00000140968,IRF8,-2.9,2.27475662407503e-41,
ENSG00000142892,PIGK,-2.9,3.41443533142707e-18,
ENSG00000143257,NR1I3,-2.9,2.81299140620249e-15,
ENSG00000143845,ETNK2,2.9,0.0176686461204243,
ENSG00000144354,CDCA7,-2.9,1.52903405160539e-07,
ENSG00000145882,PCYOX1L,-2.9,1.08663125920447e-31,
ENSG00000147883,CDKN2B,2.9,8.30021320813217e-36,
ENSG00000148362,PAXX,-2.9,2.50986879694218e-34,
ENSG00000150764,DIXDC1,2.9,3.36798338050163e-10,
ENSG00000152642,GPD1L,-2.9,7.86255462335997e-30,
ENSG00000153094,BCL2L11,-2.9,1.14798463044167e-61,
ENSG00000153208,MERTK,2.9,4.57121617024894e-25,
ENSG00000156675,RAB11FIP1,-2.9,3.37492738433926e-83,
ENSG00000159450,TCHH,2.9,0.000497689362562137,
ENSG00000162337,LRP5,2.9,2.64408323553715e-06,
ENSG00000163072,NOSTRIN,-2.9,0.00165433125279197,
ENSG00000163347,CLDN1,2.9,0.0241952446902645,
ENSG00000164056,SPRY1,-2.9,0.000259470367375291,
ENSG00000164403,SHROOM1,-2.9,5.64731413128896e-18,
ENSG00000164825,DEFB1,2.9,0.00228036595043355,
ENSG00000168404,MLKL,-2.9,2.79739942478157e-20,
ENSG00000168487,BMP1,2.9,3.53585189913894e-43,
ENSG00000169252,ADRB2,-2.9,4.04776370501011e-13,
ENSG00000169918,OTUD7A,2.9,8.98038556755919e-08,
ENSG00000170365,SMAD1,-2.9,1.42463145604335e-20,
ENSG00000171840,NINJ2,-2.9,8.86811989540299e-24,
ENSG00000172367,PDZD3,-2.9,0.00405701422540423,
ENSG00000173702,MUC13,-2.9,0.0157536063631818,
ENSG00000174123,TLR10,-2.9,4.85119300261448e-07,
ENSG00000176222,ZNF404,-2.9,0.00125316167670059,
ENSG00000177182,CLVS1,2.9,0.00416432735615844,
ENSG00000177614,PGBD5,2.9,0.000219078940433029,
ENSG00000179542,SLITRK4,-2.9,8.02285287471999e-16,
ENSG00000182165,TP53TG1,-2.9,0.000193335156409054,
ENSG00000182179,UBA7,-2.9,1.15937248625032e-13,
ENSG00000182687,GALR2,-2.9,0.0146161466600272,
ENSG00000182749,PAQR7,-2.9,2.5423456359839e-30,
ENSG00000182985,CADM1,2.9,0.000233065502774379,
ENSG00000185420,SMYD3,-2.9,6.04525461552471e-17,
ENSG00000185585,OLFML2A,-2.9,9.60669158145895e-05,
ENSG00000186074,CD300LF,-2.9,7.02193586976677e-36,
ENSG00000186407,CD300E,2.9,1.82644534717154e-23,
ENSG00000186654,PRR5,-2.9,0.000182533846266528,
ENSG00000187268,FAM9C,2.9,0.00218707582116479,
ENSG00000189001,SBSN,2.9,0.0189633240891333,
ENSG00000196177,ACADSB,-2.9,7.07195671323781e-23,
ENSG00000196743,GM2A,-2.9,1.3894345462993e-58,
ENSG00000197696,NMB,2.9,7.05142419045989e-13,
ENSG00000198300,PEG3,-2.9,0.00450685451097612,
ENSG00000198431,TXNRD1,2.9,1.8144485667444e-34,
ENSG00000201806,RNU4-8P,-2.9,0.00282829732599746,
ENSG00000202408,RNVU1-21,-2.9,0.0179010120270651,
ENSG00000204580,DDR1,2.9,1.32995908005541e-08,
ENSG00000213903,LTB4R,-2.9,4.80372004904858e-99,
ENSG00000215068,,-2.9,5.95921417620284e-23,
ENSG00000215267,AKR1C7P,2.9,1.99003540624463e-08,
ENSG00000217004,,2.9,0.00134283446306553,
ENSG00000224579,,-2.9,5.34243517638744e-06,
ENSG00000224940,PRRT4,-2.9,0.0147585314994832,
ENSG00000225292,,-2.9,0.0197861016732539,
ENSG00000225499,RPL15P4,2.9,0.0187786542551348,
ENSG00000225684,FAM225B,2.9,1.25820369246609e-05,
ENSG00000229679,,2.9,4.11326495650839e-20,
ENSG00000230649,,-2.9,0.00480380718184728,
ENSG00000231485,,-2.9,0.0149092850074656,
ENSG00000231906,,2.9,1.51761596110911e-05,
ENSG00000232021,LEF1-AS1,2.9,0.00585746630224731,
ENSG00000232342,,2.9,2.77951220070847e-12,
ENSG00000232860,SMG7-AS1,-2.9,5.09661238589211e-14,
ENSG00000233695,GAS6-AS1,-2.9,1.11064219149731e-13,
ENSG00000234076,TPRG1-AS1,2.9,1.56421504541575e-10,
ENSG00000234115,,-2.9,0.0204713035580299,
ENSG00000235944,ZNF815P,-2.9,2.62495150014548e-13,
ENSG00000236514,,-2.9,1.83259663661289e-05,
ENSG00000236894,,-2.9,1.28268042460113e-05,
ENSG00000237372,UNQ6494,-2.9,0.0162666125571903,
ENSG00000237848,,-2.9,1.58453269196952e-10,
ENSG00000238078,LINC01352,-2.9,0.00354781405724671,
ENSG00000240527,,-2.9,1.01334849767996e-12,
ENSG00000241984,RPL7AP2,2.9,1.92835311342247e-05,
ENSG00000243959,RN7SL684P,-2.9,0.00373370115508248,
ENSG00000244701,,2.9,5.90915947263629e-19,
ENSG00000248375,,2.9,0.0107393736114768,
ENSG00000248919,ATP5MF-PTCD1,2.9,0.000904300081522726,
ENSG00000249138,SLED1,-2.9,9.20528937942851e-27,
ENSG00000250267,,2.9,2.16277166927057e-06,
ENSG00000250305,TRMT9B,-2.9,0.00290914683414411,
ENSG00000251139,,-2.9,1.26081589764695e-42,
ENSG00000252743,RNU6-850P,-2.9,0.00132400558313455,
ENSG00000252768,RNU6-856P,2.9,1.84988557141488e-05,
ENSG00000253309,SERPINE3,2.9,1.26481271652017e-10,
ENSG00000253490,LINC02099,2.9,0.0104317156405642,
ENSG00000254154,CRYZL2P-SEC16B,-2.9,0.00263714697315943,
ENSG00000254838,GVINP1,-2.9,4.68762299578358e-18,
ENSG00000254877,,2.9,0.0195245463073233,
ENSG00000255115,,2.9,0.0067173820949595,
ENSG00000255163,HSPE1P18,-2.9,2.05942432142719e-08,
ENSG00000255671,,-2.9,0.0118664494984327,
ENSG00000258035,,-2.9,1.65483732125489e-07,
ENSG00000258539,,-2.9,8.88455720719366e-08,
ENSG00000259479,SORD2P,-2.9,0.000213547243586219,
ENSG00000259876,,-2.9,2.07751937717352e-14,
ENSG00000259959,,2.9,5.34077521052536e-17,
ENSG00000261481,CARHSP1-DT,-2.9,0.00410656513117561,
ENSG00000261618,LINC02605,2.9,4.81788247706018e-05,
ENSG00000261839,,-2.9,7.35496943949345e-09,
ENSG00000265494,,2.9,0.00156049535698794,
ENSG00000267549,ZSCAN5A-AS1,-2.9,3.92198178917989e-07,
ENSG00000267550,,-2.9,0.00555132675177711,
ENSG00000267651,,-2.9,0.00991843760224707,
ENSG00000268580,LINC01966,2.9,0.017841381326242,
ENSG00000268861,,-2.9,0.0181320093328008,
ENSG00000272506,,-2.9,4.8662100609225e-07,
ENSG00000272795,GAR1-DT,-2.9,0.0216149754292388,
ENSG00000274021,,2.9,1.31870365591239e-16,
ENSG00000274104,,-2.9,0.000413302855979527,
ENSG00000274423,SEC22B2P,2.9,0.00700778197604606,
ENSG00000275210,,-2.9,1.51855299761304e-12,
ENSG00000275586,Metazoa_SRP,-2.9,3.9246549685702e-08,
ENSG00000277720,H3C5P,2.9,0.0244110255746356,
ENSG00000277855,,-2.9,3.7617830757856e-05,
ENSG00000278969,,2.9,3.80312033072262e-06,
ENSG00000279386,,-2.9,3.17425351342852e-08,
ENSG00000279463,,-2.9,0.00995901926956351,
ENSG00000279652,,2.9,0.0156421108213884,
ENSG00000279663,,-2.9,6.50706576285327e-11,
ENSG00000280190,,-2.9,7.71403431915158e-05,
ENSG00000283444,GPR141BP,-2.9,0.000213704260281246,
ENSG00000283611,TMEM274P,2.9,9.66535423300531e-06,
ENSG00000283697,HSFX3,-2.9,0.000328521064689157,
ENSG00000284734,,-2.9,0.000272445359660936,
ENSG00000285952,,-2.9,0.00950783051648842,
ENSG00000005469,CROT,-2.8,5.26114328368989e-12,
ENSG00000006468,ETV1,-2.8,0.0162816681817298,
ENSG00000007968,E2F2,-2.8,6.52378125652698e-14,
ENSG00000010610,CD4,-2.8,3.98681373725658e-66,
ENSG00000029153,ARNTL2,2.8,2.90892114448604e-25,
ENSG00000039068,CDH1,2.8,0.00827964034332773,
ENSG00000041515,MYO16,2.8,0.019341276371968,
ENSG00000049249,TNFRSF9,2.8,5.05154072458377e-20,
ENSG00000059915,PSD,-2.8,6.31023680001462e-57,
ENSG00000077800,FKBP6,-2.8,0.0313262287472343,
ENSG00000100228,RAB36,-2.8,0.000395531289583979,
ENSG00000101417,PXMP4,-2.8,1.90061377358375e-07,
ENSG00000104549,SQLE,2.8,1.14823745902448e-16,
ENSG00000105339,DENND3,-2.8,7.82094531409301e-23,
ENSG00000106341,PPP1R17,-2.8,0.00250437110810232,
ENSG00000106992,AK1,2.8,6.59741486238288e-09,
ENSG00000107551,RASSF4,-2.8,3.91874501618043e-24,
ENSG00000108641,B9D1,-2.8,3.55512601139299e-05,
ENSG00000109062,SLC9A3R1,-2.8,1.2084999199167e-23,
ENSG00000110876,SELPLG,-2.8,1.39621808004469e-35,
ENSG00000112195,TREML2,-2.8,1.66200057082324e-15,
ENSG00000112378,PERP,2.8,0.0107483721542242,
ENSG00000118503,TNFAIP3,-2.8,8.40770114126353e-25,
ENSG00000120457,KCNJ5,-2.8,0.014411282203159,
ENSG00000122694,GLIPR2,-2.8,9.7646807867741e-48,
ENSG00000122870,BICC1,-2.8,3.09120561266072e-06,
ENSG00000127585,FBXL16,-2.8,0.00148557508030939,
ENSG00000130038,CRACR2A,-2.8,4.24368105882908e-28,
ENSG00000130475,FCHO1,-2.8,1.35626727224353e-33,
ENSG00000131781,FMO5,-2.8,2.61267508410912e-44,
ENSG00000132622,HSPA12B,-2.8,1.61803870111087e-06,
ENSG00000132744,ACY3,-2.8,0.0208593108351733,
ENSG00000133789,SWAP70,2.8,2.64702952692145e-44,
ENSG00000134905,CARS2,-2.8,1.83408417675195e-29,
ENSG00000135114,OASL,2.8,4.66053257669582e-05,
ENSG00000136111,TBC1D4,-2.8,3.93708903052741e-24,
ENSG00000137877,SPTBN5,2.8,5.52097229224279e-37,
ENSG00000139182,CLSTN3,-2.8,1.39358573882113e-22,
ENSG00000141293,SKAP1,-2.8,1.03817352938002e-05,
ENSG00000141314,RHBDL3,2.8,1.82828433927783e-05,
ENSG00000141540,TTYH2,-2.8,7.01069293999222e-32,
ENSG00000141744,PNMT,-2.8,0.00756697255285653,
ENSG00000142621,FHAD1,2.8,1.24494334425665e-07,
ENSG00000143217,NECTIN4,2.8,2.0020484366056e-10,
ENSG00000143369,ECM1,2.8,4.93899728020998e-09,
ENSG00000146192,FGD2,-2.8,1.11253312276021e-17,
ENSG00000149809,TM7SF2,-2.8,1.94823939306618e-11,
ENSG00000153012,LGI2,-2.8,1.19824775986679e-05,
ENSG00000157343,ARMC12,-2.8,0.00830679069725185,
ENSG00000159263,SIM2,-2.8,0.0129492164248173,
ENSG00000159685,CHCHD6,-2.8,0.000161738368021117,
ENSG00000161551,ZNF577,2.8,1.48816700532611e-73,
ENSG00000162840,MT2P1,-2.8,0.00479564387842757,
ENSG00000163012,ZSWIM2,-2.8,0.0233539025225078,
ENSG00000163545,NUAK2,-2.8,7.88624704326605e-34,
ENSG00000163687,DNASE1L3,2.8,0.0274505403312084,
ENSG00000164265,SCGB3A2,-2.8,0.00547799442438414,
ENSG00000164691,TAGAP,-2.8,3.82025829676485e-13,
ENSG00000165060,FXN,-2.8,2.00998291409392e-38,
ENSG00000165474,GJB2,2.8,2.75471767412262e-08,
ENSG00000169248,CXCL11,2.8,9.70212389107336e-05,
ENSG00000169299,PGM2,-2.8,3.36033881709237e-24,
ENSG00000169442,CD52,-2.8,1.75474642982356e-35,
ENSG00000170448,NFXL1,2.8,8.74930037076295e-14,
ENSG00000170873,MTSS1,2.8,2.3559418621868e-15,
ENSG00000170921,TANC2,2.8,1.44650586090633e-76,
ENSG00000172260,NEGR1,-2.8,0.00408621254733876,
ENSG00000173705,SUSD5,-2.8,1.30810864274286e-07,
ENSG00000174502,SLC26A9,2.8,0.0047099146009416,
ENSG00000175130,MARCKSL1,2.8,1.02393486052693e-20,
ENSG00000176510,OR10AC1,-2.8,3.03456596467652e-05,
ENSG00000180422,LINC00304,-2.8,0.00417386809651397,
ENSG00000181019,NQO1,2.8,2.12740803633914e-09,
ENSG00000182389,CACNB4,-2.8,2.73315462582737e-16,
ENSG00000183077,AFMID,-2.8,7.87027730227246e-19,
ENSG00000183208,GDPGP1,-2.8,1.4656572025919e-08,
ENSG00000184005,ST6GALNAC3,-2.8,4.8976086390982e-14,
ENSG00000187091,PLCD1,-2.8,7.70549643364925e-11,
ENSG00000188015,S100A3,2.8,0.000877183832393457,
ENSG00000189007,ADAT2,-2.8,8.47083941145515e-38,
ENSG00000189013,KIR2DL4,2.8,0.000876214211248285,
ENSG00000196209,SIRPB2,-2.8,4.0539214498368e-19,
ENSG00000198691,ABCA4,2.8,0.0238225610757001,
ENSG00000198974,MIR30E,2.8,0.00074188551627812,
ENSG00000199879,RNVU1-22,-2.8,0.0109953868714558,
ENSG00000200879,SNORD14E,2.8,0.00024690235795548,
ENSG00000202119,RNU6-302P,2.8,0.0122779696196709,
ENSG00000202538,RNU4-2,-2.8,9.99121519466364e-05,
ENSG00000204262,COL5A2,-2.8,0.0220435147018558,
ENSG00000207490,RNU6-987P,-2.8,0.0134130108854419,
ENSG00000212571,RNA5SP482,-2.8,0.0275694785277953,
ENSG00000213014,VN2R17P,-2.8,4.6296377814255e-06,
ENSG00000213731,RAB5CP1,2.8,7.35579317643205e-10,
ENSG00000213892,CEACAM16,2.8,0.00826446668389104,
ENSG00000214076,CPSF1P1,-2.8,0.00057814236779592,
ENSG00000214756,CSKMT,2.8,3.82132651189363e-21,
ENSG00000215417,MIR17HG,2.8,4.47663543131618e-19,
ENSG00000215883,CYB5RL,-2.8,2.95143491106869e-09,
ENSG00000221571,RNU6ATAC35P,-2.8,0.023415169682031,
ENSG00000222579,Y_RNA,2.8,0.0154435096240959,
ENSG00000222714,RN7SKP38,2.8,0.013955677037083,
ENSG00000223336,RNU2-6P,2.8,3.54142964412095e-05,
ENSG00000224515,,2.8,0.0115359109985053,
ENSG00000225217,HSPA7,-2.8,0.000759957011846193,
ENSG00000225349,ANKRD49P2,2.8,0.0190560907296355,
ENSG00000225465,RFPL1S,-2.8,4.17820986684137e-06,
ENSG00000226306,NPY6R,-2.8,0.0150834883134377,
ENSG00000226380,,2.8,4.25135345822876e-25,
ENSG00000227227,,2.8,7.98564944575519e-17,
ENSG00000230280,HNRNPA1P59,2.8,2.03844776641912e-10,
ENSG00000231131,LNCAROD,2.8,0.0240345239081231,
ENSG00000231654,RPS6KA2-AS1,-2.8,0.0184120544454875,
ENSG00000231793,DOC2GP,-2.8,0.000110887538872697,
ENSG00000232662,LDHBP1,2.8,0.00201684270264507,
ENSG00000232953,HSPA8P18,2.8,0.0109392808490409,
ENSG00000233547,,-2.8,0.0197721961063565,
ENSG00000233821,ENOX1-AS1,2.8,0.027317939637789,
ENSG00000233922,LINC01694,-2.8,0.00607575845221235,
ENSG00000234028,EIF2AK3-DT,-2.8,9.53515129935974e-15,
ENSG00000235092,ID2-AS1,-2.8,2.08278290178451e-06,
ENSG00000235440,RPS2P15,2.8,2.83766378052892e-15,
ENSG00000235478,LINC01664,-2.8,0.00739885984011506,
ENSG00000235770,LINC00607,2.8,1.88278150847637e-10,
ENSG00000238015,,2.8,0.0220411089222949,
ENSG00000240024,LINC00888,-2.8,2.74332241386223e-07,
ENSG00000240058,ARGFXP1,2.8,0.0264693267243571,
ENSG00000242431,,2.8,1.51582944738642e-11,
ENSG00000242525,OR7E100P,2.8,1.20600945631624e-05,
ENSG00000242732,RTL5,2.8,3.69691593633352e-22,
ENSG00000244265,SIAH2-AS1,-2.8,4.64635280255889e-25,
ENSG00000247134,,-2.8,1.80521876379859e-07,
ENSG00000248161,,2.8,0.00186381987976489,
ENSG00000249115,HAUS5,-2.8,3.35673594696157e-19,
ENSG00000249288,SLC25A15P5,2.8,0.0152023702926016,
ENSG00000249917,LINC00536,2.8,0.0251016546556788,
ENSG00000250189,,-2.8,1.71848221803986e-12,
ENSG00000250673,REELD1,-2.8,0.000738490514940848,
ENSG00000252019,RNU6ATAC9P,-2.8,1.28006290687937e-11,
ENSG00000252448,SNORA63,2.8,3.07460189079081e-05,
ENSG00000253180,,2.8,7.94822098029289e-05,
ENSG00000253773,C8orf37-AS1,-2.8,0.00324090140988561,
ENSG00000254054,,-2.8,0.00790626995151214,
ENSG00000256723,,-2.8,1.22836222590246e-05,
ENSG00000256751,PLBD1-AS1,-2.8,5.98939407090126e-05,
ENSG00000256987,,2.8,0.00490198958455468,
ENSG00000257225,,-2.8,0.0197848438070571,
ENSG00000257725,LINC02399,-2.8,9.40120136037806e-05,
ENSG00000258086,,2.8,8.84808377473916e-12,
ENSG00000258249,,-2.8,0.0216237376504822,
ENSG00000258413,,-2.8,3.50473500532756e-09,
ENSG00000258626,COX7A2P1,2.8,7.74620809739971e-05,
ENSG00000258872,FDPSP3,-2.8,3.26726957466176e-14,
ENSG00000259175,,2.8,0.0233010120585446,
ENSG00000259899,,-2.8,2.82487474047438e-06,
ENSG00000260188,,-2.8,0.00131536447043295,
ENSG00000260511,,-2.8,0.0241811463501018,
ENSG00000260545,,-2.8,7.67718623598035e-14,
ENSG00000260823,,-2.8,0.0131677232703365,
ENSG00000261202,TNRC6B-DT,-2.8,3.54104036026578e-07,
ENSG00000262223,,-2.8,0.000809453117575366,
ENSG00000262370,,-2.8,2.18987717883834e-21,
ENSG00000263712,MIR4639,-2.8,6.1211538692394e-09,
ENSG00000264229,RNU4ATAC,-2.8,8.92875918122107e-09,
ENSG00000267005,,-2.8,4.93311345654735e-07,
ENSG00000267107,PCAT19,-2.8,0.00654928575067405,
ENSG00000267795,SMIM22,-2.8,0.000877365507237677,
ENSG00000268985,,-2.8,0.0265678325692835,
ENSG00000269584,TDGF1P7,2.8,0.0318897300835755,
ENSG00000270157,,2.8,7.84917368672979e-24,
ENSG00000272814,,-2.8,0.00125673942008204,
ENSG00000273004,,-2.8,2.71615670568688e-12,
ENSG00000274929,,2.8,6.39655413616615e-13,
ENSG00000277233,Metazoa_SRP,2.8,2.17753985580474e-12,
ENSG00000277873,,2.8,0.0138908150845738,
ENSG00000278195,SSTR3,-2.8,0.0219712721186507,
ENSG00000278276,,-2.8,2.81611713967532e-08,
ENSG00000278449,MIR6892,2.8,0.0240990813733843,
ENSG00000278463,H2AC4,2.8,0.00578070027882826,
ENSG00000279024,,2.8,0.0103309969729379,
ENSG00000279951,,2.8,3.76718179277481e-06,
ENSG00000281103,TRG-AS1,-2.8,2.00691903773471e-08,
ENSG00000281593,,2.8,1.52537179814202e-07,
ENSG00000283209,,2.8,0.0169177214668972,
ENSG00000285555,,2.8,0.0245653913181781,
ENSG00000011201,ANOS1,2.7,1.31363852725826e-08,
ENSG00000019102,VSIG2,-2.7,1.74971928504001e-15,
ENSG00000023909,GCLM,2.7,1.99156949254115e-21,
ENSG00000041880,PARP3,-2.7,3.97190746950338e-11,
ENSG00000055955,ITIH4,-2.7,2.13354453802578e-06,
ENSG00000065054,SLC9A3R2,2.7,2.54998219920134e-09,
ENSG00000070214,SLC44A1,2.7,1.62055615610869e-64,
ENSG00000070729,CNGB1,2.7,0.00470331702396949,
ENSG00000073331,ALPK1,-2.7,5.03423403542649e-30,
ENSG00000073712,FERMT2,2.7,0.000163726586668878,
ENSG00000084734,GCKR,2.7,0.00577451809091003,
ENSG00000090447,TFAP4,-2.7,6.07623156831019e-08,
ENSG00000100321,SYNGR1,-2.7,3.17425351342852e-08,
ENSG00000100336,APOL4,-2.7,0.00342711292466111,
ENSG00000100350,FOXRED2,-2.7,8.58610596911532e-12,
ENSG00000101213,PTK6,-2.7,6.1969210804872e-11,
ENSG00000103381,CPPED1,-2.7,2.67620674178395e-45,
ENSG00000104936,DMPK,-2.7,0.000100961036393462,
ENSG00000106069,CHN2,-2.7,4.43658877274345e-24,
ENSG00000106330,MOSPD3,-2.7,4.99031466161587e-16,
ENSG00000106976,DNM1,-2.7,2.60270587992618e-08,
ENSG00000110660,SLC35F2,2.7,9.12988948785737e-08,
ENSG00000114541,FRMD4B,-2.7,8.25389470868156e-41,
ENSG00000117009,KMO,2.7,1.30017924278946e-15,
ENSG00000117020,AKT3,2.7,9.7818206775347e-41,
ENSG00000117399,CDC20,2.7,9.41817421444415e-06,
ENSG00000120217,CD274,2.7,2.48615226756184e-14,
ENSG00000120738,EGR1,-2.7,1.58827026012013e-14,
ENSG00000121053,EPX,-2.7,0.00872589152164631,
ENSG00000124613,ZNF391,-2.7,0.0257794978717523,
ENSG00000125347,IRF1,-2.7,9.35281368929282e-32,
ENSG00000126950,TMEM35A,2.7,0.0210953420069583,
ENSG00000128165,ADM2,2.7,0.0177875252056502,
ENSG00000128482,RNF112,-2.7,0.00213022653556331,
ENSG00000130368,MAS1,2.7,0.00134141948968614,
ENSG00000130787,HIP1R,2.7,1.75047644010259e-08,
ENSG00000131149,GSE1,-2.7,1.60643962136587e-43,
ENSG00000133657,ATP13A3,2.7,2.56100628035562e-11,
ENSG00000133687,TMTC1,-2.7,,
ENSG00000135077,HAVCR2,2.7,3.892455109377e-37,
ENSG00000135905,DOCK10,2.7,4.56555670053389e-68,
ENSG00000137133,HINT2,-2.7,0.0286705317729514,
ENSG00000137309,HMGA1,2.7,1.28237353834141e-24,
ENSG00000138311,ZNF365,2.7,0.0402990597927999,
ENSG00000139344,AMDHD1,-2.7,1.86492656267067e-05,
ENSG00000139354,GAS2L3,2.7,1.34471968285496e-43,
ENSG00000139508,SLC46A3,-2.7,1.3760929935461e-18,
ENSG00000140092,FBLN5,2.7,0.000574165208148949,
ENSG00000140832,MARVELD3,2.7,0.0227900769155496,
ENSG00000141622,RNF165,-2.7,0.0119803148837619,
ENSG00000143079,CTTNBP2NL,2.7,1.54321705111568e-36,
ENSG00000144218,AFF3,-2.7,1.38356312403408e-18,
ENSG00000145244,CORIN,2.7,1.69038083630799e-08,
ENSG00000145850,TIMD4,2.7,0.00543259395727686,
ENSG00000146535,GNA12,2.7,2.58338233543185e-31,
ENSG00000151702,FLI1,-2.7,7.71970254030998e-37,
ENSG00000151882,CCL28,-2.7,0.000786593956705028,
ENSG00000152672,CLEC4F,-2.7,0.0294449300391788,
ENSG00000153823,PID1,2.7,1.55106143373271e-52,
ENSG00000154721,JAM2,2.7,3.58488908690204e-06,
ENSG00000157152,SYN2,2.7,5.99020227623045e-05,
ENSG00000157404,KIT,2.7,0.0177276070792296,
ENSG00000158050,DUSP2,-2.7,1.18499874634156e-15,
ENSG00000159640,ACE,2.7,0.000452340203423855,
ENSG00000160255,ITGB2,-2.7,6.68648240084474e-71,
ENSG00000160796,NBEAL2,-2.7,2.8498497672455e-50,
ENSG00000162174,ASRGL1,-2.7,2.18016662070609e-15,
ENSG00000162302,RPS6KA4,-2.7,1.31120332212502e-31,
ENSG00000162407,PLPP3,2.7,0.000277248165054731,
ENSG00000162433,AK4,2.7,1.65228520830374e-22,
ENSG00000163803,PLB1,-2.7,3.75233912600876e-23,
ENSG00000163975,MELTF,2.7,1.21160274932374e-12,
ENSG00000166800,LDHAL6A,2.7,9.79855941062625e-13,
ENSG00000168269,FOXI1,-2.7,0.0205262211159303,
ENSG00000169413,RNASE6,-2.7,7.81289444479063e-25,
ENSG00000169683,LRRC45,-2.7,1.2015221163565e-07,
ENSG00000171130,ATP6V0E2,-2.7,3.54523262892315e-06,
ENSG00000171794,UTF1,-2.7,0.0194888354143905,
ENSG00000172340,SUCLG2,-2.7,5.82472912563587e-67,
ENSG00000172349,IL16,-2.7,1.00706830864749e-23,
ENSG00000173535,TNFRSF10C,-2.7,2.76029874155043e-07,
ENSG00000174680,GRIK1-AS1,-2.7,0.0340487078164924,
ENSG00000174885,NLRP6,-2.7,0.0308171192081646,
ENSG00000175544,CABP4,-2.7,0.00115845925442858,
ENSG00000176054,RPL23P2,-2.7,0.00848805709887272,
ENSG00000177599,ZNF491,-2.7,0.00150521838252467,
ENSG00000179094,PER1,-2.7,1.5396224594639e-27,
ENSG00000179148,ALOXE3,2.7,0.0366193794587391,
ENSG00000182010,RTKN2,2.7,0.000100991857235397,
ENSG00000183628,DGCR6,-2.7,0.0411639138739259,
ENSG00000184584,STING1,-2.7,1.03524858930525e-50,
ENSG00000185261,KIAA0825,-2.7,1.35286050012572e-15,
ENSG00000186188,FFAR4,-2.7,0.000342942059358188,
ENSG00000188916,INSYN2A,2.7,0.00172303493308922,
ENSG00000189127,ANKRD34B,-2.7,0.0411000465801087,
ENSG00000196335,STK31,-2.7,0.0076293725862798,
ENSG00000196912,ANKRD36B,-2.7,2.12663607515194e-06,
ENSG00000197077,KIAA1671,2.7,0.00230063517905571,
ENSG00000198056,PRIM1,-2.7,6.78756799369073e-10,
ENSG00000198723,TEX45,-2.7,0.000345497512254337,
ENSG00000198734,F5,-2.7,1.37472766608311e-26,
ENSG00000199471,Y_RNA,2.7,0.000328468829708064,
ENSG00000200563,RNU6-640P,2.7,0.0329897029885693,
ENSG00000200579,Y_RNA,-2.7,0.0271926152898907,
ENSG00000200959,SNORA74A,2.7,0.028369287118429,
ENSG00000201183,RNVU1-3,-2.7,1.44314188559674e-05,
ENSG00000203797,DDO,-2.7,0.0104996652577601,
ENSG00000204103,MAFB,2.7,8.24623420528867e-14,
ENSG00000204839,MROH6,-2.7,7.91286400854662e-17,
ENSG00000205309,NT5M,-2.7,0.0222814711686978,
ENSG00000206712,RNU6-26P,2.7,0.00161728451848945,
ENSG00000207310,RNU6-1127P,2.7,0.00174301176480385,
ENSG00000212186,RNU6-258P,-2.7,0.0128624763609256,
ENSG00000212588,SNORA26,2.7,0.00127000464421667,
ENSG00000214626,POLR3DP1,2.7,2.57981801783098e-07,
ENSG00000218806,,2.7,0.0331168272461069,
ENSG00000220771,BOLA2P3,-2.7,0.0170918293616242,
ENSG00000221740,SNORD93,2.7,0.0340323169672929,
ENSG00000222421,Y_RNA,2.7,5.56789235026027e-06,
ENSG00000222983,RNA5SP127,-2.7,0.0198907223647212,
ENSG00000223552,CCR5AS,2.7,2.15089677655386e-19,
ENSG00000224794,,2.7,0.000228644679028374,
ENSG00000226797,,2.7,7.15612041666977e-08,
ENSG00000227619,,-2.7,0.021922616353677,
ENSG00000228727,SAPCD1,-2.7,0.00101238286251374,
ENSG00000228801,,-2.7,2.92244892641365e-07,
ENSG00000228923,,-2.7,0.00226025642837303,
ENSG00000229356,LRRC3-DT,-2.7,0.0257829552454068,
ENSG00000229754,CXCR2P1,-2.7,4.86776697872398e-10,
ENSG00000229931,ATXN1-AS1,2.7,9.15382288047819e-10,
ENSG00000230769,,2.7,0.0210460626036115,
ENSG00000231194,FARP1-AS1,2.7,0.00211109834200486,
ENSG00000231304,SGO1-AS1,-2.7,3.33416700352358e-07,
ENSG00000232036,,2.7,0.000330320880308181,
ENSG00000233583,,2.7,0.000278556609754,
ENSG00000233635,,2.7,3.04985590281366e-06,
ENSG00000234263,MAP3K5-AS1,-2.7,9.73570669934197e-13,
ENSG00000234285,GAPDHP49,2.7,0.0404440859797424,
ENSG00000234300,LINC00229,-2.7,0.0260294595724975,
ENSG00000234832,NXT1-AS1,-2.7,0.000145753925457741,
ENSG00000235070,,2.7,0.0328602925441801,
ENSG00000236202,GRM7-AS1,-2.7,0.0348806037376059,
ENSG00000241399,CD302,-2.7,3.16430790107226e-57,
ENSG00000241400,,-2.7,0.0305949548929792,
ENSG00000241544,LINC02029,-2.7,0.00126257511461474,
ENSG00000242049,DNAJB8-AS1,-2.7,0.0277422634070871,
ENSG00000246214,,-2.7,0.00046345336984768,
ENSG00000246792,,-2.7,0.00844013799279574,
ENSG00000247345,,-2.7,0.0357915059266835,
ENSG00000250831,,2.7,0.0316831993434821,
ENSG00000251128,WWC2-AS1,2.7,0.00872589152164631,
ENSG00000251161,,-2.7,4.03336829041031e-07,
ENSG00000251365,LINC02236,-2.7,0.0120191265507117,
ENSG00000251453,HAUS1P1,2.7,3.63594410391913e-26,
ENSG00000252128,SNORD27,-2.7,0.026676909781414,
ENSG00000252614,RNU6-807P,2.7,0.00591621300227387,
ENSG00000252971,RNU6-1057P,-2.7,0.000270163258958131,
ENSG00000253438,PCAT1,-2.7,0.0256806677101871,
ENSG00000254346,MTND1P6,-2.7,0.0248268630074674,
ENSG00000254913,,2.7,0.0327869196617778,
ENSG00000255221,CARD17,2.7,1.19796255500361e-14,
ENSG00000255337,,-2.7,0.0136444540056879,
ENSG00000255347,,-2.7,0.0103898100560922,
ENSG00000255690,TRIL,-2.7,0.0251589899664083,
ENSG00000255836,,2.7,3.81559862682376e-14,
ENSG00000256315,,2.7,0.0300443278932858,
ENSG00000256603,,2.7,0.00338117063017501,
ENSG00000257580,,-2.7,0.0247981750713415,
ENSG00000257953,,2.7,2.49881058387039e-07,
ENSG00000259030,FPGT-TNNI3K,-2.7,0.00622596558080587,
ENSG00000259722,,2.7,0.0125530056246878,
ENSG00000259820,,2.7,2.33955808782197e-14,
ENSG00000260461,,-2.7,9.89675030301485e-13,
ENSG00000260612,,2.7,0.00150536572508408,
ENSG00000260651,,-2.7,4.01228499755571e-06,
ENSG00000260764,,-2.7,0.00035666502933986,
ENSG00000261208,,2.7,1.02051057922787e-06,
ENSG00000261534,,-2.7,1.64844073412753e-10,
ENSG00000265688,MAFG-DT,2.7,0.000558459013529871,
ENSG00000266718,,-2.7,0.021672894151974,
ENSG00000267364,,-2.7,1.72739641257052e-07,
ENSG00000268095,ZNF649-AS1,2.7,0.0143201247683147,
ENSG00000270510,,-2.7,0.00104934976244288,
ENSG00000271108,KATNBL1P5,-2.7,0.0269520076852283,
ENSG00000272463,,-2.7,0.00488397073020499,
ENSG00000272654,,2.7,1.54950346927168e-08,
ENSG00000272768,,-2.7,2.26494449412267e-09,
ENSG00000273368,,2.7,0.019196514575058,
ENSG00000273443,,2.7,0.0301333009495826,
ENSG00000275395,FCGBP,-2.7,0.000408825654725027,
ENSG00000276085,CCL3L1,-2.7,4.0489419622619e-05,
ENSG00000276916,,2.7,6.28773297578428e-05,
ENSG00000277636,MIR8061,2.7,4.31938289449167e-11,
ENSG00000278214,LINC02139,-2.7,0.0296349947038563,
ENSG00000279030,,2.7,0.0332031014484118,
ENSG00000279597,,-2.7,0.00339434756668363,
ENSG00000279786,,-2.7,8.44993075768723e-05,
ENSG00000280159,,-2.7,0.00849290570419887,
ENSG00000283215,LINC02537,2.7,0.0321143785046057,
ENSG00000283296,MIR4256,2.7,0.000237915642529847,
ENSG00000283525,,-2.7,0.00255143778404944,
ENSG00000285554,,-2.7,1.3406704735749e-11,
ENSG00000010438,PRSS3,2.6,0.0269155116923589,
ENSG00000033867,SLC4A7,2.6,9.24855641218539e-64,
ENSG00000058668,ATP2B4,-2.6,6.21964751091687e-42,
ENSG00000063127,SLC6A16,-2.6,4.94833971363026e-08,
ENSG00000065621,GSTO2,-2.6,2.51394229061077e-16,
ENSG00000068024,HDAC4,-2.6,4.53845645202359e-78,
ENSG00000072832,CRMP1,2.6,0.00401284894874278,
ENSG00000075391,RASAL2,2.6,7.35649883149297e-46,
ENSG00000078589,P2RY10,2.6,0.000854632893408042,
ENSG00000082781,ITGB5,2.6,4.80675079013739e-07,
ENSG00000085552,IGSF9,-2.6,1.41042272960305e-05,
ENSG00000100191,SLC5A4,-2.6,0.00118008878690939,
ENSG00000100604,CHGA,-2.6,3.22477976347854e-09,
ENSG00000101307,SIRPB1,-2.6,3.85607978809473e-05,
ENSG00000102524,TNFSF13B,-2.6,1.02440330845766e-15,
ENSG00000103569,AQP9,2.6,2.28809277694649e-15,
ENSG00000104361,NIPAL2,-2.6,4.87674488229825e-16,
ENSG00000104722,NEFM,2.6,0.0331685555266501,
ENSG00000106328,FSCN3,-2.6,2.51308533693076e-05,
ENSG00000108666,C17orf75,-2.6,3.97053653998381e-12,
ENSG00000109501,WFS1,-2.6,0.000715915195068024,
ENSG00000109686,SH3D19,-2.6,1.20392626253963e-09,
ENSG00000111678,C12orf57,-2.6,3.0493237705625e-13,
ENSG00000112699,GMDS,-2.6,1.24348878126944e-21,
ENSG00000113790,EHHADH,-2.6,3.54342203413563e-06,
ENSG00000115255,REEP6,-2.6,0.0105924110247307,
ENSG00000116990,MYCL,-2.6,5.45328354203296e-18,
ENSG00000119698,PPP4R4,2.6,0.00336239719547804,
ENSG00000121064,SCPEP1,-2.6,6.49045215766441e-109,
ENSG00000124593,,-2.6,0.0104996652577601,
ENSG00000124635,H2BC11,2.6,0.000155245866728461,
ENSG00000127951,FGL2,-2.6,1.92984201702381e-24,
ENSG00000129214,SHBG,2.6,5.82866808716598e-07,
ENSG00000129353,SLC44A2,-2.6,9.65441304896047e-25,
ENSG00000133678,TMEM254,-2.6,3.00597197972974e-24,
ENSG00000134871,COL4A2,-2.6,0.000145222619778749,
ENSG00000135324,MRAP2,2.6,0.045658352347042,
ENSG00000135902,CHRND,-2.6,0.000440754012687964,
ENSG00000136040,PLXNC1,-2.6,3.23735135522544e-18,
ENSG00000136717,BIN1,2.6,2.07213055661497e-10,
ENSG00000139116,KIF21A,2.6,7.13010446127082e-06,
ENSG00000139610,CELA1,-2.6,0.00779386950791424,
ENSG00000140398,NEIL1,-2.6,6.86643322666514e-15,
ENSG00000141582,CBX4,-2.6,9.47900748977918e-29,
ENSG00000143341,HMCN1,2.6,0.0299121787544788,
ENSG00000143995,MEIS1,-2.6,0.0160943326961611,
ENSG00000144802,NFKBIZ,-2.6,2.64465666936585e-21,
ENSG00000145390,USP53,2.6,1.083878968705e-07,
ENSG00000149557,FEZ1,2.6,2.39919358837055e-10,
ENSG00000149571,KIRREL3,-2.6,0.00138610706098505,
ENSG00000151715,TMEM45B,2.6,1.3493579873605e-18,
ENSG00000152782,PANK1,-2.6,3.84505229551231e-06,
ENSG00000154122,ANKH,2.6,2.70190664466028e-37,
ENSG00000155254,MARVELD1,-2.6,6.64499466125514e-28,
ENSG00000158156,XKR8,-2.6,5.98992648344286e-31,
ENSG00000158856,DMTN,-2.6,0.0395080418021847,
ENSG00000160094,ZNF362,-2.6,2.52951798629562e-21,
ENSG00000160345,C9orf116,-2.6,0.0119766772693006,
ENSG00000162078,ZG16B,-2.6,6.02085328017487e-07,
ENSG00000162496,DHRS3,2.6,0.00429382063874507,
ENSG00000162817,C1orf115,-2.6,0.000104344188744118,
ENSG00000163534,FCRL1,-2.6,0.00142963075062454,
ENSG00000164304,CAGE1,-2.6,0.00010712074139135,
ENSG00000166510,CCDC68,-2.6,0.0356227169630663,
ENSG00000166535,A2ML1,2.6,3.78120036817722e-08,
ENSG00000166592,RRAD,-2.6,4.8662100609225e-07,
ENSG00000166825,ANPEP,2.6,5.80006871369594e-06,
ENSG00000167925,GHDC,-2.6,3.13813287267431e-24,
ENSG00000168386,FILIP1L,2.6,6.39923528904114e-35,
ENSG00000168427,KLHL30,-2.6,0.0200123129644137,
ENSG00000168918,INPP5D,-2.6,3.18251948286141e-29,
ENSG00000169194,IL13,-2.6,0.0348841561341045,
ENSG00000170153,RNF150,-2.6,,
ENSG00000170430,MGMT,-2.6,1.37802042337437e-13,
ENSG00000171860,C3AR1,2.6,2.2888904277451e-21,
ENSG00000172403,SYNPO2,2.6,2.10108204330814e-06,
ENSG00000174944,P2RY14,-2.6,0.00721235387085272,
ENSG00000176723,ZNF843,-2.6,0.0173805241143214,
ENSG00000177025,C19orf18,-2.6,0.00812765408287724,
ENSG00000179157,RPS2P28,2.6,5.80458360213413e-05,
ENSG00000179222,MAGED1,-2.6,1.8424486183787e-24,
ENSG00000179431,FJX1,2.6,0.0453011901346798,
ENSG00000180044,C3orf80,2.6,0.0417242549886312,
ENSG00000180316,PNPLA1,-2.6,5.6978839511427e-18,
ENSG00000180509,KCNE1,-2.6,3.59740364652303e-15,
ENSG00000182264,IZUMO1,2.6,0.0414040453574706,
ENSG00000182310,SPACA6,2.6,1.81930394058925e-12,
ENSG00000183034,OTOP2,-2.6,0.0384977558556867,
ENSG00000183298,RPSAP19,-2.6,0.0383984946465485,
ENSG00000183323,CCDC125,-2.6,6.74313153270849e-19,
ENSG00000183722,LHFPL6,2.6,5.16169507961859e-14,
ENSG00000184785,SMIM10,-2.6,0.0453243810620196,
ENSG00000184979,USP18,2.6,0.000700303754034871,
ENSG00000185666,SYN3,2.6,0.0440219295088335,
ENSG00000187608,ISG15,2.6,0.00105261841231174,
ENSG00000188112,C6orf132,-2.6,0.000502548761144299,
ENSG00000189292,ALKAL2,2.6,0.00126191637551695,
ENSG00000196611,MMP1,2.6,0.0426809372244192,
ENSG00000196666,FAM180B,-2.6,0.00397778552747262,
ENSG00000197457,STMN3,-2.6,1.15950003252665e-06,
ENSG00000198483,ANKRD35,-2.6,0.00950870009542238,
ENSG00000198585,NUDT16,-2.6,1.12562876492055e-28,
ENSG00000203395,,-2.6,1.03413467298758e-13,
ENSG00000204252,HLA-DOA,-2.6,3.84629342117573e-12,
ENSG00000204257,HLA-DMA,-2.6,1.49281578786939e-33,
ENSG00000204978,ERICH4,-2.6,0.0298010949094866,
ENSG00000205277,MUC12,-2.6,0.000172693628897007,
ENSG00000205846,CLEC6A,-2.6,1.60936837391095e-15,
ENSG00000205847,OR7E91P,-2.6,0.0379445416444675,
ENSG00000206448,PPIAP30,2.6,0.0310456537274989,
ENSG00000206700,RNU6-723P,-2.6,0.0173654231950172,
ENSG00000211893,IGHG2,-2.6,0.0233149518195639,
ENSG00000213197,NUDCP1,2.6,0.0096676106976834,
ENSG00000214354,PAFAH1B1P1,2.6,0.0166566289394792,
ENSG00000214651,,2.6,2.16978250502047e-05,
ENSG00000214960,CRPPA,-2.6,0.00799841634418174,
ENSG00000218189,POM121L14P,-2.6,0.0491841047379328,
ENSG00000218416,,-2.6,0.0369949937499862,
ENSG00000221643,SNORA77,-2.6,0.0295812583143556,
ENSG00000221760,MIR548J,2.6,0.0432974315593613,
ENSG00000221986,MYBPHL,-2.6,0.0150224236568684,
ENSG00000222320,RNU6-1050P,2.6,0.00486881408303463,
ENSG00000222378,RNA5SP44,2.6,0.0242961946030552,
ENSG00000222898,RN7SKP97,2.6,0.000443884902160192,
ENSG00000225222,CHCHD4P5,-2.6,0.0349232562169084,
ENSG00000225703,,2.6,0.012497966848346,
ENSG00000226298,RAD23BP3,-2.6,0.00052667173204382,
ENSG00000226310,,-2.6,0.0196050253312906,
ENSG00000227201,CNN2P1,-2.6,7.12206441856681e-09,
ENSG00000227456,LINC00310,2.6,1.84884721445708e-05,
ENSG00000229619,MBNL1-AS1,-2.6,2.05168012562813e-23,
ENSG00000231426,FILNC1,-2.6,0.036207907755452,
ENSG00000231665,OGFOD1P1,2.6,0.000134872031789061,
ENSG00000231856,,-2.6,1.33168854455523e-13,
ENSG00000231871,IPO9-AS1,2.6,0.000414760880012268,
ENSG00000232407,PPIAP70,-2.6,0.0331758770885318,
ENSG00000233334,FAM53B-AS1,-2.6,2.04639045916126e-13,
ENSG00000233721,,-2.6,0.0439679598450085,
ENSG00000235947,EGOT,-2.6,2.33380535615392e-17,
ENSG00000236930,SDHDP4,-2.6,0.0224543611773502,
ENSG00000237490,RPS27AP17,-2.6,0.0237566673062999,
ENSG00000237772,LINC02631,-2.6,1.70351332024892e-07,
ENSG00000238446,RNU7-38P,2.6,2.5708980023093e-19,
ENSG00000238498,SNORD13P1,2.6,0.0179788398337518,
ENSG00000240012,SLC9A9-AS1,-2.6,2.59588299381417e-06,
ENSG00000241319,SETP6,2.6,0.0191807353352821,
ENSG00000241560,ZBTB20-AS1,-2.6,0.00012431723668313,
ENSG00000242290,ZBTB20-AS5,-2.6,3.93225938001872e-06,
ENSG00000242473,KIR2DP1,2.6,0.00400438624348316,
ENSG00000243225,,2.6,0.0537945899294842,
ENSG00000243660,ZNF487,-2.6,6.94537584002078e-25,
ENSG00000243738,RN7SL181P,2.6,0.0186045308818845,
ENSG00000244040,IL12A-AS1,2.6,0.0298468904713335,
ENSG00000244486,SCARF2,-2.6,0.00950525063625808,
ENSG00000250254,PTTG2,-2.6,6.92102550554126e-09,
ENSG00000251379,,-2.6,0.000660511907438663,
ENSG00000251520,,2.6,6.21238904377495e-15,
ENSG00000252103,RNU6-917P,-2.6,0.0037593016046407,
ENSG00000252464,RN7SKP70,2.6,2.50610980674501e-07,
ENSG00000253943,KRT18P37,2.6,0.00581837619502738,
ENSG00000255060,,2.6,0.000346396578371085,
ENSG00000255201,,2.6,0.0200048516168424,
ENSG00000256151,ADGRD1-AS1,-2.6,0.00730901791962115,
ENSG00000256581,NLRP9P1,-2.6,1.1634702345006e-06,
ENSG00000257681,,-2.6,0.0140729375472645,
ENSG00000258090,,-2.6,0.0371003232041601,
ENSG00000259182,,2.6,1.48684984494693e-05,
ENSG00000259381,,2.6,3.29389881636421e-06,
ENSG00000260613,,-2.6,0.0366888157632616,
ENSG00000261003,,-2.6,0.00733711500800644,
ENSG00000261215,,-2.6,2.06517126054679e-06,
ENSG00000261652,C15orf65,-2.6,0.0410128854062953,
ENSG00000262777,,2.6,3.34289651271879e-10,
ENSG00000263232,ATP5F1AP3,-2.6,0.0268224881613115,
ENSG00000264940,SNORD3C,-2.6,0.0505069198767579,
ENSG00000265565,MIR3143,2.6,0.0330388760985957,
ENSG00000265719,MIR4681,-2.6,0.043005730568447,
ENSG00000265932,MIR3146,-2.6,0.0150749102469967,
ENSG00000266258,LINC01909,2.6,2.96536362856315e-06,
ENSG00000266498,,2.6,6.96123262897024e-13,
ENSG00000266950,,2.6,0.0447492040490326,
ENSG00000267519,MIR23AHG,-2.6,5.62385422341049e-40,
ENSG00000269794,,2.6,0.0401543466274541,
ENSG00000270575,,2.6,0.000223904990749434,
ENSG00000270711,,2.6,4.18090913370619e-12,
ENSG00000271236,SUMO2P15,-2.6,0.0263622279713962,
ENSG00000271551,,2.6,0.000715327193233458,
ENSG00000271657,,-2.6,0.0265638844578817,
ENSG00000271825,,-2.6,0.0184722729135891,
ENSG00000272755,,2.6,0.0218381844947013,
ENSG00000273485,,2.6,0.000640544402018239,
ENSG00000273982,,-2.6,0.0248043152107274,
ENSG00000274466,MIR1273H,-2.6,0.00131665752454553,
ENSG00000275139,,2.6,0.000381540752331616,
ENSG00000276410,H2BC3,2.6,0.0246004955218038,
ENSG00000276966,H4C5,-2.6,4.79511319949959e-30,
ENSG00000278627,,-2.6,0.0294065015262835,
ENSG00000278677,H2AC17,2.6,0.0205335743179666,
ENSG00000280216,,-2.6,0.0298381618694776,
ENSG00000282996,MPP7-DT,-2.6,0.0144670896237943,
ENSG00000283189,,-2.6,0.024047904993061,
ENSG00000284797,,-2.6,0.0416833090030262,
ENSG00000285314,,-2.6,0.0429394193493637,
ENSG00000285907,,-2.6,0.0198350267490582,
ENSG00000020577,SAMD4A,-2.5,8.61461334015363e-07,
ENSG00000054219,LY75,-2.5,8.64512192503499e-22,
ENSG00000064989,CALCRL,-2.5,7.87181690210004e-13,
ENSG00000070182,SPTB,-2.5,0.000601674004173416,
ENSG00000071205,ARHGAP10,2.5,2.09252002123811e-38,
ENSG00000073734,ABCB11,2.5,0.00355699792494151,
ENSG00000074276,CDHR2,-2.5,0.000652288202199994,
ENSG00000075340,ADD2,-2.5,0.00283937765269114,
ENSG00000085063,CD59,2.5,9.20936088861076e-25,
ENSG00000089472,HEPH,2.5,0.0318671569162557,
ENSG00000100100,PIK3IP1,-2.5,2.90926448658492e-27,
ENSG00000100346,CACNA1I,-2.5,0.0621735150714966,
ENSG00000101040,ZMYND8,-2.5,7.42560883467625e-16,
ENSG00000101412,E2F1,-2.5,0.0392876550046176,
ENSG00000105649,RAB3A,-2.5,1.0001839655172e-06,
ENSG00000106772,PRUNE2,-2.5,6.84732142477011e-08,
ENSG00000107957,SH3PXD2A,-2.5,5.31746377939097e-29,
ENSG00000108830,RND2,-2.5,0.0433617131480569,
ENSG00000110934,BIN2,-2.5,1.49281578786939e-33,
ENSG00000111696,NT5DC3,-2.5,7.92914082321112e-08,
ENSG00000112576,CCND3,-2.5,1.57713055971851e-31,
ENSG00000114735,HEMK1,-2.5,3.52884785458214e-18,
ENSG00000114739,ACVR2B,2.5,4.34249006666582e-20,
ENSG00000115008,IL1A,2.5,1.45807455803612e-10,
ENSG00000115112,TFCP2L1,-2.5,2.91355265149243e-05,
ENSG00000116032,GRIN3B,-2.5,0.003563324279187,
ENSG00000116329,OPRD1,2.5,0.000337059011523659,
ENSG00000116717,GADD45A,-2.5,1.34355389946032e-09,
ENSG00000116729,WLS,-2.5,6.10146232169276e-22,
ENSG00000117480,FAAH,-2.5,6.54022956632315e-16,
ENSG00000118307,CFAP94,-2.5,0.000197105738975633,
ENSG00000118507,AKAP7,-2.5,4.49467809957296e-17,
ENSG00000118690,ARMC2,-2.5,4.59870401336404e-11,
ENSG00000119866,BCL11A,-2.5,2.76730123864888e-55,
ENSG00000120729,MYOT,-2.5,0.0151797189183206,
ENSG00000120875,DUSP4,2.5,0.00251749941817519,
ENSG00000123453,SARDH,-2.5,0.0591428006462717,
ENSG00000123612,ACVR1C,2.5,0.0012882778547653,
ENSG00000125648,SLC25A23,-2.5,0.0390041643805895,
ENSG00000126353,CCR7,2.5,2.54019823131996e-08,
ENSG00000128805,ARHGAP22,2.5,2.76391174647095e-09,
ENSG00000129355,CDKN2D,-2.5,3.68662404784513e-15,
ENSG00000130595,TNNT3,-2.5,3.96792326805911e-06,
ENSG00000132613,MTSS2,-2.5,7.45770011565774e-08,
ENSG00000132681,ATP1A4,-2.5,0.0329310699976472,
ENSG00000133101,CCNA1,2.5,0.057677622023461,
ENSG00000133321,PLAAT4,-2.5,1.75326692156344e-14,
ENSG00000133739,LRRCC1,-2.5,9.97124522715955e-09,
ENSG00000134470,IL15RA,-2.5,5.74555036125683e-21,
ENSG00000134830,C5AR2,2.5,6.60162225686806e-33,
ENSG00000134874,DZIP1,2.5,0.0519890286201099,
ENSG00000134955,SLC37A2,2.5,6.47119986173768e-28,
ENSG00000135119,RNFT2,-2.5,0.00083895786802713,
ENSG00000136603,SKIL,2.5,7.96738156115041e-33,
ENSG00000137261,KIAA0319,2.5,0.0439521919194565,
ENSG00000138744,NAAA,-2.5,1.57595747449816e-38,
ENSG00000141574,SECTM1,-2.5,2.11669100753274e-24,
ENSG00000142583,SLC2A5,-2.5,0.00331765372598432,
ENSG00000142920,AZIN2,2.5,1.93093913742517e-05,
ENSG00000143167,GPA33,-2.5,0.00192510443748103,
ENSG00000143318,CASQ1,-2.5,5.00021504536285e-06,
ENSG00000143409,MINDY1,-2.5,4.14660739042912e-30,
ENSG00000144362,PHOSPHO2,-2.5,4.86109777951958e-05,
ENSG00000145349,CAMK2D,-2.5,6.82212589010273e-24,
ENSG00000146540,C7orf50,-2.5,9.26561940299006e-16,
ENSG00000156127,BATF,-2.5,9.2410938721329e-08,
ENSG00000158019,BABAM2,-2.5,1.46163167203416e-24,
ENSG00000158715,SLC45A3,2.5,5.56290175382822e-07,
ENSG00000160888,IER2,-2.5,4.93424430654794e-18,
ENSG00000161513,FDXR,-2.5,3.7065594701397e-07,
ENSG00000164690,SHH,-2.5,0.0528780818080283,
ENSG00000165409,TSHR,-2.5,2.65335403870356e-05,
ENSG00000166352,IFTAP,-2.5,2.85145203418637e-15,
ENSG00000166444,DENND2B,-2.5,1.24307387955205e-05,
ENSG00000167419,LPO,-2.5,0.00303817677460193,
ENSG00000167642,SPINT2,-2.5,2.53348144488759e-46,
ENSG00000167645,YIF1B,-2.5,4.84290881148334e-22,
ENSG00000167851,CD300A,-2.5,3.00743171588073e-20,
ENSG00000168060,NAALADL1,-2.5,5.25248028641031e-09,
ENSG00000168071,CCDC88B,-2.5,1.28272309886713e-38,
ENSG00000168273,SMIM4,2.5,1.27526566666484e-30,
ENSG00000168779,SHOX2,2.5,0.00234176582708271,
ENSG00000168913,ENHO,-2.5,0.0556554983570429,
ENSG00000169136,ATF5,2.5,7.46004065832706e-24,
ENSG00000169224,GCSAML,-2.5,0.061921841293423,
ENSG00000170011,MYRIP,-2.5,0.000671012911132119,
ENSG00000170571,EMB,-2.5,9.12400368333032e-43,
ENSG00000173662,TAS1R1,-2.5,2.7195473914021e-05,
ENSG00000175602,CCDC85B,-2.5,6.11106842649452e-09,
ENSG00000178750,STX19,2.5,0.000304411880548882,
ENSG00000178996,SNX18,-2.5,1.08560520962941e-24,
ENSG00000179144,GIMAP7,-2.5,0.000859526705312861,
ENSG00000179862,CITED4,-2.5,7.44948442828187e-07,
ENSG00000182183,SHISAL2A,2.5,0.000101608970530401,
ENSG00000184163,C1QTNF12,-2.5,0.0128860026476062,
ENSG00000184897,H1-10,-2.5,4.41518365681648e-17,
ENSG00000186471,AKAP14,-2.5,0.0304098001636009,
ENSG00000187775,DNAH17,2.5,8.0492460209166e-18,
ENSG00000188649,CC2D2B,-2.5,2.34032335204731e-16,
ENSG00000196074,SYCP2,-2.5,4.89687932449887e-09,
ENSG00000196277,GRM7,-2.5,0.0238243396817676,
ENSG00000196358,NTNG2,-2.5,5.46354554756224e-09,
ENSG00000196511,TPK1,-2.5,1.94461319812547e-33,
ENSG00000196549,MME,-2.5,0.0126659337493701,
ENSG00000196787,H2AC11,2.5,5.44854702361458e-12,
ENSG00000198520,ARMH1,-2.5,1.51618690231947e-17,
ENSG00000198963,RORB,2.5,0.016691471012703,
ENSG00000200235,,2.5,2.07890352520069e-05,
ENSG00000200753,,2.5,0.0545707105911517,
ENSG00000200795,RNU4-1,-2.5,0.0501260327389541,
ENSG00000202415,RN7SKP269,2.5,2.31819865707372e-07,
ENSG00000203446,SUGCT-AS1,2.5,0.00712576602647713,
ENSG00000204311,PJVK,-2.5,3.85904712126742e-05,
ENSG00000204882,GPR20,-2.5,0.065819061729978,
ENSG00000206640,Y_RNA,2.5,0.0439249856772071,
ENSG00000206756,Y_RNA,2.5,0.0135112938707388,
ENSG00000211895,IGHA1,-2.5,3.32205490398181e-05,
ENSG00000212176,RNA5SP207,-2.5,0.0174864654751859,
ENSG00000212240,RNU6-930P,2.5,0.0308693862145791,
ENSG00000212402,SNORA74B,2.5,0.000161394773748128,
ENSG00000213085,CFAP45,-2.5,1.09887634550628e-06,
ENSG00000213906,LTB4R2,-2.5,2.85944648970978e-17,
ENSG00000214376,VSTM5,2.5,0.0200324285511394,
ENSG00000214425,LRRC37A4P,-2.5,0.00140486924873478,
ENSG00000215039,CD27-AS1,-2.5,8.03556746851468e-18,
ENSG00000218574,HNRNPA1P37,-2.5,0.011375146109514,
ENSG00000220418,TUBB3P1,2.5,0.0567868846461383,
ENSG00000222460,RN7SKP271,2.5,0.00157872384428075,
ENSG00000222724,RNU2-63P,-2.5,0.000337722069643141,
ENSG00000224566,FAM96AP2,2.5,0.000679574834356483,
ENSG00000225000,,-2.5,8.58217339704011e-05,
ENSG00000225014,KCTD9P1,-2.5,4.56294829181506e-11,
ENSG00000225076,WWC3-AS1,2.5,3.5164398188803e-06,
ENSG00000225196,RPL10P17,-2.5,0.0297594774712677,
ENSG00000225419,RPL21P3,2.5,0.0468189794471005,
ENSG00000225579,EDNRB-AS1,2.5,0.0294576040465384,
ENSG00000225778,PROSER2-AS1,-2.5,0.000163317408654908,
ENSG00000226321,CROCC2,-2.5,0.0129948582390159,
ENSG00000226616,OR52M2P,-2.5,0.00262295422431952,
ENSG00000227292,,-2.5,0.0486838531921986,
ENSG00000227518,MIR1302-9HG,2.5,0.0562937502023832,
ENSG00000227788,MTCO3P43,2.5,0.032325601492487,
ENSG00000227962,,2.5,7.01806915045149e-05,
ENSG00000228278,ORM2,-2.5,0.00860401713089744,
ENSG00000228382,ITPKB-IT1,-2.5,0.00120213177217648,
ENSG00000228509,,2.5,5.52463872042401e-09,
ENSG00000228753,EIF4BP2,-2.5,0.00408413074230544,
ENSG00000229582,,2.5,0.0024870106928809,
ENSG00000229692,SOS1-IT1,2.5,1.75308895824577e-09,
ENSG00000230184,SMYD3-IT1,-2.5,0.0245753457557595,
ENSG00000230604,TSEN15P2,2.5,8.799647986779e-08,
ENSG00000232160,RAP2C-AS1,-2.5,9.11906451014641e-16,
ENSG00000232873,RPL23AP93,2.5,0.0662186804395496,
ENSG00000233041,PHGR1,-2.5,0.0131026146307166,
ENSG00000234230,ZFX-AS1,-2.5,0.00817616147326239,
ENSG00000234736,FAM170B-AS1,2.5,0.00821198702835122,
ENSG00000235728,,-2.5,0.00703283750857157,
ENSG00000236900,TIMM9P1,2.5,1.45850505768889e-06,
ENSG00000237009,GLIS3-AS1,2.5,0.00861197177513517,
ENSG00000237633,,-2.5,2.23225587725346e-09,
ENSG00000237980,LINC02773,-2.5,0.0255974694339172,
ENSG00000238150,,-2.5,0.0431922183201167,
ENSG00000238171,,2.5,0.0231072771855498,
ENSG00000239474,KLHL41,2.5,0.0139573076523266,
ENSG00000239483,RPS15AP16,2.5,6.88065757123581e-06,
ENSG00000239791,,2.5,0.0393194002260117,
ENSG00000240502,RN7SL837P,-2.5,0.0435607664780834,
ENSG00000241472,PTPRG-AS1,2.5,0.0392870333935927,
ENSG00000241859,ANOS2P,-2.5,0.000456923705185942,
ENSG00000242314,RPL12P32,2.5,0.0153295628365339,
ENSG00000243103,RN7SL452P,2.5,0.0239268467517259,
ENSG00000244675,,2.5,1.59408696642227e-05,
ENSG00000247081,BAALC-AS1,2.5,0.000835116778157799,
ENSG00000248371,LINC02056,2.5,0.0466905751277226,
ENSG00000248599,FLJ42969,2.5,0.0293054692783218,
ENSG00000250474,WBP1LP2,2.5,0.00614791786733787,
ENSG00000250733,C8orf17,-2.5,1.06575803321234e-05,
ENSG00000251614,HSPA8P19,-2.5,0.014358521506976,
ENSG00000252002,RNA5SP154,-2.5,0.0516243403271799,
ENSG00000254786,,2.5,0.0227474931983378,
ENSG00000255491,,2.5,1.44424553513595e-10,
ENSG00000255775,,2.5,0.0105941891740155,
ENSG00000257053,,2.5,9.52201875185522e-05,
ENSG00000257595,LINC02356,-2.5,2.69909523973411e-05,
ENSG00000258172,,-2.5,4.54302969567071e-09,
ENSG00000258365,,-2.5,8.32768461943663e-11,
ENSG00000258769,RAP1AP,2.5,3.13859834313397e-20,
ENSG00000260927,,2.5,0.0108989212293588,
ENSG00000261537,,-2.5,0.0523716053525955,
ENSG00000261879,ZNF594-DT,-2.5,3.99182461799773e-10,
ENSG00000262759,MRPS21P9,2.5,0.0399189315067825,
ENSG00000265871,MIR3174,2.5,9.37663616927753e-11,
ENSG00000266941,,2.5,0.0219815798248931,
ENSG00000267691,SHC1P2,-2.5,0.038688539860892,
ENSG00000267741,UBE2L4,2.5,0.000961223057984157,
ENSG00000268903,,-2.5,6.37453560268681e-08,
ENSG00000269514,,-2.5,1.2662819341875e-11,
ENSG00000269981,,-2.5,5.34243517638744e-06,
ENSG00000270020,,-2.5,0.0103481742013125,
ENSG00000270722,RNVU1-31,-2.5,0.0524441508831189,
ENSG00000270964,MAP2K5-DT,-2.5,0.000332618354841633,
ENSG00000271214,,-2.5,0.00120060191618036,
ENSG00000271931,PNRC1-DT,-2.5,3.53667593106532e-05,
ENSG00000272823,,-2.5,0.0558290823763822,
ENSG00000273108,,-2.5,7.02871447073809e-06,
ENSG00000273802,H2BC8,2.5,1.28759650309826e-12,
ENSG00000274797,,2.5,0.00845843341781318,
ENSG00000275088,,-2.5,0.0532016610975193,
ENSG00000275385,CCL18,2.5,0.0048162129017803,
ENSG00000275393,,-2.5,0.015802841364343,
ENSG00000275645,,-2.5,0.0146848381312842,
ENSG00000276075,,-2.5,0.0134130108854419,
ENSG00000276436,,-2.5,0.0236897679450052,
ENSG00000277182,,-2.5,0.0183047913527937,
ENSG00000277684,,2.5,0.0202626845715666,
ENSG00000278725,,-2.5,0.0127485715827716,
ENSG00000278998,,2.5,0.0491382099296703,
ENSG00000279404,,2.5,0.0165967090495697,
ENSG00000279415,,2.5,3.24174199067689e-13,
ENSG00000279620,,2.5,1.67914350256201e-22,
ENSG00000279656,,2.5,0.0102252801708728,
ENSG00000279707,,2.5,1.87494807116179e-08,
ENSG00000280096,,-2.5,0.055129676800453,
ENSG00000280224,,-2.5,0.0237686170078056,
ENSG00000280739,EIF1B-AS1,-2.5,3.39981980201382e-08,
ENSG00000281072,,2.5,0.00228776269346908,
ENSG00000282021,,2.5,1.27619970611515e-05,
ENSG00000282508,LINC01002,-2.5,6.57341888605029e-09,
ENSG00000282572,,-2.5,9.02719306374047e-08,
ENSG00000283148,,2.5,0.0384734716339154,
ENSG00000285886,,-2.5,0.0348947505641993,
ENSG00000004468,CD38,-2.4,8.65833189036589e-19,
ENSG00000006025,OSBPL7,-2.4,3.13813810092541e-16,
ENSG00000007255,TRAPPC6A,-2.4,7.21952231574258e-11,
ENSG00000007314,SCN4A,2.4,0.0438076031228075,
ENSG00000008056,SYN1,2.4,5.58903582270784e-07,
ENSG00000010539,ZNF200,2.4,1.15041048983699e-10,
ENSG00000064199,SPA17,-2.4,6.42543031304666e-08,
ENSG00000065328,MCM10,-2.4,0.0536444972396612,
ENSG00000066185,ZMYND12,-2.4,0.0177581317864782,
ENSG00000066697,MSANTD3,2.4,6.05175127848401e-17,
ENSG00000075213,SEMA3A,2.4,0.00016115187112796,
ENSG00000077063,CTTNBP2,2.4,0.000235700975998092,
ENSG00000079215,SLC1A3,2.4,3.98999802777522e-18,
ENSG00000079385,CEACAM1,-2.4,0.00209157325382806,
ENSG00000079691,CARMIL1,-2.4,1.38984918035115e-24,
ENSG00000079739,PGM1,-2.4,4.89709997435689e-13,
ENSG00000080031,PTPRH,2.4,5.58635011308781e-05,
ENSG00000080822,CLDND1,2.4,3.01185134332654e-32,
ENSG00000089820,ARHGAP4,-2.4,4.3068640378768e-50,
ENSG00000091844,RGS17,2.4,3.17143421427663e-05,
ENSG00000092758,COL9A3,-2.4,0.0535409985801549,
ENSG00000100036,SLC35E4,2.4,1.12252793953075e-14,
ENSG00000103489,XYLT1,2.4,3.69614247488678e-28,
ENSG00000105472,CLEC11A,-2.4,5.31212899754694e-05,
ENSG00000106066,CPVL,-2.4,1.95575785282368e-30,
ENSG00000109819,PPARGC1A,-2.4,0.00129090836979947,
ENSG00000110031,LPXN,2.4,7.29345179155661e-41,
ENSG00000111907,TPD52L1,2.4,0.0307568674651599,
ENSG00000112715,VEGFA,2.4,5.30887909789352e-27,
ENSG00000113249,HAVCR1,2.4,6.62547932959024e-08,
ENSG00000115592,PRKAG3,2.4,5.72804850535628e-08,
ENSG00000115840,SLC25A12,-2.4,7.35080012195773e-27,
ENSG00000116678,LEPR,-2.4,6.43991122013183e-08,
ENSG00000116833,NR5A2,2.4,0.00825008768986811,
ENSG00000116857,TMEM9,-2.4,2.9761259234184e-17,
ENSG00000116885,OSCP1,-2.4,8.39746766222914e-06,
ENSG00000118094,TREH,2.4,0.0727305713368797,
ENSG00000118276,B4GALT6,-2.4,2.80603104153333e-06,
ENSG00000118971,CCND2,-2.4,6.17698601542229e-14,
ENSG00000122223,CD244,-2.4,2.77215280168618e-22,
ENSG00000122378,PRXL2A,-2.4,3.66532629982184e-06,
ENSG00000122787,AKR1D1,2.4,0.0642011057626609,
ENSG00000124107,SLPI,2.4,0.000481631808704227,
ENSG00000124788,ATXN1,2.4,2.03733542586589e-70,
ENSG00000126467,TSKS,-2.4,0.0109274879362727,
ENSG00000126822,PLEKHG3,-2.4,4.20890358106925e-11,
ENSG00000127412,TRPV5,-2.4,0.0236218292595622,
ENSG00000127419,TMEM175,-2.4,1.49849226123356e-18,
ENSG00000128340,RAC2,-2.4,3.26773182714923e-22,
ENSG00000129744,ART1,2.4,0.056950356962749,
ENSG00000132386,SERPINF1,2.4,1.6378434135408e-11,
ENSG00000133027,PEMT,-2.4,3.07586976590289e-10,
ENSG00000133138,TBC1D8B,-2.4,0.00202578288020249,
ENSG00000134986,NREP,-2.4,1.42944209587195e-38,
ENSG00000135604,STX11,-2.4,7.63960114046962e-27,
ENSG00000137193,PIM1,-2.4,6.17622221180844e-10,
ENSG00000139428,MMAB,-2.4,6.43991122013183e-08,
ENSG00000139780,METTL21C,2.4,0.0472365535578969,
ENSG00000140932,CMTM2,-2.4,5.14192162175289e-05,
ENSG00000141447,OSBPL1A,-2.4,3.15797286712006e-30,
ENSG00000142856,ITGB3BP,-2.4,8.31606021837763e-08,
ENSG00000143333,RGS16,2.4,0.0190560907296355,
ENSG00000143653,SCCPDH,-2.4,3.32077846263968e-25,
ENSG00000143772,ITPKB,-2.4,1.25955411790247e-33,
ENSG00000144893,MED12L,-2.4,0.000325447901082851,
ENSG00000145888,GLRA1,2.4,0.0445642583870399,
ENSG00000146263,MMS22L,-2.4,1.05431843328294e-14,
ENSG00000146376,ARHGAP18,2.4,6.52365981520442e-48,
ENSG00000148516,ZEB1,2.4,6.43197122677789e-05,
ENSG00000149256,TENM4,-2.4,,
ENSG00000150347,ARID5B,2.4,3.45349239414981e-10,
ENSG00000151693,ASAP2,-2.4,4.16374062571392e-08,
ENSG00000152503,TRIM36,2.4,4.09331035025358e-24,
ENSG00000152518,ZFP36L2,-2.4,5.22946717672124e-18,
ENSG00000152767,FARP1,2.4,3.07221677052654e-25,
ENSG00000154025,SLC5A10,-2.4,0.00753692781461248,
ENSG00000154330,PGM5,-2.4,0.00245241713410031,
ENSG00000155016,CYP2U1,-2.4,2.86705629883382e-14,
ENSG00000155090,KLF10,-2.4,2.58911805569843e-31,
ENSG00000162734,PEA15,2.4,3.75768296302691e-52,
ENSG00000162877,PM20D1,2.4,0.0130243048674807,
ENSG00000163827,LRRC2,2.4,0.0648679837592505,
ENSG00000164199,ADGRV1,-2.4,4.13743446006962e-05,
ENSG00000164674,SYTL3,-2.4,1.320038147709e-15,
ENSG00000165131,LLCFC1,-2.4,0.0431264005492309,
ENSG00000165507,DEPP1,-2.4,4.39144058746841e-12,
ENSG00000165548,TMEM63C,-2.4,1.18372400822095e-10,
ENSG00000165591,FAAH2,2.4,0.0508702329121142,
ENSG00000166501,PRKCB,-2.4,1.44861099236719e-62,
ENSG00000166527,CLEC4D,-2.4,6.65664303978889e-25,
ENSG00000167767,KRT80,-2.4,0.00466340448165756,
ENSG00000168070,MAJIN,-2.4,0.00980050609234496,
ENSG00000168546,GFRA2,-2.4,0.0117311212928554,
ENSG00000169397,RNASE3,-2.4,1.25054592661783e-05,
ENSG00000169756,LIMS1,2.4,7.88624704326605e-34,
ENSG00000171843,MLLT3,-2.4,8.25740652887518e-19,
ENSG00000173166,RAPH1,2.4,8.12847074681594e-37,
ENSG00000173372,C1QA,-2.4,0.0298177077222206,
ENSG00000173585,CCR9,-2.4,1.30666682509931e-08,
ENSG00000173638,SLC19A1,-2.4,2.99109060689006e-29,
ENSG00000173947,PIFO,-2.4,0.0333511671999779,
ENSG00000174004,NRROS,-2.4,9.44552859848197e-29,
ENSG00000174721,FGFBP3,-2.4,4.73230349370356e-05,
ENSG00000174989,FBXW8,-2.4,3.90611051654194e-34,
ENSG00000175449,RFESD,-2.4,0.0625164670423762,
ENSG00000175463,TBC1D10C,-2.4,9.10859565264294e-12,
ENSG00000177875,CCDC184,-2.4,0.0225544366180501,
ENSG00000179213,SIGLECL1,-2.4,0.0512480043306196,
ENSG00000179954,SSC5D,-2.4,0.00206459059913166,
ENSG00000180066,LINC02870,-2.4,0.0387562426345283,
ENSG00000181778,TMEM252,-2.4,0.0705160124140005,
ENSG00000182048,TRPC2,-2.4,0.000470178951290196,
ENSG00000182185,RAD51B,-2.4,2.78504301005477e-20,
ENSG00000183625,CCR3,2.4,0.00241942692217449,
ENSG00000184898,RBM43,-2.4,7.33565376632959e-07,
ENSG00000184992,BRI3BP,-2.4,1.47612291231396e-27,
ENSG00000186470,BTN3A2,-2.4,2.6027435783507e-10,
ENSG00000187151,ANGPTL5,-2.4,0.0670588957547278,
ENSG00000187475,H1-6,2.4,0.065072646259054,
ENSG00000187498,COL4A1,-2.4,0.00309411212480482,
ENSG00000188643,S100A16,2.4,0.0757836009850558,
ENSG00000188811,NHLRC3,-2.4,5.17904847483275e-22,
ENSG00000188820,CALHM6,-2.4,0.00115409968862341,
ENSG00000188878,FBF1,-2.4,0.0020680143497537,
ENSG00000196227,FAM217B,-2.4,3.68137235198302e-12,
ENSG00000197008,ZNF138,-2.4,4.44877784617447e-10,
ENSG00000197980,LEKR1,-2.4,7.88898685711002e-09,
ENSG00000198019,FCGR1B,-2.4,2.25846369115636e-07,
ENSG00000198589,LRBA,-2.4,6.04543596125303e-46,
ENSG00000199150,MIRLET7G,2.4,2.86514741473933e-09,
ENSG00000199695,RNU6-1128P,-2.4,0.000629652093816312,
ENSG00000199788,RNY3P2,2.4,0.000843122748192365,
ENSG00000204219,TCEA3,-2.4,0.0193399284512782,
ENSG00000204301,NOTCH4,-2.4,9.66203352002143e-11,
ENSG00000204410,MSH5,-2.4,1.80141008535718e-13,
ENSG00000207267,RNU6-1081P,2.4,0.0461957275271882,
ENSG00000207444,SNORD56B,-2.4,9.67179821486623e-08,
ENSG00000212303,RNU6-1154P,2.4,0.0663673064798819,
ENSG00000212306,Y_RNA,2.4,0.00101769231827086,
ENSG00000212747,RTL8B,-2.4,0.00583299212692745,
ENSG00000213062,,-2.4,7.20597487147056e-06,
ENSG00000214067,,-2.4,0.00264617014440002,
ENSG00000217702,,-2.4,0.0485427263793542,
ENSG00000218713,,-2.4,0.059819128968365,
ENSG00000221990,EXOC3-AS1,2.4,2.36402936252235e-08,
ENSG00000223476,VN1R42P,2.4,0.0531179140471725,
ENSG00000224192,SEZ6L-AS1,-2.4,0.074489436258453,
ENSG00000225177,,-2.4,3.83685075552101e-09,
ENSG00000225542,ZNF385D-AS1,-2.4,0.0126009127437564,
ENSG00000225610,,2.4,0.07283152134608,
ENSG00000225981,,-2.4,0.0488872516599341,
ENSG00000226253,MRPL35P3,2.4,1.07819709228519e-08,
ENSG00000226688,ENTPD1-AS1,-2.4,2.00728772124819e-21,
ENSG00000226772,,-2.4,0.0765686512035328,
ENSG00000226891,LINC01359,-2.4,2.26425007275048e-07,
ENSG00000227170,,2.4,6.29004560774929e-31,
ENSG00000228413,,-2.4,9.21892899036788e-05,
ENSG00000228873,,-2.4,0.0341743022401841,
ENSG00000230524,COL6A4P1,-2.4,0.0692403131878574,
ENSG00000233013,FAM157B,-2.4,0.012221022512903,
ENSG00000233382,NKAPP1,-2.4,1.56969868046456e-12,
ENSG00000233472,,-2.4,0.0579334931436314,
ENSG00000237036,ZEB1-AS1,2.4,0.0389735803342926,
ENSG00000238280,,2.4,0.0675671770430983,
ENSG00000239221,RN7SL442P,2.4,6.29079872324141e-05,
ENSG00000239911,PRKAG2-AS1,-2.4,6.35620069997557e-22,
ENSG00000241211,IQCJ-SCHIP1-AS1,-2.4,0.0108741673643963,
ENSG00000243033,GAPDHP47,-2.4,0.000183168013196496,
ENSG00000243179,,2.4,1.33396808975874e-05,
ENSG00000243629,LINC00880,-2.4,0.0173952259702556,
ENSG00000244041,LINC01011,-2.4,3.65188117268328e-14,
ENSG00000247903,,-2.4,3.29431286319092e-16,
ENSG00000251259,,-2.4,8.33430039058184e-07,
ENSG00000251323,LINC02728,-2.4,7.69466520565802e-08,
ENSG00000251438,,-2.4,0.0518785655306375,
ENSG00000251888,RN7SKP190,-2.4,1.51089876718286e-05,
ENSG00000252220,RNU6-977P,-2.4,0.00124327484399182,
ENSG00000252532,RNU7-193P,-2.4,0.0651558115728411,
ENSG00000253795,MTND1P5,2.4,0.0397444317367474,
ENSG00000255038,,-2.4,0.00376855227792018,
ENSG00000256533,,2.4,0.0417882029299512,
ENSG00000258284,POLR2KP1,2.4,0.00121996819629369,
ENSG00000258303,,2.4,9.53343221615929e-05,
ENSG00000259163,,2.4,4.33566714864242e-05,
ENSG00000259285,,2.4,0.0783582124878819,
ENSG00000259924,,-2.4,5.8563614783267e-15,
ENSG00000259985,,-2.4,0.0689749612443176,
ENSG00000260196,,2.4,2.3615703326534e-24,
ENSG00000261251,EFCAB6-DT,2.4,0.0429975566569449,
ENSG00000262728,,-2.4,0.0455657167150371,
ENSG00000263033,,-2.4,0.0246565978493142,
ENSG00000264007,,-2.4,0.0198289884571264,
ENSG00000264304,,-2.4,0.000104235655101119,
ENSG00000266853,ITM2BP1,-2.4,2.10991002229191e-10,
ENSG00000267257,,-2.4,0.00639918229105862,
ENSG00000267416,HEATR6-DT,2.4,0.000878424179367409,
ENSG00000268129,,-2.4,0.0547682444798988,
ENSG00000269896,,-2.4,0.00944038544303516,
ENSG00000270809,CHCHD2P11,2.4,0.00885791724912317,
ENSG00000271857,,2.4,0.000675250589080588,
ENSG00000271952,LINC01954,-2.4,0.0519890286201099,
ENSG00000271959,,-2.4,0.062162522628509,
ENSG00000272662,TIMMDC1-DT,-2.4,0.00524725372535947,
ENSG00000272950,,-2.4,0.0269230656544952,
ENSG00000274267,,2.4,0.00849422783691922,
ENSG00000274641,H2BC17,2.4,0.00712251381577161,
ENSG00000274678,,-2.4,0.0683693709032868,
ENSG00000275175,,-2.4,0.0296349947038563,
ENSG00000275236,,-2.4,0.0616298894537981,
ENSG00000275479,,2.4,0.0570031730707688,
ENSG00000278965,,2.4,0.0442448643941972,
ENSG00000279001,,2.4,0.056283432941228,
ENSG00000279410,,2.4,1.1934374702867e-10,
ENSG00000279583,,-2.4,0.00313342258531716,
ENSG00000279815,,2.4,0.039390827149967,
ENSG00000279908,,-2.4,0.00059953627354246,
ENSG00000279926,,2.4,0.0581288218683142,
ENSG00000284669,,-2.4,2.10199433133681e-17,
ENSG00000285642,,2.4,0.0146270581949381,
ENSG00000285731,,-2.4,7.90701147532348e-06,
ENSG00000285954,,-2.4,0.060541015225563,
ENSG00000005448,WDR54,-2.3,1.73730457976305e-05,
ENSG00000008226,DLEC1,-2.3,1.5120159488739e-20,
ENSG00000013810,TACC3,-2.3,1.57025296932055e-17,
ENSG00000035403,VCL,-2.3,8.6794112050814e-32,
ENSG00000043591,ADRB1,-2.3,0.000178488629698951,
ENSG00000048052,HDAC9,-2.3,4.3055120875023e-33,
ENSG00000063601,MTMR1,-2.3,1.21673514989027e-26,
ENSG00000065361,ERBB3,2.3,0.00784421159817096,
ENSG00000070019,GUCY2C,-2.3,9.84946368850296e-08,
ENSG00000075290,WNT8B,-2.3,0.00227570707630229,
ENSG00000085465,OVGP1,-2.3,1.17051372675111e-07,
ENSG00000085741,WNT11,-2.3,0.0788933704676244,
ENSG00000088826,SMOX,2.3,1.25731069066784e-08,
ENSG00000089057,SLC23A2,2.3,1.47056373933222e-49,
ENSG00000090382,LYZ,-2.3,9.89317176549886e-19,
ENSG00000092051,JPH4,-2.3,2.88156942665603e-10,
ENSG00000095370,SH2D3C,-2.3,2.31495143542196e-24,
ENSG00000101049,SGK2,-2.3,0.0384997127906493,
ENSG00000102572,STK24,2.3,6.45866014977323e-27,
ENSG00000102962,CCL22,2.3,0.00249842306024903,
ENSG00000103202,NME4,-2.3,2.73649667334214e-13,
ENSG00000104112,SCG3,2.3,8.31514361504787e-06,
ENSG00000105137,SYDE1,-2.3,0.0232341145470055,
ENSG00000105552,BCAT2,-2.3,2.0538612884982e-12,
ENSG00000105668,UPK1A,-2.3,0.0552610830058108,
ENSG00000105717,PBX4,2.3,1.13947285903413e-06,
ENSG00000106780,MEGF9,-2.3,1.43364464862418e-30,
ENSG00000112299,VNN1,-2.3,0.00509151430514935,
ENSG00000114388,NPRL2,-2.3,6.73155990503637e-23,
ENSG00000114779,ABHD14B,-2.3,9.09613238293145e-21,
ENSG00000115170,ACVR1,2.3,2.30039059780118e-26,
ENSG00000116171,SCP2,-2.3,2.16418807045634e-49,
ENSG00000118113,MMP8,2.3,0.087125649459664,
ENSG00000118160,SLC8A2,2.3,0.0806823501895829,
ENSG00000122679,RAMP3,-2.3,0.00499362746421398,
ENSG00000124098,FAM210B,-2.3,1.0391143354513e-15,
ENSG00000124215,CDH26,-2.3,4.79315889218295e-06,
ENSG00000124374,PAIP2B,-2.3,2.17711609758542e-05,
ENSG00000125148,MT2A,-2.3,1.18058827384102e-06,
ENSG00000126368,NR1D1,-2.3,8.3273719349163e-13,
ENSG00000126583,PRKCG,-2.3,0.001129541162953,
ENSG00000127920,GNG11,2.3,0.00228696276523269,
ENSG00000128694,OSGEPL1,-2.3,1.94456477520135e-09,
ENSG00000133466,C1QTNF6,-2.3,3.53514387524038e-05,
ENSG00000135374,ELF5,-2.3,0.0733622113972776,
ENSG00000135976,ANKRD36,-2.3,4.80445119840963e-19,
ENSG00000136840,ST6GALNAC4,2.3,4.19061036140575e-13,
ENSG00000136997,MYC,2.3,1.25166577274289e-12,
ENSG00000138002,IFT172,-2.3,6.98408681409436e-21,
ENSG00000139899,CBLN3,2.3,4.79171671715446e-09,
ENSG00000140379,BCL2A1,-2.3,0.000235050194186845,
ENSG00000141401,IMPA2,-2.3,7.31576638172397e-17,
ENSG00000143248,RGS5,-2.3,0.0440861336104692,
ENSG00000143401,ANP32E,-2.3,1.10164158947114e-39,
ENSG00000143457,GOLPH3L,-2.3,1.43388683072316e-10,
ENSG00000143847,PPFIA4,-2.3,0.0129765724882063,
ENSG00000144596,GRIP2,2.3,1.99317395068292e-16,
ENSG00000147488,ST18,2.3,0.00141970389480789,
ENSG00000149289,ZC3H12C,2.3,7.23059705519313e-22,
ENSG00000149633,KIAA1755,2.3,0.0848532010092155,
ENSG00000150051,MKX,-2.3,0.0788701193004473,
ENSG00000150337,FCGR1A,-2.3,2.83424782023982e-06,
ENSG00000151413,NUBPL,-2.3,1.03438169658989e-09,
ENSG00000151883,PARP8,-2.3,1.1497637369417e-33,
ENSG00000152822,GRM1,2.3,0.0857728655108729,
ENSG00000153707,PTPRD,2.3,0.0842275687801886,
ENSG00000158113,LRRC43,-2.3,0.0792183596762891,
ENSG00000158428,CATIP,-2.3,2.02768272312454e-05,
ENSG00000160224,AIRE,-2.3,0.00906323595018381,
ENSG00000163131,CTSS,-2.3,2.06844489140725e-57,
ENSG00000163145,C1QTNF7,-2.3,2.80375138519705e-05,
ENSG00000163710,PCOLCE2,2.3,0.0797283087191046,
ENSG00000164011,ZNF691,2.3,1.52799286935332e-12,
ENSG00000164649,CDCA7L,-2.3,4.59976273882442e-06,
ENSG00000165244,ZNF367,-2.3,0.0142534928611414,
ENSG00000165795,NDRG2,-2.3,4.42503385660843e-06,
ENSG00000166145,SPINT1,-2.3,1.70228663252114e-16,
ENSG00000166224,SGPL1,2.3,1.18883942991465e-57,
ENSG00000166840,GLYATL1,2.3,0.0749389781393934,
ENSG00000166917,MIR202HG,-2.3,0.0824848319774009,
ENSG00000167191,GPRC5B,-2.3,0.0693680287897775,
ENSG00000167281,RBFOX3,-2.3,0.000730993933867288,
ENSG00000167703,SLC43A2,2.3,2.50513477804755e-15,
ENSG00000168811,IL12A,-2.3,0.0185440326145293,
ENSG00000168994,PXDC1,2.3,5.32782986876217e-07,
ENSG00000170456,DENND5B,2.3,1.51810020025089e-11,
ENSG00000171608,PIK3CD,-2.3,3.63551880503081e-26,
ENSG00000171621,SPSB1,2.3,7.06462485943176e-05,
ENSG00000172840,PDP2,2.3,1.05155792251561e-06,
ENSG00000173250,GPR151,2.3,0.000126862561102731,
ENSG00000174306,ZHX3,-2.3,8.57110195513273e-23,
ENSG00000174501,ANKRD36C,-2.3,1.84538616259791e-25,
ENSG00000174527,MYO1H,2.3,1.84817429271405e-06,
ENSG00000175048,ZDHHC14,-2.3,2.1314862748613e-12,
ENSG00000176749,CDK5R1,-2.3,1.65682289514948e-09,
ENSG00000177675,CD163L1,2.3,1.31809112168178e-14,
ENSG00000178425,NT5DC1,-2.3,6.74176612600284e-25,
ENSG00000178882,RFLNA,-2.3,0.0253885600087568,
ENSG00000181804,SLC9A9,-2.3,9.48968400568792e-22,
ENSG00000182326,C1S,-2.3,0.00143279555735654,
ENSG00000183117,CSMD1,-2.3,0.0154188153117853,
ENSG00000183822,NCF4-AS1,2.3,0.0300456586983055,
ENSG00000184178,SCFD2,-2.3,4.47405009929648e-12,
ENSG00000184270,H2AC21,-2.3,4.42409574417422e-07,
ENSG00000184988,TMEM106A,2.3,4.20125089951104e-29,
ENSG00000185187,SIGIRR,-2.3,5.10049567301339e-19,
ENSG00000185338,SOCS1,2.3,0.00176238523295899,
ENSG00000185631,RPL14P6,-2.3,0.074314985568381,
ENSG00000185811,IKZF1,-2.3,7.08908893907919e-16,
ENSG00000185924,RTN4RL1,-2.3,0.0363735207045156,
ENSG00000186136,TAS2R42,2.3,0.0323039184736395,
ENSG00000186152,LILRP1,2.3,1.03381995211665e-09,
ENSG00000186153,WWOX,-2.3,2.11500774650949e-14,
ENSG00000186652,PRG2,-2.3,0.0452834308206528,
ENSG00000187037,GPR141,-2.3,1.5980921719549e-12,
ENSG00000187630,DHRS4L2,-2.3,1.43468537276853e-13,
ENSG00000187783,TMEM72,-2.3,0.0150224236568684,
ENSG00000188051,TMEM221,-2.3,0.00595830002828022,
ENSG00000188822,CNR2,2.3,0.000293341745172628,
ENSG00000196517,SLC6A9,2.3,0.0577635046309553,
ENSG00000196923,PDLIM7,2.3,1.07259919251548e-20,
ENSG00000197471,SPN,-2.3,6.75841910922515e-28,
ENSG00000199512,RNU6-212P,2.3,0.0184209174245375,
ENSG00000200344,Y_RNA,2.3,0.0601570290143325,
ENSG00000201564,RN7SKP50,2.3,1.12630371003129e-05,
ENSG00000201635,Y_RNA,-2.3,0.0683742462795339,
ENSG00000202310,Y_RNA,-2.3,0.0830257175355257,
ENSG00000202429,RNU4-48P,2.3,0.0382252597546176,
ENSG00000203804,ADAMTSL4-AS1,-2.3,7.84917368672979e-24,
ENSG00000204655,MOG,-2.3,0.0737702374517238,
ENSG00000205057,CLLU1-AS1,2.3,0.0860703037291072,
ENSG00000205084,TMEM231,-2.3,0.0148779132016473,
ENSG00000207194,RNU6-1026P,-2.3,0.00623002031314112,
ENSG00000207369,RNU6-665P,-2.3,0.0318180877670606,
ENSG00000207759,MIR181A1,2.3,0.0801798643541379,
ENSG00000211454,AKR7L,-2.3,0.000268770829582449,
ENSG00000211695,TRGV9,-2.3,0.0115730493569707,
ENSG00000212939,,-2.3,0.00438253436882596,
ENSG00000213047,DENND1B,2.3,1.62336575272877e-43,
ENSG00000214212,C19orf38,-2.3,9.94407852516623e-21,
ENSG00000214226,C17orf67,2.3,1.33808446400814e-15,
ENSG00000218757,,2.3,0.000264937158535037,
ENSG00000219149,PPIAP87,2.3,0.0273938650167476,
ENSG00000219249,AMZ2P2,-2.3,0.00239535094037104,
ENSG00000221275,MIR548I2,2.3,0.0535289115735682,
ENSG00000221598,MIR1249,2.3,0.0282692012608609,
ENSG00000223393,,-2.3,0.078896447714049,
ENSG00000223724,RAD17P2,2.3,1.33294024876881e-12,
ENSG00000223882,ABCC5-AS1,2.3,0.0608698976577065,
ENSG00000224050,,-2.3,0.0846401652764279,
ENSG00000224420,ADM5,-2.3,0.00182441039122535,
ENSG00000224891,ARL14EPP1,2.3,0.000148972254328922,
ENSG00000225062,CATIP-AS1,-2.3,0.00437611852141335,
ENSG00000225418,AKR1C5P,2.3,0.0897754175873111,
ENSG00000225938,,2.3,0.0807707962877905,
ENSG00000226004,LINC02528,-2.3,0.0068694010643504,
ENSG00000226436,H3P43,-2.3,0.0758856215232106,
ENSG00000227253,,2.3,1.63485352217526e-07,
ENSG00000228312,GAPDHP45,-2.3,0.0219103373811149,
ENSG00000228329,LINC01890,-2.3,0.000474630529244813,
ENSG00000229153,EPHA1-AS1,-2.3,1.01369813981542e-06,
ENSG00000229348,HYI-AS1,-2.3,0.0762913736504946,
ENSG00000229436,,2.3,1.21356301567005e-10,
ENSG00000230539,AOAH-IT1,-2.3,2.22952863290446e-08,
ENSG00000230799,RPS2P16,2.3,0.0023923504839997,
ENSG00000231006,RPL7P32,-2.3,1.11763302762997e-16,
ENSG00000231296,,2.3,0.0587674357460957,
ENSG00000231615,,-2.3,0.0134690264782041,
ENSG00000232118,BACH1-AS1,2.3,1.2934717860545e-28,
ENSG00000232467,TMA16P2,2.3,0.00264045538291917,
ENSG00000233551,LSM1P1,2.3,0.0873192866074797,
ENSG00000233694,LINC02579,-2.3,0.0848654862849935,
ENSG00000234336,JAZF1-AS1,-2.3,0.00256485284270079,
ENSG00000234737,KRT18P15,2.3,0.0912593170601734,
ENSG00000234961,,-2.3,1.14846837624505e-08,
ENSG00000235096,,-2.3,0.0411378445258946,
ENSG00000235669,CHN2-AS1,-2.3,2.12367886241952e-28,
ENSG00000236576,,-2.3,0.0825713190821063,
ENSG00000236682,MAP3K2-DT,2.3,0.00291440115859016,
ENSG00000236872,PPIAP36,2.3,0.000738568352228009,
ENSG00000237576,LINC01888,-2.3,0.0015353633373777,
ENSG00000237705,,-2.3,4.6460461925118e-12,
ENSG00000237753,,-2.3,6.53581032948389e-06,
ENSG00000238058,,2.3,9.34123151395456e-05,
ENSG00000238832,,2.3,0.000584542143053063,
ENSG00000241135,LINC00881,-2.3,0.030404289860118,
ENSG00000241172,RN7SL70P,2.3,0.0222694939081956,
ENSG00000241243,RN7SL629P,2.3,2.72443019332763e-15,
ENSG00000243176,,-2.3,0.00125628203903614,
ENSG00000243927,MRPS6,2.3,1.38196568231087e-25,
ENSG00000244391,RN7SL330P,-2.3,0.00179805001061491,
ENSG00000244682,FCGR2C,-2.3,0.00135097072976893,
ENSG00000245719,,-2.3,0.0494431968099385,
ENSG00000246130,,-2.3,0.00583629172315692,
ENSG00000246366,LACTB2-AS1,2.3,8.29411795894738e-06,
ENSG00000248476,BACH1-IT1,2.3,8.24632410304296e-34,
ENSG00000248641,HMGA1P2,2.3,1.0042063578196e-11,
ENSG00000248846,LINC02065,2.3,0.0473709046915295,
ENSG00000248979,LAMTOR3P2,2.3,0.0103048585578496,
ENSG00000249661,TNRC18P1,-2.3,3.45688189696033e-10,
ENSG00000249690,,-2.3,0.00126861489437446,
ENSG00000249816,LINC00964,2.3,1.44211079206467e-05,
ENSG00000249921,,2.3,0.00242850210912908,
ENSG00000250334,LINC00989,-2.3,0.0658996914367317,
ENSG00000250397,,-2.3,2.18599064760738e-11,
ENSG00000251111,FCF1P8,2.3,0.0624392802598892,
ENSG00000252148,RNU6-1206P,2.3,0.0528800889461346,
ENSG00000252250,Y_RNA,2.3,0.0792170764329628,
ENSG00000252652,Y_RNA,2.3,0.00334932322022809,
ENSG00000253139,,-2.3,0.0297381655216776,
ENSG00000253276,CCDC71L,2.3,8.12105467208414e-21,
ENSG00000253284,,2.3,0.00278621202609902,
ENSG00000253668,,2.3,0.0558130095142204,
ENSG00000253853,,-2.3,0.0576606858755752,
ENSG00000254821,,-2.3,0.0177202654680373,
ENSG00000255050,,-2.3,0.0270656670153002,
ENSG00000255663,,-2.3,0.0203119375642251,
ENSG00000256069,A2MP1,-2.3,0.0455991437467345,
ENSG00000256571,,2.3,0.000306174271809466,
ENSG00000256670,,-2.3,0.0527544072521694,
ENSG00000257284,,-2.3,8.78766038720531e-11,
ENSG00000258725,PRC1-AS1,-2.3,0.000319083955329813,
ENSG00000259895,,2.3,0.000425754666076624,
ENSG00000259904,ACTG1P15,2.3,0.0843884509588997,
ENSG00000260466,,-2.3,2.48306640736072e-05,
ENSG00000260865,,2.3,1.31412736421994e-13,
ENSG00000260910,LINC00565,2.3,0.0274560853755127,
ENSG00000261341,,-2.3,0.0674095444000537,
ENSG00000261394,,-2.3,5.13951346563777e-07,
ENSG00000261448,,2.3,3.02184869045261e-09,
ENSG00000261544,,-2.3,1.50787982145837e-09,
ENSG00000262185,LINC02861,-2.3,0.00727887283104369,
ENSG00000262655,SPON1,2.3,0.0607970365061413,
ENSG00000263828,MIR4439,2.3,0.0425734551800005,
ENSG00000265407,MIR4324,-2.3,0.0389555250435364,
ENSG00000265531,FCGR1CP,-2.3,0.0182015946484105,
ENSG00000266371,,2.3,1.68804528226052e-08,
ENSG00000266405,CBX3P2,-2.3,5.94323560633709e-05,
ENSG00000266990,,-2.3,0.0541305568982248,
ENSG00000267255,,-2.3,0.000385566525683749,
ENSG00000267534,S1PR2,2.3,1.91520796002496e-14,
ENSG00000267666,,-2.3,0.0130400548664864,
ENSG00000268049,,-2.3,0.0757247066280821,
ENSG00000270387,,2.3,7.45901436364017e-13,
ENSG00000270557,,2.3,0.0296333836071767,
ENSG00000270681,,-2.3,5.30372520763658e-06,
ENSG00000271014,,2.3,0.0098340417186584,
ENSG00000271146,,2.3,0.00261793207552014,
ENSG00000271806,,-2.3,0.039190566234431,
ENSG00000271819,RNU6-94P,-2.3,1.0270674946499e-05,
ENSG00000272156,,-2.3,0.010029037523271,
ENSG00000272164,,2.3,0.0338578765740052,
ENSG00000272255,,2.3,0.0071750133013123,
ENSG00000272732,,-2.3,0.0780201962637319,
ENSG00000272967,,-2.3,0.00971066624858169,
ENSG00000273017,,2.3,1.30282019446495e-17,
ENSG00000273432,,-2.3,0.00562033631412984,
ENSG00000273507,,-2.3,8.1321348202865e-05,
ENSG00000273644,,-2.3,0.021963616934444,
ENSG00000274134,MIR6774,-2.3,0.0635610272334977,
ENSG00000274270,,-2.3,3.84529477165469e-07,
ENSG00000274712,,-2.3,2.53262311549076e-13,
ENSG00000276093,,-2.3,0.0812367535995965,
ENSG00000276213,Metazoa_SRP,-2.3,0.00462000442666392,
ENSG00000277159,,2.3,0.0829601230018246,
ENSG00000278215,,-2.3,0.0379610130954605,
ENSG00000278685,IQCA1L,-2.3,0.0402905483908469,
ENSG00000278876,,-2.3,1.7194058605762e-05,
ENSG00000278880,,2.3,1.63835961915943e-05,
ENSG00000279317,,-2.3,0.0481020715608267,
ENSG00000279954,,-2.3,0.0647960007494204,
ENSG00000280734,LINC01232,-2.3,2.77300088529601e-06,
ENSG00000281392,LINC00506,-2.3,0.0466905751277226,
ENSG00000283602,,2.3,1.16424184798658e-33,
ENSG00000283646,LINC02009,2.3,0.0180499911914912,
ENSG00000284391,,-2.3,0.0688622023225174,
ENSG00000285850,,2.3,1.19150184741485e-09,
ENSG00000285905,BMP8B-AS1,-2.3,0.0215413106101444,
ENSG00000006432,MAP3K9,2.2,0.0189304317279225,
ENSG00000006451,RALA,2.2,1.77094674508344e-31,
ENSG00000008083,JARID2,2.2,1.20573043880163e-10,
ENSG00000010219,DYRK4,-2.2,6.44299486424425e-11,
ENSG00000011083,SLC6A7,-2.2,0.00693083048288486,
ENSG00000047365,ARAP2,-2.2,4.05462164093384e-11,
ENSG00000068489,PRR11,-2.2,1.93750979751743e-17,
ENSG00000075420,FNDC3B,2.2,3.5940368225604e-33,
ENSG00000076344,RGS11,-2.2,0.105638464762315,
ENSG00000082397,EPB41L3,2.2,5.48714112160942e-27,
ENSG00000085265,FCN1,-2.2,1.46707918580865e-33,
ENSG00000090539,CHRD,-2.2,0.0943418992570062,
ENSG00000099875,MKNK2,-2.2,2.39202728138768e-21,
ENSG00000100139,MICALL1,2.2,2.31150340964774e-22,
ENSG00000101079,NDRG3,-2.2,3.13790754365107e-31,
ENSG00000103269,RHBDL1,-2.2,0.0176495372570713,
ENSG00000104635,SLC39A14,2.2,1.24170282421363e-10,
ENSG00000105519,CAPS,-2.2,3.15084119371007e-16,
ENSG00000107281,NPDC1,-2.2,0.06109306128349,
ENSG00000107954,NEURL1,-2.2,6.21820372749525e-11,
ENSG00000109339,MAPK10,-2.2,6.11856495342371e-12,
ENSG00000109861,CTSC,-2.2,1.85749514326094e-10,
ENSG00000110375,UPK2,2.2,0.0419869513489889,
ENSG00000110455,ACCS,-2.2,1.62941373217301e-17,
ENSG00000111052,LIN7A,-2.2,1.53356790995079e-20,
ENSG00000111424,VDR,2.2,6.59779030359231e-39,
ENSG00000114529,C3orf52,2.2,0.043118961961548,
ENSG00000114790,ARHGEF26,2.2,1.52760391186427e-07,
ENSG00000115850,LCT,2.2,0.017020944023734,
ENSG00000116133,DHCR24,-2.2,0.00397648185293695,
ENSG00000116285,ERRFI1,2.2,1.92119363691629e-05,
ENSG00000116711,PLA2G4A,2.2,3.38936411935949e-16,
ENSG00000117318,ID3,2.2,2.04062689524617e-05,
ENSG00000119522,DENND1A,-2.2,1.15478200930571e-34,
ENSG00000119711,ALDH6A1,-2.2,4.06504566647001e-17,
ENSG00000120329,SLC25A2,2.2,0.0457377423148818,
ENSG00000121210,TMEM131L,-2.2,9.61882045116323e-29,
ENSG00000121933,TMIGD3,2.2,6.48440496356563e-09,
ENSG00000124006,OBSL1,-2.2,0.0777181379020597,
ENSG00000124766,SOX4,-2.2,1.536032579068e-12,
ENSG00000124772,CPNE5,-2.2,0.000152788007220529,
ENSG00000128016,ZFP36,-2.2,8.99791145373057e-16,
ENSG00000128342,LIF,2.2,0.000645325589485465,
ENSG00000128641,MYO1B,2.2,0.0822162226636985,
ENSG00000129535,NRL,2.2,5.46782626443072e-05,
ENSG00000132185,FCRLA,2.2,0.0343761832837665,
ENSG00000132677,RHBG,-2.2,0.0944782713680762,
ENSG00000132881,CPLANE2,-2.2,0.00509584754906216,
ENSG00000134242,PTPN22,-2.2,2.36290239024386e-19,
ENSG00000134278,SPIRE1,2.2,4.62266257958141e-39,
ENSG00000134363,FST,2.2,0.097996834981505,
ENSG00000134824,FADS2,-2.2,0.00592621200655634,
ENSG00000135919,SERPINE2,2.2,0.00211619591268758,
ENSG00000136193,SCRN1,-2.2,3.76504898307294e-27,
ENSG00000137869,CYP19A1,2.2,0.0840084936382131,
ENSG00000138028,CGREF1,-2.2,0.0625164670423762,
ENSG00000138411,HECW2,-2.2,1.97816915312644e-05,
ENSG00000138642,HERC6,2.2,0.00037982741082389,
ENSG00000140093,SERPINA10,2.2,0.0960992314348241,
ENSG00000140961,OSGIN1,2.2,1.16819768575321e-08,
ENSG00000141404,GNAL,-2.2,1.48497404175995e-07,
